date,open,high,low,close,adj_close,volume
2014-01-02,106.44999694824219,106.56999969482422,106.43000030517578,106.5,76.41890716552734,1346600
2014-01-03,106.44999694824219,106.62999725341797,106.38999938964844,106.54000091552734,76.44759368896484,2293500
2014-01-06,106.52999877929688,106.68000030517578,106.52999877929688,106.68000030517578,76.54804992675781,4413900
2014-01-07,106.73999786376953,106.77999877929688,106.66999816894531,106.7300033569336,76.58392333984375,1255700
2014-01-08,106.56999969482422,106.62000274658203,106.4000015258789,106.41000366210938,76.35431671142578,1090800
2014-01-09,106.55999755859375,106.58000183105469,106.41999816894531,106.55999755859375,76.46195220947266,829400
2014-01-10,106.91999816894531,107.0999984741211,106.83999633789062,107.0999984741211,76.84940338134766,1484400
2014-01-13,107.1500015258789,107.30999755859375,107.13999938964844,107.19999694824219,76.92118072509766,1139500
2014-01-14,107.18000030517578,107.25,106.9800033569336,107.04000091552734,76.80636596679688,987500
2014-01-15,106.87999725341797,106.9800033569336,106.81999969482422,106.94999694824219,76.74178314208984,1664800
2014-01-16,107.12999725341797,107.20999908447266,107.06999969482422,107.19999694824219,76.92118072509766,3113700
2014-01-17,107.18000030517578,107.30000305175781,107.0999984741211,107.25,76.95701599121094,588700
2014-01-21,107.20999908447266,107.33999633789062,107.16999816894531,107.30000305175781,76.99295806884766,1777100
2014-01-22,107.11000061035156,107.23999786376953,107.0199966430664,107.06999969482422,76.82788848876953,892900
2014-01-23,107.2699966430664,107.5199966430664,107.26000213623047,107.3499984741211,77.02877807617188,1901200
2014-01-24,107.4800033569336,107.6500015258789,107.45999908447266,107.58000183105469,77.19383239746094,783200
2014-01-27,107.52999877929688,107.63999938964844,107.33999633789062,107.3499984741211,77.02877807617188,1335000
2014-01-28,107.45999908447266,107.55999755859375,107.38999938964844,107.52999877929688,77.157958984375,1306400
2014-01-29,107.68000030517578,107.91999816894531,107.68000030517578,107.8499984741211,77.38758850097656,1116200
2014-01-30,107.76000213623047,107.87999725341797,107.70999908447266,107.87000274658203,77.40193939208984,3074400
2014-01-31,108.0,108.06999969482422,107.91000366210938,108.06999969482422,77.54544830322266,3195200
2014-02-03,107.77999877929688,108.2300033569336,107.70999908447266,108.2300033569336,77.80857849121094,1976100
2014-02-04,107.95999908447266,108.08000183105469,107.87999725341797,107.97000122070312,77.62167358398438,2289000
2014-02-05,107.87999725341797,107.91999816894531,107.69000244140625,107.69999694824219,77.42750549316406,1162000
2014-02-06,107.62000274658203,107.66999816894531,107.55000305175781,107.6500015258789,77.39154052734375,1127700
2014-02-07,107.68000030517578,107.9000015258789,107.6500015258789,107.81999969482422,77.5138168334961,611700
2014-02-10,107.86000061035156,107.97000122070312,107.80999755859375,107.93000030517578,77.5928726196289,1097200
2014-02-11,107.69999694824219,107.77999877929688,107.62999725341797,107.72000122070312,77.44190216064453,1493200
2014-02-12,107.58000183105469,107.61000061035156,107.44999694824219,107.54000091552734,77.3125,714100
2014-02-13,107.75,107.81999969482422,107.69000244140625,107.7699966430664,77.4778823852539,777400
2014-02-14,107.75,107.77999877929688,107.66000366210938,107.7699966430664,77.4778823852539,708800
2014-02-18,107.76000213623047,107.94000244140625,107.73999786376953,107.83999633789062,77.52818298339844,940900
2014-02-19,107.97000122070312,108.05999755859375,107.7300033569336,107.76000213623047,77.47069549560547,902600
2014-02-20,107.70999908447266,107.76000213623047,107.56999969482422,107.69999694824219,77.42750549316406,894000
2014-02-21,107.62000274658203,107.80000305175781,107.61000061035156,107.80000305175781,77.49943542480469,395300
2014-02-24,107.80000305175781,107.80000305175781,107.68000030517578,107.69999694824219,77.42750549316406,838500
2014-02-25,107.8499984741211,108.0199966430664,107.8499984741211,107.98999786376953,77.63606262207031,542100
2014-02-26,108.04000091552734,108.22000122070312,108.0,108.22000122070312,77.80138397216797,617000
2014-02-27,108.25,108.37000274658203,108.2300033569336,108.33000183105469,77.88048553466797,628900
2014-02-28,108.23999786376953,108.31999969482422,108.12000274658203,108.2699966430664,77.83731842041016,1589500
2014-03-03,108.20999908447266,108.37999725341797,108.1500015258789,108.3499984741211,78.03897094726562,2533900
2014-03-04,108.25,108.25,107.91999816894531,107.94999694824219,77.7508773803711,953700
2014-03-05,107.83000183105469,108.0199966430664,107.80999755859375,108.01000213623047,77.7940902709961,2852300
2014-03-06,107.76000213623047,107.83000183105469,107.69000244140625,107.7699966430664,77.62126159667969,689200
2014-03-07,107.45999908447266,107.55999755859375,107.41999816894531,107.47000122070312,77.4051742553711,701700
2014-03-10,107.5,107.55999755859375,107.45999908447266,107.47000122070312,77.4051742553711,877800
2014-03-11,107.52999877929688,107.55999755859375,107.44000244140625,107.45999908447266,77.39800262451172,2060700
2014-03-12,107.66999816894531,107.72000122070312,107.5999984741211,107.69999694824219,77.57080078125,943300
2014-03-13,107.56999969482422,108.05999755859375,107.55000305175781,107.9800033569336,77.77252197265625,660900
2014-03-14,108.12999725341797,108.16999816894531,107.93000030517578,107.93000030517578,77.73646545410156,741800
2014-03-17,107.91000366210938,107.9800033569336,107.83000183105469,107.87000274658203,77.69326782226562,590800
2014-03-18,107.87999725341797,108.0,107.8499984741211,108.0,77.78691864013672,568500
2014-03-19,107.9800033569336,107.9800033569336,107.41000366210938,107.5199966430664,77.441162109375,702000
2014-03-20,107.44999694824219,107.52999877929688,107.38999938964844,107.44000244140625,77.3835678100586,1100600
2014-03-21,107.5199966430664,107.6500015258789,107.45999908447266,107.58999633789062,77.49159240722656,756600
2014-03-24,107.58000183105469,107.7699966430664,107.5,107.75,77.60686492919922,712800
2014-03-25,107.69000244140625,107.83000183105469,107.62999725341797,107.63999938964844,77.52759552001953,1377600
2014-03-26,107.75,107.9800033569336,107.72000122070312,107.9800033569336,77.77252197265625,593900
2014-03-27,107.87000274658203,108.08000183105469,107.8499984741211,108.05999755859375,77.83013153076172,1299200
2014-03-28,108.0999984741211,108.0999984741211,107.83999633789062,107.9000015258789,77.71492004394531,865600
2014-03-31,107.83000183105469,107.9800033569336,107.73999786376953,107.91000366210938,77.7221450805664,1452200
2014-04-01,107.66000366210938,107.66999816894531,107.54000091552734,107.54000091552734,77.6030044555664,760000
2014-04-02,107.3499984741211,107.48999786376953,107.33000183105469,107.36000061035156,77.47314453125,1550700
2014-04-03,107.45999908447266,107.54000091552734,107.38999938964844,107.44000244140625,77.53082275390625,1126700
2014-04-04,107.66000366210938,107.8499984741211,107.6500015258789,107.77999877929688,77.77623748779297,1043600
2014-04-07,107.94000244140625,108.05999755859375,107.88999938964844,107.94000244140625,77.89163970947266,679500
2014-04-08,107.9800033569336,108.1500015258789,107.93000030517578,108.06999969482422,77.98545837402344,1435700
2014-04-09,108.0,108.20999908447266,107.93000030517578,108.08000183105469,77.99272155761719,1167100
2014-04-10,108.16999816894531,108.48999786376953,108.1500015258789,108.33000183105469,78.1730728149414,1033300
2014-04-11,108.58000183105469,108.58000183105469,108.41000366210938,108.43000030517578,78.24522399902344,1168700
2014-04-14,108.43000030517578,108.5,108.4000015258789,108.47000122070312,78.27412414550781,1002800
2014-04-15,108.44000244140625,108.62000274658203,108.38999938964844,108.4800033569336,78.28132629394531,1442100
2014-04-16,108.41000366210938,108.54000091552734,108.33999633789062,108.54000091552734,78.32461547851562,2245600
2014-04-17,108.52999877929688,108.52999877929688,108.0999984741211,108.19000244140625,78.07205200195312,1262900
2014-04-21,108.2699966430664,108.29000091552734,108.12999725341797,108.18000030517578,78.06487274169922,1018200
2014-04-22,108.0999984741211,108.16000366210938,108.05000305175781,108.16000366210938,78.05044555664062,1034800
2014-04-23,108.23999786376953,108.36000061035156,108.20999908447266,108.2699966430664,78.12979888916016,746000
2014-04-24,108.22000122070312,108.37000274658203,108.18000030517578,108.37000274658203,78.20191192626953,494000
2014-04-25,108.43000030517578,108.55000305175781,108.37999725341797,108.38999938964844,78.21640014648438,489700
2014-04-28,108.38999938964844,108.45999908447266,108.26000213623047,108.31999969482422,78.16590881347656,523300
2014-04-29,108.26000213623047,108.4000015258789,108.23999786376953,108.37000274658203,78.20191192626953,858600
2014-04-30,108.45999908447266,108.61000061035156,108.37999725341797,108.58999633789062,78.36071014404297,1313000
2014-05-01,108.37999725341797,108.69999694824219,108.37999725341797,108.55000305175781,78.47493743896484,1727500
2014-05-02,108.44999694824219,108.77999877929688,108.3499984741211,108.68000030517578,78.56888580322266,1075300
2014-05-05,108.72000122070312,108.73999786376953,108.55999755859375,108.63999938964844,78.54000091552734,1261100
2014-05-06,108.69000244140625,108.7300033569336,108.62000274658203,108.72000122070312,78.59786224365234,786800
2014-05-07,108.69999694824219,108.80000305175781,108.62000274658203,108.72000122070312,78.59786224365234,664900
2014-05-08,108.77999877929688,108.9000015258789,108.68000030517578,108.79000091552734,78.64845275878906,2023400
2014-05-09,108.75,108.81999969482422,108.66000366210938,108.69000244140625,78.57612609863281,812800
2014-05-12,108.63999938964844,108.6500015258789,108.54000091552734,108.5999984741211,78.5111083984375,472900
2014-05-13,108.76000213623047,108.80000305175781,108.72000122070312,108.77999877929688,78.64122772216797,577500
2014-05-14,108.91000366210938,109.1500015258789,108.91000366210938,109.08999633789062,78.86532592773438,1321600
2014-05-15,109.30000305175781,109.44999694824219,109.2300033569336,109.31999969482422,79.03163146972656,2408900
2014-05-16,109.22000122070312,109.3499984741211,109.16999816894531,109.19999694824219,78.94482421875,558700
2014-05-19,109.33999633789062,109.38999938964844,109.1500015258789,109.16000366210938,78.9159164428711,945900
2014-05-20,109.16000366210938,109.30999755859375,109.16000366210938,109.20999908447266,78.95215606689453,1102200
2014-05-21,109.1500015258789,109.18000030517578,109.08000183105469,109.16999816894531,78.92317962646484,804400
2014-05-22,109.13999938964844,109.18000030517578,109.05999755859375,109.12000274658203,78.88697814941406,633900
2014-05-23,109.18000030517578,109.25,109.13999938964844,109.2300033569336,78.96652221679688,435500
2014-05-27,109.25,109.33000183105469,109.0999984741211,109.33000183105469,79.03883361816406,762600
2014-05-28,109.48999786376953,109.69000244140625,109.43000030517578,109.62999725341797,79.2557144165039,692300
2014-05-29,109.73999786376953,109.83000183105469,109.54000091552734,109.56999969482422,79.21232604980469,981400
2014-05-30,109.5199966430664,109.66999816894531,109.44999694824219,109.66999816894531,79.28460693359375,5554700
2014-06-02,109.29000091552734,109.36000061035156,109.08999633789062,109.12999725341797,79.04341888427734,2822900
2014-06-03,109.0199966430664,109.04000091552734,108.77999877929688,108.83999633789062,78.8333969116211,864600
2014-06-04,108.87999725341797,108.87999725341797,108.7300033569336,108.80000305175781,78.80443572998047,1445700
2014-06-05,108.81999969482422,108.9800033569336,108.7699966430664,108.94000244140625,78.90579223632812,643500
2014-06-06,109.0999984741211,109.12000274658203,108.87999725341797,108.87999725341797,78.86233520507812,839500
2014-06-09,108.83999633789062,108.87000274658203,108.76000213623047,108.77999877929688,78.7899398803711,1133400
2014-06-10,108.66000366210938,108.73999786376953,108.62000274658203,108.62000274658203,78.67404174804688,823300
2014-06-11,108.7300033569336,108.77999877929688,108.63999938964844,108.69999694824219,78.73194122314453,1171200
2014-06-12,108.73999786376953,109.0,108.68000030517578,108.91000366210938,78.88407897949219,1224200
2014-06-13,108.75,108.91000366210938,108.70999908447266,108.87999725341797,78.86233520507812,1040900
2014-06-16,108.87000274658203,108.95999908447266,108.80000305175781,108.81999969482422,78.8188705444336,1308900
2014-06-17,108.76000213623047,108.79000091552734,108.61000061035156,108.62000274658203,78.67404174804688,842300
2014-06-18,108.7300033569336,108.91000366210938,108.63999938964844,108.91000366210938,78.88407897949219,504400
2014-06-19,109.0,109.02999877929688,108.68000030517578,108.75,78.76820373535156,690000
2014-06-20,108.7300033569336,108.94000244140625,108.7300033569336,108.94000244140625,78.90579223632812,690600
2014-06-23,108.98999786376953,109.0199966430664,108.83999633789062,108.83999633789062,78.8333969116211,559700
2014-06-24,108.95999908447266,109.05000305175781,108.87999725341797,109.02999877929688,78.97098541259766,740800
2014-06-25,109.19999694824219,109.27999877929688,109.11000061035156,109.18000030517578,79.07968139648438,713700
2014-06-26,109.25,109.41000366210938,109.25,109.38999938964844,79.23178100585938,673700
2014-06-27,109.44999694824219,109.5,109.3499984741211,109.38999938964844,79.23178100585938,668200
2014-06-30,109.47000122070312,109.5,109.36000061035156,109.4000015258789,79.23897552490234,1046900
2014-07-01,109.11000061035156,109.18000030517578,109.05000305175781,109.06999969482422,79.14176940917969,1038500
2014-07-02,108.94000244140625,108.94000244140625,108.69000244140625,108.69000244140625,78.86604309082031,1381400
2014-07-03,108.55000305175781,108.66000366210938,108.47000122070312,108.62000274658203,78.81529235839844,634500
2014-07-07,108.68000030517578,108.75,108.62000274658203,108.6500015258789,78.83696746826172,1253300
2014-07-08,108.83999633789062,108.9800033569336,108.83999633789062,108.87000274658203,78.99667358398438,2024000
2014-07-09,108.87999725341797,109.04000091552734,108.77999877929688,108.95999908447266,79.06193542480469,785500
2014-07-10,109.18000030517578,109.19000244140625,109.01000213623047,109.01000213623047,79.09823608398438,791500
2014-07-11,109.16000366210938,109.2699966430664,109.13999938964844,109.16000366210938,79.20709991455078,606800
2014-07-14,109.11000061035156,109.12999725341797,109.0,109.06999969482422,79.14176940917969,710400
2014-07-15,108.98999786376953,109.16000366210938,108.9000015258789,108.93000030517578,79.04019165039062,660200
2014-07-16,109.01000213623047,109.05000305175781,108.95999908447266,109.0199966430664,79.10547637939453,725600
2014-07-17,109.22000122070312,109.37999725341797,109.12000274658203,109.33999633789062,79.33771514892578,1158400
2014-07-18,109.27999877929688,109.33000183105469,109.18000030517578,109.22000122070312,79.25062561035156,543600
2014-07-21,109.3499984741211,109.44999694824219,109.26000213623047,109.26000213623047,79.2796630859375,585700
2014-07-22,109.37999725341797,109.44999694824219,109.27999877929688,109.44000244140625,79.41022491455078,724700
2014-07-23,109.5,109.55000305175781,109.41000366210938,109.45999908447266,79.42474365234375,711800
2014-07-24,109.31999969482422,109.31999969482422,109.12000274658203,109.12000274658203,79.17807006835938,853400
2014-07-25,109.36000061035156,109.38999938964844,109.26000213623047,109.33000183105469,79.3304214477539,506200
2014-07-28,109.37000274658203,109.43000030517578,109.2699966430664,109.3499984741211,79.34489440917969,673000
2014-07-29,109.44999694824219,109.5199966430664,109.33999633789062,109.45999908447266,79.42474365234375,2977100
2014-07-30,109.25,109.29000091552734,109.0199966430664,109.06999969482422,79.14176940917969,1245000
2014-07-31,108.9000015258789,109.08999633789062,108.87999725341797,108.93000030517578,79.04019165039062,1066400
2014-08-01,108.88999938964844,109.19000244140625,108.76000213623047,109.13999938964844,79.3382568359375,1064400
2014-08-04,109.19999694824219,109.27999877929688,109.12000274658203,109.12000274658203,79.3237075805664,1496900
2014-08-05,109.12000274658203,109.19999694824219,108.94999694824219,109.12000274658203,79.3237075805664,1875100
2014-08-06,109.2699966430664,109.2699966430664,109.11000061035156,109.12999725341797,79.33100128173828,708800
2014-08-07,109.19000244140625,109.4000015258789,109.0999984741211,109.33999633789062,79.48363494873047,1246500
2014-08-08,109.47000122070312,109.62999725341797,109.3499984741211,109.37999725341797,79.5126953125,1339200
2014-08-11,109.4000015258789,109.48999786376953,109.3499984741211,109.38999938964844,79.52000427246094,1632900
2014-08-12,109.44000244140625,109.44000244140625,109.30999755859375,109.33999633789062,79.48363494873047,876000
2014-08-13,109.44000244140625,109.56999969482422,109.38999938964844,109.55999755859375,79.64356231689453,3471700
2014-08-14,109.6500015258789,109.68000030517578,109.54000091552734,109.62000274658203,79.68717956542969,1072900
2014-08-15,109.69999694824219,110.12000274658203,109.5999984741211,109.88999938964844,79.88345336914062,2593200
2014-08-18,109.79000091552734,109.81999969482422,109.62000274658203,109.66000366210938,79.71622467041016,1424400
2014-08-19,109.76000213623047,109.80000305175781,109.48999786376953,109.51000213623047,79.60718536376953,1820700
2014-08-20,109.54000091552734,109.54000091552734,109.36000061035156,109.38999938964844,79.52000427246094,929500
2014-08-21,109.4800033569336,109.5999984741211,109.44999694824219,109.58000183105469,79.6580581665039,775600
2014-08-22,109.52999877929688,109.61000061035156,109.3499984741211,109.55999755859375,79.64356231689453,801900
2014-08-25,109.69000244140625,109.69000244140625,109.5199966430664,109.6500015258789,79.70892333984375,3473800
2014-08-26,109.7300033569336,109.7300033569336,109.61000061035156,109.66000366210938,79.71622467041016,543400
2014-08-27,109.7300033569336,109.8499984741211,109.69999694824219,109.80000305175781,79.81803894042969,866100
2014-08-28,109.95999908447266,110.05000305175781,109.88999938964844,110.0199966430664,79.9779281616211,1123700
2014-08-29,110.0,110.08999633789062,109.94000244140625,109.9800033569336,79.9488296508789,1473300
2014-09-02,109.55000305175781,109.62999725341797,109.44999694824219,109.44999694824219,79.70490264892578,1029300
2014-09-03,109.38999938964844,109.58000183105469,109.37000274658203,109.56999969482422,79.79228973388672,1311700
2014-09-04,109.44000244140625,109.54000091552734,109.30999755859375,109.43000030517578,79.69035339355469,1308900
2014-09-05,109.44000244140625,109.54000091552734,109.29000091552734,109.37000274658203,79.64662170410156,798500
2014-09-08,109.48999786376953,109.54000091552734,109.26000213623047,109.26000213623047,79.56652069091797,895300
2014-09-09,109.16999816894531,109.2300033569336,109.08999633789062,109.11000061035156,79.457275390625,689500
2014-09-10,108.9800033569336,109.01000213623047,108.91000366210938,108.95999908447266,79.34809112548828,974400
2014-09-11,109.01000213623047,109.05999755859375,108.83000183105469,108.8499984741211,79.26798248291016,753500
2014-09-12,108.69000244140625,108.73999786376953,108.5999984741211,108.62999725341797,79.10775756835938,1327600
2014-09-15,108.7300033569336,108.76000213623047,108.58999633789062,108.61000061035156,79.0931625366211,1210800
2014-09-16,108.69999694824219,108.7699966430664,108.61000061035156,108.61000061035156,79.0931625366211,851000
2014-09-17,108.73999786376953,108.83999633789062,108.4800033569336,108.48999786376953,79.0058364868164,707200
2014-09-18,108.5,108.55000305175781,108.44999694824219,108.5,79.01309204101562,707600
2014-09-19,108.55999755859375,108.7300033569336,108.51000213623047,108.68000030517578,79.1441879272461,929900
2014-09-22,108.86000061035156,108.91000366210938,108.76000213623047,108.83000183105469,79.2533950805664,592400
2014-09-23,108.91000366210938,108.94999694824219,108.83000183105469,108.93000030517578,79.32624053955078,705200
2014-09-24,109.08000183105469,109.08000183105469,108.83999633789062,108.86000061035156,79.2752456665039,836700
2014-09-25,108.9800033569336,109.0999984741211,108.9800033569336,109.06999969482422,79.42820739746094,1161900
2014-09-26,109.05999755859375,109.08999633789062,108.87999725341797,109.05999755859375,79.42094421386719,1729500
2014-09-29,109.16000366210938,109.23999786376953,109.05999755859375,109.18000030517578,79.50829315185547,7243700
2014-09-30,109.19000244140625,109.27999877929688,109.08999633789062,109.11000061035156,79.457275390625,2335400
2014-10-01,109.19999694824219,109.54000091552734,109.19999694824219,109.52999877929688,79.901611328125,6605200
2014-10-02,109.55999755859375,109.62999725341797,109.3499984741211,109.3499984741211,79.77024841308594,4826800
2014-10-03,109.30999755859375,109.36000061035156,109.19999694824219,109.30000305175781,79.7337875366211,2928900
2014-10-06,109.4000015258789,109.55000305175781,109.30999755859375,109.4000015258789,79.8067398071289,2145800
2014-10-07,109.61000061035156,109.8499984741211,109.55999755859375,109.81999969482422,80.11309814453125,2328400
2014-10-08,109.9000015258789,110.13999938964844,109.68000030517578,110.12999725341797,80.33924102783203,2477900
2014-10-09,110.06999969482422,110.06999969482422,109.87000274658203,109.91000366210938,80.17881774902344,1502800
2014-10-10,109.95999908447266,110.02999877929688,109.87000274658203,109.98999786376953,80.23711395263672,1734400
2014-10-13,110.1500015258789,110.33999633789062,110.04000091552734,110.30999755859375,80.47058868408203,1098500
2014-10-14,110.5,110.58000183105469,110.27999877929688,110.55999755859375,80.6529541015625,3518500
2014-10-15,111.19999694824219,112.08000183105469,110.62999725341797,110.76000213623047,80.798828125,2275400
2014-10-16,111.0,111.1500015258789,110.54000091552734,110.66999816894531,80.73316192626953,1792900
2014-10-17,110.51000213623047,110.6500015258789,110.4000015258789,110.5199966430664,80.6237564086914,2065800
2014-10-20,110.69000244140625,110.7300033569336,110.56999969482422,110.6500015258789,80.71858978271484,1518300
2014-10-21,110.55000305175781,110.68000030517578,110.48999786376953,110.55000305175781,80.64569854736328,2625000
2014-10-22,110.5,110.54000091552734,110.4000015258789,110.48999786376953,80.60186767578125,3179200
2014-10-23,110.36000061035156,110.36000061035156,110.12999725341797,110.2300033569336,80.4122085571289,1863100
2014-10-24,110.2699966430664,110.3499984741211,110.1500015258789,110.2699966430664,80.4413833618164,1188900
2014-10-27,110.27999877929688,110.33000183105469,110.19000244140625,110.30999755859375,80.47058868408203,1073100
2014-10-28,110.20999908447266,110.25,110.0999984741211,110.13999938964844,80.3465805053711,1128600
2014-10-29,110.02999877929688,110.16000366210938,109.8499984741211,109.9000015258789,80.1714859008789,1591000
2014-10-30,110.05000305175781,110.19000244140625,110.02999877929688,110.08000183105469,80.3028335571289,2479500
2014-10-31,109.93000030517578,110.08000183105469,109.9000015258789,110.08000183105469,80.3028335571289,3145100
2014-11-03,109.83000183105469,109.8499984741211,109.55999755859375,109.68000030517578,80.15080261230469,2282400
2014-11-04,109.69999694824219,109.86000061035156,109.66999816894531,109.69000244140625,80.15808868408203,2346300
2014-11-05,109.6500015258789,109.73999786376953,109.58999633789062,109.7300033569336,80.18733978271484,2699600
2014-11-06,109.5199966430664,109.66999816894531,109.5,109.54000091552734,80.0484848022461,1391400
2014-11-07,109.61000061035156,109.91999816894531,109.5999984741211,109.91000366210938,80.31886291503906,1661400
2014-11-10,109.9000015258789,109.91000366210938,109.6500015258789,109.6500015258789,80.12886810302734,846900
2014-11-11,109.66000366210938,109.70999908447266,109.58999633789062,109.69999694824219,80.1654052734375,1138500
2014-11-12,109.73999786376953,109.87999725341797,109.66000366210938,109.70999908447266,80.17269134521484,1123700
2014-11-13,109.75,109.80000305175781,109.66000366210938,109.76000213623047,80.2092514038086,860800
2014-11-14,109.68000030517578,109.94000244140625,109.63999938964844,109.86000061035156,80.28230285644531,1073000
2014-11-17,109.95999908447266,109.95999908447266,109.72000122070312,109.7300033569336,80.18733978271484,1403000
2014-11-18,109.81999969482422,109.87999725341797,109.7699966430664,109.83000183105469,80.26041412353516,1318400
2014-11-19,109.68000030517578,109.83999633789062,109.55999755859375,109.56999969482422,80.07038116455078,1361800
2014-11-20,109.87000274658203,109.93000030517578,109.69000244140625,109.7699966430664,80.21656799316406,1155800
2014-11-21,109.91999816894531,109.95999908447266,109.83999633789062,109.9000015258789,80.31158447265625,1295000
2014-11-24,109.8499984741211,110.04000091552734,109.83999633789062,109.94000244140625,80.34081268310547,1355100
2014-11-25,109.95999908447266,110.22000122070312,109.95999908447266,110.18000030517578,80.51620483398438,3187700
2014-11-26,110.33000183105469,110.33999633789062,110.23999786376953,110.2699966430664,80.58193969726562,1205700
2014-11-28,110.43000030517578,110.62000274658203,110.4000015258789,110.61000061035156,80.8304214477539,2072800
2014-12-01,110.5999984741211,110.5999984741211,110.08000183105469,110.08000183105469,80.64873504638672,2811700
2014-12-02,109.98999786376953,109.98999786376953,109.80999755859375,109.86000061035156,80.48754119873047,1469400
2014-12-03,109.83000183105469,109.87000274658203,109.7300033569336,109.76000213623047,80.41424560546875,1998000
2014-12-04,109.8499984741211,110.11000061035156,109.77999877929688,110.08999633789062,80.6560287475586,3001700
2014-12-05,109.87000274658203,109.94000244140625,109.61000061035156,109.62000274658203,80.31172943115234,3477700
2014-12-08,109.80999755859375,110.0,109.55999755859375,109.88999938964844,80.50952911376953,984100
2014-12-09,110.13999938964844,110.2300033569336,109.94999694824219,110.05999755859375,80.63402557373047,1203000
2014-12-10,110.0,110.30999755859375,109.9800033569336,110.25,80.77323913574219,1208000
2014-12-11,110.1500015258789,110.2300033569336,110.0199966430664,110.20999908447266,80.74398803710938,1447700
2014-12-12,110.5,110.66000366210938,110.30999755859375,110.55999755859375,81.00039672851562,1714100
2014-12-15,110.37999725341797,110.54000091552734,110.25,110.26000213623047,80.78060150146484,2540700
2014-12-16,110.5999984741211,110.5999984741211,110.31999969482422,110.52999877929688,80.9783935546875,1411700
2014-12-17,110.5,110.68000030517578,110.27999877929688,110.38999938964844,80.87584686279297,2167500
2014-12-18,110.16999816894531,110.22000122070312,110.05999755859375,110.0999984741211,80.66336822509766,1865800
2014-12-19,110.08000183105469,110.37999725341797,110.08000183105469,110.27999877929688,80.79525756835938,1865000
2014-12-22,110.3499984741211,110.45999908447266,110.2699966430664,110.44999694824219,80.91979217529297,3827800
2014-12-23,110.30000305175781,110.38999938964844,109.9000015258789,109.94000244140625,80.546142578125,2790800
2014-12-24,109.62999725341797,109.70999908447266,109.45999908447266,109.69000244140625,80.63359832763672,922100
2014-12-26,109.72000122070312,109.87000274658203,109.62000274658203,109.73999786376953,80.67036437988281,1124900
2014-12-29,109.94000244140625,110.05000305175781,109.83000183105469,109.97000122070312,80.8394546508789,2199200
2014-12-30,110.19999694824219,110.26000213623047,110.01000213623047,110.08999633789062,80.92768859863281,2069600
2014-12-31,110.13999938964844,110.26000213623047,110.0999984741211,110.12000274658203,80.94967651367188,2493900
2015-01-02,110.18000030517578,110.5,110.18000030517578,110.43000030517578,81.17760467529297,2090200
2015-01-05,110.55999755859375,110.76000213623047,110.4800033569336,110.66999816894531,81.35400390625,3446200
2015-01-06,110.95999908447266,111.3499984741211,110.88999938964844,110.94999694824219,81.55989074707031,3688100
2015-01-07,111.0,111.04000091552734,110.73999786376953,110.93000030517578,81.54513549804688,3984400
2015-01-08,110.83999633789062,110.83999633789062,110.62999725341797,110.76000213623047,81.42018127441406,2212200
2015-01-09,110.88999938964844,111.13999938964844,110.7300033569336,111.02999877929688,81.61866760253906,1322600
2015-01-12,111.16000366210938,111.26000213623047,111.08000183105469,111.12000274658203,81.68485260009766,2185700
2015-01-13,111.1500015258789,111.33000183105469,111.02999877929688,111.1500015258789,81.7068862915039,5537000
2015-01-14,111.63999938964844,111.6500015258789,111.4000015258789,111.41999816894531,81.90532684326172,3043600
2015-01-15,111.48999786376953,111.94000244140625,111.48999786376953,111.93000030517578,82.28025817871094,2084000
2015-01-16,111.68000030517578,111.83000183105469,111.41999816894531,111.5,81.9641342163086,2744500
2015-01-20,111.75,111.83999633789062,111.55000305175781,111.69000244140625,82.10380554199219,2059400
2015-01-21,111.68000030517578,111.80999755859375,111.38999938964844,111.48999786376953,81.95679473876953,2020200
2015-01-22,111.72000122070312,111.72000122070312,111.29000091552734,111.43000030517578,81.91270446777344,2030400
2015-01-23,111.6500015258789,111.80999755859375,111.54000091552734,111.70999908447266,82.11857604980469,1535000
2015-01-26,111.79000091552734,111.79000091552734,111.44999694824219,111.66000366210938,82.08174896240234,2705200
2015-01-27,111.97000122070312,111.97000122070312,111.55000305175781,111.5999984741211,82.03767395019531,1635900
2015-01-28,111.69999694824219,112.22000122070312,111.66999816894531,112.06999969482422,82.38317108154297,1327800
2015-01-29,111.93000030517578,112.05999755859375,111.81999969482422,111.9800033569336,82.31703186035156,1752600
2015-01-30,112.3499984741211,112.5199966430664,112.23999786376953,112.37999725341797,82.61105346679688,6252800
2015-02-02,112.05999755859375,112.2300033569336,112.0,112.19999694824219,82.60813903808594,2792100
2015-02-03,112.0999984741211,112.0999984741211,111.76000213623047,111.7699966430664,82.29156494140625,1815400
2015-02-04,111.63999938964844,111.94999694824219,111.5,111.94000244140625,82.41666412353516,1953000
2015-02-05,111.79000091552734,111.8499984741211,111.56999969482422,111.70999908447266,82.24736785888672,2409600
2015-02-06,111.41000366210938,111.41000366210938,111.02999877929688,111.05999755859375,81.76879119873047,2531300
2015-02-09,111.30999755859375,111.30999755859375,111.04000091552734,111.04000091552734,81.75407409667969,1724900
2015-02-10,110.95999908447266,111.05999755859375,110.81999969482422,110.91999816894531,81.66570281982422,1272500
2015-02-11,110.87999725341797,110.98999786376953,110.73999786376953,110.87000274658203,81.6288833618164,1803400
2015-02-12,110.91000366210938,111.12000274658203,110.87000274658203,110.88999938964844,81.64356994628906,2123700
2015-02-13,110.94999694824219,110.97000122070312,110.70999908447266,110.76000213623047,81.54789733886719,1706200
2015-02-17,110.66999816894531,110.7300033569336,110.23999786376953,110.30999755859375,81.2165756225586,2043000
2015-02-18,110.38999938964844,110.75,110.30999755859375,110.62000274658203,81.44480895996094,1442400
2015-02-19,110.62000274658203,110.76000213623047,110.4800033569336,110.52999877929688,81.3785400390625,1443000
2015-02-20,110.68000030517578,110.87999725341797,110.37000274658203,110.55000305175781,81.39329528808594,2280700
2015-02-23,110.69000244140625,110.80999755859375,110.66000366210938,110.75,81.5405502319336,1688200
2015-02-24,110.73999786376953,111.2699966430664,110.55000305175781,111.23999786376953,81.90130615234375,1736700
2015-02-25,111.19999694824219,111.31999969482422,111.06999969482422,111.31999969482422,81.96018981933594,2319300
2015-02-26,111.20999908447266,111.27999877929688,110.86000061035156,110.91999816894531,81.66570281982422,1837300
2015-02-27,111.13999938964844,111.22000122070312,110.88999938964844,111.19999694824219,81.87178802490234,3816400
2015-03-02,110.98999786376953,110.98999786376953,110.44999694824219,110.44999694824219,81.45590209960938,7881900
2015-03-03,110.44000244140625,110.56999969482422,110.30999755859375,110.30999755859375,81.35262298583984,4228400
2015-03-04,110.44000244140625,110.51000213623047,110.27999877929688,110.37000274658203,81.39694213867188,1477100
2015-03-05,110.43000030517578,110.54000091552734,110.30000305175781,110.41999816894531,81.43375396728516,1053000
2015-03-06,110.08000183105469,110.08999633789062,109.5999984741211,109.69999694824219,80.90276336669922,1872900
2015-03-09,110.16999816894531,110.16999816894531,109.91000366210938,109.9800033569336,81.10928344726562,2724700
2015-03-10,110.2300033569336,110.36000061035156,110.1500015258789,110.23999786376953,81.30105590820312,1708100
2015-03-11,110.20999908447266,110.52999877929688,110.20999908447266,110.45999908447266,81.4632797241211,1171600
2015-03-12,110.69000244140625,110.72000122070312,110.41999816894531,110.55000305175781,81.52967834472656,1416600
2015-03-13,110.44000244140625,110.62999725341797,110.25,110.33999633789062,81.37478637695312,3235500
2015-03-16,110.62000274658203,110.66999816894531,110.41999816894531,110.58000183105469,81.55178833007812,1305800
2015-03-17,110.63999938964844,110.68000030517578,110.54000091552734,110.55999755859375,81.5370101928711,1423700
2015-03-18,110.79000091552734,111.38999938964844,110.58000183105469,111.37000274658203,82.13439178466797,1997800
2015-03-19,111.23999786376953,111.30000305175781,110.94000244140625,110.9800033569336,81.8468017578125,1929700
2015-03-20,111.2300033569336,111.33999633789062,111.18000030517578,111.31999969482422,82.09752655029297,3833600
2015-03-23,111.37000274658203,111.4000015258789,111.2300033569336,111.33999633789062,82.1122817993164,1120900
2015-03-24,111.4800033569336,111.66999816894531,111.37000274658203,111.63999938964844,82.33350372314453,2647300
2015-03-25,111.75,111.75,111.43000030517578,111.43000030517578,82.17864990234375,1612300
2015-03-26,111.30999755859375,111.36000061035156,111.0,111.02999877929688,81.88365173339844,1377600
2015-03-27,111.18000030517578,111.33999633789062,111.16000366210938,111.19000244140625,82.00164031982422,5610200
2015-03-30,111.33999633789062,111.33999633789062,111.16000366210938,111.23999786376953,82.03854370117188,1310700
2015-03-31,111.2699966430664,111.44999694824219,111.18000030517578,111.43000030517578,82.17864990234375,2958100
2015-04-01,111.41999816894531,111.62999725341797,111.30999755859375,111.58000183105469,82.44541931152344,1927300
2015-04-02,111.56999969482422,111.56999969482422,111.37999725341797,111.43000030517578,82.33457946777344,1761700
2015-04-06,111.77999877929688,111.77999877929688,111.37000274658203,111.5,82.38626098632812,1431000
2015-04-07,111.44999694824219,111.56999969482422,111.27999877929688,111.5199966430664,82.40106201171875,1415200
2015-04-08,111.55999755859375,111.58999633789062,111.36000061035156,111.52999877929688,82.40841674804688,903000
2015-04-09,111.55999755859375,111.55999755859375,111.16999816894531,111.25,82.20159149169922,1728500
2015-04-10,111.43000030517578,111.45999908447266,111.19999694824219,111.25,82.20159149169922,2055600
2015-04-13,111.25,111.37000274658203,111.25,111.37000274658203,82.2901611328125,951000
2015-04-14,111.69999694824219,111.79000091552734,111.48999786376953,111.48999786376953,82.37886810302734,1157400
2015-04-15,111.66000366210938,111.70999908447266,111.55000305175781,111.63999938964844,82.48973083496094,1296800
2015-04-16,111.69999694824219,111.69999694824219,111.4000015258789,111.58000183105469,82.44541931152344,1000800
2015-04-17,111.52999877929688,111.80000305175781,111.45999908447266,111.66999816894531,82.51187896728516,1274300
2015-04-20,111.66999816894531,111.7300033569336,111.47000122070312,111.58999633789062,82.45270538330078,1289400
2015-04-21,111.56999969482422,111.5999984741211,111.44000244140625,111.47000122070312,82.36409759521484,1522700
2015-04-22,111.44000244140625,111.44000244140625,111.0999984741211,111.13999938964844,82.12022399902344,916400
2015-04-23,111.1500015258789,111.41999816894531,111.13999938964844,111.30999755859375,82.24590301513672,1483900
2015-04-24,111.4800033569336,111.56999969482422,111.41000366210938,111.5,82.38626098632812,837700
2015-04-27,111.51000213623047,111.55999755859375,111.33999633789062,111.54000091552734,82.41584014892578,1595600
2015-04-28,111.33999633789062,111.44000244140625,111.11000061035156,111.11000061035156,82.09813690185547,1602000
2015-04-29,110.88999938964844,110.97000122070312,110.69999694824219,110.86000061035156,81.91339874267578,1313200
2015-04-30,110.69000244140625,110.91999816894531,110.51000213623047,110.86000061035156,81.91339874267578,3328600
2015-05-01,110.5199966430664,110.52999877929688,110.25,110.33999633789062,81.6809310913086,1357200
2015-05-04,110.41999816894531,110.47000122070312,110.12000274658203,110.12999725341797,81.52550506591797,1651900
2015-05-05,110.19000244140625,110.22000122070312,109.83999633789062,110.02999877929688,81.4514389038086,1481200
2015-05-06,109.94999694824219,109.97000122070312,109.61000061035156,109.66000366210938,81.17756652832031,1566000
2015-05-07,109.8499984741211,110.04000091552734,109.76000213623047,109.93000030517578,81.37742614746094,1986200
2015-05-08,110.36000061035156,110.43000030517578,110.20999908447266,110.29000091552734,81.6439208984375,1933600
2015-05-11,110.0199966430664,110.05999755859375,109.56999969482422,109.58999633789062,81.125732421875,2984900
2015-05-12,109.5,109.76000213623047,109.37999725341797,109.58000183105469,81.11833190917969,1394900
2015-05-13,109.91000366210938,109.91999816894531,109.44999694824219,109.56999969482422,81.1109390258789,2441600
2015-05-14,109.6500015258789,109.79000091552734,109.58000183105469,109.73999786376953,81.23680114746094,1796900
2015-05-15,109.95999908447266,110.22000122070312,109.87999725341797,110.19999694824219,81.5772705078125,1047500
2015-05-18,109.93000030517578,110.01000213623047,109.76000213623047,109.77999877929688,81.26640319824219,863900
2015-05-19,109.45999908447266,109.70999908447266,109.38999938964844,109.4000015258789,80.98507690429688,1664400
2015-05-20,109.58000183105469,109.69000244140625,109.45999908447266,109.56999969482422,81.1109390258789,1584100
2015-05-21,109.6500015258789,109.93000030517578,109.6500015258789,109.91000366210938,81.36263275146484,2652600
2015-05-22,109.8499984741211,109.86000061035156,109.62000274658203,109.79000091552734,81.27378845214844,1087000
2015-05-26,109.80000305175781,110.0999984741211,109.75,110.05999755859375,81.4736328125,2775000
2015-05-27,110.05999755859375,110.19000244140625,109.9000015258789,110.16999816894531,81.55509185791016,888700
2015-05-28,110.13999938964844,110.22000122070312,110.05000305175781,110.12999725341797,81.52550506591797,1298900
2015-05-29,110.18000030517578,110.30000305175781,110.08000183105469,110.16999816894531,81.55509185791016,2780300
2015-06-01,109.94999694824219,109.98999786376953,109.55999755859375,109.66000366210938,81.32966613769531,4327300
2015-06-02,109.43000030517578,109.44999694824219,109.16999816894531,109.2300033569336,81.01072692871094,1830400
2015-06-03,108.9800033569336,109.01000213623047,108.66999816894531,108.80000305175781,80.69181060791016,3413100
2015-06-04,108.88999938964844,109.16999816894531,108.88999938964844,109.02999877929688,80.8624267578125,1907900
2015-06-05,108.62999725341797,108.79000091552734,108.51000213623047,108.55000305175781,80.50638580322266,1619000
2015-06-08,108.76000213623047,108.80000305175781,108.66000366210938,108.70999908447266,80.6250228881836,1289700
2015-06-09,108.6500015258789,108.6500015258789,108.31999969482422,108.4000015258789,80.39515686035156,1206700
2015-06-10,108.23999786376953,108.30000305175781,108.04000091552734,108.12999725341797,80.19490051269531,1491200
2015-06-11,108.33000183105469,108.70999908447266,108.27999877929688,108.70999908447266,80.6250228881836,1539600
2015-06-12,108.68000030517578,108.9000015258789,108.5199966430664,108.58000183105469,80.5286636352539,1365900
2015-06-15,108.95999908447266,108.95999908447266,108.62999725341797,108.70999908447266,80.6250228881836,1666600
2015-06-16,108.83000183105469,108.88999938964844,108.68000030517578,108.88999938964844,80.7585220336914,1309900
2015-06-17,108.83999633789062,108.9000015258789,108.44000244140625,108.9000015258789,80.76602172851562,1895700
2015-06-18,108.80999755859375,108.87000274658203,108.62000274658203,108.87000274658203,80.74374389648438,2917400
2015-06-19,109.0999984741211,109.26000213623047,109.04000091552734,109.20999908447266,80.99591064453125,2048500
2015-06-22,108.94999694824219,109.0,108.63999938964844,108.66999816894531,80.59542083740234,1173800
2015-06-23,108.41000366210938,108.63999938964844,108.3499984741211,108.41999816894531,80.41000366210938,1339000
2015-06-24,108.55000305175781,108.68000030517578,108.44999694824219,108.58999633789062,80.53607940673828,1527800
2015-06-25,108.58000183105469,108.5999984741211,108.38999938964844,108.47000122070312,80.4470443725586,1222000
2015-06-26,108.29000091552734,108.30999755859375,108.11000061035156,108.20999908447266,80.25420379638672,1054900
2015-06-29,108.5999984741211,108.94000244140625,108.37999725341797,108.8499984741211,80.7288589477539,3278900
2015-06-30,108.72000122070312,109.0,108.61000061035156,108.77999877929688,80.67694854736328,2159500
2015-07-01,108.33000183105469,108.37999725341797,108.1500015258789,108.29000091552734,80.47335815429688,6010300
2015-07-02,108.4800033569336,108.5999984741211,108.43000030517578,108.44000244140625,80.58483123779297,994600
2015-07-06,108.87999725341797,108.98999786376953,108.62999725341797,108.83000183105469,80.87464904785156,1108000
2015-07-07,109.12000274658203,109.37999725341797,108.95999908447266,108.9800033569336,80.98612213134766,2502500
2015-07-08,109.16000366210938,109.36000061035156,109.02999877929688,109.23999786376953,81.17928314208984,2892900
2015-07-09,109.08999633789062,109.08999633789062,108.81999969482422,108.83999633789062,80.882080078125,1932800
2015-07-10,108.47000122070312,108.58000183105469,108.27999877929688,108.37999725341797,80.54026794433594,2163700
2015-07-13,108.23999786376953,108.37000274658203,108.13999938964844,108.22000122070312,80.42137145996094,1938300
2015-07-14,108.43000030517578,108.5,108.31999969482422,108.4000015258789,80.55509948730469,1441400
2015-07-15,108.36000061035156,108.72000122070312,108.36000061035156,108.69000244140625,80.77059936523438,1781400
2015-07-16,108.54000091552734,108.79000091552734,108.5,108.77999877929688,80.83743286132812,1294800
2015-07-17,108.7300033569336,108.86000061035156,108.72000122070312,108.79000091552734,80.84490966796875,897600
2015-07-20,108.66999816894531,108.72000122070312,108.55000305175781,108.5999984741211,80.70377349853516,1245100
2015-07-21,108.54000091552734,108.8499984741211,108.51000213623047,108.77999877929688,80.83743286132812,1191500
2015-07-22,108.83000183105469,108.98999786376953,108.81999969482422,108.83000183105469,80.87464904785156,1100000
2015-07-23,108.83999633789062,109.1500015258789,108.80999755859375,109.13999938964844,81.1050033569336,1021400
2015-07-24,109.2300033569336,109.23999786376953,109.05999755859375,109.12000274658203,81.09014892578125,1192500
2015-07-27,109.25,109.3499984741211,109.20999908447266,109.26000213623047,81.1941909790039,2666000
2015-07-28,109.12999725341797,109.22000122070312,109.08999633789062,109.1500015258789,81.11244201660156,1873200
2015-07-29,109.08999633789062,109.12000274658203,108.94000244140625,109.05999755859375,81.04557800292969,2273500
2015-07-30,109.08000183105469,109.1500015258789,108.97000122070312,109.06999969482422,81.0530014038086,1959000
2015-07-31,109.44000244140625,109.51000213623047,109.3499984741211,109.5,81.37252807617188,2084300
2015-08-03,109.29000091552734,109.54000091552734,109.19000244140625,109.4000015258789,81.45665740966797,2563900
2015-08-04,109.3499984741211,109.43000030517578,109.06999969482422,109.08000183105469,81.21842956542969,1659900
2015-08-05,108.94000244140625,109.08000183105469,108.72000122070312,108.87999725341797,81.06947326660156,2346600
2015-08-06,108.93000030517578,109.0999984741211,108.9000015258789,109.01000213623047,81.16629791259766,1038100
2015-08-07,109.13999938964844,109.27999877929688,109.04000091552734,109.19999694824219,81.30780029296875,2154700
2015-08-10,109.1500015258789,109.16999816894531,108.8499984741211,109.05999755859375,81.20352935791016,1280200
2015-08-11,109.41999816894531,109.58000183105469,109.27999877929688,109.41999816894531,81.47157287597656,1537300
2015-08-12,109.55000305175781,109.70999908447266,109.3499984741211,109.3499984741211,81.4194564819336,1563900
2015-08-13,109.36000061035156,109.37000274658203,109.11000061035156,109.12000274658203,81.24822235107422,1571700
2015-08-14,109.12000274658203,109.23999786376953,109.0199966430664,109.06999969482422,81.21092224121094,1890500
2015-08-17,109.33000183105469,109.4000015258789,109.19999694824219,109.26000213623047,81.3524169921875,1387100
2015-08-18,109.19000244140625,109.23999786376953,109.04000091552734,109.05999755859375,81.20352935791016,785400
2015-08-19,109.04000091552734,109.4800033569336,108.95999908447266,109.4000015258789,81.45665740966797,2184900
2015-08-20,109.58000183105469,109.63999938964844,109.44999694824219,109.56999969482422,81.58326721191406,1075600
2015-08-21,109.68000030517578,109.87000274658203,109.56999969482422,109.76000213623047,81.7247314453125,2443400
2015-08-24,110.0,110.33999633789062,109.56999969482422,109.72000122070312,81.69493103027344,5440200
2015-08-25,109.69999694824219,109.69999694824219,109.12999725341797,109.45999908447266,81.50135803222656,4070000
2015-08-26,109.08000183105469,109.41000366210938,108.87999725341797,108.94999694824219,81.12164306640625,3994200
2015-08-27,108.94999694824219,109.19999694824219,108.93000030517578,109.0999984741211,81.23332214355469,4040500
2015-08-28,109.33999633789062,109.37000274658203,108.93000030517578,109.0,81.15886688232422,4774600
2015-08-31,109.27999877929688,109.37000274658203,108.9000015258789,108.91999816894531,81.09928131103516,4145600
2015-09-01,108.88999938964844,109.11000061035156,108.7699966430664,109.0199966430664,81.3395767211914,3386000
2015-09-02,108.91999816894531,109.05000305175781,108.80999755859375,108.87999725341797,81.23506927490234,3442000
2015-09-03,109.05999755859375,109.12000274658203,108.87000274658203,109.04000091552734,81.35446166992188,1935100
2015-09-04,109.19000244140625,109.33000183105469,109.0199966430664,109.2699966430664,81.52600860595703,1748100
2015-09-08,108.95999908447266,109.04000091552734,108.91000366210938,109.01000213623047,81.33208465576172,2130400
2015-09-09,108.77999877929688,109.08000183105469,108.69999694824219,109.05000305175781,81.3619155883789,2891400
2015-09-10,109.0,109.01000213623047,108.80999755859375,108.93000030517578,81.27238464355469,2564400
2015-09-11,109.05000305175781,109.16999816894531,109.01000213623047,109.05999755859375,81.3693618774414,2001600
2015-09-14,109.18000030517578,109.19999694824219,109.04000091552734,109.08999633789062,81.39171600341797,1543600
2015-09-15,109.0,109.0,108.5,108.5999984741211,81.02619171142578,1541200
2015-09-16,108.58999633789062,108.66000366210938,108.41000366210938,108.51000213623047,80.95899963378906,1810100
2015-09-17,108.4800033569336,109.19000244140625,108.4000015258789,109.19000244140625,81.46637725830078,1955400
2015-09-18,109.26000213623047,109.38999938964844,109.1500015258789,109.27999877929688,81.53352355957031,4510600
2015-09-21,109.16999816894531,109.16999816894531,108.87999725341797,108.98999786376953,81.31714630126953,2325800
2015-09-22,109.19000244140625,109.38999938964844,109.12000274658203,109.25,81.51117706298828,2044800
2015-09-23,109.29000091552734,109.29000091552734,109.0999984741211,109.16000366210938,81.4439926147461,1562100
2015-09-24,109.48999786376953,109.51000213623047,109.23999786376953,109.30000305175781,81.5484390258789,2700000
2015-09-25,109.16000366210938,109.2300033569336,109.02999877929688,109.11000061035156,81.40668487548828,1225500
2015-09-28,109.19000244140625,109.41000366210938,109.11000061035156,109.37000274658203,81.60064697265625,1884400
2015-09-29,109.44000244140625,109.5999984741211,109.37000274658203,109.54000091552734,81.72747039794922,1506800
2015-09-30,109.47000122070312,109.62999725341797,109.44000244140625,109.58000183105469,81.75733947753906,3121600
2015-10-01,109.4800033569336,109.6500015258789,109.44999694824219,109.45999908447266,81.82086181640625,4274900
2015-10-02,109.8499984741211,110.1500015258789,109.69999694824219,109.79000091552734,82.06755828857422,3553300
2015-10-05,109.62999725341797,109.68000030517578,109.37000274658203,109.37999725341797,81.76107788085938,4604500
2015-10-06,109.47000122070312,109.69000244140625,109.37000274658203,109.6500015258789,81.96290588378906,5013800
2015-10-07,109.55000305175781,109.68000030517578,109.4800033569336,109.56999969482422,81.90313720703125,1983200
2015-10-08,109.69999694824219,109.69999694824219,109.30000305175781,109.41999816894531,81.7909927368164,2038700
2015-10-09,109.31999969482422,109.47000122070312,109.23999786376953,109.33000183105469,81.72367858886719,3235500
2015-10-12,109.4800033569336,109.6500015258789,109.33000183105469,109.61000061035156,81.9329833984375,1268800
2015-10-13,109.75,109.75,109.48999786376953,109.62000274658203,81.94047546386719,1500200
2015-10-14,109.83000183105469,110.05000305175781,109.7300033569336,110.02999877929688,82.24693298339844,3912000
2015-10-15,109.93000030517578,110.05000305175781,109.79000091552734,109.87999725341797,82.13484954833984,2044800
2015-10-16,109.9000015258789,109.94000244140625,109.7699966430664,109.7699966430664,82.05258178710938,1630000
2015-10-19,109.77999877929688,109.9000015258789,109.6500015258789,109.87999725341797,82.13484954833984,1534900
2015-10-20,109.77999877929688,109.77999877929688,109.55000305175781,109.66000366210938,81.97038269042969,1805400
2015-10-21,109.7300033569336,109.94999694824219,109.7300033569336,109.91999816894531,82.16476440429688,1278200
2015-10-22,109.9000015258789,110.05000305175781,109.83000183105469,109.94000244140625,82.17967224121094,2276300
2015-10-23,109.79000091552734,109.79000091552734,109.69000244140625,109.75,82.03767395019531,2237400
2015-10-26,109.8499984741211,109.9000015258789,109.73999786376953,109.80000305175781,82.07502746582031,1541300
2015-10-27,110.02999877929688,110.02999877929688,109.87999725341797,109.95999908447266,82.19461822509766,2021900
2015-10-28,109.9800033569336,110.05000305175781,109.56999969482422,109.62999725341797,81.94794464111328,1661300
2015-10-29,109.33999633789062,109.41999816894531,109.12999725341797,109.16000366210938,81.59661865234375,2333200
2015-10-30,109.19000244140625,109.45999908447266,109.1500015258789,109.44999694824219,81.81341552734375,10577000
2015-11-02,109.08000183105469,109.19000244140625,108.9800033569336,109.0199966430664,81.65242004394531,8049400
2015-11-03,108.94999694824219,109.0,108.79000091552734,108.81999969482422,81.5025634765625,3033400
2015-11-04,108.91000366210938,108.98999786376953,108.70999908447266,108.81999969482422,81.5025634765625,3542500
2015-11-05,108.87000274658203,108.88999938964844,108.5999984741211,108.7699966430664,81.46512603759766,2185900
2015-11-06,108.36000061035156,108.38999938964844,108.19000244140625,108.25,81.07569122314453,1829500
2015-11-09,108.05999755859375,108.36000061035156,108.04000091552734,108.18000030517578,81.02326202392578,12843200
2015-11-10,108.29000091552734,108.4800033569336,108.19999694824219,108.37999725341797,81.17301940917969,5233200
2015-11-11,108.31999969482422,108.37000274658203,108.23999786376953,108.23999786376953,81.06819915771484,1603400
2015-11-12,108.3499984741211,108.44999694824219,108.20999908447266,108.33999633789062,81.14311218261719,3448700
2015-11-13,108.4800033569336,108.58999633789062,108.44999694824219,108.55000305175781,81.30036163330078,3784100
2015-11-16,108.62999725341797,108.69999694824219,108.55999755859375,108.63999938964844,81.36778259277344,3326000
2015-11-17,108.48999786376953,108.77999877929688,108.41999816894531,108.72000122070312,81.42768096923828,2461300
2015-11-18,108.6500015258789,108.70999908447266,108.54000091552734,108.63999938964844,81.36778259277344,1952100
2015-11-19,108.9000015258789,108.9000015258789,108.68000030517578,108.69000244140625,81.40522003173828,4232700
2015-11-20,108.7699966430664,108.81999969482422,108.5999984741211,108.62000274658203,81.35274505615234,2034400
2015-11-23,108.6500015258789,108.76000213623047,108.56999969482422,108.6500015258789,81.3752212524414,1976000
2015-11-24,108.75,108.80000305175781,108.66000366210938,108.75,81.45018005371094,1335300
2015-11-25,108.7699966430664,108.83999633789062,108.69000244140625,108.80000305175781,81.48763275146484,1169300
2015-11-27,108.8499984741211,108.87000274658203,108.7699966430664,108.7699966430664,81.46512603759766,946100
2015-11-30,108.83000183105469,108.87000274658203,108.7699966430664,108.80999755859375,81.49514770507812,2397000
2015-12-01,108.54000091552734,108.83999633789062,108.43000030517578,108.81999969482422,81.78068542480469,4260000
2015-12-02,108.7300033569336,108.77999877929688,108.61000061035156,108.69000244140625,81.68297576904297,2462800
2015-12-03,108.41000366210938,108.41000366210938,107.80999755859375,107.88999938964844,81.08175659179688,4634100
2015-12-04,108.05000305175781,108.30000305175781,108.0,108.23999786376953,81.34479522705078,2181300
2015-12-07,108.30000305175781,108.58000183105469,108.2300033569336,108.4000015258789,81.46507263183594,2143800
2015-12-08,108.58999633789062,108.5999984741211,108.37000274658203,108.44000244140625,81.49508666992188,2311800
2015-12-09,108.33999633789062,108.58000183105469,108.20999908447266,108.44000244140625,81.49508666992188,2791000
2015-12-10,108.51000213623047,108.51000213623047,108.36000061035156,108.41999816894531,81.4800796508789,2001500
2015-12-11,108.69999694824219,108.86000061035156,108.56999969482422,108.69000244140625,81.68297576904297,2321400
2015-12-14,108.52999877929688,108.58000183105469,108.16999816894531,108.18000030517578,81.29969024658203,3351900
2015-12-15,108.08000183105469,108.19000244140625,107.91000366210938,108.19000244140625,81.30721282958984,2955900
2015-12-16,108.12000274658203,108.2699966430664,107.93000030517578,108.0,81.16444396972656,2946800
2015-12-17,108.23999786376953,108.30000305175781,108.0199966430664,108.1500015258789,81.27716064453125,5407800
2015-12-18,108.3499984741211,108.45999908447266,108.25,108.37999725341797,81.44998931884766,4006400
2015-12-21,108.48999786376953,108.54000091552734,108.23999786376953,108.27999877929688,81.3748550415039,3233500
2015-12-22,108.2699966430664,108.27999877929688,108.12000274658203,108.19999694824219,81.31470489501953,4507600
2015-12-23,108.01000213623047,108.19000244140625,108.0,108.18000030517578,81.29969024658203,3599600
2015-12-24,107.94999694824219,108.05000305175781,107.91999816894531,108.01000213623047,81.33885955810547,1248800
2015-12-28,108.02999877929688,108.12999725341797,107.98999786376953,108.01000213623047,81.33885955810547,3736400
2015-12-29,107.91999816894531,107.9800033569336,107.62000274658203,107.73999786376953,81.13554382324219,3094500
2015-12-30,107.63999938964844,107.77999877929688,107.5999984741211,107.72000122070312,81.1204605102539,3731400
2015-12-31,107.87000274658203,108.02999877929688,107.81999969482422,108.01000213623047,81.33885955810547,3406100
2016-01-04,108.08999633789062,108.29000091552734,107.93000030517578,107.97000122070312,81.30875396728516,3691000
2016-01-05,107.87000274658203,108.12000274658203,107.87000274658203,108.0199966430664,81.34642028808594,2732900
2016-01-06,108.33999633789062,108.45999908447266,108.22000122070312,108.43000030517578,81.6551284790039,2915800
2016-01-07,108.4000015258789,108.47000122070312,108.20999908447266,108.41999816894531,81.64764404296875,2469000
2016-01-08,108.56999969482422,108.70999908447266,108.3499984741211,108.66000366210938,81.8283920288086,4016900
2016-01-11,108.38999938964844,108.58999633789062,108.33999633789062,108.3499984741211,81.59496307373047,2820200
2016-01-12,108.44000244140625,108.81999969482422,108.36000061035156,108.58999633789062,81.7756118774414,3318400
2016-01-13,108.5999984741211,108.93000030517578,108.55000305175781,108.83999633789062,81.96385955810547,3011500
2016-01-14,108.79000091552734,108.88999938964844,108.58000183105469,108.80000305175781,81.93376922607422,5322700
2016-01-15,109.08000183105469,109.12000274658203,108.83000183105469,108.93000030517578,82.03173065185547,3348900
2016-01-19,108.8499984741211,108.95999908447266,108.72000122070312,108.81999969482422,81.94881439208984,4209800
2016-01-20,109.0999984741211,109.18000030517578,108.87000274658203,108.91000366210938,82.01658630371094,4349900
2016-01-21,109.08000183105469,109.08000183105469,108.73999786376953,108.76000213623047,81.9036636352539,7256000
2016-01-22,108.72000122070312,108.8499984741211,108.58999633789062,108.83999633789062,81.96385955810547,3258700
2016-01-25,108.94999694824219,108.9800033569336,108.7699966430664,108.77999877929688,81.91874694824219,3285000
2016-01-26,108.9000015258789,109.0,108.7699966430664,108.91999816894531,82.0241470336914,2604100
2016-01-27,108.91000366210938,109.01000213623047,108.72000122070312,108.94000244140625,82.03919982910156,1645300
2016-01-28,108.98999786376953,109.0999984741211,108.81999969482422,109.02999877929688,82.10697937011719,2390600
2016-01-29,109.41000366210938,109.4800033569336,109.25,109.3499984741211,82.34796142578125,8633000
2016-02-01,109.0999984741211,109.25,108.83999633789062,108.98999786376953,82.24834442138672,4512300
2016-02-02,109.2300033569336,109.37999725341797,109.12999725341797,109.31999969482422,82.49736785888672,4835100
2016-02-03,109.26000213623047,109.63999938964844,109.19999694824219,109.30999755859375,82.48981475830078,3700300
2016-02-04,109.33999633789062,109.45999908447266,109.23999786376953,109.41999816894531,82.57286834716797,1880300
2016-02-05,109.23999786376953,109.44000244140625,109.1500015258789,109.31999969482422,82.49736785888672,2155500
2016-02-08,109.58999633789062,109.87000274658203,109.5,109.73999786376953,82.81436157226562,2818600
2016-02-09,109.91999816894531,109.93000030517578,109.66000366210938,109.7300033569336,82.80680084228516,3023800
2016-02-10,109.81999969482422,110.0,109.5999984741211,110.0,83.0105972290039,2319000
2016-02-11,110.41000366210938,110.5,110.01000213623047,110.06999969482422,83.06340789794922,2928000
2016-02-12,109.91999816894531,109.95999908447266,109.55000305175781,109.7699966430664,82.83695220947266,2968800
2016-02-16,109.54000091552734,109.61000061035156,109.43000030517578,109.5,82.6332015991211,2356200
2016-02-17,109.43000030517578,109.45999908447266,109.22000122070312,109.44000244140625,82.5879135131836,2446600
2016-02-18,109.5,109.80999755859375,109.44999694824219,109.7699966430664,82.83695220947266,2844400
2016-02-19,109.80000305175781,109.8499984741211,109.63999938964844,109.79000091552734,82.8520736694336,2278800
2016-02-22,109.7699966430664,109.87999725341797,109.72000122070312,109.81999969482422,82.87467956542969,2421800
2016-02-23,109.62999725341797,110.0,109.5199966430664,109.83999633789062,82.8897476196289,2337800
2016-02-24,110.12000274658203,110.31999969482422,109.83999633789062,109.87999725341797,82.91997528076172,2473200
2016-02-25,110.08999633789062,110.30999755859375,110.0,110.16000366210938,83.13126373291016,2335700
2016-02-26,109.9000015258789,109.97000122070312,109.80000305175781,109.95999908447266,82.98037719726562,2068100
2016-02-29,109.94000244140625,110.0999984741211,109.91000366210938,110.08999633789062,83.07849884033203,3694200
2016-03-01,109.93000030517578,110.05000305175781,109.4000015258789,109.54000091552734,82.8296890258789,3984500
2016-03-02,109.44999694824219,109.4800033569336,109.31999969482422,109.41999816894531,82.73893737792969,2624500
2016-03-03,109.47000122070312,109.61000061035156,109.37000274658203,109.55000305175781,82.83721923828125,3632800
2016-03-04,109.5,109.58000183105469,109.27999877929688,109.37999725341797,82.70867919921875,4461100
2016-03-07,109.38999938964844,109.38999938964844,109.20999908447266,109.3499984741211,82.68602752685547,2823200
2016-03-08,109.7300033569336,109.83000183105469,109.55999755859375,109.62000274658203,82.89012145996094,1984400
2016-03-09,109.55999755859375,109.66000366210938,109.44999694824219,109.56999969482422,82.85235595703125,1468700
2016-03-10,109.6500015258789,109.73999786376953,109.37999725341797,109.62000274658203,82.89012145996094,2828700
2016-03-11,109.6500015258789,109.70999908447266,109.38999938964844,109.41999816894531,82.73893737792969,2065000
2016-03-14,109.48999786376953,109.5999984741211,109.44999694824219,109.4800033569336,82.78431701660156,2186900
2016-03-15,109.68000030517578,109.69999694824219,109.37999725341797,109.37999725341797,82.70867919921875,1746100
2016-03-16,109.38999938964844,109.86000061035156,109.29000091552734,109.8499984741211,83.06409454345703,1888200
2016-03-17,109.94999694824219,110.12999725341797,109.9000015258789,110.08000183105469,83.23802185058594,4116500
2016-03-18,110.19000244140625,110.29000091552734,110.12000274658203,110.16999816894531,83.30607604980469,1909600
2016-03-21,110.05999755859375,110.12999725341797,109.91000366210938,109.93000030517578,83.12458038330078,2152300
2016-03-22,110.2699966430664,110.2699966430664,109.83000183105469,109.86000061035156,83.0716552734375,2023000
2016-03-23,109.95999908447266,110.13999938964844,109.86000061035156,110.0999984741211,83.25309753417969,2885000
2016-03-24,110.29000091552734,110.29000091552734,110.02999877929688,110.11000061035156,83.26068878173828,2846400
2016-03-28,110.1500015258789,110.30000305175781,110.08000183105469,110.19000244140625,83.3211669921875,2918100
2016-03-29,110.3499984741211,110.56999969482422,110.20999908447266,110.5199966430664,83.57071685791016,1885900
2016-03-30,110.48999786376953,110.55999755859375,110.30999755859375,110.4800033569336,83.54045104980469,2764500
2016-03-31,110.5199966430664,110.8499984741211,110.5199966430664,110.83000183105469,83.80512237548828,7003600
2016-04-01,110.52999877929688,110.66000366210938,110.3499984741211,110.51000213623047,83.73089599609375,5374200
2016-04-04,110.5999984741211,110.66999816894531,110.51000213623047,110.62000274658203,83.81421661376953,3176200
2016-04-05,110.94999694824219,110.9800033569336,110.70999908447266,110.7699966430664,83.92787170410156,2954100
2016-04-06,110.80000305175781,110.80000305175781,110.62000274658203,110.75,83.9127197265625,2027400
2016-04-07,110.9800033569336,111.05000305175781,110.7699966430664,110.98999786376953,84.09455108642578,1876100
2016-04-08,111.0,111.0,110.80999755859375,110.87999725341797,84.01123809814453,2318300
2016-04-11,110.87000274658203,110.95999908447266,110.76000213623047,110.95999908447266,84.07181549072266,1718400
2016-04-12,110.8499984741211,110.86000061035156,110.6500015258789,110.77999877929688,83.93545532226562,1984500
2016-04-13,110.73999786376953,110.91999816894531,110.68000030517578,110.83000183105469,83.97332763671875,1769000
2016-04-14,110.76000213623047,110.80999755859375,110.63999938964844,110.63999938964844,83.8293685913086,3596400
2016-04-15,110.80000305175781,110.9800033569336,110.75,110.94999694824219,84.06426239013672,1579500
2016-04-18,110.91000366210938,110.94999694824219,110.79000091552734,110.94000244140625,84.0566635131836,2146600
2016-04-19,110.94000244140625,111.0,110.7699966430664,110.93000030517578,84.04911041259766,2019200
2016-04-20,111.0199966430664,111.02999877929688,110.5999984741211,110.66000366210938,83.8445053100586,2376000
2016-04-21,110.5199966430664,110.62000274658203,110.44999694824219,110.51000213623047,83.73089599609375,2692800
2016-04-22,110.6500015258789,110.72000122070312,110.5199966430664,110.5199966430664,83.73848724365234,3795600
2016-04-25,110.5199966430664,110.58999633789062,110.38999938964844,110.4000015258789,83.64753723144531,3118800
2016-04-26,110.4800033569336,110.4800033569336,110.2300033569336,110.3499984741211,83.60966491699219,2326100
2016-04-27,110.52999877929688,110.69000244140625,110.33000183105469,110.68000030517578,83.85967254638672,2337100
2016-04-28,110.68000030517578,110.94999694824219,110.58999633789062,110.9000015258789,84.0263671875,9405200
2016-04-29,110.81999969482422,110.93000030517578,110.75,110.88999938964844,84.01882934570312,5112900
2016-05-02,110.73999786376953,110.73999786376953,110.5199966430664,110.61000061035156,83.96186065673828,3553900
2016-05-03,110.88999938964844,110.94999694824219,110.75,110.80999755859375,84.11369323730469,3044900
2016-05-04,110.91000366210938,110.93000030517578,110.76000213623047,110.86000061035156,84.15162658691406,2920200
2016-05-05,110.91999816894531,111.16000366210938,110.80000305175781,111.13999938964844,84.36420440673828,3008100
2016-05-06,111.12000274658203,111.12000274658203,110.97000122070312,110.97000122070312,84.23516082763672,2718500
2016-05-09,111.11000061035156,111.13999938964844,111.01000213623047,111.04000091552734,84.28828430175781,2173500
2016-05-10,111.05999755859375,111.0999984741211,110.98999786376953,111.08999633789062,84.32620239257812,2103800
2016-05-11,111.05999755859375,111.26000213623047,111.0199966430664,111.08999633789062,84.32620239257812,2507000
2016-05-12,110.91999816894531,111.0999984741211,110.91999816894531,110.98999786376953,84.25029754638672,1938800
2016-05-13,111.08000183105469,111.2300033569336,111.02999877929688,111.19999694824219,84.40969848632812,1511400
2016-05-16,111.19000244140625,111.19000244140625,110.9800033569336,111.01000213623047,84.26548767089844,3134400
2016-05-17,111.02999877929688,111.05000305175781,110.86000061035156,110.86000061035156,84.15162658691406,1769700
2016-05-18,110.77999877929688,110.80000305175781,110.31999969482422,110.4000015258789,83.802490234375,1900800
2016-05-19,110.47000122070312,110.55999755859375,110.4000015258789,110.47000122070312,83.85562133789062,3461900
2016-05-20,110.54000091552734,110.62000274658203,110.44000244140625,110.54000091552734,83.90872955322266,2655700
2016-05-23,110.54000091552734,110.5999984741211,110.43000030517578,110.5199966430664,83.8935546875,2244300
2016-05-24,110.55999755859375,110.55999755859375,110.33999633789062,110.45999908447266,83.8480453491211,1759800
2016-05-25,110.54000091552734,110.55000305175781,110.38999938964844,110.4800033569336,83.86317443847656,2735700
2016-05-26,110.63999938964844,110.7300033569336,110.55999755859375,110.6500015258789,83.9922103881836,1614800
2016-05-27,110.68000030517578,110.69999694824219,110.4800033569336,110.62999725341797,83.97706604003906,2164800
2016-05-31,110.41000366210938,110.76000213623047,110.36000061035156,110.69999694824219,84.03021240234375,3368800
2016-06-01,110.58999633789062,110.6500015258789,110.41000366210938,110.41999816894531,83.98301696777344,2941300
2016-06-02,110.55999755859375,110.73999786376953,110.55999755859375,110.69999694824219,84.19602966308594,2013900
2016-06-03,111.1500015258789,111.30000305175781,111.12000274658203,111.30000305175781,84.65235900878906,2210500
2016-06-06,111.16999816894531,111.2300033569336,111.06999969482422,111.1500015258789,84.53826141357422,3278900
2016-06-07,111.23999786376953,111.30999755859375,111.19999694824219,111.25,84.61431884765625,2157100
2016-06-08,111.30000305175781,111.33999633789062,111.22000122070312,111.29000091552734,84.64471435546875,2148000
2016-06-09,111.5,111.5,111.36000061035156,111.37000274658203,84.70560455322266,1543600
2016-06-10,111.54000091552734,111.66000366210938,111.44999694824219,111.5199966430664,84.81964111328125,1368300
2016-06-13,111.56999969482422,111.66999816894531,111.52999877929688,111.61000061035156,84.88812255859375,1661400
2016-06-14,111.68000030517578,111.7300033569336,111.55000305175781,111.55999755859375,84.85006713867188,1871500
2016-06-15,111.66999816894531,111.93000030517578,111.63999938964844,111.80000305175781,85.03260040283203,1732100
2016-06-16,111.91999816894531,112.06999969482422,111.77999877929688,111.87000274658203,85.08585357666016,2533000
2016-06-17,111.86000061035156,111.87000274658203,111.66000366210938,111.79000091552734,85.02505493164062,2730900
2016-06-20,111.56999969482422,111.58000183105469,111.44999694824219,111.4800033569336,84.78923797607422,2043800
2016-06-21,111.55000305175781,111.56999969482422,111.3499984741211,111.4000015258789,84.72844696044922,1882500
2016-06-22,111.44000244140625,111.51000213623047,111.3499984741211,111.47000122070312,84.78163146972656,1734300
2016-06-23,111.33000183105469,111.43000030517578,111.25,111.27999877929688,84.63713073730469,1721100
2016-06-24,112.11000061035156,112.1500015258789,111.79000091552734,111.87999725341797,85.09346008300781,4081200
2016-06-27,112.33000183105469,112.48999786376953,112.30999755859375,112.33000183105469,85.43572235107422,3018800
2016-06-28,112.54000091552734,112.54000091552734,112.37000274658203,112.47000122070312,85.54224395751953,2951700
2016-06-29,112.52999877929688,112.5999984741211,112.33999633789062,112.38999938964844,85.48137664794922,2745800
2016-06-30,112.51000213623047,112.69000244140625,112.4000015258789,112.62000274658203,85.65628814697266,4154300
2016-07-01,112.72000122070312,112.7699966430664,112.5199966430664,112.6500015258789,85.84070587158203,5235200
2016-07-05,113.02999877929688,113.12000274658203,112.87000274658203,112.94999694824219,86.06930541992188,4740000
2016-07-06,113.08999633789062,113.16999816894531,112.94000244140625,113.16000366210938,86.22932434082031,3150500
2016-07-07,113.0,113.16999816894531,112.91999816894531,113.08000183105469,86.16838073730469,3122200
2016-07-08,113.08000183105469,113.2699966430664,113.0,113.25,86.29789733886719,2910500
2016-07-11,113.19000244140625,113.23999786376953,112.93000030517578,112.94999694824219,86.06930541992188,4424000
2016-07-12,112.80999755859375,112.80999755859375,112.48999786376953,112.61000061035156,85.81021881103516,1970600
2016-07-13,112.81999969482422,112.87999725341797,112.73999786376953,112.7699966430664,85.93212890625,2363300
2016-07-14,112.51000213623047,112.69999694824219,112.5,112.66999816894531,85.85594177246094,3345200
2016-07-15,112.58000183105469,112.58000183105469,112.22000122070312,112.26000213623047,85.54354095458984,3612200
2016-07-18,112.48999786376953,112.48999786376953,112.19999694824219,112.27999877929688,85.55876159667969,1547300
2016-07-19,112.4800033569336,112.5199966430664,112.37000274658203,112.51000213623047,85.73404693603516,1786900
2016-07-20,112.41999816894531,112.44000244140625,112.30000305175781,112.41000366210938,85.65779113769531,1808800
2016-07-21,112.2699966430664,112.54000091552734,112.19999694824219,112.51000213623047,85.73404693603516,3043500
2016-07-22,112.37999725341797,112.61000061035156,112.3499984741211,112.52999877929688,85.74928283691406,2315900
2016-07-25,112.58000183105469,112.58000183105469,112.4000015258789,112.4000015258789,85.65018463134766,1680800
2016-07-26,112.58000183105469,112.58000183105469,112.30999755859375,112.4000015258789,85.65018463134766,3540000
2016-07-27,112.5199966430664,112.73999786376953,112.44000244140625,112.7300033569336,85.90164947509766,3047200
2016-07-28,112.63999938964844,112.76000213623047,112.55999755859375,112.72000122070312,85.89408111572266,2640600
2016-07-29,112.87999725341797,113.02999877929688,112.76000213623047,113.0199966430664,86.1226577758789,3671000
2016-08-01,112.5,112.68000030517578,112.47000122070312,112.55000305175781,85.92186737060547,3149300
2016-08-02,112.36000061035156,112.45999908447266,112.19000244140625,112.22000122070312,85.66996002197266,3643900
2016-08-03,112.30999755859375,112.36000061035156,112.0999984741211,112.33999633789062,85.76153564453125,3777800
2016-08-04,112.54000091552734,112.66000366210938,112.5,112.55000305175781,85.92186737060547,2002800
2016-08-05,112.54000091552734,112.54000091552734,112.13999938964844,112.16999816894531,85.63177490234375,2474600
2016-08-08,112.16000366210938,112.31999969482422,112.02999877929688,112.23999786376953,85.68524169921875,2604000
2016-08-09,112.4000015258789,112.54000091552734,112.30000305175781,112.52999877929688,85.90662384033203,2981100
2016-08-10,112.61000061035156,112.7300033569336,112.54000091552734,112.66000366210938,86.005859375,3185800
2016-08-11,112.7300033569336,112.7300033569336,112.30999755859375,112.36000061035156,85.7768325805664,1807200
2016-08-12,112.72000122070312,112.83000183105469,112.62999725341797,112.62999725341797,85.98294067382812,1889600
2016-08-15,112.56999969482422,112.62000274658203,112.41999816894531,112.43000030517578,85.83025360107422,1950500
2016-08-16,112.48999786376953,112.5199966430664,112.36000061035156,112.36000061035156,85.7768325805664,6250200
2016-08-17,112.44999694824219,112.66000366210938,112.36000061035156,112.56999969482422,85.93712615966797,5210700
2016-08-18,112.63999938964844,112.77999877929688,112.54000091552734,112.7300033569336,86.05928039550781,1962900
2016-08-19,112.52999877929688,112.62000274658203,112.38999938964844,112.4800033569336,85.86841583251953,3287600
2016-08-22,112.66000366210938,112.73999786376953,112.55999755859375,112.6500015258789,85.99820709228516,1808500
2016-08-23,112.77999877929688,112.83000183105469,112.62999725341797,112.68000030517578,86.0210952758789,2583000
2016-08-24,112.79000091552734,112.80000305175781,112.62999725341797,112.63999938964844,85.9905776977539,2312800
2016-08-25,112.55000305175781,112.66999816894531,112.5199966430664,112.5199966430664,85.89894104003906,1613500
2016-08-26,112.69000244140625,112.86000061035156,112.27999877929688,112.33999633789062,85.76153564453125,2513700
2016-08-29,112.55000305175781,112.68000030517578,112.45999908447266,112.6500015258789,85.99820709228516,2156400
2016-08-30,112.70999908447266,112.70999908447266,112.55000305175781,112.58999633789062,85.95238494873047,1712300
2016-08-31,112.63999938964844,112.70999908447266,112.51000213623047,112.56999969482422,85.93712615966797,3025000
2016-09-01,112.0999984741211,112.5,112.05000305175781,112.45999908447266,86.0120620727539,3777100
2016-09-02,112.44000244140625,112.44000244140625,112.18000030517578,112.30999755859375,85.89736938476562,1730900
2016-09-06,112.36000061035156,112.68000030517578,112.29000091552734,112.55000305175781,86.08092498779297,3745800
2016-09-07,112.76000213623047,112.76000213623047,112.58999633789062,112.61000061035156,86.12682342529297,1839600
2016-09-08,112.5,112.55999755859375,112.13999938964844,112.22000122070312,85.82855987548828,2605500
2016-09-09,111.95999908447266,111.98999786376953,111.7300033569336,111.7300033569336,85.4537582397461,2763900
2016-09-12,111.76000213623047,111.88999938964844,111.6500015258789,111.81999969482422,85.52262115478516,2358200
2016-09-13,111.93000030517578,111.93000030517578,111.33999633789062,111.51000213623047,85.28551483154297,3005400
2016-09-14,111.47000122070312,111.75,111.47000122070312,111.6500015258789,85.39261627197266,2089700
2016-09-15,111.5999984741211,111.76000213623047,111.48999786376953,111.72000122070312,85.44613647460938,2253800
2016-09-16,111.75,111.87000274658203,111.69999694824219,111.80000305175781,85.50729370117188,1701000
2016-09-19,111.7300033569336,111.8499984741211,111.69000244140625,111.70999908447266,85.43848419189453,2026900
2016-09-20,111.9000015258789,111.94000244140625,111.73999786376953,111.75,85.46906280517578,2078500
2016-09-21,111.69000244140625,112.02999877929688,111.6500015258789,112.02999877929688,85.68324279785156,1899500
2016-09-22,112.0999984741211,112.3499984741211,112.0999984741211,112.26000213623047,85.85912322998047,2017200
2016-09-23,112.30999755859375,112.3499984741211,112.20999908447266,112.2300033569336,85.83616638183594,3415700
2016-09-26,112.27999877929688,112.44999694824219,112.27999877929688,112.37000274658203,85.94326782226562,2326900
2016-09-27,112.56999969482422,112.61000061035156,112.41000366210938,112.51000213623047,86.05033111572266,2881300
2016-09-28,112.58000183105469,112.61000061035156,112.47000122070312,112.54000091552734,86.07329559326172,2853900
2016-09-29,112.41000366210938,112.63999938964844,112.37000274658203,112.54000091552734,86.07329559326172,1668000
2016-09-30,112.56999969482422,112.6500015258789,112.2699966430664,112.41999816894531,85.98151397705078,3679800
2016-10-03,112.20999908447266,112.25,112.06999969482422,112.08999633789062,85.88420867919922,9372900
2016-10-04,112.08999633789062,112.08999633789062,111.69999694824219,111.70999908447266,85.5930404663086,5022400
2016-10-05,111.69000244140625,111.73999786376953,111.51000213623047,111.55999755859375,85.47810363769531,3368700
2016-10-06,111.56999969482422,111.66999816894531,111.44999694824219,111.55999755859375,85.47810363769531,2059400
2016-10-07,111.63999938964844,111.66999816894531,111.41000366210938,111.58000183105469,85.49343872070312,1867600
2016-10-10,111.58000183105469,111.58000183105469,111.38999938964844,111.52999877929688,85.4551010131836,1295400
2016-10-11,111.48999786376953,111.54000091552734,111.3499984741211,111.36000061035156,85.3248291015625,2753300
2016-10-12,111.38999938964844,111.43000030517578,111.26000213623047,111.4000015258789,85.35552215576172,1668500
2016-10-13,111.5999984741211,111.68000030517578,111.52999877929688,111.55999755859375,85.47810363769531,1964600
2016-10-14,111.47000122070312,111.61000061035156,111.33000183105469,111.37000274658203,85.33253479003906,2471500
2016-10-17,111.44999694824219,111.61000061035156,111.38999938964844,111.55999755859375,85.47810363769531,1556800
2016-10-18,111.54000091552734,111.73999786376953,111.47000122070312,111.73999786376953,85.61605072021484,1582900
2016-10-19,111.68000030517578,111.83000183105469,111.63999938964844,111.80000305175781,85.66200256347656,1550000
2016-10-20,111.83999633789062,111.9000015258789,111.7300033569336,111.76000213623047,85.63136291503906,1420800
2016-10-21,111.80000305175781,111.9000015258789,111.69000244140625,111.83000183105469,85.68498229980469,1776900
2016-10-24,111.80999755859375,111.83000183105469,111.5999984741211,111.66000366210938,85.55472564697266,1385600
2016-10-25,111.58000183105469,111.80000305175781,111.58000183105469,111.66000366210938,85.55472564697266,2344400
2016-10-26,111.56999969482422,111.56999969482422,111.43000030517578,111.44000244140625,85.38614654541016,2684000
2016-10-27,111.27999877929688,111.27999877929688,111.04000091552734,111.16000366210938,85.171630859375,2330700
2016-10-28,111.11000061035156,111.26000213623047,111.08000183105469,111.16000366210938,85.171630859375,1713800
2016-10-31,111.30000305175781,111.33000183105469,111.20999908447266,111.30000305175781,85.2789077758789,3260300
2016-11-01,110.87999725341797,111.12999725341797,110.81999969482422,111.02999877929688,85.23282623291016,4725000
2016-11-02,111.12000274658203,111.31999969482422,111.05999755859375,111.16000366210938,85.33262634277344,2572600
2016-11-03,111.02999877929688,111.16000366210938,111.01000213623047,111.01000213623047,85.21742248535156,3254500
2016-11-04,111.1500015258789,111.31999969482422,111.12999725341797,111.23999786376953,85.39402770996094,2013300
2016-11-07,111.13999938964844,111.18000030517578,111.06999969482422,111.11000061035156,85.2942123413086,2031000
2016-11-08,111.12999725341797,111.16000366210938,110.87000274658203,110.93000030517578,85.15605163574219,2107400
2016-11-09,110.52999877929688,110.56999969482422,109.77999877929688,109.9000015258789,84.36536407470703,3657200
2016-11-10,109.66000366210938,109.87999725341797,109.41999816894531,109.44999694824219,84.01995849609375,4179200
2016-11-11,109.45999908447266,109.5,109.22000122070312,109.25,83.86639404296875,2804600
2016-11-14,108.63999938964844,109.05999755859375,108.63999938964844,108.80999755859375,83.52864074707031,3054900
2016-11-15,109.0,109.06999969482422,108.87000274658203,108.88999938964844,83.5900650024414,2252200
2016-11-16,109.01000213623047,109.12999725341797,108.91999816894531,109.12999725341797,83.7742919921875,2164800
2016-11-17,109.01000213623047,109.0199966430664,108.66999816894531,108.72000122070312,83.45955657958984,1903700
2016-11-18,108.80999755859375,108.81999969482422,108.36000061035156,108.37000274658203,83.19088745117188,2767000
2016-11-21,108.55999755859375,108.56999969482422,108.37000274658203,108.45999908447266,83.25997161865234,1705600
2016-11-22,108.58999633789062,108.66000366210938,108.45999908447266,108.55999755859375,83.33670806884766,3465300
2016-11-23,108.18000030517578,108.33000183105469,107.91999816894531,108.18000030517578,83.04505157470703,2497600
2016-11-25,108.30000305175781,108.37000274658203,108.08999633789062,108.16999816894531,83.0373306274414,1071500
2016-11-28,108.37999725341797,108.56999969482422,108.33000183105469,108.55000305175781,83.32907104492188,2476800
2016-11-29,108.5,108.72000122070312,108.43000030517578,108.66999816894531,83.42112731933594,2178600
2016-11-30,108.2300033569336,108.43000030517578,108.12999725341797,108.23999786376953,83.09104919433594,4627500
2016-12-01,107.75,107.79000091552734,107.47000122070312,107.68000030517578,82.81729125976562,4691900
2016-12-02,107.93000030517578,108.19999694824219,107.8499984741211,108.0199966430664,83.0787582397461,4269200
2016-12-05,107.94000244140625,108.26000213623047,107.77999877929688,108.11000061035156,83.14797973632812,3398000
2016-12-06,108.13999938964844,108.18000030517578,108.04000091552734,108.08999633789062,83.13262939453125,3306900
2016-12-07,108.22000122070312,108.37999725341797,108.19999694824219,108.37000274658203,83.3479232788086,3796800
2016-12-08,108.18000030517578,108.22000122070312,108.05000305175781,108.16999816894531,83.19413757324219,2822600
2016-12-09,108.08000183105469,108.18000030517578,107.72000122070312,107.83999633789062,82.94029998779297,4530900
2016-12-12,107.69999694824219,107.81999969482422,107.61000061035156,107.73999786376953,82.86341857910156,3074200
2016-12-13,107.87000274658203,107.94000244140625,107.70999908447266,107.87999725341797,82.9710922241211,3665900
2016-12-14,108.06999969482422,108.12000274658203,107.29000091552734,107.29000091552734,82.51732635498047,3544100
2016-12-15,107.37000274658203,107.41999816894531,107.1500015258789,107.16000366210938,82.41731262207031,4619100
2016-12-16,107.16000366210938,107.38999938964844,107.05999755859375,107.2300033569336,82.47115325927734,2981600
2016-12-19,107.4000015258789,107.55000305175781,107.3499984741211,107.51000213623047,82.6865234375,3202500
2016-12-20,107.30000305175781,107.44000244140625,107.2699966430664,107.41000366210938,82.6095962524414,2871900
2016-12-21,107.5,107.66000366210938,107.43000030517578,107.63999938964844,82.78651428222656,4066900
2016-12-22,107.33999633789062,107.45999908447266,107.23999786376953,107.38999938964844,82.7857437133789,4110200
2016-12-23,107.54000091552734,107.54000091552734,107.38999938964844,107.41999816894531,82.80886840820312,3821100
2016-12-27,107.19000244140625,107.33999633789062,107.19000244140625,107.33999633789062,82.7471923828125,2661500
2016-12-28,107.33000183105469,107.5999984741211,107.30000305175781,107.51000213623047,82.87826538085938,5609600
2016-12-29,107.7300033569336,107.87999725341797,107.6500015258789,107.83999633789062,83.13265228271484,3649600
2016-12-30,107.87999725341797,108.12000274658203,107.8499984741211,108.05999755859375,83.30221557617188,3690100
2017-01-03,107.7300033569336,108.22000122070312,107.7300033569336,108.16999816894531,83.38701629638672,5079200
2017-01-04,108.16000366210938,108.20999908447266,108.02999877929688,108.19999694824219,83.41015625,3297100
2017-01-05,108.37000274658203,108.68000030517578,108.22000122070312,108.6500015258789,83.75703430175781,5165900
2017-01-06,108.43000030517578,108.5,108.26000213623047,108.29000091552734,83.4795150756836,2910100
2017-01-09,108.54000091552734,108.54000091552734,108.43000030517578,108.47000122070312,83.61833953857422,3030500
2017-01-10,108.44999694824219,108.55000305175781,108.41999816894531,108.44000244140625,83.5951156616211,2396300
2017-01-11,108.52999877929688,108.93000030517578,108.41999816894531,108.56999969482422,83.69538879394531,4465500
2017-01-12,108.77999877929688,108.9000015258789,108.61000061035156,108.61000061035156,83.72620391845703,3036600
2017-01-13,108.5,108.55000305175781,108.26000213623047,108.41999816894531,83.57975769042969,3293600
2017-01-17,108.80999755859375,108.87000274658203,108.6500015258789,108.79000091552734,83.86498260498047,3685700
2017-01-18,108.5999984741211,108.66999816894531,108.23999786376953,108.31999969482422,83.50262451171875,3115600
2017-01-19,108.05999755859375,108.16000366210938,107.93000030517578,108.04000091552734,83.28678131103516,2388000
2017-01-20,107.94000244140625,108.12000274658203,107.83000183105469,108.08000183105469,83.31764221191406,3525000
2017-01-23,108.22000122070312,108.56999969482422,108.0999984741211,108.37999725341797,83.5489273071289,3063400
2017-01-24,108.33000183105469,108.4000015258789,108.0999984741211,108.20999908447266,83.41786193847656,2049500
2017-01-25,107.9800033569336,108.04000091552734,107.83000183105469,107.91999816894531,83.19432067871094,2912900
2017-01-26,107.86000061035156,108.02999877929688,107.70999908447266,107.98999786376953,83.2482681274414,2046300
2017-01-27,108.02999877929688,108.16000366210938,108.0199966430664,108.08000183105469,83.31764221191406,3096800
2017-01-30,108.16000366210938,108.20999908447266,108.02999877929688,108.02999877929688,83.27906799316406,2946200
2017-01-31,108.08000183105469,108.37000274658203,108.08000183105469,108.29000091552734,83.4795150756836,7552700
2017-02-01,107.7699966430664,108.01000213623047,107.69000244140625,107.91999816894531,83.36212158203125,2994200
2017-02-02,108.05999755859375,108.18000030517578,107.94999694824219,107.9800033569336,83.408447265625,3490700
2017-02-03,108.12000274658203,108.27999877929688,107.86000061035156,108.01000213623047,83.43163299560547,2728400
2017-02-06,108.22000122070312,108.37999725341797,108.0999984741211,108.31999969482422,83.67112731933594,1827000
2017-02-07,108.30000305175781,108.58000183105469,108.25,108.43000030517578,83.75603485107422,2659100
2017-02-08,108.61000061035156,108.83000183105469,108.61000061035156,108.73999786376953,83.99552154541016,3873200
2017-02-09,108.61000061035156,108.66999816894531,108.43000030517578,108.4800033569336,83.79467010498047,2736000
2017-02-10,108.26000213623047,108.47000122070312,108.26000213623047,108.45999908447266,83.77925872802734,2365300
2017-02-13,108.33999633789062,108.3499984741211,108.2300033569336,108.30000305175781,83.65563201904297,2189800
2017-02-14,108.30000305175781,108.30000305175781,107.91000366210938,108.05999755859375,83.47028350830078,2809500
2017-02-15,107.91999816894531,108.0,107.86000061035156,107.88999938964844,83.33893585205078,2138900
2017-02-16,108.01000213623047,108.27999877929688,108.01000213623047,108.12000274658203,83.51663208007812,5257400
2017-02-17,108.37000274658203,108.44999694824219,108.31999969482422,108.36000061035156,83.70198059082031,2228100
2017-02-21,108.23999786376953,108.44999694824219,108.22000122070312,108.3499984741211,83.69424438476562,1980300
2017-02-22,108.54000091552734,108.55000305175781,108.19999694824219,108.41999816894531,83.74835968017578,2655500
2017-02-23,108.55999755859375,108.6500015258789,108.52999877929688,108.5999984741211,83.88739013671875,2169000
2017-02-24,108.87999725341797,109.05999755859375,108.81999969482422,109.0,84.19633483886719,2670900
2017-02-27,108.94999694824219,108.9800033569336,108.7699966430664,108.80000305175781,84.04186248779297,1998200
2017-02-28,108.80000305175781,108.94000244140625,108.75,108.7699966430664,84.01869201660156,3840100
2017-03-01,108.12000274658203,108.13999938964844,107.9800033569336,108.04000091552734,83.62390899658203,3280200
2017-03-02,107.93000030517578,107.98999786376953,107.75,107.83999633789062,83.46910858154297,2299700
2017-03-03,107.91999816894531,107.97000122070312,107.73999786376953,107.91999816894531,83.53106689453125,4293900
2017-03-06,107.94000244140625,107.98999786376953,107.81999969482422,107.87000274658203,83.49237060546875,3678300
2017-03-07,107.80000305175781,107.83999633789062,107.69000244140625,107.7300033569336,83.38397979736328,2237900
2017-03-08,107.38999938964844,107.5,107.33999633789062,107.47000122070312,83.18278503417969,2834700
2017-03-09,107.31999969482422,107.33999633789062,107.12000274658203,107.13999938964844,82.92733001708984,3527300
2017-03-10,107.2300033569336,107.31999969482422,107.16000366210938,107.30000305175781,83.05120086669922,1906000
2017-03-13,107.20999908447266,107.27999877929688,107.0999984741211,107.12000274658203,82.9118881225586,1658500
2017-03-14,107.08000183105469,107.23999786376953,107.08000183105469,107.16000366210938,82.94284057617188,2639200
2017-03-15,107.25,107.79000091552734,107.19999694824219,107.77999877929688,83.42269897460938,2162900
2017-03-16,107.68000030517578,107.75,107.62000274658203,107.66000366210938,83.32984161376953,2369700
2017-03-17,107.72000122070312,107.91000366210938,107.69000244140625,107.88999938964844,83.50784301757812,2368800
2017-03-20,107.86000061035156,108.05000305175781,107.83999633789062,108.05000305175781,83.6317138671875,1635200
2017-03-21,107.93000030517578,108.2699966430664,107.93000030517578,108.2699966430664,83.8019790649414,2049700
2017-03-22,108.44000244140625,108.54000091552734,108.36000061035156,108.41999816894531,83.91809844970703,2643600
2017-03-23,108.44000244140625,108.51000213623047,108.26000213623047,108.44999694824219,83.9413070678711,2071400
2017-03-24,108.3499984741211,108.51000213623047,108.30999755859375,108.36000061035156,83.87162017822266,3374900
2017-03-27,108.6500015258789,108.70999908447266,108.52999877929688,108.62000274658203,84.07286834716797,1977300
2017-03-28,108.62999725341797,108.68000030517578,108.3499984741211,108.37000274658203,83.8793716430664,2016100
2017-03-29,108.4800033569336,108.62000274658203,108.45999908447266,108.61000061035156,84.06517028808594,1965600
2017-03-30,108.5199966430664,108.58000183105469,108.37999725341797,108.41000366210938,83.91036224365234,1733900
2017-03-31,108.44000244140625,108.52999877929688,108.41999816894531,108.48999786376953,83.97221374511719,3717700
2017-04-03,108.30999755859375,108.68000030517578,108.30000305175781,108.66999816894531,84.2840576171875,5197800
2017-04-04,108.61000061035156,108.6500015258789,108.5199966430664,108.56999969482422,84.20648193359375,1627500
2017-04-05,108.4800033569336,108.73999786376953,108.44999694824219,108.69000244140625,84.29955291748047,2304100
2017-04-06,108.63999938964844,108.70999908447266,108.4800033569336,108.68000030517578,84.29175567626953,1725300
2017-04-07,108.80000305175781,108.88999938964844,108.41999816894531,108.44000244140625,84.10562133789062,1783600
2017-04-10,108.52999877929688,108.6500015258789,108.48999786376953,108.58000183105469,84.21427154541016,1903800
2017-04-11,108.76000213623047,108.9800033569336,108.75,108.88999938964844,84.45463562011719,2200800
2017-04-12,108.93000030517578,109.19999694824219,108.88999938964844,109.12999725341797,84.64079284667969,2433000
2017-04-13,109.25,109.38999938964844,109.12999725341797,109.2699966430664,84.74939727783203,2339900
2017-04-17,109.30000305175781,109.4000015258789,109.18000030517578,109.20999908447266,84.70288848876953,1646100
2017-04-18,109.41000366210938,109.69999694824219,109.38999938964844,109.6500015258789,85.04408264160156,2369500
2017-04-19,109.47000122070312,109.55999755859375,109.38999938964844,109.4800033569336,84.91229248046875,2148500
2017-04-20,109.30999755859375,109.4000015258789,109.19999694824219,109.30999755859375,84.78043365478516,1867800
2017-04-21,109.4000015258789,109.48999786376953,109.30000305175781,109.33999633789062,84.8037109375,1539300
2017-04-24,109.05000305175781,109.22000122070312,109.0,109.18000030517578,84.67959594726562,2745400
2017-04-25,108.98999786376953,109.05000305175781,108.7699966430664,108.81999969482422,84.400390625,1888500
2017-04-26,108.8499984741211,108.97000122070312,108.7699966430664,108.95999908447266,84.50895690917969,2893700
2017-04-27,108.94000244140625,109.0999984741211,108.91000366210938,109.05999755859375,84.58653259277344,1660900
2017-04-28,108.9800033569336,109.25,108.91000366210938,109.25,84.7339096069336,5774800
2017-05-01,108.86000061035156,108.95999908447266,108.62000274658203,108.7300033569336,84.51547241210938,2510000
2017-05-02,108.68000030517578,108.94000244140625,108.68000030517578,108.87999725341797,84.63204956054688,2841400
2017-05-03,108.97000122070312,108.98999786376953,108.7699966430664,108.7699966430664,84.54656219482422,1923400
2017-05-04,108.55000305175781,108.69999694824219,108.55000305175781,108.68000030517578,84.47660064697266,1897900
2017-05-05,108.72000122070312,108.73999786376953,108.56999969482422,108.69999694824219,84.4921875,1421800
2017-05-08,108.62999725341797,108.66999816894531,108.48999786376953,108.48999786376953,84.32893371582031,3568400
2017-05-09,108.43000030517578,108.51000213623047,108.4000015258789,108.5,84.33670043945312,3084900
2017-05-10,108.5999984741211,108.66000366210938,108.44000244140625,108.52999877929688,84.35997772216797,1653400
2017-05-11,108.3499984741211,108.54000091552734,108.33999633789062,108.5199966430664,84.35225677490234,2331000
2017-05-12,108.80999755859375,108.94000244140625,108.77999877929688,108.91999816894531,84.6632080078125,1329700
2017-05-15,108.8499984741211,108.94000244140625,108.81999969482422,108.87999725341797,84.63204956054688,1771000
2017-05-16,108.87999725341797,109.0999984741211,108.87999725341797,109.0199966430664,84.74091339111328,2051800
2017-05-17,109.3499984741211,109.5999984741211,109.27999877929688,109.58000183105469,85.17616271972656,2464500
2017-05-18,109.54000091552734,109.62999725341797,109.44000244140625,109.5199966430664,85.12953186035156,2107000
2017-05-19,109.51000213623047,109.54000091552734,109.3499984741211,109.5199966430664,85.12953186035156,1504000
2017-05-22,109.43000030517578,109.4800033569336,109.4000015258789,109.44999694824219,85.07514953613281,1642700
2017-05-23,109.5,109.52999877929688,109.20999908447266,109.23999786376953,84.91187286376953,1334500
2017-05-24,109.25,109.5,109.20999908447266,109.43000030517578,85.05960845947266,2719200
2017-05-25,109.44999694824219,109.48999786376953,109.37000274658203,109.4800033569336,85.09844970703125,1558100
2017-05-26,109.45999908447266,109.54000091552734,109.44000244140625,109.44000244140625,85.0673599243164,955300
2017-05-30,109.58000183105469,109.66000366210938,109.54000091552734,109.6500015258789,85.23057556152344,2093200
2017-05-31,109.63999938964844,109.80999755859375,109.63999938964844,109.76000213623047,85.31609344482422,2416500
2017-06-01,109.36000061035156,109.5,109.33999633789062,109.4800033569336,85.27715301513672,2454500
2017-06-02,109.73999786376953,109.88999938964844,109.69000244140625,109.83999633789062,85.55754089355469,1507400
2017-06-05,109.66000366210938,109.73999786376953,109.5999984741211,109.66999816894531,85.42508697509766,2450600
2017-06-06,109.87000274658203,109.94999694824219,109.80999755859375,109.88999938964844,85.59648895263672,1607700
2017-06-07,109.80999755859375,109.87000274658203,109.69999694824219,109.76000213623047,85.49522399902344,1903500
2017-06-08,109.69999694824219,109.69999694824219,109.51000213623047,109.6500015258789,85.40950775146484,1532700
2017-06-09,109.51000213623047,109.62999725341797,109.45999908447266,109.55999755859375,85.33944702148438,1616800
2017-06-12,109.51000213623047,109.69999694824219,109.47000122070312,109.55999755859375,85.33944702148438,1394800
2017-06-13,109.43000030517578,109.5999984741211,109.43000030517578,109.58999633789062,85.36280059814453,1474300
2017-06-14,110.0,110.18000030517578,109.8499984741211,109.94000244140625,85.6354751586914,2627500
2017-06-15,109.9000015258789,109.9000015258789,109.77999877929688,109.87000274658203,85.58094787597656,2233900
2017-06-16,109.86000061035156,109.97000122070312,109.8499984741211,109.94000244140625,85.6354751586914,2216600
2017-06-19,109.87000274658203,109.9000015258789,109.73999786376953,109.79000091552734,85.5185775756836,1610400
2017-06-20,109.8499984741211,110.02999877929688,109.80000305175781,109.95999908447266,85.65104675292969,2195100
2017-06-21,109.87999725341797,110.02999877929688,109.87999725341797,109.9800033569336,85.66661834716797,1217400
2017-06-22,110.05999755859375,110.08999633789062,109.94999694824219,110.02999877929688,85.70552825927734,1427400
2017-06-23,110.01000213623047,110.11000061035156,109.9800033569336,110.05000305175781,85.72113800048828,1259100
2017-06-26,110.19000244140625,110.23999786376953,110.12999725341797,110.1500015258789,85.79906463623047,1914400
2017-06-27,109.93000030517578,109.9800033569336,109.79000091552734,109.81999969482422,85.5419921875,3072300
2017-06-28,109.8499984741211,109.87999725341797,109.68000030517578,109.86000061035156,85.5731201171875,12184400
2017-06-29,109.52999877929688,109.68000030517578,109.47000122070312,109.6500015258789,85.40950775146484,3377200
2017-06-30,109.62000274658203,109.62999725341797,109.45999908447266,109.51000213623047,85.30054473876953,2626900
2017-07-03,109.30000305175781,109.30000305175781,109.01000213623047,109.08999633789062,85.14826202392578,1817300
2017-07-05,109.08000183105469,109.18000030517578,109.0,109.1500015258789,85.19515991210938,4288600
2017-07-06,108.94999694824219,109.0,108.81999969482422,108.94000244140625,85.03121185302734,2284900
2017-07-07,108.88999938964844,108.94999694824219,108.83000183105469,108.9000015258789,85.00003051757812,2727400
2017-07-10,108.97000122070312,109.0199966430664,108.88999938964844,108.94999694824219,85.03901672363281,2386400
2017-07-11,108.97000122070312,109.0999984741211,108.93000030517578,109.05000305175781,85.11708068847656,1969100
2017-07-12,109.37999725341797,109.43000030517578,109.26000213623047,109.37999725341797,85.37464904785156,2129900
2017-07-13,109.29000091552734,109.30999755859375,109.12999725341797,109.26000213623047,85.28099060058594,1568300
2017-07-14,109.54000091552734,109.55999755859375,109.29000091552734,109.37000274658203,85.36692810058594,1916600
2017-07-17,109.4000015258789,109.4800033569336,109.31999969482422,109.41999816894531,85.40589141845703,4078500
2017-07-18,109.63999938964844,109.70999908447266,109.58000183105469,109.66999816894531,85.60096740722656,2878400
2017-07-19,109.72000122070312,109.75,109.62999725341797,109.69999694824219,85.62443542480469,1577700
2017-07-20,109.8499984741211,109.87999725341797,109.69999694824219,109.7300033569336,85.64785766601562,1802600
2017-07-21,109.87999725341797,109.95999908447266,109.83000183105469,109.91999816894531,85.79612731933594,1531700
2017-07-24,109.83999633789062,109.91999816894531,109.76000213623047,109.81999969482422,85.71810913085938,1946000
2017-07-25,109.5999984741211,109.62999725341797,109.38999938964844,109.43000030517578,85.41370391845703,2601700
2017-07-26,109.37000274658203,109.70999908447266,109.3499984741211,109.63999938964844,85.5776138305664,2249800
2017-07-27,109.51000213623047,109.58999633789062,109.43000030517578,109.4800033569336,85.45272827148438,1868600
2017-07-28,109.54000091552734,109.69999694824219,109.48999786376953,109.69999694824219,85.62443542480469,1894200
2017-07-31,109.69000244140625,109.7300033569336,109.58000183105469,109.6500015258789,85.58535766601562,2363000
2017-08-01,109.37999725341797,109.72000122070312,109.36000061035156,109.72000122070312,85.82006072998047,2338900
2017-08-02,109.70999908447266,109.7699966430664,109.63999938964844,109.63999938964844,85.7574462890625,2253300
2017-08-03,109.7699966430664,109.94000244140625,109.73999786376953,109.86000061035156,85.92955780029297,1485200
2017-08-04,109.69999694824219,109.72000122070312,109.54000091552734,109.68000030517578,85.7887954711914,2300900
2017-08-07,109.69000244140625,109.72000122070312,109.61000061035156,109.66999816894531,85.7809066772461,2359800
2017-08-08,109.66999816894531,109.69000244140625,109.5,109.56999969482422,85.70272827148438,2570800
2017-08-09,109.87000274658203,109.87000274658203,109.66000366210938,109.66999816894531,85.7809066772461,2308900
2017-08-10,109.69999694824219,109.8499984741211,109.66999816894531,109.77999877929688,85.86700439453125,2004200
2017-08-11,109.75,109.94000244140625,109.68000030517578,109.87000274658203,85.9374008178711,1913300
2017-08-14,109.83999633789062,109.9000015258789,109.73999786376953,109.81999969482422,85.89826202392578,2293900
2017-08-15,109.55999755859375,109.72000122070312,109.55999755859375,109.66000366210938,85.77313232421875,2177400
2017-08-16,109.54000091552734,109.93000030517578,109.54000091552734,109.86000061035156,85.92955780029297,1956500
2017-08-17,109.83000183105469,110.0199966430664,109.77999877929688,110.0199966430664,86.05473327636719,5403500
2017-08-18,110.05000305175781,110.13999938964844,109.88999938964844,109.94999694824219,85.99996185302734,1564800
2017-08-21,110.01000213623047,110.08999633789062,109.97000122070312,110.02999877929688,86.0625228881836,1717600
2017-08-22,109.98999786376953,110.0199966430664,109.87000274658203,109.93000030517578,85.98428344726562,1992300
2017-08-23,110.08000183105469,110.19000244140625,110.01000213623047,110.18000030517578,86.17984771728516,1894900
2017-08-24,110.06999969482422,110.16000366210938,109.98999786376953,110.04000091552734,86.07032012939453,2102100
2017-08-25,110.05000305175781,110.19000244140625,110.01000213623047,110.12000274658203,86.13292694091797,2326800
2017-08-28,110.16999816894531,110.23999786376953,110.0999984741211,110.16000366210938,86.16422271728516,4476000
2017-08-29,110.4800033569336,110.48999786376953,110.26000213623047,110.31999969482422,86.28933715820312,2092200
2017-08-30,110.2699966430664,110.33000183105469,110.23999786376953,110.30000305175781,86.27371215820312,1505700
2017-08-31,110.30999755859375,110.45999908447266,110.30999755859375,110.44999694824219,86.39103698730469,5308300
2017-09-01,110.19000244140625,110.22000122070312,109.91000366210938,109.97000122070312,86.19514465332031,2824200
2017-09-05,110.2699966430664,110.5,110.20999908447266,110.41999816894531,86.54779815673828,2257000
2017-09-06,110.41999816894531,110.5199966430664,110.2300033569336,110.30000305175781,86.4537353515625,2720200
2017-09-07,110.43000030517578,110.66000366210938,110.41999816894531,110.56999969482422,86.66535186767578,1648800
2017-09-08,110.54000091552734,110.58000183105469,110.43000030517578,110.44000244140625,86.56350708007812,2363200
2017-09-11,110.2699966430664,110.29000091552734,110.0999984741211,110.13999938964844,86.3283462524414,2492700
2017-09-12,110.04000091552734,110.05999755859375,109.91999816894531,109.9800033569336,86.20293426513672,2403600
2017-09-13,110.0,110.04000091552734,109.86000061035156,109.87000274658203,86.11672973632812,1304100
2017-09-14,109.80999755859375,109.97000122070312,109.80999755859375,109.93000030517578,86.16370391845703,1704200
2017-09-15,110.0,110.04000091552734,109.86000061035156,109.91000366210938,86.1480712890625,2818000
2017-09-18,109.86000061035156,109.9000015258789,109.7699966430664,109.86000061035156,86.10887145996094,1946300
2017-09-19,109.91000366210938,109.95999908447266,109.79000091552734,109.80000305175781,86.06185150146484,1407200
2017-09-20,109.83999633789062,109.91999816894531,109.58999633789062,109.70999908447266,85.99130249023438,1356800
2017-09-21,109.81999969482422,109.8499984741211,109.68000030517578,109.69000244140625,85.97563171386719,2210900
2017-09-22,109.86000061035156,109.9000015258789,109.75,109.7699966430664,86.038330078125,1461800
2017-09-25,109.8499984741211,110.04000091552734,109.81999969482422,110.02999877929688,86.24211120605469,3937600
2017-09-26,109.94999694824219,110.0199966430664,109.87999725341797,109.98999786376953,86.2107925415039,2749900
2017-09-27,109.66999816894531,109.75,109.5999984741211,109.66999816894531,85.95990753173828,3042800
2017-09-28,109.58000183105469,109.72000122070312,109.51000213623047,109.68000030517578,85.96781158447266,1702500
2017-09-29,109.73999786376953,109.7699966430664,109.54000091552734,109.58999633789062,85.89722442626953,5770800
2017-10-02,109.43000030517578,109.51000213623047,109.33000183105469,109.43000030517578,85.94989013671875,5692200
2017-10-03,109.45999908447266,109.54000091552734,109.4000015258789,109.5199966430664,86.02056884765625,2462200
2017-10-04,109.55999755859375,109.56999969482422,109.41000366210938,109.48999786376953,85.99697875976562,2673200
2017-10-05,109.54000091552734,109.54000091552734,109.37000274658203,109.44000244140625,85.95773315429688,1909900
2017-10-06,109.22000122070312,109.41999816894531,109.1500015258789,109.27999877929688,85.83207702636719,1824000
2017-10-09,109.3499984741211,109.43000030517578,109.30000305175781,109.43000030517578,85.94989013671875,1131500
2017-10-10,109.47000122070312,109.61000061035156,109.4000015258789,109.44000244140625,85.95773315429688,1635800
2017-10-11,109.47000122070312,109.52999877929688,109.41999816894531,109.45999908447266,85.97343444824219,1866400
2017-10-12,109.55999755859375,109.61000061035156,109.4800033569336,109.58999633789062,86.07549285888672,1933400
2017-10-13,109.81999969482422,109.87000274658203,109.69000244140625,109.86000061035156,86.28759765625,1743800
2017-10-16,109.75,109.80999755859375,109.66000366210938,109.75,86.20124053955078,3788100
2017-10-17,109.62000274658203,109.73999786376953,109.55000305175781,109.70999908447266,86.1697998046875,1764400
2017-10-18,109.51000213623047,109.55999755859375,109.45999908447266,109.54000091552734,86.03624725341797,1663800
2017-10-19,109.70999908447266,109.75,109.54000091552734,109.62000274658203,86.09915161132812,1877000
2017-10-20,109.31999969482422,109.41000366210938,109.26000213623047,109.30000305175781,85.84777069091797,2014200
2017-10-23,109.4000015258789,109.47000122070312,109.36000061035156,109.41999816894531,85.94200897216797,2000800
2017-10-24,109.2300033569336,109.29000091552734,109.16999816894531,109.19000244140625,85.76142120361328,1722300
2017-10-25,108.95999908447266,109.12999725341797,108.94999694824219,109.12000274658203,85.70639038085938,2945400
2017-10-26,109.19999694824219,109.2300033569336,108.9800033569336,109.0,85.61212158203125,2163500
2017-10-27,109.06999969482422,109.26000213623047,109.04000091552734,109.23999786376953,85.80064392089844,1902500
2017-10-30,109.43000030517578,109.55999755859375,109.36000061035156,109.54000091552734,86.03624725341797,2384800
2017-10-31,109.5199966430664,109.55000305175781,109.44000244140625,109.47000122070312,85.9813232421875,3719900
2017-11-01,109.16999816894531,109.41000366210938,109.16999816894531,109.29000091552734,86.0190658569336,2959400
2017-11-02,109.3499984741211,109.5,109.33000183105469,109.3499984741211,86.06629943847656,2160500
2017-11-03,109.4800033569336,109.4800033569336,109.29000091552734,109.44999694824219,86.14498138427734,1781200
2017-11-06,109.55999755859375,109.58999633789062,109.45999908447266,109.55000305175781,86.22370910644531,1293000
2017-11-07,109.58000183105469,109.61000061035156,109.48999786376953,109.58000183105469,86.24729919433594,2015500
2017-11-08,109.54000091552734,109.5999984741211,109.45999908447266,109.51000213623047,86.19226837158203,2742600
2017-11-09,109.38999938964844,109.45999908447266,109.30000305175781,109.43000030517578,86.1292724609375,2479800
2017-11-10,109.05999755859375,109.1500015258789,108.97000122070312,108.98999786376953,85.78294372558594,1751100
2017-11-13,109.11000061035156,109.11000061035156,108.95999908447266,108.98999786376953,85.78294372558594,1891600
2017-11-14,109.01000213623047,109.12000274658203,109.0,109.0999984741211,85.86951446533203,2799900
2017-11-15,109.26000213623047,109.37999725341797,109.13999938964844,109.30999755859375,86.03479766845703,2495700
2017-11-16,109.22000122070312,109.31999969482422,109.18000030517578,109.19000244140625,85.94042205810547,1912600
2017-11-17,109.33000183105469,109.38999938964844,109.26000213623047,109.30999755859375,86.03479766845703,3544600
2017-11-20,109.2300033569336,109.30000305175781,109.18000030517578,109.25,85.98758697509766,2639100
2017-11-21,109.38999938964844,109.43000030517578,109.22000122070312,109.36000061035156,86.07418060302734,2297400
2017-11-22,109.4000015258789,109.55999755859375,109.37999725341797,109.55000305175781,86.22370910644531,6104100
2017-11-24,109.5,109.55999755859375,109.4800033569336,109.52999877929688,86.20795440673828,1693500
2017-11-27,109.52999877929688,109.58000183105469,109.44000244140625,109.52999877929688,86.20795440673828,2653300
2017-11-28,109.58999633789062,109.62999725341797,109.47000122070312,109.52999877929688,86.20795440673828,5126900
2017-11-29,109.2699966430664,109.31999969482422,109.18000030517578,109.26000213623047,85.9954833984375,2423700
2017-11-30,109.25,109.30000305175781,109.0199966430664,109.08000183105469,85.85377502441406,4011300
2017-12-01,109.0199966430664,109.4800033569336,108.8499984741211,109.16000366210938,86.09911346435547,3410200
2017-12-04,109.02999877929688,109.16999816894531,109.0,109.1500015258789,86.09120178222656,2652800
2017-12-05,109.26000213623047,109.26000213623047,109.08000183105469,109.26000213623047,86.17799377441406,2995500
2017-12-06,109.44000244140625,109.5199966430664,109.37000274658203,109.37000274658203,86.26470947265625,2965800
2017-12-07,109.37999725341797,109.45999908447266,109.1500015258789,109.2300033569336,86.15431213378906,2584100
2017-12-08,109.20999908447266,109.29000091552734,109.1500015258789,109.19000244140625,86.12276458740234,1685000
2017-12-11,109.13999938964844,109.31999969482422,109.12999725341797,109.1500015258789,86.09120178222656,2612400
2017-12-12,109.0999984741211,109.11000061035156,108.94999694824219,109.0999984741211,86.05172729492188,3142400
2017-12-13,109.2300033569336,109.55000305175781,109.13999938964844,109.41000366210938,86.2962875366211,3109500
2017-12-14,109.30999755859375,109.51000213623047,109.2300033569336,109.44000244140625,86.31995391845703,4126100
2017-12-15,109.41999816894531,109.55000305175781,109.31999969482422,109.47000122070312,86.34359741210938,2403700
2017-12-18,109.47000122070312,109.47000122070312,109.25,109.33000183105469,86.23319244384766,4474300
2017-12-19,109.13999938964844,109.16000366210938,108.88999938964844,109.01000213623047,85.98080444335938,2820900
2017-12-20,108.75,108.87999725341797,108.70999908447266,108.76000213623047,85.78360748291016,4002500
2017-12-21,108.76000213623047,108.87000274658203,108.7300033569336,108.81999969482422,85.85935974121094,2374500
2017-12-22,108.81999969482422,108.88999938964844,108.80999755859375,108.87000274658203,85.8987808227539,3292800
2017-12-26,108.91000366210938,109.01000213623047,108.87000274658203,108.95999908447266,85.96976470947266,1873400
2017-12-27,109.0199966430664,109.33000183105469,109.0199966430664,109.30000305175781,86.23805236816406,2046900
2017-12-28,109.22000122070312,109.26000213623047,109.13999938964844,109.22000122070312,86.1749038696289,2895400
2017-12-29,109.27999877929688,109.38999938964844,109.23999786376953,109.33000183105469,86.26174926757812,2813400
2018-01-02,109.26000213623047,109.30999755859375,108.97000122070312,109.16999816894531,86.13542938232422,8850900
2018-01-03,109.25,109.25,109.08999633789062,109.18000030517578,86.14337921142578,2441700
2018-01-04,109.0199966430664,109.1500015258789,108.97000122070312,109.11000061035156,86.0881576538086,2945400
2018-01-05,109.1500015258789,109.1500015258789,108.94999694824219,109.04000091552734,86.03292083740234,4322900
2018-01-08,109.11000061035156,109.11000061035156,108.94999694824219,109.01000213623047,86.00922393798828,3394500
2018-01-09,108.91000366210938,108.91000366210938,108.69000244140625,108.70999908447266,85.77249145507812,2301300
2018-01-10,108.4800033569336,108.72000122070312,108.43000030517578,108.70999908447266,85.77249145507812,4194300
2018-01-11,108.66000366210938,108.86000061035156,108.61000061035156,108.76000213623047,85.81198120117188,3470400
2018-01-12,108.63999938964844,108.83000183105469,108.62999725341797,108.73999786376953,85.79621124267578,3605900
2018-01-16,108.87000274658203,108.9800033569336,108.72000122070312,108.7699966430664,85.81987762451172,6794400
2018-01-17,108.7300033569336,108.83999633789062,108.62000274658203,108.6500015258789,85.72518157958984,3146300
2018-01-18,108.43000030517578,108.52999877929688,108.3499984741211,108.41000366210938,85.53587341308594,2896500
2018-01-19,108.4000015258789,108.4000015258789,108.13999938964844,108.18000030517578,85.3543701171875,2933800
2018-01-22,108.22000122070312,108.30000305175781,108.11000061035156,108.13999938964844,85.32282257080078,3983200
2018-01-23,108.33000183105469,108.44000244140625,108.29000091552734,108.4000015258789,85.5279312133789,4775600
2018-01-24,108.25,108.31999969482422,108.1500015258789,108.29000091552734,85.44115447998047,2362300
2018-01-25,108.26000213623047,108.56999969482422,108.19000244140625,108.56999969482422,85.66207885742188,9851600
2018-01-26,108.51000213623047,108.51000213623047,108.2699966430664,108.37000274658203,85.5042953491211,3808000
2018-01-29,108.13999938964844,108.25,108.0199966430664,108.18000030517578,85.3543701171875,3974900
2018-01-30,108.12000274658203,108.12000274658203,107.91999816894531,108.01000213623047,85.22023010253906,3659500
2018-01-31,108.19999694824219,108.20999908447266,107.87999725341797,108.0999984741211,85.29122924804688,8066500
2018-02-01,107.75,107.83000183105469,107.4800033569336,107.5199966430664,85.02397918701172,9678700
2018-02-02,107.25,107.3499984741211,107.0999984741211,107.19999694824219,84.7708969116211,4779300
2018-02-05,107.12999725341797,107.80999755859375,107.0,107.62999725341797,85.11095428466797,5991700
2018-02-06,107.45999908447266,107.55999755859375,107.27999877929688,107.31999969482422,84.86579895019531,6031400
2018-02-07,107.43000030517578,107.44000244140625,107.0,107.08000183105469,84.67601013183594,4115600
2018-02-08,106.83999633789062,107.13999938964844,106.7699966430664,106.9000015258789,84.53367614746094,4761600
2018-02-09,106.72000122070312,107.06999969482422,106.69999694824219,106.76000213623047,84.4229736328125,5926100
2018-02-12,106.73999786376953,106.94999694824219,106.66000366210938,106.79000091552734,84.44670867919922,5421400
2018-02-13,106.79000091552734,106.91000366210938,106.69999694824219,106.81999969482422,84.47045135498047,4256200
2018-02-14,106.56999969482422,106.66000366210938,106.4000015258789,106.45999908447266,84.18576049804688,4317000
2018-02-15,106.55999755859375,106.7300033569336,106.52999877929688,106.58999633789062,84.28850555419922,2878900
2018-02-16,106.8499984741211,106.87999725341797,106.70999908447266,106.80000305175781,84.45458221435547,3648900
2018-02-20,106.69000244140625,106.70999908447266,106.55000305175781,106.69000244140625,84.36764526367188,2907400
2018-02-21,106.7699966430664,106.80000305175781,106.26000213623047,106.3499984741211,84.09877014160156,3223800
2018-02-22,106.48999786376953,106.55999755859375,106.36000061035156,106.36000061035156,84.106689453125,2485400
2018-02-23,106.61000061035156,106.76000213623047,106.56999969482422,106.62999725341797,84.3201904296875,2398100
2018-02-26,106.87999725341797,106.94999694824219,106.69000244140625,106.70999908447266,84.3834457397461,4617300
2018-02-27,106.77999877929688,106.81999969482422,106.37999725341797,106.4800033569336,84.20159149169922,5704700
2018-02-28,106.58999633789062,106.7699966430664,106.54000091552734,106.7699966430664,84.43085479736328,9614100
2018-03-01,106.54000091552734,106.72000122070312,106.37999725341797,106.62999725341797,84.50617980957031,7335500
2018-03-02,106.47000122070312,106.55000305175781,106.36000061035156,106.45999908447266,84.3714599609375,3717300
2018-03-05,106.5999984741211,106.6500015258789,106.27999877929688,106.4000015258789,84.32392120361328,3307200
2018-03-06,106.44999694824219,106.55999755859375,106.37999725341797,106.41999816894531,84.33978271484375,1932100
2018-03-07,106.51000213623047,106.55000305175781,106.37000274658203,106.4000015258789,84.32392120361328,3448700
2018-03-08,106.41999816894531,106.62999725341797,106.41999816894531,106.56999969482422,84.45863342285156,2396200
2018-03-09,106.43000030517578,106.45999908447266,106.30000305175781,106.37000274658203,84.3001480102539,3669400
2018-03-12,106.43000030517578,106.48999786376953,106.37000274658203,106.43000030517578,84.3476791381836,4149500
2018-03-13,106.58999633789062,106.5999984741211,106.44999694824219,106.56999969482422,84.45863342285156,2727500
2018-03-14,106.54000091552734,106.8499984741211,106.5199966430664,106.75,84.60128021240234,3126400
2018-03-15,106.7300033569336,106.80999755859375,106.63999938964844,106.76000213623047,84.60920715332031,3045500
2018-03-16,106.62000274658203,106.72000122070312,106.5999984741211,106.69999694824219,84.5616455078125,2552700
2018-03-19,106.55999755859375,106.73999786376953,106.52999877929688,106.58999633789062,84.4744644165039,2263200
2018-03-20,106.44000244140625,106.51000213623047,106.4000015258789,106.41999816894531,84.33978271484375,3000700
2018-03-21,106.31999969482422,106.4800033569336,106.08000183105469,106.41000366210938,84.33186340332031,2994400
2018-03-22,106.66999816894531,106.80000305175781,106.48999786376953,106.61000061035156,84.49034118652344,3334400
2018-03-23,106.45999908447266,106.69999694824219,106.45999908447266,106.61000061035156,84.49034118652344,3618700
2018-03-26,106.63999938964844,106.70999908447266,106.47000122070312,106.56999969482422,84.45863342285156,4546500
2018-03-27,106.62999725341797,106.94999694824219,106.61000061035156,106.87999725341797,84.70427703857422,4537700
2018-03-28,107.05000305175781,107.0999984741211,106.87999725341797,106.94000244140625,84.75186920166016,5617200
2018-03-29,106.94999694824219,107.26000213623047,106.94999694824219,107.25,84.9975357055664,8300000
2018-04-02,106.9000015258789,107.04000091552734,106.81999969482422,106.9000015258789,84.91252899169922,7280300
2018-04-03,106.81999969482422,106.87000274658203,106.73999786376953,106.77999877929688,84.81723022460938,9916100
2018-04-04,106.9000015258789,106.93000030517578,106.79000091552734,106.81999969482422,84.84900665283203,6200900
2018-04-05,106.70999908447266,106.76000213623047,106.62999725341797,106.66999816894531,84.72981262207031,2592500
2018-04-06,106.88999938964844,106.9800033569336,106.79000091552734,106.91000366210938,84.92048645019531,2814800
2018-04-09,106.83000183105469,107.0,106.77999877929688,107.0,84.99197387695312,3746500
2018-04-10,106.94999694824219,106.98999786376953,106.83000183105469,106.91999816894531,84.92841339111328,2941900
2018-04-11,107.05000305175781,107.05999755859375,106.93000030517578,107.01000213623047,84.99990844726562,8598800
2018-04-12,106.91000366210938,106.93000030517578,106.76000213623047,106.7699966430664,84.80927276611328,3899000
2018-04-13,106.69000244140625,106.83999633789062,106.66999816894531,106.80000305175781,84.83314514160156,2764800
2018-04-16,106.63999938964844,106.83999633789062,106.61000061035156,106.81999969482422,84.84900665283203,3860800
2018-04-17,106.80999755859375,106.88999938964844,106.75,106.8499984741211,84.87284088134766,2363000
2018-04-18,106.73999786376953,106.75,106.54000091552734,106.55000305175781,84.6345443725586,2231700
2018-04-19,106.33999633789062,106.38999938964844,106.23999786376953,106.29000091552734,84.42800903320312,10985100
2018-04-20,106.1500015258789,106.23999786376953,106.0,106.0,84.19764709472656,2766000
2018-04-23,105.9800033569336,106.01000213623047,105.9000015258789,105.94999694824219,84.1579360961914,2620800
2018-04-24,105.8499984741211,105.91999816894531,105.77999877929688,105.80999755859375,84.04674530029297,3442300
2018-04-25,105.72000122070312,105.73999786376953,105.5999984741211,105.66999816894531,83.93556213378906,3785000
2018-04-26,105.83000183105469,105.9000015258789,105.76000213623047,105.8499984741211,84.0784912109375,4870300
2018-04-27,105.95999908447266,106.04000091552734,105.94000244140625,105.9800033569336,84.1817855834961,3806400
2018-04-30,106.01000213623047,106.12000274658203,105.98999786376953,106.0,84.19764709472656,4692600
2018-05-01,105.7300033569336,105.79000091552734,105.5999984741211,105.66999816894531,84.12599182128906,3027000
2018-05-02,105.69999694824219,105.77999877929688,105.62000274658203,105.66999816894531,84.12599182128906,2560800
2018-05-03,105.81999969482422,105.94999694824219,105.77999877929688,105.79000091552734,84.22154998779297,4499200
2018-05-04,105.91999816894531,105.93000030517578,105.70999908447266,105.86000061035156,84.27729797363281,2317100
2018-05-07,105.87999725341797,105.87999725341797,105.7699966430664,105.80999755859375,84.2374496459961,1533400
2018-05-08,105.66000366210938,105.75,105.5999984741211,105.69000244140625,84.14193725585938,2591700
2018-05-09,105.55999755859375,105.63999938964844,105.5199966430664,105.56999969482422,84.04638671875,2507500
2018-05-10,105.75,105.81999969482422,105.69000244140625,105.80999755859375,84.2374496459961,2096700
2018-05-11,105.9000015258789,105.9000015258789,105.76000213623047,105.86000061035156,84.27729797363281,2034100
2018-05-14,105.79000091552734,105.8499984741211,105.73999786376953,105.76000213623047,84.1976547241211,2183500
2018-05-15,105.48999786376953,105.48999786376953,105.19000244140625,105.29000091552734,83.8234634399414,2166400
2018-05-16,105.36000061035156,105.41999816894531,105.1500015258789,105.16999816894531,83.72795104980469,2477500
2018-05-17,105.19000244140625,105.20999908447266,105.0,105.02999877929688,83.61649322509766,2789000
2018-05-18,105.16000366210938,105.31999969482422,105.16000366210938,105.30000305175781,83.83146667480469,2151100
2018-05-21,105.27999877929688,105.37000274658203,105.23999786376953,105.30999755859375,83.83940887451172,1952200
2018-05-22,105.31999969482422,105.37000274658203,105.27999877929688,105.30999755859375,83.83940887451172,2246400
2018-05-23,105.5,105.6500015258789,105.4800033569336,105.5999984741211,84.07027435302734,6061900
2018-05-24,105.81999969482422,105.95999908447266,105.81999969482422,105.88999938964844,84.30116271972656,2903300
2018-05-25,106.0999984741211,106.18000030517578,106.02999877929688,106.12000274658203,84.4842758178711,2508100
2018-05-29,106.37000274658203,107.0,106.31999969482422,106.81999969482422,85.04156494140625,3494200
2018-05-30,106.54000091552734,106.66999816894531,106.4000015258789,106.55000305175781,84.8266372680664,3158200
2018-05-31,106.5199966430664,106.66999816894531,106.38999938964844,106.45999908447266,84.75494384765625,5157400
2018-06-01,105.94999694824219,106.12999725341797,105.91000366210938,106.08000183105469,84.65040588378906,6206800
2018-06-04,106.0,106.01000213623047,105.79000091552734,105.83000183105469,84.45092010498047,4288100
2018-06-05,105.98999786376953,106.04000091552734,105.8499984741211,105.91000366210938,84.51473236083984,1848300
2018-06-06,105.70999908447266,105.75,105.58000183105469,105.66999816894531,84.3232650756836,2705800
2018-06-07,105.63999938964844,106.12000274658203,105.62000274658203,105.9000015258789,84.50679779052734,2724800
2018-06-08,105.75,105.9000015258789,105.73999786376953,105.75,84.38705444335938,3416800
2018-06-11,105.6500015258789,105.73999786376953,105.56999969482422,105.63999938964844,84.2992935180664,4330800
2018-06-12,105.55999755859375,105.69000244140625,105.55999755859375,105.66999816894531,84.3232650756836,3546500
2018-06-13,105.68000030517578,105.75,105.37999725341797,105.56999969482422,84.24339294433594,3627200
2018-06-14,105.75,105.86000061035156,105.69000244140625,105.83999633789062,84.45889282226562,4689600
2018-06-15,106.01000213623047,106.08999633789062,105.86000061035156,105.87999725341797,84.4908447265625,2361800
2018-06-18,105.93000030517578,105.93000030517578,105.80000305175781,105.9000015258789,84.50679779052734,2359300
2018-06-19,106.05000305175781,106.11000061035156,105.9800033569336,106.01000213623047,84.59456634521484,2184200
2018-06-20,106.05999755859375,106.05999755859375,105.79000091552734,105.80999755859375,84.43494415283203,2403700
2018-06-21,105.87999725341797,105.95999908447266,105.80999755859375,105.83999633789062,84.45889282226562,2895500
2018-06-22,105.81999969482422,105.94000244140625,105.80000305175781,105.94000244140625,84.53871154785156,1846000
2018-06-25,105.94999694824219,106.04000091552734,105.86000061035156,105.87999725341797,84.4908447265625,5522900
2018-06-26,105.98999786376953,106.05000305175781,105.94000244140625,106.05000305175781,84.62647247314453,2665200
2018-06-27,106.2300033569336,106.30999755859375,106.16000366210938,106.23999786376953,84.7780990600586,3001300
2018-06-28,106.27999877929688,106.29000091552734,106.16000366210938,106.2300033569336,84.7701416015625,1798900
2018-06-29,106.30000305175781,106.41999816894531,106.25,106.31999969482422,84.84198760986328,7117300
2018-07-02,106.0999984741211,106.12999725341797,105.98999786376953,105.98999786376953,84.76116180419922,7159900
2018-07-03,106.02999877929688,106.20999908447266,106.02999877929688,106.20999908447266,84.93708801269531,2425100
2018-07-05,106.22000122070312,106.33999633789062,106.20999908447266,106.30999755859375,85.01705169677734,2739900
2018-07-06,106.41000366210938,106.44999694824219,106.31999969482422,106.41999816894531,85.10502624511719,2598700
2018-07-09,106.29000091552734,106.33999633789062,106.25,106.31999969482422,85.02510833740234,1926000
2018-07-10,106.27999877929688,106.30000305175781,106.19000244140625,106.23999786376953,84.96109771728516,2489700
2018-07-11,106.33000183105469,106.3499984741211,106.22000122070312,106.27999877929688,84.99305725097656,5385000
2018-07-12,106.26000213623047,106.41999816894531,106.26000213623047,106.41000366210938,85.09703063964844,2145800
2018-07-13,106.44000244140625,106.5199966430664,106.44000244140625,106.51000213623047,85.1769790649414,2126900
2018-07-16,106.3499984741211,106.4000015258789,106.23999786376953,106.38999938964844,85.0810317993164,2116500
2018-07-17,106.4000015258789,106.44999694824219,106.29000091552734,106.3499984741211,85.04907989501953,2964100
2018-07-18,106.36000061035156,106.38999938964844,106.2699966430664,106.31999969482422,85.02510833740234,1760900
2018-07-19,106.33999633789062,106.55000305175781,106.30999755859375,106.4800033569336,85.1529769897461,2163200
2018-07-20,106.37999725341797,106.44000244140625,106.19999694824219,106.2699966430664,84.98506164550781,2920200
2018-07-23,106.16999816894531,106.19000244140625,105.88999938964844,105.9000015258789,84.68919372558594,1848500
2018-07-24,105.91999816894531,106.06999969482422,105.9000015258789,106.05000305175781,84.80913543701172,3590200
2018-07-25,106.12000274658203,106.16999816894531,105.94999694824219,106.05999755859375,84.81713104248047,3318300
2018-07-26,106.0999984741211,106.1500015258789,105.94999694824219,106.0,84.76915740966797,2245000
2018-07-27,106.12999725341797,106.16000366210938,106.04000091552734,106.08000183105469,84.8331298828125,2637400
2018-07-30,105.94000244140625,106.05000305175781,105.91000366210938,105.97000122070312,84.7451400756836,5518200
2018-07-31,106.11000061035156,106.18000030517578,106.05000305175781,106.05999755859375,84.81713104248047,5928100
2018-08-01,105.55000305175781,105.76000213623047,105.51000213623047,105.69999694824219,84.729736328125,4534100
2018-08-02,105.76000213623047,105.76000213623047,105.6500015258789,105.73999786376953,84.76183319091797,3671900
2018-08-03,105.80999755859375,105.9800033569336,105.80999755859375,105.97000122070312,84.94620513916016,2542900
2018-08-06,106.02999877929688,106.11000061035156,106.0,106.04000091552734,85.0022964477539,4120000
2018-08-07,105.97000122070312,105.97000122070312,105.83000183105469,105.8499984741211,84.85002136230469,2532800
2018-08-08,105.83000183105469,105.91000366210938,105.80000305175781,105.8499984741211,84.85002136230469,1937500
2018-08-09,105.97000122070312,106.04000091552734,105.93000030517578,106.0,84.97026062011719,2386400
2018-08-10,106.11000061035156,106.36000061035156,106.11000061035156,106.2300033569336,85.15463256835938,4136300
2018-08-13,106.16000366210938,106.30000305175781,106.1500015258789,106.29000091552734,85.2027359008789,2786300
2018-08-14,106.30000305175781,106.33000183105469,106.16000366210938,106.19000244140625,85.12254333496094,6087400
2018-08-15,106.29000091552734,106.44000244140625,106.25,106.33999633789062,85.2427749633789,4652700
2018-08-16,106.37999725341797,106.41999816894531,106.23999786376953,106.4000015258789,85.29088592529297,2658200
2018-08-17,106.43000030517578,106.55000305175781,106.37999725341797,106.45999908447266,85.3389892578125,2071100
2018-08-20,106.58999633789062,106.68000030517578,106.52999877929688,106.66999816894531,85.5073013305664,2355500
2018-08-21,106.58000183105469,106.62000274658203,106.51000213623047,106.58000183105469,85.4351806640625,2835000
2018-08-22,106.66000366210938,106.70999908447266,106.56999969482422,106.66999816894531,85.5073013305664,2190000
2018-08-23,106.66999816894531,106.70999908447266,106.61000061035156,106.61000061035156,85.45923614501953,1568600
2018-08-24,106.5,106.7300033569336,106.48999786376953,106.7300033569336,85.5553970336914,3649700
2018-08-27,106.58999633789062,106.66000366210938,106.55999755859375,106.58999633789062,85.44316864013672,3233500
2018-08-28,106.44999694824219,106.48999786376953,106.36000061035156,106.38999938964844,85.2828598022461,2558100
2018-08-29,106.37999725341797,106.41000366210938,106.29000091552734,106.37000274658203,85.26686096191406,2792400
2018-08-30,106.47000122070312,106.5,106.37999725341797,106.41999816894531,85.30694580078125,2803200
2018-08-31,106.58000183105469,106.5999984741211,106.41000366210938,106.41000366210938,85.29891967773438,3308700
2018-09-04,106.0199966430664,106.12000274658203,105.9800033569336,106.05999755859375,85.2040786743164,3164000
2018-09-05,106.05000305175781,106.08000183105469,105.95999908447266,106.01000213623047,85.16394805908203,2788300
2018-09-06,106.08999633789062,106.2699966430664,106.08999633789062,106.19000244140625,85.30856323242188,2248500
2018-09-07,105.91999816894531,105.94000244140625,105.80999755859375,105.80999755859375,85.00326538085938,2571600
2018-09-10,105.8499984741211,105.94999694824219,105.8499984741211,105.91000366210938,85.08360290527344,3305700
2018-09-11,105.77999877929688,105.83999633789062,105.69999694824219,105.7300033569336,84.93901062011719,4919000
2018-09-12,105.80999755859375,105.88999938964844,105.80000305175781,105.80000305175781,84.9952392578125,4168900
2018-09-13,105.95999908447266,106.0,105.8499984741211,105.87000274658203,85.05144500732422,2280200
2018-09-14,105.72000122070312,105.79000091552734,105.66000366210938,105.66999816894531,84.89080810546875,2693000
2018-09-17,105.6500015258789,105.77999877929688,105.5999984741211,105.66999816894531,84.89080810546875,5721700
2018-09-18,105.58999633789062,105.5999984741211,105.38999938964844,105.44000244140625,84.70601654052734,2206000
2018-09-19,105.41999816894531,105.43000030517578,105.22000122070312,105.23999786376953,84.54529571533203,2700600
2018-09-20,105.2300033569336,105.44999694824219,105.2300033569336,105.37999725341797,84.65782928466797,2897700
2018-09-21,105.33999633789062,105.47000122070312,105.31999969482422,105.45999908447266,84.72209930419922,2792600
2018-09-24,105.33000183105469,105.45999908447266,105.30999755859375,105.36000061035156,84.6417465209961,1895000
2018-09-25,105.25,105.30999755859375,105.18000030517578,105.30999755859375,84.60157775878906,2059400
2018-09-26,105.37000274658203,105.5999984741211,105.33999633789062,105.55999755859375,84.80244445800781,2912100
2018-09-27,105.5,105.63999938964844,105.5,105.62999725341797,84.8586196899414,2528100
2018-09-28,105.69000244140625,105.70999908447266,105.51000213623047,105.5199966430664,84.770263671875,4883900
2018-10-01,105.3499984741211,105.3499984741211,105.19999694824219,105.23999786376953,84.74774169921875,3518400
2018-10-02,105.31999969482422,105.45999908447266,105.25,105.36000061035156,84.8443603515625,6912600
2018-10-03,105.22000122070312,105.23999786376953,104.75,104.86000061035156,84.44176483154297,2540500
2018-10-04,104.6500015258789,104.72000122070312,104.47000122070312,104.55999755859375,84.20016479492188,5268200
2018-10-05,104.45999908447266,104.4800033569336,104.19000244140625,104.33000183105469,84.01493835449219,3460500
2018-10-08,104.37999725341797,104.4000015258789,104.29000091552734,104.29000091552734,83.98271942138672,2268000
2018-10-09,104.38999938964844,104.51000213623047,104.31999969482422,104.44000244140625,84.10350036621094,21903200
2018-10-10,104.33999633789062,104.45999908447266,104.2300033569336,104.41000366210938,84.07936096191406,3834800
2018-10-11,104.58999633789062,104.86000061035156,104.51000213623047,104.72000122070312,84.3289794921875,7053900
2018-10-12,104.70999908447266,104.87000274658203,104.68000030517578,104.75,84.35317993164062,5017400
2018-10-15,104.7300033569336,104.77999877929688,104.62000274658203,104.68000030517578,84.2967758178711,3047700
2018-10-16,104.69000244140625,104.73999786376953,104.58000183105469,104.73999786376953,84.3450927734375,5750100
2018-10-17,104.70999908447266,104.7699966430664,104.5199966430664,104.52999877929688,84.17599487304688,2844200
2018-10-18,104.38999938964844,104.62000274658203,104.37999725341797,104.45999908447266,84.1196060180664,3158200
2018-10-19,104.47000122070312,104.55000305175781,104.33999633789062,104.37000274658203,84.04716491699219,2985800
2018-10-22,104.47000122070312,104.5199966430664,104.33999633789062,104.3499984741211,84.03107452392578,2807300
2018-10-23,104.66999816894531,104.73999786376953,104.4800033569336,104.4800033569336,84.13572692871094,3524300
2018-10-24,104.69000244140625,104.80999755859375,104.66999816894531,104.75,84.35317993164062,4465100
2018-10-25,104.70999908447266,104.7699966430664,104.61000061035156,104.66000366210938,84.28065490722656,8290200
2018-10-26,104.87999725341797,105.05000305175781,104.87000274658203,104.9000015258789,84.47396850585938,5811400
2018-10-29,104.86000061035156,104.88999938964844,104.72000122070312,104.79000091552734,84.38538360595703,5075100
2018-10-30,104.68000030517578,104.77999877929688,104.63999938964844,104.63999938964844,84.26458740234375,2552000
2018-10-31,104.5,104.69999694824219,104.5,104.58999633789062,84.22432708740234,14880500
2018-11-01,104.22000122070312,104.41000366210938,104.20999908447266,104.33999633789062,84.43717193603516,7919000
2018-11-02,104.25,104.29000091552734,103.94000244140625,104.02999877929688,84.186279296875,4491500
2018-11-05,104.13999938964844,104.16999816894531,104.06999969482422,104.0999984741211,84.24291229248047,3412600
2018-11-06,104.08999633789062,104.16999816894531,104.05999755859375,104.11000061035156,84.25101470947266,2619900
2018-11-07,104.25,104.36000061035156,104.13999938964844,104.19999694824219,84.32384490966797,4677200
2018-11-08,104.19000244140625,104.22000122070312,104.0,104.01000213623047,84.17010498046875,3489200
2018-11-09,104.06999969482422,104.25,104.06999969482422,104.13999938964844,84.2752914428711,2901900
2018-11-12,104.30999755859375,104.3499984741211,104.25,104.30999755859375,84.41285705566406,2779700
2018-11-13,104.30000305175781,104.37000274658203,104.20999908447266,104.3499984741211,84.44525146484375,2977100
2018-11-14,104.22000122070312,104.5,104.19999694824219,104.36000061035156,84.45333862304688,3395900
2018-11-15,104.4800033569336,104.51000213623047,104.30999755859375,104.48999786376953,84.55854797363281,3861300
2018-11-16,104.55000305175781,104.70999908447266,104.51000213623047,104.66000366210938,84.69609069824219,3332600
2018-11-19,104.61000061035156,104.7300033569336,104.61000061035156,104.6500015258789,84.6880111694336,4673200
2018-11-20,104.66999816894531,104.72000122070312,104.61000061035156,104.61000061035156,84.65563201904297,3162700
2018-11-21,104.5999984741211,104.69000244140625,104.58000183105469,104.68000030517578,84.7123031616211,5701700
2018-11-23,104.83999633789062,104.83999633789062,104.6500015258789,104.6500015258789,84.6880111694336,1665900
2018-11-26,104.66999816894531,104.66999816894531,104.58999633789062,104.62999725341797,84.67181396484375,4326100
2018-11-27,104.58000183105469,104.73999786376953,104.58000183105469,104.66000366210938,84.69609069824219,4107700
2018-11-28,104.62999725341797,104.91000366210938,104.56999969482422,104.86000061035156,84.85796356201172,8513900
2018-11-29,104.91999816894531,104.98999786376953,104.83999633789062,104.91000366210938,84.8984146118164,5922600
2018-11-30,104.93000030517578,104.95999908447266,104.81999969482422,104.87999725341797,84.87415313720703,6126200
2018-12-03,104.69000244140625,104.86000061035156,104.62999725341797,104.80000305175781,85.0128402709961,14037900
2018-12-04,104.9800033569336,105.27999877929688,104.94000244140625,105.08000183105469,85.23999786376953,5365200
2018-12-06,105.29000091552734,105.54000091552734,105.27999877929688,105.33999633789062,85.45091247558594,7396800
2018-12-07,105.38999938964844,105.55000305175781,105.27999877929688,105.4800033569336,85.56443786621094,5440200
2018-12-10,105.55000305175781,105.62999725341797,105.43000030517578,105.55000305175781,85.6212387084961,6096000
2018-12-11,105.62999725341797,105.72000122070312,105.51000213623047,105.58000183105469,85.64554595947266,8086200
2018-12-12,105.4800033569336,105.56999969482422,105.45999908447266,105.5,85.58068084716797,8089000
2018-12-13,105.58999633789062,105.6500015258789,105.52999877929688,105.52999877929688,85.60501861572266,5762500
2018-12-14,105.68000030517578,105.68000030517578,105.55999755859375,105.55999755859375,85.6293716430664,6265000
2018-12-17,105.66000366210938,105.77999877929688,105.61000061035156,105.73999786376953,85.77536010742188,7630500
2018-12-18,105.62999725341797,105.83999633789062,105.62999725341797,105.83999633789062,86.02733612060547,6626100
2018-12-19,105.87999725341797,106.16999816894531,105.79000091552734,105.94000244140625,86.10862731933594,7264800
2018-12-20,106.0999984741211,106.12000274658203,105.80999755859375,105.83999633789062,86.02733612060547,7695000
2018-12-21,105.94000244140625,105.95999908447266,105.76000213623047,105.79000091552734,85.98668670654297,10381200
2018-12-24,105.94999694824219,106.0,105.80999755859375,105.86000061035156,86.04358673095703,7196100
2018-12-26,105.91999816894531,106.0,105.62999725341797,105.66000366210938,85.88103485107422,8606900
2018-12-27,105.94999694824219,106.05999755859375,105.7699966430664,105.83000183105469,86.01921081542969,10562200
2018-12-28,105.97000122070312,106.22000122070312,105.94000244140625,106.22000122070312,86.33618927001953,7019600
2018-12-31,106.12000274658203,106.51000213623047,106.11000061035156,106.48999786376953,86.5556869506836,9671800
2019-01-02,106.55000305175781,106.61000061035156,106.47000122070312,106.56999969482422,86.62068176269531,11200700
2019-01-03,106.56999969482422,107.08000183105469,106.56999969482422,107.01000213623047,86.97830963134766,6497000
2019-01-04,106.66000366210938,106.72000122070312,106.55000305175781,106.69000244140625,86.71822357177734,8149000
2019-01-07,106.72000122070312,106.79000091552734,106.45999908447266,106.51000213623047,86.57192993164062,7433700
2019-01-08,106.4000015258789,106.52999877929688,106.37999725341797,106.43000030517578,86.50690460205078,4395600
2019-01-09,106.41999816894531,106.56999969482422,106.4000015258789,106.5199966430664,86.58003234863281,5458100
2019-01-10,106.5199966430664,106.55999755859375,106.33000183105469,106.4000015258789,86.4825210571289,3532500
2019-01-11,106.58000183105469,106.66000366210938,106.5,106.55000305175781,86.60443878173828,5759000
2019-01-14,106.56999969482422,106.61000061035156,106.4000015258789,106.4000015258789,86.4825210571289,7544300
2019-01-15,106.54000091552734,106.55000305175781,106.33000183105469,106.41999816894531,86.4988021850586,3690200
2019-01-16,106.33000183105469,106.5199966430664,106.30999755859375,106.51000213623047,86.57192993164062,4007800
2019-01-17,106.52999877929688,106.52999877929688,106.33999633789062,106.43000030517578,86.50690460205078,5547000
2019-01-18,106.37000274658203,106.4800033569336,106.27999877929688,106.3499984741211,86.4418716430664,5643400
2019-01-22,106.44000244140625,106.62000274658203,106.44000244140625,106.44000244140625,86.51498413085938,6824000
2019-01-23,106.37999725341797,106.58999633789062,106.37000274658203,106.55000305175781,86.60443878173828,3222800
2019-01-24,106.72000122070312,106.83999633789062,106.66999816894531,106.7300033569336,86.75074768066406,7308900
2019-01-25,106.63999938964844,106.69999694824219,106.55999755859375,106.68000030517578,86.71011352539062,3469500
2019-01-28,106.62000274658203,106.75,106.58000183105469,106.62000274658203,86.66129302978516,7365700
2019-01-29,106.7300033569336,106.93000030517578,106.69000244140625,106.9000015258789,86.888916015625,6158600
2019-01-30,106.79000091552734,107.1500015258789,106.79000091552734,107.13999938964844,87.08395385742188,6350400
2019-01-31,107.30000305175781,107.52999877929688,107.29000091552734,107.45999908447266,87.34408569335938,14766500
2019-02-01,107.08999633789062,107.1500015258789,106.87999725341797,106.97000122070312,87.16319274902344,7227900
2019-02-04,106.83000183105469,106.9000015258789,106.7699966430664,106.87999725341797,87.08983612060547,14227700
2019-02-05,106.94999694824219,107.13999938964844,106.94999694824219,107.11000061035156,87.27727508544922,8913500
2019-02-06,107.19999694824219,107.22000122070312,106.98999786376953,107.05000305175781,87.22837829589844,6449600
2019-02-07,107.1500015258789,107.19999694824219,107.02999877929688,107.0999984741211,87.26910400390625,3938900
2019-02-08,107.16999816894531,107.37999725341797,107.16999816894531,107.33999633789062,87.4646987915039,4288600
2019-02-11,107.2300033569336,107.27999877929688,107.1500015258789,107.2300033569336,87.37506866455078,3521000
2019-02-12,107.22000122070312,107.26000213623047,107.12000274658203,107.25,87.39134979248047,3136700
2019-02-13,107.08000183105469,107.13999938964844,107.01000213623047,107.05999755859375,87.23652648925781,2526100
2019-02-14,107.33000183105469,107.3499984741211,107.16999816894531,107.22000122070312,87.36691284179688,2908500
2019-02-15,107.25,107.30999755859375,107.19000244140625,107.30000305175781,87.43209075927734,2413900
2019-02-19,107.43000030517578,107.44999694824219,107.27999877929688,107.36000061035156,87.4809799194336,6235500
2019-02-20,107.37000274658203,107.38999938964844,107.27999877929688,107.37000274658203,87.48912048339844,3231100
2019-02-21,107.16000366210938,107.18000030517578,107.0999984741211,107.12999725341797,87.29356384277344,3677000
2019-02-22,107.25,107.5199966430664,107.22000122070312,107.4000015258789,87.5135498046875,2731500
2019-02-25,107.3499984741211,107.4000015258789,107.30000305175781,107.37000274658203,87.48912048339844,3645400
2019-02-26,107.52999877929688,107.56999969482422,107.43000030517578,107.48999786376953,87.5869140625,4759400
2019-02-27,107.4000015258789,107.4000015258789,107.20999908447266,107.26000213623047,87.3995132446289,2988300
2019-02-28,107.26000213623047,107.29000091552734,107.02999877929688,107.06999969482422,87.24466705322266,11872100
2019-03-01,106.7699966430664,106.83999633789062,106.61000061035156,106.62999725341797,87.10336303710938,5527000
2019-03-04,106.73999786376953,106.83999633789062,106.69000244140625,106.76000213623047,87.20952606201172,3837200
2019-03-05,106.7300033569336,106.83999633789062,106.66999816894531,106.83000183105469,87.26676177978516,5835800
2019-03-06,106.87999725341797,107.06999969482422,106.8499984741211,106.98999786376953,87.39740753173828,4834000
2019-03-07,107.16000366210938,107.3499984741211,107.12000274658203,107.29000091552734,87.64249420166016,6089100
2019-03-08,107.30999755859375,107.47000122070312,107.23999786376953,107.43000030517578,87.75688171386719,4943100
2019-03-11,107.44000244140625,107.47000122070312,107.3499984741211,107.44000244140625,87.76502990722656,5638300
2019-03-12,107.5,107.66999816894531,107.43000030517578,107.63999938964844,87.92839813232422,5243400
2019-03-13,107.55999755859375,107.61000061035156,107.51000213623047,107.58999633789062,87.88756561279297,2608800
2019-03-14,107.56999969482422,107.58000183105469,107.38999938964844,107.43000030517578,87.75688171386719,2955400
2019-03-15,107.6500015258789,107.73999786376953,107.56999969482422,107.69999694824219,87.97738647460938,2756900
2019-03-18,107.66999816894531,107.69999694824219,107.62999725341797,107.68000030517578,87.96109008789062,2295500
2019-03-19,107.58000183105469,107.70999908447266,107.52999877929688,107.62000274658203,87.9120864868164,2928300
2019-03-20,107.70999908447266,108.08999633789062,107.66999816894531,108.05999755859375,88.271484375,4236200
2019-03-21,108.12999725341797,108.18000030517578,108.05000305175781,108.08000183105469,88.28783416748047,4192700
2019-03-22,108.45999908447266,108.76000213623047,108.37000274658203,108.62000274658203,88.72891998291016,2464100
2019-03-25,108.62999725341797,108.98999786376953,108.5999984741211,108.81999969482422,88.89230346679688,4971300
2019-03-26,108.76000213623047,108.93000030517578,108.70999908447266,108.83999633789062,88.90863037109375,3120500
2019-03-27,109.0,109.18000030517578,108.98999786376953,109.06999969482422,89.09648895263672,3719600
2019-03-28,109.05999755859375,109.13999938964844,108.95999908447266,109.08000183105469,89.10469055175781,6071000
2019-03-29,108.8499984741211,109.06999969482422,108.83000183105469,109.06999969482422,89.09648895263672,5988300
2019-04-01,108.62000274658203,108.62000274658203,108.27999877929688,108.30999755859375,88.68872833251953,11261700
2019-04-02,108.38999938964844,108.45999908447266,108.31999969482422,108.43000030517578,88.78701782226562,8080100
2019-04-03,108.23999786376953,108.31999969482422,108.19000244140625,108.2300033569336,88.62323760986328,3731100
2019-04-04,108.25,108.31999969482422,108.19999694824219,108.30999755859375,88.68872833251953,3676900
2019-04-05,108.2699966430664,108.41000366210938,108.2300033569336,108.38999938964844,88.75425720214844,2236600
2019-04-08,108.38999938964844,108.4000015258789,108.30000305175781,108.33999633789062,88.71331024169922,9485300
2019-04-09,108.47000122070312,108.5199966430664,108.38999938964844,108.4000015258789,88.76245880126953,3753800
2019-04-10,108.55000305175781,108.63999938964844,108.5,108.61000061035156,88.93439483642578,4682000
2019-04-11,108.52999877929688,108.52999877929688,108.41999816894531,108.4800033569336,88.82796478271484,2827700
2019-04-12,108.26000213623047,108.3499984741211,108.22000122070312,108.2699966430664,88.65601348876953,2390600
2019-04-15,108.20999908447266,108.30000305175781,108.20999908447266,108.25,88.63964080810547,2546200
2019-04-16,108.12000274658203,108.20999908447266,108.0199966430664,108.05999755859375,88.48404693603516,4093900
2019-04-17,108.08999633789062,108.19000244140625,108.05000305175781,108.05000305175781,88.47582244873047,3390200
2019-04-18,108.2300033569336,108.29000091552734,108.16000366210938,108.19000244140625,88.59049987792969,2217200
2019-04-22,108.12999725341797,108.16000366210938,108.05000305175781,108.05999755859375,88.48404693603516,5725600
2019-04-23,108.18000030517578,108.27999877929688,108.1500015258789,108.25,88.63964080810547,3422700
2019-04-24,108.41999816894531,108.52999877929688,108.41999816894531,108.5,88.84432983398438,3000000
2019-04-25,108.47000122070312,108.55000305175781,108.41999816894531,108.48999786376953,88.83611297607422,2648100
2019-04-26,108.73999786376953,108.75,108.66000366210938,108.70999908447266,89.01630401611328,2299900
2019-04-29,108.55999755859375,108.62000274658203,108.48999786376953,108.5199966430664,88.8606948852539,2782600
2019-04-30,108.55999755859375,108.68000030517578,108.51000213623047,108.58999633789062,88.91801452636719,7491500
2019-05-01,108.47000122070312,108.76000213623047,108.31999969482422,108.4000015258789,88.97547912597656,6387900
2019-05-02,108.33000183105469,108.33000183105469,108.0999984741211,108.16000366210938,88.77851867675781,3379400
2019-05-03,108.31999969482422,108.41999816894531,108.27999877929688,108.33999633789062,88.92621612548828,2326300
2019-05-06,108.55999755859375,108.56999969482422,108.44000244140625,108.4800033569336,89.0411605834961,4609100
2019-05-07,108.62999725341797,108.69999694824219,108.58999633789062,108.61000061035156,89.14785766601562,3051400
2019-05-08,108.73999786376953,108.80999755859375,108.55000305175781,108.58999633789062,89.13140106201172,5946400
2019-05-09,108.77999877929688,108.80999755859375,108.55000305175781,108.6500015258789,89.18069458007812,4847600
2019-05-10,108.73999786376953,108.81999969482422,108.62999725341797,108.66999816894531,89.19710540771484,5257500
2019-05-13,108.83000183105469,108.9800033569336,108.81999969482422,108.8499984741211,89.34484100341797,6733800
2019-05-14,108.9000015258789,108.97000122070312,108.87000274658203,108.94000244140625,89.418701171875,6217000
2019-05-15,109.16000366210938,109.18000030517578,109.0,109.12999725341797,89.57470703125,2666500
2019-05-16,109.04000091552734,109.04000091552734,108.94999694824219,109.0,89.46794891357422,2757000
2019-05-17,109.12000274658203,109.1500015258789,108.94000244140625,109.02999877929688,89.49260711669922,2090800
2019-05-20,108.9800033569336,109.05999755859375,108.86000061035156,108.87999725341797,89.36946105957031,2035000
2019-05-21,108.86000061035156,108.91000366210938,108.80999755859375,108.87000274658203,89.36125183105469,2029800
2019-05-22,108.94999694824219,109.08999633789062,108.91999816894531,109.05000305175781,89.5090103149414,3509900
2019-05-23,109.18000030517578,109.5,109.13999938964844,109.37000274658203,89.77163696289062,4922500
2019-05-24,109.37000274658203,109.44999694824219,109.33000183105469,109.41000366210938,89.80448913574219,2010300
2019-05-28,109.56999969482422,109.6500015258789,109.5,109.56999969482422,89.93582916259766,6270100
2019-05-29,109.7300033569336,109.8499984741211,109.5999984741211,109.5999984741211,89.96043395996094,5634400
2019-05-30,109.7699966430664,109.94000244140625,109.6500015258789,109.88999938964844,90.1984634399414,3305200
2019-05-31,110.01000213623047,110.63999938964844,110.0,110.4000015258789,90.61709594726562,9204100
2019-06-03,110.26000213623047,110.5199966430664,110.16999816894531,110.4000015258789,90.83102416992188,7137500
2019-06-04,110.27999877929688,110.37999725341797,110.12999725341797,110.30000305175781,90.74872589111328,5131700
2019-06-05,110.36000061035156,110.47000122070312,110.2300033569336,110.23999786376953,90.69938659667969,3253500
2019-06-06,110.33999633789062,110.41999816894531,110.16000366210938,110.22000122070312,90.68292999267578,2660400
2019-06-07,110.63999938964844,110.66999816894531,110.44999694824219,110.52999877929688,90.93798828125,3697100
2019-06-10,110.36000061035156,110.36000061035156,110.22000122070312,110.23999786376953,90.69938659667969,3992900
2019-06-11,110.20999908447266,110.25,110.16999816894531,110.22000122070312,90.68292999267578,4374600
2019-06-12,110.27999877929688,110.41000366210938,110.26000213623047,110.36000061035156,90.79811096191406,2797600
2019-06-13,110.43000030517578,110.62000274658203,110.4000015258789,110.5999984741211,90.99554443359375,2293200
2019-06-14,110.51000213623047,110.62999725341797,110.4800033569336,110.56999969482422,90.97087097167969,1901200
2019-06-17,110.5199966430664,110.5999984741211,110.45999908447266,110.54000091552734,90.9461898803711,3312600
2019-06-18,110.94000244140625,110.97000122070312,110.70999908447266,110.83999633789062,91.1929931640625,3640300
2019-06-19,110.70999908447266,111.22000122070312,110.6500015258789,111.22000122070312,91.50566864013672,2895900
2019-06-20,111.38999938964844,111.56999969482422,111.33999633789062,111.41000366210938,91.6619873046875,4224300
2019-06-21,111.22000122070312,111.26000213623047,111.04000091552734,111.12000274658203,91.42338562011719,4640200
2019-06-24,111.2300033569336,111.37999725341797,111.22000122070312,111.31999969482422,91.58795166015625,3079800
2019-06-25,111.36000061035156,111.44000244140625,111.22000122070312,111.33999633789062,91.6043701171875,3111100
2019-06-26,111.29000091552734,111.30999755859375,111.05999755859375,111.08999633789062,91.39869689941406,3703200
2019-06-27,111.25,111.41000366210938,111.16000366210938,111.4000015258789,91.65373229980469,2963600
2019-06-28,111.36000061035156,111.47000122070312,111.31999969482422,111.3499984741211,91.61261749267578,9887800
2019-07-01,111.25,111.2699966430664,111.01000213623047,111.18000030517578,91.68022918701172,4186800
2019-07-02,111.19999694824219,111.41000366210938,111.13999938964844,111.37999725341797,91.84512329101562,5765400
2019-07-03,111.44000244140625,111.5999984741211,111.43000030517578,111.55999755859375,91.99357604980469,1324800
2019-07-05,111.20999908447266,111.20999908447266,110.91000366210938,111.08999633789062,91.60604858398438,2461200
2019-07-08,111.2300033569336,111.26000213623047,111.02999877929688,111.02999877929688,91.55652618408203,3041400
2019-07-09,111.04000091552734,111.05999755859375,110.94999694824219,111.0,91.53181457519531,2525800
2019-07-10,111.13999938964844,111.16000366210938,110.97000122070312,111.08000183105469,91.5977783203125,4589800
2019-07-11,111.05999755859375,111.05999755859375,110.66999816894531,110.66999816894531,91.2596664428711,3303700
2019-07-12,110.66999816894531,110.8499984741211,110.66999816894531,110.79000091552734,91.35865783691406,3836300
2019-07-15,110.87000274658203,110.95999908447266,110.8499984741211,110.94999694824219,91.4905776977539,3619000
2019-07-16,110.75,110.83000183105469,110.63999938964844,110.83000183105469,91.39163208007812,2149100
2019-07-17,110.93000030517578,111.13999938964844,110.91000366210938,111.12000274658203,91.63075256347656,2985600
2019-07-18,111.0999984741211,111.33000183105469,111.05999755859375,111.30000305175781,91.77920532226562,5982200
2019-07-19,111.22000122070312,111.29000091552734,111.13999938964844,111.16999816894531,91.67194366455078,3150800
2019-07-22,111.41000366210938,111.41000366210938,111.30000305175781,111.30999755859375,91.78743743896484,2855100
2019-07-23,111.2699966430664,111.31999969482422,111.16000366210938,111.19999694824219,91.69673919677734,2659300
2019-07-24,111.33000183105469,111.41000366210938,111.30000305175781,111.36000061035156,91.8286361694336,2783300
2019-07-25,111.33000183105469,111.33000183105469,111.05000305175781,111.19000244140625,91.68846893310547,2976800
2019-07-26,111.31999969482422,111.31999969482422,111.13999938964844,111.20999908447266,91.70494842529297,4669000
2019-07-29,111.30000305175781,111.3499984741211,111.22000122070312,111.26000213623047,91.74618530273438,4167100
2019-07-30,111.2699966430664,111.33000183105469,111.16000366210938,111.25,91.73796844482422,2409300
2019-07-31,111.30000305175781,111.58999633789062,111.06999969482422,111.30000305175781,91.77920532226562,10034500
2019-08-01,111.33999633789062,111.94999694824219,111.26000213623047,111.91000366210938,92.4982681274414,5709100
2019-08-02,111.93000030517578,112.04000091552734,111.81999969482422,111.94999694824219,92.53132629394531,3293700
2019-08-05,112.27999877929688,112.58000183105469,112.25,112.44000244140625,92.93633270263672,7626600
2019-08-06,112.47000122070312,112.76000213623047,112.4000015258789,112.73999786376953,93.18428802490234,5151800
2019-08-07,113.16999816894531,113.29000091552734,112.61000061035156,112.68000030517578,93.13472747802734,9156600
2019-08-08,112.51000213623047,112.81999969482422,112.33000183105469,112.79000091552734,93.22564697265625,3707200
2019-08-09,112.86000061035156,112.94999694824219,112.58000183105469,112.63999938964844,93.1016616821289,2432300
2019-08-12,112.93000030517578,113.19000244140625,112.87000274658203,113.05000305175781,93.4405517578125,2474900
2019-08-13,113.1500015258789,113.1500015258789,112.79000091552734,112.88999938964844,93.30828094482422,3048200
2019-08-14,113.27999877929688,113.37999725341797,113.20999908447266,113.23999786376953,93.59758758544922,2829900
2019-08-15,113.38999938964844,113.91000366210938,113.37000274658203,113.76000213623047,94.02737426757812,2815600
2019-08-16,113.56999969482422,113.69000244140625,113.36000061035156,113.66999816894531,93.95299530029297,5209000
2019-08-19,113.33999633789062,113.45999908447266,113.2699966430664,113.37000274658203,93.70502471923828,2900800
2019-08-20,113.66999816894531,113.69999694824219,113.55999755859375,113.68000030517578,93.9613037109375,2253600
2019-08-21,113.51000213623047,113.83000183105469,113.51000213623047,113.62000274658203,93.91165924072266,3815400
2019-08-22,113.51000213623047,113.68000030517578,113.30000305175781,113.31999969482422,93.6637191772461,6294900
2019-08-23,113.33999633789062,113.91000366210938,113.30999755859375,113.77999877929688,94.04389953613281,3772100
2019-08-26,113.83999633789062,113.94999694824219,113.66999816894531,113.7300033569336,94.0025863647461,5127200
2019-08-27,113.91000366210938,114.12000274658203,113.87000274658203,114.08999633789062,94.30014038085938,3473400
2019-08-28,114.30000305175781,114.30000305175781,114.04000091552734,114.0999984741211,94.30841064453125,5102500
2019-08-29,114.08000183105469,114.08000183105469,113.83999633789062,114.02999877929688,94.25057220458984,2671000
2019-08-30,113.9000015258789,114.1500015258789,113.88999938964844,114.12999725341797,94.33319091796875,4661600
2019-09-03,113.86000061035156,114.12000274658203,113.69000244140625,113.83999633789062,94.31080627441406,6197400
2019-09-04,113.81999969482422,114.08000183105469,113.81999969482422,114.04000091552734,94.47653198242188,3814300
2019-09-05,113.61000061035156,113.66999816894531,113.30000305175781,113.55000305175781,94.07060241699219,5336500
2019-09-06,113.66000366210938,113.72000122070312,113.55999755859375,113.66999816894531,94.17002868652344,3675200
2019-09-09,113.38999938964844,113.38999938964844,113.18000030517578,113.19000244140625,93.77232360839844,2747400
2019-09-10,113.0999984741211,113.12999725341797,112.58000183105469,112.58000183105469,93.26697540283203,3119300
2019-09-11,112.58000183105469,112.70999908447266,112.55999755859375,112.5999984741211,93.28353881835938,2646900
2019-09-12,112.91000366210938,112.91000366210938,112.33999633789062,112.41999816894531,93.13442993164062,4069600
2019-09-13,112.1500015258789,112.2699966430664,111.75,111.75,92.5793685913086,2506400
2019-09-16,112.05000305175781,112.1500015258789,111.88999938964844,112.05000305175781,92.8279037475586,2923500
2019-09-17,112.11000061035156,112.37000274658203,112.0199966430664,112.22000122070312,92.96875762939453,2614200
2019-09-18,112.5,112.69999694824219,112.29000091552734,112.3499984741211,93.07645416259766,2291300
2019-09-19,112.63999938964844,112.66000366210938,112.44999694824219,112.51000213623047,93.2090072631836,2280000
2019-09-20,112.63999938964844,112.94000244140625,112.58999633789062,112.91999816894531,93.54862976074219,2048300
2019-09-23,113.0199966430664,113.23999786376953,112.94000244140625,112.97000122070312,93.59007263183594,3412000
2019-09-24,113.02999877929688,113.36000061035156,113.02999877929688,113.27999877929688,93.8469009399414,2602500
2019-09-25,113.20999908447266,113.2300033569336,112.73999786376953,112.80999755859375,93.45748901367188,3813800
2019-09-26,113.0,113.0999984741211,112.94000244140625,113.0,93.61490631103516,4869400
2019-09-27,113.0,113.16999816894531,113.0,113.13999938964844,93.73095703125,4652500
2019-09-30,112.93000030517578,113.2699966430664,112.91999816894531,113.16999816894531,93.75579071044922,6359800
2019-10-01,112.70999908447266,113.25,112.62999725341797,113.12000274658203,93.92601776123047,5980200
2019-10-02,113.19000244140625,113.30999755859375,113.08999633789062,113.19999694824219,93.99243927001953,8637000
2019-10-03,113.33999633789062,113.73999786376953,113.31999969482422,113.63999938964844,94.35774230957031,4219100
2019-10-04,113.68000030517578,113.83000183105469,113.62999725341797,113.81999969482422,94.50723266601562,3331200
2019-10-07,113.63999938964844,113.70999908447266,113.51000213623047,113.51000213623047,94.24982452392578,2493000
2019-10-08,113.81999969482422,113.81999969482422,113.48999786376953,113.55000305175781,94.28304290771484,3055700
2019-10-09,113.55000305175781,113.55999755859375,113.36000061035156,113.48999786376953,94.23321533203125,3332800
2019-10-10,113.2699966430664,113.33000183105469,113.02999877929688,113.0999984741211,93.90937042236328,4312400
2019-10-11,112.83999633789062,112.8499984741211,112.58999633789062,112.7300033569336,93.60212707519531,3568600
2019-10-14,112.93000030517578,112.93000030517578,112.81999969482422,112.91999816894531,93.75990295410156,1716600
2019-10-15,112.9000015258789,112.91999816894531,112.55000305175781,112.55000305175781,93.45267486572266,4168600
2019-10-16,112.68000030517578,112.79000091552734,112.62000274658203,112.75,93.61878204345703,2430600
2019-10-17,112.66999816894531,112.86000061035156,112.62000274658203,112.72000122070312,93.5938949584961,2316400
2019-10-18,112.76000213623047,112.91000366210938,112.7300033569336,112.80000305175781,93.66029357910156,1454200
2019-10-21,112.62000274658203,112.70999908447266,112.48999786376953,112.48999786376953,93.40287780761719,4241600
2019-10-22,112.6500015258789,112.73999786376953,112.51000213623047,112.66000366210938,93.54405212402344,2147400
2019-10-23,112.81999969482422,112.87999725341797,112.7300033569336,112.75,93.61878204345703,1887800
2019-10-24,112.83999633789062,112.94999694824219,112.75,112.77999877929688,93.64366912841797,1725800
2019-10-25,112.83999633789062,112.8499984741211,112.5199966430664,112.62000274658203,93.51082611083984,2486600
2019-10-28,112.41999816894531,112.44000244140625,112.30999755859375,112.37999725341797,93.31153106689453,2948300
2019-10-29,112.4800033569336,112.5,112.3499984741211,112.38999938964844,93.31986236572266,2384700
2019-10-30,112.44999694824219,112.75,112.43000030517578,112.70999908447266,93.5855484008789,2381400
2019-10-31,112.9800033569336,113.30000305175781,112.88999938964844,113.1500015258789,93.95089721679688,5399100
2019-11-01,112.9800033569336,113.11000061035156,112.80999755859375,112.93000030517578,93.9766845703125,3988300
2019-11-04,112.70999908447266,112.72000122070312,112.58999633789062,112.6500015258789,93.74370574951172,2662700
2019-11-05,112.3499984741211,112.37999725341797,112.1500015258789,112.2300033569336,93.39419555664062,3205500
2019-11-06,112.4000015258789,112.51000213623047,112.26000213623047,112.4000015258789,93.53564453125,3840500
2019-11-07,112.12000274658203,112.12000274658203,111.63999938964844,111.87000274658203,93.0945816040039,4022400
2019-11-08,111.87000274658203,112.0999984741211,111.80999755859375,111.80999755859375,93.04467010498047,3866100
2019-11-11,111.95999908447266,111.95999908447266,111.77999877929688,111.83000183105469,93.06134796142578,1559900
2019-11-12,111.91999816894531,112.02999877929688,111.80000305175781,111.94999694824219,93.1611557006836,2032800
2019-11-13,112.19999694824219,112.2300033569336,112.08000183105469,112.1500015258789,93.32762908935547,2570200
2019-11-14,112.5,112.56999969482422,112.43000030517578,112.47000122070312,93.5938949584961,2901000
2019-11-15,112.45999908447266,112.45999908447266,112.37999725341797,112.41000366210938,93.5439682006836,4400400
2019-11-18,112.55999755859375,112.6500015258789,112.5199966430664,112.62000274658203,93.71871948242188,5757900
2019-11-19,112.62999725341797,112.76000213623047,112.5999984741211,112.69999694824219,93.78529357910156,2210700
2019-11-20,112.83000183105469,112.9800033569336,112.80999755859375,112.97000122070312,94.00997924804688,3474400
2019-11-21,112.80000305175781,112.88999938964844,112.72000122070312,112.80999755859375,93.87680053710938,6522800
2019-11-22,112.88999938964844,112.9000015258789,112.76000213623047,112.87000274658203,93.9267578125,2507000
2019-11-25,112.91000366210938,113.01000213623047,112.88999938964844,112.9800033569336,94.01831817626953,4251200
2019-11-26,113.08999633789062,113.16000366210938,113.08000183105469,113.13999938964844,94.15145874023438,2382200
2019-11-27,113.02999877929688,113.06999969482422,112.95999908447266,113.0,94.03491973876953,3437300
2019-11-29,113.01000213623047,113.0199966430664,112.8499984741211,112.86000061035156,93.91844940185547,4059000
2019-12-02,112.30999755859375,112.51000213623047,112.29000091552734,112.48999786376953,93.81501007080078,9325100
2019-12-03,112.80000305175781,113.12999725341797,112.76000213623047,113.0,94.24034881591797,5283800
2019-12-04,112.87000274658203,112.94999694824219,112.68000030517578,112.80999755859375,94.08187866210938,5806500
2019-12-05,112.58000183105469,112.73999786376953,112.52999877929688,112.68000030517578,93.97350311279297,4374700
2019-12-06,112.47000122070312,112.68000030517578,112.41000366210938,112.5199966430664,93.84004211425781,4648200
2019-12-09,112.69000244140625,112.72000122070312,112.56999969482422,112.58000183105469,93.89009857177734,7398300
2019-12-10,112.66999816894531,112.66999816894531,112.48999786376953,112.54000091552734,93.85672760009766,3761100
2019-12-11,112.66999816894531,112.9000015258789,112.61000061035156,112.83999633789062,94.10689544677734,3764500
2019-12-12,112.79000091552734,112.79000091552734,112.22000122070312,112.36000061035156,93.70662689208984,5080100
2019-12-13,112.58000183105469,112.86000061035156,112.4000015258789,112.80999755859375,94.08187866210938,5911000
2019-12-16,112.68000030517578,112.69000244140625,112.5,112.58000183105469,93.89009857177734,5012100
2019-12-17,112.69000244140625,112.69999694824219,112.5199966430664,112.58999633789062,93.89842224121094,3016300
2019-12-18,112.55000305175781,112.55999755859375,112.36000061035156,112.37000274658203,93.7149429321289,6516300
2019-12-19,112.19000244140625,112.36000061035156,112.12999725341797,112.30000305175781,93.81602478027344,5613800
2019-12-20,112.20999908447266,112.33000183105469,112.1500015258789,112.31999969482422,93.8327407836914,8809200
2019-12-23,112.37999725341797,112.38999938964844,112.18000030517578,112.23999786376953,93.76589965820312,3148600
2019-12-24,112.16999816894531,112.4000015258789,112.12999725341797,112.37999725341797,93.88287353515625,1887800
2019-12-26,112.41999816894531,112.48999786376953,112.31999969482422,112.4800033569336,93.9664077758789,6072100
2019-12-27,112.5999984741211,112.63999938964844,112.58000183105469,112.62999725341797,94.09172058105469,4733800
2019-12-30,112.41999816894531,112.6500015258789,112.33999633789062,112.62999725341797,94.09172058105469,3979100
2019-12-31,112.54000091552734,112.54000091552734,112.37000274658203,112.37000274658203,93.87452697753906,6807600
2020-01-02,112.68000030517578,112.80000305175781,112.55999755859375,112.68000030517578,94.13351440429688,6791400
2020-01-03,112.88999938964844,113.05000305175781,112.77999877929688,113.01000213623047,94.40918731689453,3664300
2020-01-06,113.12999725341797,113.12999725341797,112.83999633789062,112.91999816894531,94.3339614868164,8131600
2020-01-07,112.91999816894531,112.91999816894531,112.77999877929688,112.80000305175781,94.23374938964844,2883000
2020-01-08,112.8499984741211,112.94000244140625,112.55000305175781,112.66999816894531,94.12512969970703,7323100
2020-01-09,112.48999786376953,112.79000091552734,112.45999908447266,112.79000091552734,94.22537994384766,9110900
2020-01-10,112.9000015258789,112.98999786376953,112.81999969482422,112.9800033569336,94.38412475585938,4198100
2020-01-13,112.88999938964844,112.94000244140625,112.83000183105469,112.91000366210938,94.32562255859375,4465300
2020-01-14,112.97000122070312,113.0199966430664,112.93000030517578,113.01000213623047,94.40918731689453,3625400
2020-01-15,113.18000030517578,113.19000244140625,113.06999969482422,113.18000030517578,94.55119323730469,3896300
2020-01-16,113.16000366210938,113.20999908447266,113.05000305175781,113.18000030517578,94.55119323730469,2801400
2020-01-17,113.0199966430664,113.0999984741211,112.97000122070312,113.05000305175781,94.44261169433594,3003300
2020-01-21,113.25,113.41000366210938,113.22000122070312,113.37000274658203,94.70993041992188,4672100
2020-01-22,113.44000244140625,113.48999786376953,113.38999938964844,113.43000030517578,94.76004791259766,3627200
2020-01-23,113.63999938964844,113.69999694824219,113.58000183105469,113.58000183105469,94.88533782958984,3429500
2020-01-24,113.68000030517578,113.88999938964844,113.66999816894531,113.79000091552734,95.06080627441406,4199800
2020-01-27,114.13999938964844,114.16000366210938,114.05000305175781,114.13999938964844,95.3531494140625,4790000
2020-01-28,114.0999984741211,114.16000366210938,113.94999694824219,114.04000091552734,95.2696304321289,4463800
2020-01-29,114.12999725341797,114.3499984741211,114.11000061035156,114.30000305175781,95.48688507080078,2890200
2020-01-30,114.27999877929688,114.54000091552734,114.23999786376953,114.30999755859375,95.49517822265625,6885600
2020-01-31,114.4800033569336,114.66999816894531,114.37999725341797,114.6500015258789,95.77920532226562,5281900
2020-02-03,114.19999694824219,114.41000366210938,114.08000183105469,114.37000274658203,95.74826049804688,7214200
2020-02-04,114.0999984741211,114.0999984741211,113.88999938964844,113.98999786376953,95.43014526367188,5290800
2020-02-05,113.81999969482422,113.87000274658203,113.76000213623047,113.81999969482422,95.28780364990234,6066900
2020-02-06,113.81999969482422,113.93000030517578,113.7699966430664,113.88999938964844,95.346435546875,6838700
2020-02-07,114.19999694824219,114.27999877929688,114.0999984741211,114.22000122070312,95.62268829345703,5224200
2020-02-10,114.44000244140625,114.44000244140625,114.29000091552734,114.3499984741211,95.73152160644531,8187800
2020-02-11,114.3499984741211,114.3499984741211,114.19000244140625,114.20999908447266,95.61429595947266,5633400
2020-02-12,114.12000274658203,114.13999938964844,114.02999877929688,114.08999633789062,95.51387023925781,6373700
2020-02-13,114.11000061035156,114.23999786376953,114.0999984741211,114.16999816894531,95.58084106445312,5214400
2020-02-14,114.3499984741211,114.37999725341797,114.2699966430664,114.29000091552734,95.6812744140625,4004900
2020-02-18,114.4800033569336,114.55999755859375,114.33999633789062,114.44000244140625,95.806884765625,4874800
2020-02-19,114.4000015258789,114.47000122070312,114.33000183105469,114.41000366210938,95.78176879882812,3692200
2020-02-20,114.52999877929688,114.68000030517578,114.48999786376953,114.66999816894531,95.99942016601562,4056000
2020-02-21,114.86000061035156,115.0999984741211,114.83999633789062,114.9000015258789,96.19197082519531,4492700
2020-02-24,115.43000030517578,115.43000030517578,115.2300033569336,115.2699966430664,96.50167846679688,7490100
2020-02-25,115.27999877929688,115.58000183105469,115.2699966430664,115.47000122070312,96.6691665649414,7474600
2020-02-26,115.31999969482422,115.61000061035156,115.26000213623047,115.3499984741211,96.56871795654297,4763000
2020-02-27,115.75,115.75,115.3499984741211,115.37000274658203,96.58544158935547,11606400
2020-02-28,115.87999725341797,116.33999633789062,115.76000213623047,116.22000122070312,97.29704284667969,17243000
2020-03-02,116.29000091552734,116.44000244140625,115.88999938964844,115.94000244140625,97.26265716552734,13198200
2020-03-03,116.05000305175781,117.26000213623047,116.01000213623047,116.7300033569336,97.92540740966797,12541000
2020-03-04,116.83000183105469,117.12000274658203,116.52999877929688,116.63999938964844,97.84984588623047,6285300
2020-03-05,116.98999786376953,117.2300033569336,116.93000030517578,117.0,98.15188598632812,6802800
2020-03-06,118.18000030517578,118.2699966430664,117.5,117.86000061035156,98.87334442138672,17456400
2020-03-09,119.2699966430664,119.2699966430664,117.0,117.70999908447266,98.74748992919922,13666700
2020-03-10,117.41000366210938,117.68000030517578,116.16999816894531,116.37999725341797,97.63174438476562,18694100
2020-03-11,116.69999694824219,116.79000091552734,114.55000305175781,114.72000122070312,96.23918914794922,13053300
2020-03-12,113.9800033569336,114.75,109.05999755859375,110.12999725341797,92.38858795166016,18684800
2020-03-13,111.52999877929688,112.45999908447266,110.25,111.86000061035156,93.83989715576172,24960500
2020-03-16,111.37000274658203,113.94999694824219,110.45999908447266,113.7300033569336,95.40869903564453,12310300
2020-03-17,112.88999938964844,113.91999816894531,110.58999633789062,110.79000091552734,92.94229125976562,15737200
2020-03-18,109.36000061035156,110.56999969482422,105.7699966430664,106.56999969482422,89.4021224975586,17061700
2020-03-19,106.47000122070312,109.22000122070312,105.55999755859375,108.94999694824219,91.39869689941406,11720200
2020-03-20,108.45999908447266,110.23999786376953,108.45999908447266,110.02999877929688,92.30472564697266,16503700
2020-03-23,109.9000015258789,112.94000244140625,109.0,112.63999938964844,94.49425506591797,12572200
2020-03-24,111.5199966430664,113.56999969482422,111.08000183105469,113.56999969482422,95.2743911743164,10253600
2020-03-25,114.0,114.75,113.69999694824219,114.7300033569336,96.24756622314453,10999700
2020-03-26,114.19999694824219,115.38999938964844,114.19999694824219,115.08000183105469,96.54119110107422,16611400
2020-03-27,114.77999877929688,115.58000183105469,114.52999877929688,115.56999969482422,96.9522705078125,10841600
2020-03-30,115.7699966430664,116.26000213623047,115.62000274658203,115.68000030517578,97.04454803466797,13340200
2020-03-31,115.70999908447266,115.9800033569336,115.2300033569336,115.37000274658203,96.78447723388672,14018600
2020-04-01,115.37999725341797,115.4000015258789,114.6500015258789,114.7300033569336,96.45576477050781,14192100
2020-04-02,115.0199966430664,115.22000122070312,114.69999694824219,114.9000015258789,96.59867095947266,11565400
2020-04-03,114.94999694824219,115.12999725341797,114.27999877929688,114.9800033569336,96.66594696044922,9786700
2020-04-06,115.0199966430664,115.61000061035156,115.0199966430664,115.54000091552734,97.13671112060547,8457700
2020-04-07,115.61000061035156,115.73999786376953,115.36000061035156,115.69999694824219,97.27125549316406,7743900
2020-04-08,115.69999694824219,115.97000122070312,115.55000305175781,115.80999755859375,97.36370086669922,4674200
2020-04-09,116.5,117.25,116.16999816894531,117.25,98.57433319091797,5584100
2020-04-13,117.08999633789062,117.16999816894531,116.52999877929688,116.69999694824219,98.11194610595703,5738300
2020-04-14,116.98999786376953,117.0,116.58999633789062,116.76000213623047,98.16240692138672,5506700
2020-04-15,117.02999877929688,117.30999755859375,116.70999908447266,117.23999786376953,98.5659408569336,4367400
2020-04-16,117.19000244140625,117.52999877929688,117.19000244140625,117.38999938964844,98.69206237792969,4744700
2020-04-17,117.5199966430664,117.62000274658203,117.04000091552734,117.25,98.57433319091797,4949800
2020-04-20,117.1500015258789,117.27999877929688,116.94000244140625,117.08000183105469,98.43145751953125,3847900
2020-04-21,117.43000030517578,117.44000244140625,117.06999969482422,117.13999938964844,98.48186492919922,4660500
2020-04-22,117.16000366210938,117.23999786376953,116.94000244140625,117.13999938964844,98.48186492919922,4647200
2020-04-23,117.33000183105469,117.44999694824219,117.19000244140625,117.41999816894531,98.71726989746094,4331100
2020-04-24,117.22000122070312,117.38999938964844,117.19999694824219,117.36000061035156,98.66681671142578,3161600
2020-04-27,117.20999908447266,117.36000061035156,116.81999969482422,116.81999969482422,98.21285247802734,5576300
2020-04-28,117.2699966430664,117.44999694824219,117.12000274658203,117.27999877929688,98.5995864868164,5889800
2020-04-29,117.29000091552734,117.4800033569336,117.19999694824219,117.36000061035156,98.66681671142578,4653100
2020-04-30,117.37999725341797,117.48999786376953,117.06999969482422,117.0999984741211,98.44829559326172,10487500
2020-05-01,116.97000122070312,117.0999984741211,116.68000030517578,116.87000274658203,98.45330047607422,6099500
2020-05-04,116.88999938964844,117.08999633789062,116.87000274658203,116.97000122070312,98.53752899169922,3684100
2020-05-05,116.95999908447266,116.97000122070312,116.80999755859375,116.87999725341797,98.46175384521484,4611500
2020-05-06,116.44000244140625,116.70999908447266,116.30000305175781,116.41000366210938,98.06581115722656,6394900
2020-05-07,116.61000061035156,116.7699966430664,116.41999816894531,116.7699966430664,98.3690185546875,3786700
2020-05-08,116.68000030517578,116.76000213623047,116.3499984741211,116.45999908447266,98.10792541503906,3241500
2020-05-11,116.4000015258789,116.43000030517578,116.06999969482422,116.11000061035156,97.8130874633789,5249500
2020-05-12,116.45999908447266,116.5999984741211,116.2300033569336,116.41000366210938,98.06581115722656,6161500
2020-05-13,116.62999725341797,116.76000213623047,116.44999694824219,116.5999984741211,98.22584533691406,4425900
2020-05-14,116.91000366210938,116.97000122070312,116.72000122070312,116.95999908447266,98.52910614013672,5698900
2020-05-15,117.04000091552734,117.08999633789062,116.9000015258789,117.02999877929688,98.5881118774414,5897900
2020-05-18,116.97000122070312,117.08999633789062,116.66000366210938,116.86000061035156,98.44483947753906,5037100
2020-05-19,116.91000366210938,117.02999877929688,116.80999755859375,116.98999786376953,98.55439758300781,4929500
2020-05-20,117.02999877929688,117.33999633789062,117.0,117.29000091552734,98.80711364746094,4579200
2020-05-21,117.3499984741211,117.4800033569336,117.31999969482422,117.37999725341797,98.88292694091797,5143700
2020-05-22,117.5999984741211,117.5999984741211,117.38999938964844,117.44000244140625,98.93350982666016,2794000
2020-05-26,117.37999725341797,117.44000244140625,117.23999786376953,117.25,98.77340698242188,6164700
2020-05-27,117.5,117.54000091552734,117.30000305175781,117.41999816894531,98.91663360595703,4772900
2020-05-28,117.13999938964844,117.3499984741211,117.13999938964844,117.33999633789062,98.8492660522461,11140200
2020-05-29,117.43000030517578,117.70999908447266,117.31999969482422,117.6500015258789,99.11038970947266,9228700
2020-06-01,117.3499984741211,117.4000015258789,117.23999786376953,117.37000274658203,99.05467987060547,5580000
2020-06-02,117.37999725341797,117.47000122070312,117.30999755859375,117.47000122070312,99.13909912109375,4286800
2020-06-03,117.26000213623047,117.41000366210938,117.05999755859375,117.18000030517578,98.8943099975586,6077600
2020-06-04,117.2699966430664,117.30000305175781,116.81999969482422,116.83000183105469,98.5989761352539,5002700
2020-06-05,116.75,116.91000366210938,116.4800033569336,116.9000015258789,98.65803527832031,5166300
2020-06-08,116.80999755859375,117.11000061035156,116.75,117.02999877929688,98.76777648925781,8551800
2020-06-09,117.30999755859375,117.33000183105469,117.18000030517578,117.18000030517578,98.8943099975586,5512300
2020-06-10,117.25,117.68000030517578,117.19000244140625,117.66000366210938,99.29942321777344,4680800
2020-06-11,117.7300033569336,117.80000305175781,117.44000244140625,117.45999908447266,99.13065338134766,7438800
2020-06-12,117.5999984741211,117.69999694824219,117.44000244140625,117.58000183105469,99.2319107055664,4571800
2020-06-15,117.72000122070312,117.9800033569336,117.61000061035156,117.97000122070312,99.56106567382812,5870000
2020-06-16,117.9800033569336,118.0,117.58999633789062,117.73999786376953,99.3669662475586,5327400
2020-06-17,117.73999786376953,117.76000213623047,117.47000122070312,117.63999938964844,99.2825698852539,3696000
2020-06-18,117.87999725341797,117.87999725341797,117.63999938964844,117.76000213623047,99.38381958007812,3356800
2020-06-19,117.80000305175781,117.97000122070312,117.73999786376953,117.80000305175781,99.41757202148438,2917400
2020-06-22,118.0,118.0,117.7300033569336,117.7699966430664,99.39227294921875,3445700
2020-06-23,117.79000091552734,117.83000183105469,117.69000244140625,117.75,99.37538146972656,3991400
2020-06-24,117.69999694824219,117.83999633789062,117.61000061035156,117.7300033569336,99.35851287841797,5040100
2020-06-25,117.94000244140625,117.94999694824219,117.80000305175781,117.87000274658203,99.47665405273438,4723300
2020-06-26,117.98999786376953,118.08000183105469,117.8499984741211,118.01000213623047,99.5948257446289,5683400
2020-06-29,118.01000213623047,118.11000061035156,117.94999694824219,118.11000061035156,99.67919921875,3517200
2020-06-30,118.27999877929688,118.31999969482422,117.9800033569336,118.20999908447266,99.7636489868164,7451100
2020-07-01,117.9000015258789,118.06999969482422,117.76000213623047,118.05000305175781,99.81690216064453,6746500
2020-07-02,118.05000305175781,118.20999908447266,117.98999786376953,118.19000244140625,99.93527221679688,3614300
2020-07-06,118.18000030517578,118.20999908447266,118.0,118.18000030517578,99.92678833007812,5945100
2020-07-07,118.2300033569336,118.37999725341797,118.05999755859375,118.36000061035156,100.0790023803711,5454700
2020-07-08,118.3499984741211,118.44999694824219,118.22000122070312,118.31999969482422,100.045166015625,5026800
2020-07-09,118.4000015258789,118.69999694824219,118.36000061035156,118.62999725341797,100.30726623535156,3804000
2020-07-10,118.83000183105469,118.83000183105469,118.44999694824219,118.48999786376953,100.18888854980469,3133900
2020-07-13,118.45999908447266,118.52999877929688,118.37000274658203,118.4800033569336,100.18046569824219,4803200
2020-07-14,118.58000183105469,118.73999786376953,118.58000183105469,118.66999816894531,100.34112548828125,3986700
2020-07-15,118.5,118.69999694824219,118.5,118.68000030517578,100.34956359863281,3403600
2020-07-16,118.83000183105469,118.88999938964844,118.73999786376953,118.76000213623047,100.41724395751953,3526900
2020-07-17,118.94000244140625,118.98999786376953,118.7699966430664,118.87999725341797,100.5186996459961,2549100
2020-07-20,119.02999877929688,119.05999755859375,118.91000366210938,119.01000213623047,100.62860107421875,3989200
2020-07-21,119.0999984741211,119.0999984741211,119.01000213623047,119.08000183105469,100.68777465820312,6098200
2020-07-22,119.22000122070312,119.2699966430664,119.11000061035156,119.18000030517578,100.77235412597656,6296600
2020-07-23,119.3499984741211,119.38999938964844,119.25,119.31999969482422,100.8907241821289,12117200
2020-07-24,119.26000213623047,119.41000366210938,119.19000244140625,119.27999877929688,100.85690307617188,11071700
2020-07-27,119.4000015258789,119.41999816894531,119.1500015258789,119.19999694824219,100.78925323486328,5606100
2020-07-28,119.30000305175781,119.3499984741211,119.22000122070312,119.27999877929688,100.85690307617188,6080700
2020-07-29,119.30000305175781,119.43000030517578,119.23999786376953,119.41999816894531,100.97528076171875,9727900
2020-07-30,119.51000213623047,119.54000091552734,119.44999694824219,119.51000213623047,101.05139923095703,3052800
2020-07-31,119.44999694824219,119.62999725341797,119.4000015258789,119.55999755859375,101.09368133544922,5277900
2020-08-03,119.37000274658203,119.4000015258789,119.19000244140625,119.4000015258789,101.1334457397461,13013600
2020-08-04,119.41999816894531,119.62999725341797,119.41999816894531,119.62999725341797,101.32827758789062,10935200
2020-08-05,119.38999938964844,119.48999786376953,119.30999755859375,119.4000015258789,101.1334457397461,17345700
2020-08-06,119.62000274658203,119.7300033569336,119.52999877929688,119.56999969482422,101.27745819091797,4608600
2020-08-07,119.66000366210938,119.7300033569336,119.4000015258789,119.43000030517578,101.15886688232422,5559100
2020-08-10,119.62000274658203,119.63999938964844,119.27999877929688,119.31999969482422,101.06568908691406,5152700
2020-08-11,119.11000061035156,119.20999908447266,118.83999633789062,118.98999786376953,100.78617095947266,7809900
2020-08-12,118.7300033569336,118.88999938964844,118.6500015258789,118.75,100.5829086303711,5524500
2020-08-13,118.77999877929688,118.77999877929688,118.23999786376953,118.30999755859375,100.21022033691406,8023700
2020-08-14,118.43000030517578,118.48999786376953,118.19999694824219,118.19999694824219,100.11707305908203,4556500
2020-08-17,118.37999725341797,118.47000122070312,118.30999755859375,118.36000061035156,100.25257110595703,4523900
2020-08-18,118.43000030517578,118.5999984741211,118.41999816894531,118.52999877929688,100.39654541015625,4765800
2020-08-19,118.6500015258789,118.69999694824219,118.33999633789062,118.3499984741211,100.2441177368164,4541000
2020-08-20,118.58000183105469,118.70999908447266,118.55999755859375,118.55999755859375,100.42198181152344,4487500
2020-08-21,118.73999786376953,118.76000213623047,118.55000305175781,118.68000030517578,100.52362823486328,6373300
2020-08-24,118.72000122070312,118.81999969482422,118.5999984741211,118.62999725341797,100.48125457763672,4620900
2020-08-25,118.3499984741211,118.45999908447266,118.18000030517578,118.37999725341797,100.26953887939453,4002300
2020-08-26,118.3499984741211,118.41999816894531,118.20999908447266,118.36000061035156,100.25257110595703,5139800
2020-08-27,118.55000305175781,118.55999755859375,117.94999694824219,117.94999694824219,99.90530395507812,5609400
2020-08-28,118.08000183105469,118.16000366210938,117.98999786376953,118.11000061035156,100.04080200195312,6467400
2020-08-31,118.13999938964844,118.51000213623047,118.13999938964844,118.37000274658203,100.26103973388672,10894500
2020-09-01,118.12000274658203,118.44000244140625,118.0,118.41999816894531,100.46890258789062,9843200
2020-09-02,118.41999816894531,118.70999908447266,118.33999633789062,118.66000366210938,100.67251586914062,4838500
2020-09-03,118.7300033569336,118.87000274658203,118.62000274658203,118.69000244140625,100.69795989990234,6856700
2020-09-04,118.41000366210938,118.5199966430664,118.08000183105469,118.0999984741211,100.19743347167969,5366800
2020-09-08,118.33999633789062,118.45999908447266,118.19999694824219,118.2300033569336,100.30772399902344,8894000
2020-09-09,118.38999938964844,118.38999938964844,118.04000091552734,118.22000122070312,100.29922485351562,7824800
2020-09-10,118.1500015258789,118.29000091552734,118.0199966430664,118.2300033569336,100.30772399902344,4932600
2020-09-11,118.41999816894531,118.48999786376953,118.23999786376953,118.37000274658203,100.42646789550781,8200400
2020-09-14,118.47000122070312,118.48999786376953,118.30999755859375,118.37999725341797,100.43497467041016,6394200
2020-09-15,118.29000091552734,118.43000030517578,118.29000091552734,118.38999938964844,100.44344329833984,4163000
2020-09-16,118.52999877929688,118.52999877929688,118.19999694824219,118.33000183105469,100.39253997802734,6452500
2020-09-17,118.5,118.5199966430664,118.33000183105469,118.36000061035156,100.41798400878906,4882200
2020-09-18,118.44000244140625,118.44000244140625,118.18000030517578,118.22000122070312,100.29922485351562,5149400
2020-09-21,118.41000366210938,118.41999816894531,118.23999786376953,118.23999786376953,100.31616973876953,6191900
2020-09-22,118.25,118.37999725341797,118.23999786376953,118.33000183105469,100.39253997802734,4390200
2020-09-23,118.3499984741211,118.3499984741211,118.06999969482422,118.08000183105469,100.180419921875,5392900
2020-09-24,118.01000213623047,118.16000366210938,118.01000213623047,118.08999633789062,100.18892669677734,4145000
2020-09-25,118.12000274658203,118.16999816894531,118.05000305175781,118.12999725341797,100.22286224365234,5138200
2020-09-28,118.18000030517578,118.2300033569336,118.11000061035156,118.2300033569336,100.30772399902344,5830400
2020-09-29,118.27999877929688,118.33000183105469,118.20999908447266,118.25,100.32464599609375,5301700
2020-09-30,118.26000213623047,118.26000213623047,117.94999694824219,118.05999755859375,100.16349029541016,6090800
2020-10-01,117.80999755859375,118.04000091552734,117.75,118.0199966430664,100.30113220214844,9741800
2020-10-02,118.02999877929688,118.04000091552734,117.80999755859375,117.9000015258789,100.19915771484375,5599500
2020-10-05,117.73999786376953,117.73999786376953,117.5199966430664,117.5199966430664,99.87622833251953,4890800
2020-10-06,117.5999984741211,117.83999633789062,117.48999786376953,117.62000274658203,99.96118927001953,4338600
2020-10-07,117.52999877929688,117.66000366210938,117.44999694824219,117.54000091552734,99.89324188232422,4801700
2020-10-08,117.66999816894531,117.70999908447266,117.58999633789062,117.69000244140625,100.02066040039062,4236000
2020-10-09,117.6500015258789,117.73999786376953,117.5,117.72000122070312,100.04617309570312,2909300
2020-10-12,117.8499984741211,117.94999694824219,117.7699966430664,117.94999694824219,100.2416763305664,2999300
2020-10-13,118.01000213623047,118.06999969482422,117.93000030517578,117.9800033569336,100.26715850830078,3421700
2020-10-14,118.0999984741211,118.11000061035156,117.98999786376953,118.05000305175781,100.32665252685547,4919700
2020-10-15,118.1500015258789,118.1500015258789,117.94999694824219,117.94999694824219,100.2416763305664,5459200
2020-10-16,117.98999786376953,118.08000183105469,117.87999725341797,117.88999938964844,100.19070434570312,3931500
2020-10-19,117.80999755859375,117.87000274658203,117.72000122070312,117.75,100.07167053222656,4685000
2020-10-20,117.69999694824219,117.70999908447266,117.58000183105469,117.6500015258789,99.9866943359375,4013600
2020-10-21,117.58999633789062,117.63999938964844,117.4800033569336,117.51000213623047,99.86772155761719,3688300
2020-10-22,117.51000213623047,117.54000091552734,117.30000305175781,117.30000305175781,99.68923950195312,4801000
2020-10-23,117.30000305175781,117.5199966430664,117.30000305175781,117.47000122070312,99.83373260498047,3878700
2020-10-26,117.6500015258789,117.72000122070312,117.58999633789062,117.62999725341797,99.96968078613281,4962500
2020-10-27,117.80000305175781,117.91000366210938,117.7300033569336,117.9000015258789,100.19915771484375,5694100
2020-10-28,117.80999755859375,117.95999908447266,117.72000122070312,117.7300033569336,100.05469512939453,7329200
2020-10-29,117.76000213623047,117.7699966430664,117.4000015258789,117.5199966430664,99.87622833251953,11775800
2020-10-30,117.44999694824219,117.5199966430664,117.19999694824219,117.19999694824219,99.6042251586914,10610000
2020-11-02,117.2699966430664,117.3499984741211,117.18000030517578,117.22000122070312,99.78472137451172,6667900
2020-11-03,117.22000122070312,117.22000122070312,117.05000305175781,117.16999816894531,99.74217987060547,7519700
2020-11-04,117.9000015258789,118.04000091552734,117.83000183105469,117.94999694824219,100.40614318847656,5308700
2020-11-05,118.08999633789062,118.12000274658203,117.91000366210938,118.05999755859375,100.49980163574219,5293900
2020-11-06,117.80999755859375,117.86000061035156,117.66999816894531,117.80000305175781,100.27845001220703,5929700
2020-11-09,117.4000015258789,117.47000122070312,117.05999755859375,117.25,99.8102798461914,6625300
2020-11-10,117.05000305175781,117.2300033569336,117.02999877929688,117.05999755859375,99.64849853515625,5146300
2020-11-11,117.05999755859375,117.18000030517578,117.0199966430664,117.12999725341797,99.70812225341797,3044300
2020-11-12,117.37000274658203,117.62999725341797,117.33000183105469,117.62000274658203,100.125244140625,7740800
2020-11-13,117.5199966430664,117.69000244140625,117.5199966430664,117.63999938964844,100.14226531982422,5125300
2020-11-16,117.61000061035156,117.66999816894531,117.58000183105469,117.62999725341797,100.13375091552734,7951400
2020-11-17,117.75,117.9000015258789,117.75,117.87000274658203,100.33804321289062,4650100
2020-11-18,117.94999694824219,117.98999786376953,117.88999938964844,117.94999694824219,100.40614318847656,6191100
2020-11-19,118.08000183105469,118.26000213623047,118.02999877929688,118.16999816894531,100.5934066772461,6680800
2020-11-20,118.19000244140625,118.33999633789062,118.12999725341797,118.29000091552734,100.6955795288086,7217400
2020-11-23,118.27999877929688,118.30000305175781,118.16999816894531,118.26000213623047,100.67002868652344,4739000
2020-11-24,118.23999786376953,118.27999877929688,118.06999969482422,118.0999984741211,100.53385925292969,4696800
2020-11-25,118.1500015258789,118.20999908447266,118.0199966430664,118.05999755859375,100.49980163574219,4125000
2020-11-27,118.25,118.29000091552734,118.22000122070312,118.26000213623047,100.67002868652344,3436200
2020-11-30,118.31999969482422,118.44999694824219,118.25,118.41999816894531,100.80623626708984,8688500
2020-12-01,118.02999877929688,118.0999984741211,117.7300033569336,117.83999633789062,100.48735046386719,5190800
2020-12-02,117.80999755859375,117.80999755859375,117.54000091552734,117.70999908447266,100.37646484375,6121000
2020-12-03,117.91999816894531,117.9800033569336,117.7699966430664,117.91000366210938,100.54700469970703,5198400
2020-12-04,117.9000015258789,117.9000015258789,117.51000213623047,117.58999633789062,100.27415466308594,5896100
2020-12-07,117.76000213623047,117.83000183105469,117.69000244140625,117.7699966430664,100.42764282226562,6127800
2020-12-08,117.87999725341797,117.95999908447266,117.75,117.77999877929688,100.43614196777344,6807000
2020-12-09,117.7300033569336,117.77999877929688,117.5199966430664,117.61000061035156,100.29117584228516,6975700
2020-12-10,117.73999786376953,117.93000030517578,117.69000244140625,117.9000015258789,100.5384750366211,6192200
2020-12-11,118.01000213623047,118.08999633789062,117.94999694824219,118.02999877929688,100.64933776855469,5636100
2020-12-14,117.86000061035156,118.02999877929688,117.80000305175781,117.95999908447266,100.58963012695312,4705600
2020-12-15,117.94999694824219,118.02999877929688,117.9000015258789,118.02999877929688,100.64933776855469,4217800
2020-12-16,117.83000183105469,118.02999877929688,117.76000213623047,117.9800033569336,100.60672760009766,4467900
2020-12-17,118.01000213623047,118.05999755859375,117.7300033569336,117.8499984741211,100.60243225097656,6610400
2020-12-18,117.97000122070312,117.97000122070312,117.76000213623047,117.79000091552734,100.55118560791016,3874700
2020-12-21,117.91999816894531,117.95999908447266,117.75,117.79000091552734,100.55118560791016,4818300
2020-12-22,117.87999725341797,117.9800033569336,117.83000183105469,117.95999908447266,100.69632720947266,4516500
2020-12-23,117.80999755859375,117.87999725341797,117.62999725341797,117.87999725341797,100.6280288696289,4157700
2020-12-24,117.94000244140625,118.05000305175781,117.93000030517578,117.98999786376953,100.72193145751953,2214500
2020-12-28,117.97000122070312,118.05000305175781,117.83000183105469,118.01000213623047,100.73900604248047,4567200
2020-12-29,118.05999755859375,118.05999755859375,117.91999816894531,118.02999877929688,100.75606536865234,4300100
2020-12-30,118.08999633789062,118.12000274658203,117.9800033569336,118.0999984741211,100.81580352783203,2762200
2020-12-31,118.18000030517578,118.23999786376953,118.12000274658203,118.19000244140625,100.89265441894531,4834700
2021-01-04,118.08000183105469,118.13999938964844,117.98999786376953,118.04000091552734,100.76463317871094,6414100
2021-01-05,118.05999755859375,118.05999755859375,117.75,117.91999816894531,100.66217041015625,7477900
2021-01-06,117.9000015258789,117.9000015258789,117.1500015258789,117.33999633789062,100.16703796386719,10687200
2021-01-07,117.12999725341797,117.26000213623047,117.06999969482422,117.22000122070312,100.06461334228516,6639400
2021-01-08,117.18000030517578,117.33999633789062,116.9800033569336,117.08000183105469,99.94512176513672,7335700
2021-01-11,117.0199966430664,117.05000305175781,116.88999938964844,116.88999938964844,99.78291320800781,8610100
2021-01-12,116.81999969482422,116.98999786376953,116.68000030517578,116.98999786376953,99.8682861328125,7269600
2021-01-13,117.62999725341797,117.62999725341797,117.08000183105469,117.36000061035156,100.18417358398438,6788500
2021-01-14,117.37000274658203,117.44999694824219,117.08000183105469,117.12999725341797,99.9878158569336,6610500
2021-01-15,117.33999633789062,117.36000061035156,117.18000030517578,117.25,100.09025573730469,6447700
2021-01-19,117.2699966430664,117.41999816894531,117.22000122070312,117.41000366210938,100.2268295288086,7601100
2021-01-20,117.3499984741211,117.43000030517578,117.30999755859375,117.41999816894531,100.2353744506836,6229100
2021-01-21,117.22000122070312,117.30000305175781,117.13999938964844,117.25,100.09025573730469,8301000
2021-01-22,117.29000091552734,117.31999969482422,117.19000244140625,117.25,100.09025573730469,3513700
2021-01-25,117.38999938964844,117.55999755859375,117.36000061035156,117.55000305175781,100.34635925292969,4049000
2021-01-26,117.45999908447266,117.58999633789062,117.43000030517578,117.51000213623047,100.31221008300781,3639500
2021-01-27,117.61000061035156,117.66999816894531,117.04000091552734,117.5199966430664,100.32070922851562,3619100
2021-01-28,117.4800033569336,117.48999786376953,117.29000091552734,117.44000244140625,100.25244903564453,6176500
2021-01-29,117.16000366210938,117.4000015258789,116.55999755859375,117.30999755859375,100.14146423339844,12164800
2021-02-01,117.19999694824219,117.26000213623047,117.08999633789062,117.2300033569336,100.2372055053711,6621900
2021-02-02,116.98999786376953,117.08999633789062,116.97000122070312,117.05000305175781,100.08333587646484,7323400
2021-02-03,116.97000122070312,116.98999786376953,116.87000274658203,116.91000366210938,99.96363067626953,5492400
2021-02-04,116.75,116.88999938964844,116.69000244140625,116.86000061035156,99.92086791992188,5287400
2021-02-05,116.91000366210938,116.95999908447266,116.69999694824219,116.70999908447266,99.79259490966797,3446600
2021-02-08,116.75,116.93000030517578,116.72000122070312,116.83000183105469,99.89521789550781,4704200
2021-02-09,116.94000244140625,116.97000122070312,116.81999969482422,116.87999725341797,99.93795013427734,4533400
2021-02-10,116.97000122070312,117.01000213623047,116.91999816894531,116.98999786376953,100.03199005126953,4378300
2021-02-11,117.02999877929688,117.02999877929688,116.80000305175781,116.8499984741211,99.9123306274414,3470800
2021-02-12,116.66999816894531,116.73999786376953,116.54000091552734,116.58000183105469,99.68145751953125,3284900
2021-02-16,116.22000122070312,116.2300033569336,116.0199966430664,116.02999877929688,99.21117401123047,5682700
2021-02-17,116.22000122070312,116.29000091552734,116.1500015258789,116.26000213623047,99.40785217285156,6304100
2021-02-18,116.13999938964844,116.27999877929688,116.02999877929688,116.19999694824219,99.35652160644531,5333500
2021-02-19,116.0199966430664,116.05999755859375,115.75,115.83999633789062,99.04871368408203,4673100
2021-02-22,115.76000213623047,115.87000274658203,115.4800033569336,115.4800033569336,98.74091339111328,4894200
2021-02-23,115.75,115.75,115.2699966430664,115.51000213623047,98.76651763916016,6035200
2021-02-24,115.05999755859375,115.5,115.01000213623047,115.47000122070312,98.73236846923828,6232300
2021-02-25,115.01000213623047,115.29000091552734,114.19999694824219,114.41000366210938,97.82600402832031,14926900
2021-02-26,114.95999908447266,115.38999938964844,114.58999633789062,115.33999633789062,98.62118530273438,11333400
2021-03-01,114.97000122070312,115.58999633789062,114.88999938964844,115.08999633789062,98.56980895996094,13018100
2021-03-02,115.04000091552734,115.12000274658203,114.94999694824219,115.11000061035156,98.58692169189453,10111300
2021-03-03,114.80000305175781,114.83000183105469,114.5999984741211,114.69000244140625,98.22721099853516,10317500
2021-03-04,114.79000091552734,114.80000305175781,114.26000213623047,114.36000061035156,97.94456481933594,5953600
2021-03-05,114.16999816894531,114.31999969482422,114.05000305175781,114.27999877929688,97.87605285644531,8675700
2021-03-08,114.19999694824219,114.2300033569336,113.83000183105469,113.83000183105469,97.49067687988281,5639400
2021-03-09,114.19999694824219,114.30999755859375,114.0,114.26000213623047,97.85893249511719,5676800
2021-03-10,114.30000305175781,114.5,114.27999877929688,114.44999694824219,98.02165985107422,6936900
2021-03-11,114.47000122070312,114.54000091552734,114.30000305175781,114.44000244140625,98.01310729980469,8827800
2021-03-12,113.87999725341797,113.91000366210938,113.70999908447266,113.79000091552734,97.45639038085938,5066800
2021-03-15,113.5999984741211,114.01000213623047,113.5999984741211,113.91000366210938,97.55921173095703,5000500
2021-03-16,113.97000122070312,114.02999877929688,113.77999877929688,113.87000274658203,97.52490997314453,3990900
2021-03-17,113.55000305175781,113.9800033569336,113.4800033569336,113.86000061035156,97.516357421875,6229800
2021-03-18,113.31999969482422,113.55000305175781,113.19999694824219,113.41999816894531,97.13949584960938,6222200
2021-03-19,113.4000015258789,113.54000091552734,113.33000183105469,113.51000213623047,97.21659851074219,4701400
2021-03-22,113.69999694824219,113.80000305175781,113.5999984741211,113.7300033569336,97.40501403808594,5468600
2021-03-23,113.88999938964844,114.04000091552734,113.7699966430664,114.0199966430664,97.65339660644531,5524900
2021-03-24,113.9000015258789,114.19999694824219,113.86000061035156,114.16000366210938,97.7733154296875,6352600
2021-03-25,114.23999786376953,114.29000091552734,113.98999786376953,114.0999984741211,97.72191619873047,5178000
2021-03-26,113.91000366210938,114.08000183105469,113.86000061035156,113.91000366210938,97.55921173095703,4333900
2021-03-29,113.5199966430664,114.0,113.5199966430664,113.72000122070312,97.39646911621094,7630800
2021-03-30,113.63999938964844,113.8499984741211,113.52999877929688,113.80999755859375,97.47354888916016,4996900
2021-03-31,113.83999633789062,113.9800033569336,113.70999908447266,113.83000183105469,97.49067687988281,6309200
2021-04-01,113.93000030517578,114.05000305175781,113.83000183105469,114.04000091552734,97.81832885742188,10767200
2021-04-05,113.77999877929688,113.88999938964844,113.69000244140625,113.80999755859375,97.62104797363281,9230100
2021-04-06,113.9800033569336,114.22000122070312,113.94999694824219,114.20999908447266,97.96411895751953,4864100
2021-04-07,114.12000274658203,114.30000305175781,114.02999877929688,114.02999877929688,97.80977630615234,4505600
2021-04-08,114.18000030517578,114.30999755859375,114.12999725341797,114.30999755859375,98.0499267578125,4932100
2021-04-09,114.11000061035156,114.33000183105469,114.04000091552734,114.18000030517578,97.93840026855469,7467100
2021-04-12,114.16999816894531,114.16999816894531,114.0,114.1500015258789,97.9126968383789,3844900
2021-04-13,114.12000274658203,114.4800033569336,114.11000061035156,114.4800033569336,98.19574737548828,4040500
2021-04-14,114.41000366210938,114.44000244140625,114.27999877929688,114.38999938964844,98.11851501464844,3620500
2021-04-15,113.77999877929688,114.9800033569336,113.77999877929688,114.83999633789062,98.5045166015625,6753200
2021-04-16,114.55999755859375,114.66999816894531,114.5,114.54000091552734,98.2471923828125,3663600
2021-04-19,114.0,114.5,114.0,114.44999694824219,98.17000579833984,5072800
2021-04-20,114.41999816894531,114.66999816894531,114.38999938964844,114.62999725341797,98.32440185546875,4322200
2021-04-21,114.5999984741211,114.73999786376953,114.52999877929688,114.73999786376953,98.41873168945312,5511300
2021-04-22,114.73999786376953,114.80000305175781,114.58999633789062,114.7699966430664,98.44447326660156,4570700
2021-04-23,114.80999755859375,115.08999633789062,114.63999938964844,114.75,98.42731475830078,3620700
2021-04-26,114.73999786376953,114.80000305175781,114.6500015258789,114.6500015258789,98.341552734375,3480300
2021-04-27,115.12999725341797,115.12999725341797,114.37000274658203,114.37000274658203,98.10139465332031,3823300
2021-04-28,114.44999694824219,114.47000122070312,114.19999694824219,114.43000030517578,98.15287017822266,7078600
2021-04-29,114.13999938964844,114.37000274658203,114.08999633789062,114.37000274658203,98.10139465332031,6254100
2021-04-30,114.41000366210938,114.5199966430664,114.33000183105469,114.48999786376953,98.20428466796875,6469500
2021-05-03,114.4000015258789,114.58999633789062,114.33000183105469,114.38999938964844,98.26700592041016,5939500
2021-05-04,114.55000305175781,114.69999694824219,114.41000366210938,114.52999877929688,98.38729095458984,6291300
2021-05-05,114.44999694824219,114.62000274658203,114.44999694824219,114.62000274658203,98.4646224975586,3329000
2021-05-06,114.55000305175781,114.70999908447266,114.52999877929688,114.63999938964844,98.48177337646484,4739400
2021-05-07,114.8499984741211,114.97000122070312,114.56999969482422,114.61000061035156,98.45601654052734,7005200
2021-05-10,114.61000061035156,114.72000122070312,114.4000015258789,114.43000030517578,98.30140686035156,5576500
2021-05-11,114.2300033569336,114.37999725341797,114.12999725341797,114.18000030517578,98.08660888671875,6161400
2021-05-12,113.9800033569336,114.01000213623047,113.77999877929688,113.77999877929688,97.74298858642578,7000800
2021-05-13,113.9000015258789,114.05999755859375,113.77999877929688,114.04000091552734,97.96637725830078,6772300
2021-05-14,114.22000122070312,114.30000305175781,114.12000274658203,114.30000305175781,98.1897201538086,3985500
2021-05-17,114.20999908447266,114.25,114.1500015258789,114.19999694824219,98.10382843017578,4926600
2021-05-18,114.11000061035156,114.11000061035156,114.02999877929688,114.05999755859375,97.98355102539062,3674600
2021-05-19,114.62000274658203,114.62000274658203,113.79000091552734,113.9000015258789,97.8460693359375,6892400
2021-05-20,114.08000183105469,114.30000305175781,114.08000183105469,114.29000091552734,98.18113708496094,6243300
2021-05-21,114.36000061035156,114.4000015258789,114.2300033569336,114.33999633789062,98.22409057617188,3873200
2021-05-24,114.5,114.51000213623047,114.37999725341797,114.44999694824219,98.31855010986328,3867700
2021-05-25,114.58000183105469,114.75,114.02999877929688,114.7300033569336,98.55908203125,6351700
2021-05-26,114.12999725341797,114.80000305175781,114.12999725341797,114.69000244140625,98.52474975585938,3969400
2021-05-27,114.61000061035156,114.62000274658203,114.44999694824219,114.55000305175781,98.40447235107422,5072300
2021-05-28,114.55000305175781,114.68000030517578,114.5,114.55000305175781,98.40447235107422,6768200
2021-06-01,114.36000061035156,114.4000015258789,114.16000366210938,114.33000183105469,98.35887908935547,6209800
2021-06-02,114.44999694824219,114.51000213623047,114.30000305175781,114.4800033569336,98.48793029785156,6103900
2021-06-03,114.30999755859375,114.45999908447266,114.20999908447266,114.20999908447266,98.2556381225586,3464300
2021-06-04,114.38999938964844,114.68000030517578,114.22000122070312,114.68000030517578,98.65996551513672,4535800
2021-06-07,113.97000122070312,114.63999938964844,113.97000122070312,114.5999984741211,98.59112548828125,3728400
2021-06-08,114.83999633789062,114.87000274658203,114.77999877929688,114.80999755859375,98.77182006835938,4395100
2021-06-09,115.43000030517578,115.43000030517578,114.97000122070312,115.04000091552734,98.96968841552734,3643100
2021-06-10,115.30000305175781,115.30999755859375,114.86000061035156,115.27999877929688,99.1761703491211,4021900
2021-06-11,115.30999755859375,115.31999969482422,115.16000366210938,115.2300033569336,99.13314819335938,3781900
2021-06-14,115.18000030517578,115.18000030517578,114.94000244140625,114.94000244140625,98.88362884521484,3270800
2021-06-15,114.9000015258789,115.0199966430664,114.87000274658203,114.98999786376953,98.92668914794922,8230400
2021-06-16,115.06999969482422,115.12999725341797,114.51000213623047,114.62000274658203,98.60836791992188,8654200
2021-06-17,114.79000091552734,115.25,114.79000091552734,114.9800033569336,98.91805267333984,7641700
2021-06-18,115.05000305175781,115.38999938964844,114.91000366210938,115.29000091552734,99.18478393554688,5690400
2021-06-21,115.05999755859375,115.12000274658203,114.91999816894531,114.98999786376953,98.92668914794922,6875500
2021-06-22,114.83000183105469,115.13999938964844,114.83000183105469,115.11000061035156,99.0299072265625,6485100
2021-06-23,115.05999755859375,115.13999938964844,114.98999786376953,115.05000305175781,98.97827911376953,5070500
2021-06-24,115.0999984741211,115.16999816894531,115.05000305175781,115.08999633789062,99.01273345947266,8357900
2021-06-25,115.11000061035156,115.12999725341797,114.75,114.86000061035156,98.81485748291016,6496600
2021-06-28,115.04000091552734,115.2300033569336,115.04000091552734,115.19000244140625,99.09874725341797,5739000
2021-06-29,115.05999755859375,115.25,115.05000305175781,115.25,99.15031433105469,5097100
2021-06-30,115.36000061035156,115.44999694824219,115.30000305175781,115.33000183105469,99.21918487548828,6653100
2021-07-01,115.1500015258789,115.19000244140625,115.01000213623047,115.11000061035156,99.16405487060547,4744900
2021-07-02,115.2300033569336,115.37000274658203,115.16999816894531,115.36000061035156,99.37940979003906,4312800
2021-07-06,115.51000213623047,115.83000183105469,115.51000213623047,115.7300033569336,99.69818115234375,7372900
2021-07-07,115.83000183105469,116.0199966430664,115.75,115.93000030517578,99.8704833984375,7786400
2021-07-08,116.04000091552734,116.18000030517578,115.95999908447266,116.05999755859375,99.9824447631836,6538400
2021-07-09,115.73999786376953,115.76000213623047,115.68000030517578,115.68000030517578,99.65507507324219,4750800
2021-07-12,115.80000305175781,115.80999755859375,115.5999984741211,115.61000061035156,99.59476470947266,4266600
2021-07-13,115.6500015258789,115.76000213623047,115.30000305175781,115.36000061035156,99.37940979003906,5145200
2021-07-14,115.58999633789062,115.76000213623047,115.56999969482422,115.75,99.71537780761719,4977400
2021-07-15,115.94000244140625,116.0199966430664,115.72000122070312,116.0,99.9307632446289,4480900
2021-07-16,115.7699966430664,115.95999908447266,115.76000213623047,115.9000015258789,99.8446044921875,3869500
2021-07-19,116.38999938964844,116.61000061035156,116.3499984741211,116.51000213623047,100.37010192871094,6688100
2021-07-20,116.77999877929688,116.81999969482422,116.31999969482422,116.4000015258789,100.27535247802734,8474800
2021-07-21,116.08000183105469,116.1500015258789,115.91999816894531,116.0199966430664,99.94799041748047,9686100
2021-07-22,116.02999877929688,116.3499984741211,116.02999877929688,116.29000091552734,100.18058776855469,8176300
2021-07-23,116.02999877929688,116.22000122070312,116.02999877929688,116.20999908447266,100.11167907714844,4441000
2021-07-26,116.30000305175781,116.33000183105469,116.08999633789062,116.11000061035156,100.02552032470703,7127400
2021-07-27,116.3499984741211,116.4000015258789,116.2699966430664,116.37999725341797,100.25810241699219,5423800
2021-07-28,116.23999786376953,116.48999786376953,116.13999938964844,116.48999786376953,100.35287475585938,5463600
2021-07-29,116.29000091552734,116.36000061035156,116.2300033569336,116.30000305175781,100.1891860961914,6629500
2021-07-30,116.36000061035156,116.48999786376953,116.3499984741211,116.45999908447266,100.3270492553711,5552100
2021-08-02,116.36000061035156,116.68000030517578,116.30999755859375,116.54000091552734,100.54009246826172,5753800
2021-08-03,116.55999755859375,116.69000244140625,116.52999877929688,116.58000183105469,100.57465362548828,3715300
2021-08-04,116.7699966430664,116.83000183105469,116.30000305175781,116.56999969482422,100.56599426269531,4654300
2021-08-05,116.45999908447266,116.4800033569336,116.27999877929688,116.30999755859375,100.34169006347656,3283100
2021-08-06,115.93000030517578,116.0199966430664,115.77999877929688,115.79000091552734,99.89311981201172,3812000
2021-08-09,115.88999938964844,115.95999908447266,115.58000183105469,115.58000183105469,99.71194458007812,5298600
2021-08-10,115.6500015258789,115.6500015258789,115.43000030517578,115.43000030517578,99.58251953125,7332100
2021-08-11,115.45999908447266,115.69999694824219,115.33999633789062,115.54000091552734,99.67742156982422,6674600
2021-08-12,115.48999786376953,115.58000183105469,115.4000015258789,115.55000305175781,99.68606567382812,5017300
2021-08-13,115.6500015258789,115.97000122070312,115.63999938964844,115.97000122070312,100.04839324951172,4599800
2021-08-16,116.13999938964844,116.2699966430664,116.02999877929688,116.02999877929688,100.10015869140625,3693600
2021-08-17,115.9800033569336,116.08999633789062,115.93000030517578,115.94000244140625,100.02252197265625,5469200
2021-08-18,115.94000244140625,116.02999877929688,115.80000305175781,115.94999694824219,100.03111267089844,3981900
2021-08-19,116.12000274658203,116.16000366210938,116.0199966430664,116.1500015258789,100.20367431640625,4581300
2021-08-20,116.18000030517578,116.20999908447266,116.08000183105469,116.16000366210938,100.21227264404297,2897800
2021-08-23,116.08999633789062,116.18000030517578,116.04000091552734,116.16000366210938,100.21227264404297,6585300
2021-08-24,116.08000183105469,116.13999938964844,115.95999908447266,115.98999786376953,100.0656509399414,5875400
2021-08-25,115.98999786376953,116.01000213623047,115.68000030517578,115.7699966430664,99.87583923339844,5452000
2021-08-26,115.76000213623047,115.79000091552734,115.63999938964844,115.77999877929688,99.88449096679688,4879200
2021-08-27,115.80999755859375,116.0999984741211,115.70999908447266,116.0999984741211,100.16050720214844,5545600
2021-08-30,116.0199966430664,116.2300033569336,116.0,116.2300033569336,100.27267456054688,3706000
2021-08-31,116.18000030517578,116.29000091552734,116.0199966430664,116.05999755859375,100.12602233886719,6763900
2021-09-01,116.0199966430664,116.0199966430664,115.80999755859375,115.93000030517578,100.15800476074219,4154000
2021-09-02,116.0199966430664,116.05999755859375,115.91999816894531,116.05000305175781,100.26165771484375,5427300
2021-09-03,115.83999633789062,115.88999938964844,115.7699966430664,115.8499984741211,100.0888671875,5274300
2021-09-07,115.63999938964844,115.6500015258789,115.47000122070312,115.54000091552734,99.821044921875,3579900
2021-09-08,115.69999694824219,115.81999969482422,115.62000274658203,115.7300033569336,99.98522186279297,3417500
2021-09-09,115.83999633789062,116.1500015258789,115.76000213623047,116.0999984741211,100.30484008789062,3332600
2021-09-10,115.98999786376953,116.01000213623047,115.77999877929688,115.87000274658203,100.10615539550781,3957300
2021-09-13,116.0,116.08000183105469,115.95999908447266,116.0199966430664,100.2357406616211,3954100
2021-09-14,116.06999969482422,116.37999725341797,116.06999969482422,116.27999877929688,100.46037292480469,4183600
2021-09-15,116.29000091552734,116.29000091552734,116.08999633789062,116.16999816894531,100.36531066894531,3448500
2021-09-16,115.94999694824219,116.11000061035156,115.91000366210938,115.97000122070312,100.19256591796875,4265500
2021-09-17,115.80000305175781,115.87999725341797,115.73999786376953,115.87000274658203,100.10615539550781,5742500
2021-09-20,116.0199966430664,116.16999816894531,115.9800033569336,116.08999633789062,100.29623413085938,5464700
2021-09-21,116.12999725341797,116.16999816894531,116.05000305175781,116.13999938964844,100.33941650390625,5225200
2021-09-22,116.11000061035156,116.25,116.01000213623047,116.18000030517578,100.37396240234375,7139900
2021-09-23,115.93000030517578,115.94000244140625,115.56999969482422,115.61000061035156,99.88152313232422,8265000
2021-09-24,115.5,115.51000213623047,115.31999969482422,115.41000366210938,99.70872497558594,4461900
2021-09-27,115.20999908447266,115.37999725341797,115.19000244140625,115.25,99.57048034667969,5630600
2021-09-28,114.9000015258789,115.0,114.69999694824219,114.7699966430664,99.15579986572266,7017100
2021-09-29,114.97000122070312,115.05999755859375,114.72000122070312,114.8499984741211,99.22492980957031,6161300
2021-09-30,114.7699966430664,114.86000061035156,114.69000244140625,114.83000183105469,99.20765686035156,5348800
2021-10-01,114.81999969482422,115.05999755859375,114.79000091552734,115.0,99.51048278808594,7064500
2021-10-04,114.91999816894531,115.02999877929688,114.80000305175781,114.91999816894531,99.44127655029297,4180600
2021-10-05,114.81999969482422,114.87000274658203,114.61000061035156,114.6500015258789,99.2076416015625,7421900
2021-10-06,114.68000030517578,114.7300033569336,114.58999633789062,114.69999694824219,99.25090789794922,4893400
2021-10-07,114.45999908447266,114.5,114.33999633789062,114.37999725341797,98.9740219116211,4456100
2021-10-08,114.30999755859375,114.3499984741211,114.06999969482422,114.12999725341797,98.75767517089844,4581900
2021-10-11,114.01000213623047,114.06999969482422,113.94000244140625,113.94999694824219,98.60195922851562,2178400
2021-10-12,114.16999816894531,114.37999725341797,114.11000061035156,114.37000274658203,98.9653549194336,3688400
2021-10-13,114.43000030517578,114.63999938964844,114.41999816894531,114.62999725341797,99.19034576416016,5522700
2021-10-14,114.69999694824219,114.8499984741211,114.62999725341797,114.8499984741211,99.3807144165039,4094500
2021-10-15,114.61000061035156,114.62999725341797,114.51000213623047,114.56999969482422,99.1384048461914,4644800
2021-10-18,114.33000183105469,114.55999755859375,114.25,114.48999786376953,99.06918334960938,5575100
2021-10-19,114.37000274658203,114.37000274658203,114.16000366210938,114.16000366210938,98.7836685180664,5041000
2021-10-20,114.16999816894531,114.29000091552734,114.05999755859375,114.08000183105469,98.71441650390625,6183700
2021-10-21,114.01000213623047,114.04000091552734,113.83999633789062,113.83999633789062,98.50675201416016,5228300
2021-10-22,113.97000122070312,114.13999938964844,113.9000015258789,114.05999755859375,98.69713592529297,3528600
2021-10-25,114.05999755859375,114.2699966430664,114.05999755859375,114.16999816894531,98.79230499267578,8569600
2021-10-26,114.25,114.37999725341797,114.11000061035156,114.37999725341797,98.9740219116211,5429800
2021-10-27,114.66000366210938,114.91999816894531,114.43000030517578,114.76000213623047,99.30287170410156,8048500
2021-10-28,114.70999908447266,114.83000183105469,114.56999969482422,114.66999816894531,99.22496032714844,5916000
2021-10-29,114.3499984741211,114.77999877929688,114.3499984741211,114.63999938964844,99.19898223876953,10047900
2021-11-01,114.16000366210938,114.41999816894531,114.13999938964844,114.38999938964844,99.13829040527344,6197900
2021-11-02,114.43000030517578,114.69000244140625,114.43000030517578,114.62000274658203,99.33766174316406,5317000
2021-11-03,114.6500015258789,114.69000244140625,114.25,114.38999938964844,99.13829040527344,6421700
2021-11-04,114.51000213623047,114.83999633789062,114.4800033569336,114.7699966430664,99.46766662597656,6618100
2021-11-05,114.98999786376953,115.31999969482422,114.9000015258789,115.22000122070312,99.857666015625,7283100
2021-11-08,115.13999938964844,115.1500015258789,114.94999694824219,115.01000213623047,99.6756591796875,4922800
2021-11-09,115.37999725341797,115.5,115.29000091552734,115.33000183105469,99.9529800415039,8960500
2021-11-10,115.11000061035156,115.13999938964844,114.4000015258789,114.55000305175781,99.2770004272461,11620300
2021-11-11,114.51000213623047,114.56999969482422,114.30000305175781,114.33999633789062,99.09497833251953,3937100
2021-11-12,114.5,114.58999633789062,114.26000213623047,114.31999969482422,99.07762145996094,4554700
2021-11-15,114.30000305175781,114.30999755859375,113.9000015258789,113.9000015258789,98.71365356445312,6405000
2021-11-16,113.91999816894531,114.11000061035156,113.83999633789062,113.86000061035156,98.67898559570312,7484000
2021-11-17,113.79000091552734,114.12999725341797,113.7699966430664,114.12999725341797,98.91297912597656,7173100
2021-11-18,114.05000305175781,114.27999877929688,114.02999877929688,114.2300033569336,98.99964904785156,4226900
2021-11-19,114.48999786376953,114.58999633789062,114.41999816894531,114.44999694824219,99.19032287597656,5685900
2021-11-22,114.13999938964844,114.2300033569336,113.81999969482422,113.9000015258789,98.71365356445312,6995300
2021-11-23,113.70999908447266,113.7699966430664,113.44999694824219,113.44999694824219,98.32366180419922,6268600
2021-11-24,113.47000122070312,113.7300033569336,113.38999938964844,113.70999908447266,98.54898834228516,8472400
2021-11-26,114.33000183105469,114.58000183105469,114.19999694824219,114.5199966430664,99.2509994506836,3258900
2021-11-29,114.1500015258789,114.5999984741211,114.12999725341797,114.58000183105469,99.30298614501953,8982800
2021-11-30,114.87000274658203,115.11000061035156,114.5,114.7699966430664,99.46766662597656,13109000
2021-12-01,114.2699966430664,114.63999938964844,114.20999908447266,114.62999725341797,99.48674774169922,12772700
2021-12-02,114.66999816894531,114.79000091552734,114.4000015258789,114.61000061035156,99.46936798095703,7759700
2021-12-03,114.5,115.23999786376953,114.45999908447266,115.06999969482422,99.86859130859375,7600800
2021-12-06,114.9800033569336,115.04000091552734,114.62000274658203,114.66999816894531,99.52145385742188,9416700
2021-12-07,114.5199966430664,114.70999908447266,114.44999694824219,114.48999786376953,99.365234375,6786900
2021-12-08,114.37000274658203,114.37000274658203,114.05000305175781,114.19000244140625,99.10488891601562,8050100
2021-12-09,114.27999877929688,114.38999938964844,114.12000274658203,114.19999694824219,99.11356353759766,8646500
2021-12-10,114.37000274658203,114.51000213623047,114.22000122070312,114.2300033569336,99.13958740234375,6501300
2021-12-13,114.51000213623047,114.70999908447266,114.45999908447266,114.62999725341797,99.48674774169922,8659300
2021-12-14,114.45999908447266,114.54000091552734,114.26000213623047,114.41000366210938,99.29580688476562,7503600
2021-12-15,114.2300033569336,114.44999694824219,114.11000061035156,114.31999969482422,99.21769714355469,7459100
2021-12-16,114.26000213623047,114.4800033569336,114.26000213623047,114.36000061035156,99.3541030883789,7566600
2021-12-17,114.55000305175781,114.68000030517578,114.47000122070312,114.5,99.47573852539062,7428000
2021-12-20,114.56999969482422,114.61000061035156,114.31999969482422,114.33000183105469,99.3280258178711,7382600
2021-12-21,114.06999969482422,114.31999969482422,113.97000122070312,114.23999786376953,99.24986267089844,12970200
2021-12-22,114.33000183105469,114.3499984741211,114.16999816894531,114.33999633789062,99.33670043945312,6171700
2021-12-23,114.29000091552734,114.30999755859375,114.06999969482422,114.19999694824219,99.21510314941406,5506700
2021-12-27,114.1500015258789,114.30000305175781,114.12999725341797,114.26000213623047,99.2672348022461,5436800
2021-12-28,114.43000030517578,114.44999694824219,114.16999816894531,114.20999908447266,99.22377014160156,5253800
2021-12-29,113.98999786376953,114.05000305175781,113.80999755859375,113.87000274658203,98.92839050292969,5933800
2021-12-30,113.98999786376953,114.12999725341797,113.83000183105469,114.12000274658203,99.14559936523438,5455400
2021-12-31,114.1500015258789,114.30999755859375,114.05999755859375,114.08000183105469,99.11080932617188,7989500
2022-01-03,113.66999816894531,113.68000030517578,113.30000305175781,113.30000305175781,98.43321990966797,9399200
2022-01-04,113.22000122070312,113.30000305175781,113.08000183105469,113.29000091552734,98.42450714111328,7772100
2022-01-05,113.33999633789062,113.36000061035156,112.9000015258789,112.94000244140625,98.12042236328125,8530900
2022-01-06,112.75,112.83999633789062,112.66000366210938,112.81999969482422,98.01618194580078,8866500
2022-01-07,112.69000244140625,112.70999908447266,112.33999633789062,112.48999786376953,97.72947692871094,9018900
2022-01-10,112.2300033569336,112.41999816894531,112.13999938964844,112.38999938964844,97.64258575439453,8074900
2022-01-11,112.33000183105469,112.62999725341797,112.2699966430664,112.5999984741211,97.82502746582031,6728600
2022-01-12,112.72000122070312,112.79000091552734,112.58000183105469,112.5999984741211,97.82502746582031,6713200
2022-01-13,112.5999984741211,112.80000305175781,112.51000213623047,112.80000305175781,97.99879455566406,8454300
2022-01-14,112.52999877929688,112.55000305175781,112.1500015258789,112.16999816894531,97.45147705078125,9113400
2022-01-18,111.80999755859375,111.86000061035156,111.47000122070312,111.48999786376953,96.86068725585938,7943800
2022-01-19,111.69999694824219,111.88999938964844,111.6500015258789,111.7300033569336,97.06919860839844,8321000
2022-01-20,111.83999633789062,111.9000015258789,111.75,111.79000091552734,97.1213150024414,7186400
2022-01-21,112.19000244140625,112.3499984741211,112.11000061035156,112.2300033569336,97.50360870361328,8679600
2022-01-24,112.37999725341797,112.41999816894531,112.0999984741211,112.0999984741211,97.39060974121094,12131400
2022-01-25,112.18000030517578,112.30000305175781,111.95999908447266,111.98999786376953,97.29509735107422,9541000
2022-01-26,112.05999755859375,112.12999725341797,111.36000061035156,111.36000061035156,96.74774169921875,10729400
2022-01-27,111.62000274658203,111.87999725341797,111.62000274658203,111.7300033569336,97.06919860839844,6146800
2022-01-28,111.45999908447266,111.86000061035156,111.44000244140625,111.80999755859375,97.13871002197266,10855600
2022-01-31,111.63999938964844,111.88999938964844,111.5999984741211,111.80000305175781,97.13002014160156,12837400
2022-02-01,111.66000366210938,111.68000030517578,111.37999725341797,111.5999984741211,97.09609985351562,10356000
2022-02-02,111.69999694824219,111.97000122070312,111.66999816894531,111.72000122070312,97.2004623413086,7967900
2022-02-03,111.26000213623047,111.37000274658203,111.12999725341797,111.2699966430664,96.80895233154297,10290400
2022-02-04,110.75,110.75,110.47000122070312,110.56999969482422,96.19995880126953,6967200
2022-02-07,110.56999969482422,110.70999908447266,110.47000122070312,110.66999816894531,96.28694915771484,6723400
2022-02-08,110.44000244140625,110.4800033569336,110.31999969482422,110.33000183105469,95.99113464355469,7987000
2022-02-09,110.51000213623047,110.68000030517578,110.38999938964844,110.4000015258789,96.05201721191406,9194400
2022-02-10,109.97000122070312,110.05999755859375,109.37999725341797,109.37999725341797,95.16458892822266,10761200
2022-02-11,109.73999786376953,110.16000366210938,109.33999633789062,110.0999984741211,95.791015625,13868300
2022-02-14,109.66000366210938,109.76000213623047,109.4000015258789,109.45999908447266,95.23421478271484,8843700
2022-02-15,109.36000061035156,109.51000213623047,109.23999786376953,109.27999877929688,95.07759094238281,5820200
2022-02-16,109.44000244140625,109.4800033569336,109.0999984741211,109.41000366210938,95.1906967163086,8116000
2022-02-17,109.58000183105469,109.80999755859375,109.51000213623047,109.63999938964844,95.39081573486328,10217000
2022-02-18,109.83000183105469,109.87999725341797,109.70999908447266,109.87000274658203,95.59093475341797,7110900
2022-02-22,109.68000030517578,109.77999877929688,109.55999755859375,109.75,95.48651123046875,7604400
2022-02-23,109.5199966430664,109.55000305175781,109.2300033569336,109.26000213623047,95.06018829345703,11732100
2022-02-24,109.66999816894531,109.7699966430664,109.16999816894531,109.45999908447266,95.23421478271484,12372100
2022-02-25,109.44999694824219,109.58000183105469,109.33000183105469,109.56999969482422,95.32987976074219,10089100
2022-02-28,110.02999877929688,110.43000030517578,110.0199966430664,110.36000061035156,96.01721954345703,16594600
2022-03-01,110.5999984741211,111.16999816894531,110.56999969482422,110.81999969482422,96.5583267211914,14355100
2022-03-02,110.30000305175781,110.37999725341797,109.45999908447266,109.48999786376953,95.39948272705078,9028800
2022-03-03,109.79000091552734,110.0,109.6500015258789,109.86000061035156,95.72185516357422,15802600
2022-03-04,110.4000015258789,110.55000305175781,110.2300033569336,110.30000305175781,96.10523223876953,7838500
2022-03-07,109.87000274658203,110.13999938964844,109.63999938964844,109.66000366210938,95.54759979248047,12740600
2022-03-08,109.25,109.33000183105469,109.12000274658203,109.2699966430664,95.207763671875,9933700
2022-03-09,109.0999984741211,109.20999908447266,108.93000030517578,109.04000091552734,95.00740814208984,11192300
2022-03-10,108.66000366210938,108.68000030517578,108.25,108.43000030517578,94.47589874267578,16234900
2022-03-11,108.44000244140625,108.55000305175781,108.33999633789062,108.41000366210938,94.45846557617188,11997800
2022-03-14,107.79000091552734,107.81999969482422,107.36000061035156,107.36000061035156,93.54359436035156,10961600
2022-03-15,107.83999633789062,107.91999816894531,107.43000030517578,107.5999984741211,93.75273132324219,14001200
2022-03-16,107.62999725341797,107.7300033569336,107.0,107.68000030517578,93.82244110107422,16805400
2022-03-17,107.8499984741211,108.05999755859375,107.7300033569336,107.86000061035156,93.979248046875,8035400
2022-03-18,107.93000030517578,108.13999938964844,107.91999816894531,108.0999984741211,94.18836212158203,7864100
2022-03-21,107.58000183105469,107.6500015258789,106.9800033569336,107.04000091552734,93.2647933959961,8024800
2022-03-22,106.73999786376953,106.87999725341797,106.61000061035156,106.75,93.01211547851562,16120500
2022-03-23,106.95999908447266,107.20999908447266,106.70999908447266,107.19000244140625,93.3954849243164,9060700
2022-03-24,106.72000122070312,107.04000091552734,106.6500015258789,106.94999694824219,93.1863784790039,7480500
2022-03-25,106.56999969482422,106.6500015258789,105.9800033569336,106.0999984741211,92.44576263427734,10538700
2022-03-28,106.25,106.52999877929688,106.16000366210938,106.36000061035156,92.67228698730469,8540500
2022-03-29,106.61000061035156,106.88999938964844,106.45999908447266,106.86000061035156,93.10796356201172,11396500
2022-03-30,106.5999984741211,107.1500015258789,106.58999633789062,107.1500015258789,93.36061096191406,11544400
2022-03-31,107.16999816894531,107.37999725341797,107.05999755859375,107.0999984741211,93.31707000732422,13799100
2022-04-01,106.3499984741211,106.94999694824219,106.25,106.75,93.15127563476562,11581600
2022-04-04,106.83999633789062,106.87000274658203,106.55999755859375,106.83999633789062,93.22979736328125,9956400
2022-04-05,106.58000183105469,106.62999725341797,105.73999786376953,105.76000213623047,92.28739929199219,11028300
2022-04-06,105.20999908447266,105.80999755859375,105.12000274658203,105.48999786376953,92.05177307128906,13116000
2022-04-07,105.37999725341797,105.51000213623047,105.12999725341797,105.26000213623047,91.85108947753906,7922500
2022-04-08,104.81999969482422,105.01000213623047,104.62000274658203,104.7300033569336,91.38860321044922,6503200
2022-04-11,104.44000244140625,104.51000213623047,104.16999816894531,104.27999877929688,90.99591827392578,8381800
2022-04-12,104.80000305175781,104.91999816894531,104.58000183105469,104.61000061035156,91.28384399414062,8498700
2022-04-13,104.7699966430664,105.08999633789062,104.73999786376953,104.81999969482422,91.4671401977539,6801000
2022-04-14,104.7300033569336,104.73999786376953,103.93000030517578,103.97000122070312,90.72540283203125,8510100
2022-04-18,103.97000122070312,104.0199966430664,103.61000061035156,103.6500015258789,90.44615936279297,8633000
2022-04-19,103.26000213623047,103.43000030517578,102.97000122070312,103.0199966430664,89.89640808105469,7847500
2022-04-20,103.36000061035156,103.73999786376953,103.30000305175781,103.61000061035156,90.41126251220703,8460900
2022-04-21,103.44000244140625,103.47000122070312,102.79000091552734,103.04000091552734,89.91385650634766,11395800
2022-04-22,102.7300033569336,103.18000030517578,102.66999816894531,102.94000244140625,89.82660675048828,9159000
2022-04-25,103.47000122070312,103.93000030517578,103.47000122070312,103.62999725341797,90.42871856689453,8777500
2022-04-26,104.12999725341797,104.12999725341797,103.80000305175781,103.94999694824219,90.70793914794922,8535100
2022-04-27,103.91000366210938,104.01000213623047,103.52999877929688,103.52999877929688,90.34142303466797,11185400
2022-04-28,103.33000183105469,103.51000213623047,103.16999816894531,103.48999786376953,90.30654907226562,10372200
2022-04-29,102.91999816894531,103.2699966430664,102.81999969482422,102.87000274658203,89.76553344726562,9924100
2022-05-02,102.31999969482422,102.36000061035156,102.0,102.12999725341797,89.2768783569336,12729000
2022-05-03,102.70999908447266,102.79000091552734,102.29000091552734,102.36000061035156,89.4779281616211,12165300
2022-05-04,102.31999969482422,103.05000305175781,102.12000274658203,103.0199966430664,90.05487060546875,14656400
2022-05-05,102.4800033569336,102.5199966430664,101.58999633789062,102.0,89.1632308959961,17474400
2022-05-06,101.66000366210938,101.94999694824219,101.48999786376953,101.56999969482422,88.78734588623047,8314100
2022-05-09,101.54000091552734,102.0999984741211,101.4800033569336,102.06999969482422,89.22443389892578,8640900
2022-05-10,102.5199966430664,102.72000122070312,102.31999969482422,102.37999725341797,89.49542236328125,18465000
2022-05-11,102.06999969482422,102.79000091552734,101.95999908447266,102.76000213623047,89.82759857177734,16462000
2022-05-12,102.94000244140625,103.13999938964844,102.87000274658203,102.94999694824219,89.99369049072266,9015300
2022-05-13,102.75,102.77999877929688,102.4800033569336,102.51000213623047,89.60903930664062,6715600
2022-05-16,102.70999908447266,102.97000122070312,102.69000244140625,102.73999786376953,89.81011199951172,7239200
2022-05-17,102.2699966430664,102.43000030517578,102.13999938964844,102.18000030517578,89.32058715820312,6559000
2022-05-18,102.11000061035156,102.63999938964844,102.08000183105469,102.58999633789062,89.6789779663086,6093800
2022-05-19,103.19999694824219,103.22000122070312,102.75,102.8499984741211,89.90625,10504300
2022-05-20,102.94999694824219,103.20999908447266,102.87999725341797,103.16000366210938,90.17723846435547,6731400
2022-05-23,103.01000213623047,103.19999694824219,102.7300033569336,102.81999969482422,89.88005828857422,8007200
2022-05-24,103.13999938964844,103.73999786376953,103.12999725341797,103.61000061035156,90.57064056396484,10332300
2022-05-25,103.93000030517578,104.06999969482422,103.7699966430664,104.04000091552734,90.9465103149414,7718100
2022-05-26,104.06999969482422,104.19000244140625,103.80000305175781,103.95999908447266,90.87655639648438,5720000
2022-05-27,104.08999633789062,104.30999755859375,104.0199966430664,104.12999725341797,91.02517700195312,5496300
2022-05-31,103.52999877929688,103.63999938964844,103.29000091552734,103.47000122070312,90.44824981689453,10491700
2022-06-01,103.38999938964844,103.52999877929688,102.75,102.86000061035156,90.07695007324219,8056700
2022-06-02,103.05999755859375,103.08999633789062,102.7300033569336,102.98999786376953,90.1907958984375,7456800
2022-06-03,102.66999816894531,102.91000366210938,102.63999938964844,102.81999969482422,90.04192352294922,6561100
2022-06-06,102.66999816894531,102.7699966430664,102.16000366210938,102.19000244140625,89.49020385742188,5144500
2022-06-07,102.41999816894531,102.76000213623047,102.4000015258789,102.58000183105469,89.83174896240234,5620200
2022-06-08,102.41999816894531,102.55999755859375,102.16000366210938,102.16000366210938,89.46390533447266,4150800
2022-06-09,102.06999969482422,102.22000122070312,101.97000122070312,102.05000305175781,89.36759185791016,5423500
2022-06-10,101.66999816894531,101.72000122070312,101.02999877929688,101.26000213623047,88.6758041381836,7830000
2022-06-13,100.0999984741211,100.3499984741211,99.12999725341797,99.5999984741211,87.2220687866211,9479000
2022-06-14,99.83999633789062,99.94000244140625,98.86000061035156,99.01000213623047,86.70538330078125,10943400
2022-06-15,99.69000244140625,100.16000366210938,99.18000030517578,100.11000061035156,87.66869354248047,10979000
2022-06-16,99.23999786376953,100.36000061035156,99.13999938964844,100.3499984741211,87.8788833618164,9329900
2022-06-17,100.41999816894531,100.56999969482422,99.9800033569336,100.33999633789062,87.8700942993164,9892200
2022-06-21,100.0199966430664,100.26000213623047,99.79000091552734,99.94000244140625,87.51980590820312,9022500
2022-06-22,100.66999816894531,100.93000030517578,100.66999816894531,100.79000091552734,88.2641830444336,9437000
2022-06-23,101.25,101.76000213623047,101.12999725341797,101.20999908447266,88.6319808959961,7773900
2022-06-24,101.11000061035156,101.47000122070312,101.0,101.05000305175781,88.49186706542969,7389600
2022-06-27,100.66999816894531,100.94999694824219,100.4800033569336,100.5999984741211,88.09779357910156,8319700
2022-06-28,100.52999877929688,100.66000366210938,100.4000015258789,100.63999938964844,88.13284301757812,6540000
2022-06-29,100.80000305175781,101.23999786376953,100.68000030517578,101.22000122070312,88.6407470703125,7326500
2022-06-30,101.5999984741211,101.95999908447266,101.58000183105469,101.68000030517578,89.04358673095703,7521300
2022-07-01,102.20999908447266,102.79000091552734,102.08999633789062,102.33999633789062,89.78580474853516,7393100
2022-07-05,102.54000091552734,102.69999694824219,102.3499984741211,102.52999877929688,89.95247650146484,6813100
2022-07-06,102.77999877929688,102.80000305175781,101.83999633789062,101.83999633789062,89.34715270996094,6647700
2022-07-07,101.94000244140625,101.9800033569336,101.5199966430664,101.61000061035156,89.1453628540039,8226500
2022-07-08,101.3499984741211,101.44999694824219,101.16000366210938,101.2300033569336,88.81198120117188,5270100
2022-07-11,101.66999816894531,101.91999816894531,101.5999984741211,101.69999694824219,89.22428894042969,5758400
2022-07-12,102.0199966430664,102.19000244140625,101.81999969482422,101.83999633789062,89.34715270996094,6690500
2022-07-13,101.2300033569336,102.23999786376953,101.19000244140625,102.20999908447266,89.67171478271484,6534700
2022-07-14,101.51000213623047,101.9800033569336,101.33000183105469,101.8499984741211,89.35589599609375,6233300
2022-07-15,101.94000244140625,102.3499984741211,101.9000015258789,102.25,89.70683288574219,8640400
2022-07-18,102.0,102.02999877929688,101.72000122070312,101.91999816894531,89.4173355102539,6006400
2022-07-19,101.94999694824219,101.98999786376953,101.66000366210938,101.77999877929688,89.29450225830078,5936200
2022-07-20,102.16000366210938,102.16999816894531,101.66999816894531,101.70999908447266,89.23308563232422,6124000
2022-07-21,101.95999908447266,102.58000183105469,101.95999908447266,102.55999755859375,89.97882843017578,5920000
2022-07-22,103.26000213623047,103.5999984741211,103.12000274658203,103.36000061035156,90.6806640625,7323100
2022-07-25,102.9000015258789,103.08999633789062,102.87000274658203,102.9800033569336,90.34730529785156,3729500
2022-07-26,103.44000244140625,103.51000213623047,102.95999908447266,102.95999908447266,90.3297348022461,6312200
2022-07-27,103.19000244140625,103.63999938964844,103.18000030517578,103.31999969482422,90.64558410644531,5431400
2022-07-28,104.08999633789062,104.20999908447266,103.83999633789062,104.05999755859375,91.29480743408203,6473800
2022-07-29,103.94000244140625,104.4000015258789,103.83000183105469,104.06999969482422,91.30359649658203,7674600
2022-08-01,103.98999786376953,104.30999755859375,103.91000366210938,104.2300033569336,91.62002563476562,7733700
2022-08-02,104.2699966430664,104.3499984741211,103.13999938964844,103.16000366210938,90.67948913574219,6869400
2022-08-03,103.02999877929688,103.63999938964844,102.72000122070312,103.62000274658203,91.0838394165039,6261700
2022-08-04,103.66999816894531,103.88999938964844,103.56999969482422,103.87000274658203,91.30358123779297,5199700
2022-08-05,102.80999755859375,102.83000183105469,102.5199966430664,102.70999908447266,90.28390502929688,4847100
2022-08-08,103.0999984741211,103.29000091552734,103.04000091552734,103.18000030517578,90.69705963134766,3425000
2022-08-09,102.91999816894531,103.05000305175781,102.83999633789062,102.94999694824219,90.49488830566406,3854000
2022-08-10,103.43000030517578,103.68000030517578,103.11000061035156,103.20999908447266,90.72344207763672,7156200
2022-08-11,103.37999725341797,103.62999725341797,102.62000274658203,102.66000366210938,90.23995971679688,8518200
2022-08-12,102.97000122070312,103.12000274658203,102.72000122070312,103.12000274658203,90.64431762695312,3643400
2022-08-15,103.37000274658203,103.44999694824219,103.23999786376953,103.25,90.75858306884766,3782900
2022-08-16,103.12999725341797,103.12999725341797,102.79000091552734,103.0999984741211,90.62670135498047,4976100
2022-08-17,102.63999938964844,102.73999786376953,102.33999633789062,102.48999786376953,90.09053039550781,7222300
2022-08-18,102.69999694824219,102.93000030517578,102.63999938964844,102.70999908447266,90.28390502929688,4260600
2022-08-19,102.12999725341797,102.12999725341797,101.8499984741211,101.98999786376953,89.6510238647461,4575500
2022-08-22,101.81999969482422,101.88999938964844,101.5199966430664,101.55000305175781,89.26426696777344,7133200
2022-08-23,101.54000091552734,101.97000122070312,101.4000015258789,101.51000213623047,89.22908782958984,7369600
2022-08-24,101.3499984741211,101.4000015258789,101.1500015258789,101.23999786376953,88.99174499511719,6318900
2022-08-25,101.33000183105469,101.87000274658203,101.23999786376953,101.80000305175781,89.48402404785156,8217300
2022-08-26,101.66999816894531,101.8499984741211,101.41999816894531,101.61000061035156,89.3169937133789,5584800
2022-08-29,101.2699966430664,101.27999877929688,101.05999755859375,101.12000274658203,88.88628387451172,7509000
2022-08-30,101.26000213623047,101.44999694824219,100.93000030517578,101.25,89.00051879882812,6573600
2022-08-31,101.04000091552734,101.2300033569336,100.63999938964844,100.70999908447266,88.52587890625,6116500
2022-09-01,100.06999969482422,100.1500015258789,99.66000366210938,100.06999969482422,88.14185333251953,8961600
2022-09-02,100.37000274658203,100.66999816894531,100.12999725341797,100.36000061035156,88.39727783203125,5966800
2022-09-06,99.95999908447266,99.97000122070312,99.41000366210938,99.41999816894531,87.56932067871094,5341300
2022-09-07,99.7300033569336,100.12999725341797,99.72000122070312,100.11000061035156,88.17707824707031,3607100
2022-09-08,100.0,100.18000030517578,99.79000091552734,99.79000091552734,87.89524841308594,5546200
2022-09-09,99.98999786376953,100.12999725341797,99.7300033569336,99.77999877929688,87.88640594482422,7496100
2022-09-12,100.0,100.08999633789062,99.51000213623047,99.62999725341797,87.7542953491211,8535500
2022-09-13,98.91000366210938,99.19000244140625,98.9000015258789,99.06999969482422,87.26103973388672,4957400
2022-09-14,99.0,99.3499984741211,98.97000122070312,99.19999694824219,87.37555694580078,7557300
2022-09-15,99.04000091552734,99.11000061035156,98.83999633789062,98.9000015258789,87.1113052368164,6016600
2022-09-16,98.66000366210938,99.01000213623047,98.61000061035156,98.83000183105469,87.04965209960938,6965400
2022-09-19,98.52999877929688,98.83999633789062,98.4800033569336,98.68000030517578,86.91753387451172,5982200
2022-09-20,98.20999908447266,98.4000015258789,98.08000183105469,98.23999786376953,86.52998352050781,11271700
2022-09-21,98.4000015258789,98.5999984741211,97.86000061035156,98.55000305175781,86.80301666259766,7094400
2022-09-22,97.9000015258789,97.91999816894531,97.4000015258789,97.5,85.8781967163086,7092400
2022-09-23,97.4000015258789,97.44999694824219,96.88999938964844,97.19999694824219,85.61395263671875,11059300
2022-09-26,96.87000274658203,96.91000366210938,95.87000274658203,95.94999694824219,84.51294708251953,9009900
2022-09-27,95.97000122070312,96.08000183105469,95.37999725341797,95.54000091552734,84.15184783935547,11440200
2022-09-28,96.47000122070312,97.12999725341797,96.2699966430664,97.08000183105469,85.50823211669922,10539800
2022-09-29,96.4800033569336,96.80000305175781,96.29000091552734,96.56999969482422,85.05905151367188,8666100
2022-09-30,96.86000061035156,97.08999633789062,96.19000244140625,96.33999633789062,84.85646057128906,14376300
2022-10-03,96.88999938964844,97.4800033569336,96.63999938964844,96.91000366210938,85.5458984375,9617900
2022-10-04,97.20999908447266,97.55000305175781,97.08000183105469,97.16999816894531,85.7753677368164,6964200
2022-10-05,96.69000244140625,96.98999786376953,96.2699966430664,96.66000366210938,85.32518005371094,9512800
2022-10-06,96.58999633789062,96.70999908447266,96.20999908447266,96.27999877929688,84.98974609375,5625100
2022-10-07,95.80999755859375,96.01000213623047,95.68000030517578,95.7699966430664,84.53956604003906,6149600
2022-10-10,95.7300033569336,95.75,95.1500015258789,95.33999633789062,84.15998840332031,4074700
2022-10-11,95.62999725341797,95.83000183105469,95.2699966430664,95.4000015258789,84.21293640136719,8892800
2022-10-12,95.25,95.61000061035156,95.2300033569336,95.4800033569336,84.28356170654297,5651200
2022-10-13,94.2300033569336,95.44000244140625,94.18000030517578,95.18000030517578,84.01874542236328,6254400
2022-10-14,95.62999725341797,95.62999725341797,94.61000061035156,94.66000366210938,83.55974578857422,8580700
2022-10-17,95.25,95.4000015258789,94.83000183105469,94.86000061035156,83.73626708984375,5460600
2022-10-18,95.11000061035156,95.18000030517578,94.63999938964844,95.0199966430664,83.87748718261719,6389100
2022-10-19,94.41000366210938,94.55999755859375,94.1500015258789,94.19999694824219,83.1536636352539,6316100
2022-10-20,94.05999755859375,94.26000213623047,93.55999755859375,93.62999725341797,82.65049743652344,9012900
2022-10-21,93.2699966430664,93.87000274658203,93.19999694824219,93.7699966430664,82.77408599853516,8371100
2022-10-24,93.7699966430664,94.02999877929688,93.44999694824219,93.63999938964844,82.65934753417969,6090400
2022-10-25,94.38999938964844,94.70999908447266,94.36000061035156,94.55999755859375,83.47142791748047,11710400
2022-10-26,94.77999877929688,95.16999816894531,94.76000213623047,94.9800033569336,83.84220123291016,7884100
2022-10-27,95.20999908447266,95.62000274658203,94.98999786376953,95.45999908447266,84.26588439941406,6913500
2022-10-28,95.01000213623047,95.45999908447266,94.9800033569336,95.22000122070312,84.0540542602539,6229200
2022-10-31,95.01000213623047,95.05999755859375,94.5999984741211,94.9000015258789,83.77153778076172,10946400
2022-11-01,95.25,95.3499984741211,94.6500015258789,94.86000061035156,83.92728424072266,8096800
2022-11-02,94.9800033569336,95.51000213623047,94.52999877929688,94.69999694824219,83.78573608398438,8584100
2022-11-03,93.97000122070312,94.51000213623047,93.93000030517578,94.3499984741211,83.47606658935547,9314800
2022-11-04,94.43000030517578,94.63999938964844,94.16999816894531,94.33999633789062,83.46721649169922,6918300
2022-11-07,94.41000366210938,94.45999908447266,94.02999877929688,94.04000091552734,83.20178985595703,7597200
2022-11-08,94.23999786376953,94.61000061035156,94.22000122070312,94.44000244140625,83.55567932128906,5834900
2022-11-09,94.38999938964844,94.69999694824219,94.25,94.55000305175781,83.65301513671875,6694200
2022-11-10,95.9800033569336,96.58000183105469,95.79000091552734,96.58000183105469,85.44905853271484,8494800
2022-11-11,96.2300033569336,96.61000061035156,96.2300033569336,96.51000213623047,85.38714599609375,4953100
2022-11-14,96.43000030517578,96.44999694824219,96.18000030517578,96.23999786376953,85.14828491210938,7457600
2022-11-15,96.80000305175781,96.94999694824219,96.61000061035156,96.94999694824219,85.77642822265625,7962000
2022-11-16,97.25,97.62999725341797,97.13999938964844,97.55000305175781,86.3072738647461,11075000
2022-11-17,97.02999877929688,97.16999816894531,96.8499984741211,97.13999938964844,85.94452667236328,6889000
2022-11-18,97.22000122070312,97.33000183105469,96.91000366210938,97.0,85.82064056396484,4714900
2022-11-21,97.2699966430664,97.33999633789062,96.91000366210938,96.94000244140625,85.76758575439453,6829100
2022-11-22,97.18000030517578,97.5,97.18000030517578,97.44000244140625,86.2099609375,8039000
2022-11-23,97.58000183105469,98.0199966430664,97.58000183105469,98.0199966430664,86.72309112548828,5885600
2022-11-25,97.80999755859375,98.04000091552734,97.80999755859375,98.04000091552734,86.74079132080078,2718600
2022-11-28,98.13999938964844,98.19000244140625,97.83999633789062,97.87999725341797,86.5992202758789,7920700
2022-11-29,97.54000091552734,97.79000091552734,97.48999786376953,97.52999877929688,86.28958892822266,6643300
2022-11-30,97.4800033569336,98.31999969482422,97.29000091552734,98.29000091552734,86.96199035644531,8963500
2022-12-01,98.30000305175781,98.88999938964844,98.16999816894531,98.87999725341797,87.68560028076172,12471300
2022-12-02,98.48999786376953,99.30000305175781,98.30000305175781,99.29000091552734,88.0491714477539,6368000
2022-12-05,98.81999969482422,99.29000091552734,98.30000305175781,98.51000213623047,87.35746765136719,8072500
2022-12-06,98.70999908447266,98.91999816894531,98.58999633789062,98.80000305175781,87.6146469116211,7660100
2022-12-07,99.29000091552734,99.7300033569336,99.16999816894531,99.68000030517578,88.39501953125,6752900
2022-12-08,99.38999938964844,99.5999984741211,99.23999786376953,99.37999725341797,88.12899780273438,6307200
2022-12-09,99.12000274658203,99.20999908447266,98.7699966430664,98.79000091552734,87.60577392578125,8994400
2022-12-12,99.19000244140625,99.23999786376953,98.62999725341797,98.80999755859375,87.62355041503906,10384200
2022-12-13,100.18000030517578,100.18000030517578,99.4000015258789,99.47000122070312,88.20880126953125,9120600
2022-12-14,99.5199966430664,99.79000091552734,99.16999816894531,99.69000244140625,88.40388488769531,10624000
2022-12-15,99.56999969482422,99.69999694824219,99.37000274658203,99.61000061035156,88.53366088867188,9423900
2022-12-16,98.95999908447266,99.5199966430664,98.94000244140625,99.3499984741211,88.30255889892578,7546100
2022-12-19,98.9000015258789,98.93000030517578,98.61000061035156,98.73999786376953,87.76040649414062,10351000
2022-12-20,98.0999984741211,98.26000213623047,97.9800033569336,98.06999969482422,87.16490173339844,10282200
2022-12-21,98.48999786376953,98.54000091552734,98.19000244140625,98.33999633789062,87.4048843383789,8489300
2022-12-22,98.31999969482422,98.47000122070312,98.22000122070312,98.30999755859375,87.3781967163086,8267800
2022-12-23,98.05000305175781,98.11000061035156,97.9000015258789,97.97000122070312,87.0760269165039,4823400
2022-12-27,97.45999908447266,97.62000274658203,97.20999908447266,97.26000213623047,86.44497680664062,7925700
2022-12-28,97.47000122070312,97.5,97.08000183105469,97.08999633789062,86.29389953613281,12131200
2022-12-29,97.20999908447266,97.47000122070312,97.18000030517578,97.44999694824219,86.61383056640625,7763300
2022-12-30,97.25,97.36000061035156,96.97000122070312,96.98999786376953,86.2049789428711,8469000
2023-01-03,97.97000122070312,97.97000122070312,97.37000274658203,97.55999755859375,86.71163940429688,19930800
2023-01-04,98.16999816894531,98.25,97.88999938964844,98.0999984741211,87.19155883789062,10080100
2023-01-05,97.63999938964844,98.05999755859375,97.56999969482422,98.0199966430664,87.12043762207031,9682000
2023-01-06,98.12999725341797,99.1500015258789,98.04000091552734,99.08999633789062,88.07147979736328,8503000
2023-01-09,99.05999755859375,99.5,99.0,99.33999633789062,88.29368591308594,7849600
2023-01-10,99.0199966430664,99.1500015258789,98.73999786376953,98.95999908447266,87.95592498779297,7291300
2023-01-11,99.27999877929688,99.56999969482422,99.26000213623047,99.56999969482422,88.49811553955078,6102900
2023-01-12,99.83999633789062,100.52999877929688,99.48999786376953,100.29000091552734,89.13805389404297,8342700
2023-01-13,100.0199966430664,100.26000213623047,99.83000183105469,99.91999816894531,88.8091812133789,6719000
2023-01-17,99.73999786376953,99.95999908447266,99.6500015258789,99.73999786376953,88.64920806884766,8174700
2023-01-18,100.76000213623047,100.87999725341797,100.37000274658203,100.7300033569336,89.52911376953125,7779300
2023-01-19,100.7300033569336,100.7300033569336,100.33000183105469,100.5,89.32470703125,8633700
2023-01-20,100.16999816894531,100.26000213623047,99.88999938964844,100.08999633789062,88.96025848388672,6095800
2023-01-23,99.80000305175781,100.05999755859375,99.77999877929688,99.83999633789062,88.73808288574219,6573200
2023-01-24,99.83999633789062,100.31999969482422,99.68000030517578,100.27999877929688,89.12913513183594,6538600
2023-01-25,100.26000213623047,100.47000122070312,100.0999984741211,100.4000015258789,89.23582458496094,5431000
2023-01-26,100.33000183105469,100.45999908447266,100.06999969482422,100.2300033569336,89.0846939086914,5399100
2023-01-27,99.95999908447266,100.13999938964844,99.91000366210938,100.08000183105469,88.95140075683594,5123100
2023-01-30,99.9000015258789,100.08999633789062,99.80000305175781,99.80999755859375,88.71142578125,6822000
2023-01-31,100.16000366210938,100.33999633789062,99.83000183105469,100.22000122070312,89.07582092285156,12083600
2023-02-01,100.19000244140625,100.77999877929688,99.86000061035156,100.68000030517578,89.7039794921875,11593300
2023-02-02,101.04000091552734,101.1500015258789,100.73999786376953,100.79000091552734,89.80197143554688,9197800
2023-02-03,99.94999694824219,100.12999725341797,99.5199966430664,99.81999969482422,88.93770599365234,9083000
2023-02-06,99.30999755859375,99.41999816894531,99.2300033569336,99.2699966430664,88.44769287109375,9198900
2023-02-07,99.1500015258789,99.56999969482422,99.05999755859375,99.0999984741211,88.29622650146484,6224800
2023-02-08,99.13999938964844,99.43000030517578,98.94999694824219,99.23999786376953,88.42094421386719,4900600
2023-02-09,99.54000091552734,99.55999755859375,98.83000183105469,98.8499984741211,88.0734634399414,5594800
2023-02-10,98.81999969482422,98.83000183105469,98.4000015258789,98.41999816894531,87.69035339355469,5068200
2023-02-13,98.48999786376953,98.72000122070312,98.45999908447266,98.72000122070312,87.95765686035156,6832700
2023-02-14,98.66999816894531,98.76000213623047,98.11000061035156,98.37000274658203,87.64581298828125,9559500
2023-02-15,98.23999786376953,98.36000061035156,98.02999877929688,98.18000030517578,87.47650146484375,6486500
2023-02-16,97.87999725341797,98.02999877929688,97.69000244140625,97.7699966430664,87.11119842529297,5235600
2023-02-17,97.52999877929688,98.01000213623047,97.52999877929688,98.0,87.31614685058594,5956300
2023-02-21,97.36000061035156,97.45999908447266,97.08000183105469,97.08000183105469,86.4964370727539,8369600
2023-02-22,97.4000015258789,97.58999633789062,97.30000305175781,97.33999633789062,86.72810363769531,5862300
2023-02-23,97.4000015258789,97.72000122070312,97.37000274658203,97.69000244140625,87.03992462158203,8527200
2023-02-24,97.22000122070312,97.26000213623047,96.97000122070312,97.12999725341797,86.54098510742188,4866800
2023-02-27,97.41000366210938,97.48999786376953,97.22000122070312,97.31999969482422,86.71026611328125,5040000
2023-02-28,96.98999786376953,97.37000274658203,96.93000030517578,97.30999755859375,86.70135498046875,8575000
2023-03-01,96.83000183105469,97.04000091552734,96.5,96.5199966430664,86.20478057861328,9125300
2023-03-02,96.1500015258789,96.3499984741211,96.11000061035156,96.31999969482422,86.02616882324219,9247400
2023-03-03,96.8499984741211,97.08000183105469,96.58999633789062,97.08000183105469,86.70494842529297,7267000
2023-03-06,97.2699966430664,97.29000091552734,96.80999755859375,96.83999633789062,86.49058532714844,4188500
2023-03-07,96.9800033569336,97.02999877929688,96.56999969482422,96.70999908447266,86.37450408935547,6013200
2023-03-08,96.9000015258789,97.08000183105469,96.4800033569336,96.61000061035156,86.2851791381836,8044000
2023-03-09,96.76000213623047,97.1500015258789,96.69999694824219,96.95999908447266,86.5977783203125,7054400
2023-03-10,97.79000091552734,98.31999969482422,97.76000213623047,98.08999633789062,87.60701751708984,7515700
2023-03-13,99.05000305175781,99.6500015258789,98.62000274658203,98.87000274658203,88.30365753173828,10343900
2023-03-14,98.7699966430664,98.81999969482422,98.08999633789062,98.29000091552734,87.78561401367188,8159800
2023-03-15,99.43000030517578,99.69999694824219,98.80999755859375,99.2699966430664,88.66087341308594,11133700
2023-03-16,99.52999877929688,99.72000122070312,98.68000030517578,98.87999725341797,88.3125991821289,15217800
2023-03-17,99.29000091552734,99.80000305175781,99.20999908447266,99.5,88.86631774902344,8277500
2023-03-20,99.7300033569336,99.7300033569336,99.0199966430664,99.0999984741211,88.50904083251953,6346400
2023-03-21,98.87999725341797,99.02999877929688,98.69999694824219,98.80000305175781,88.24110412597656,5499100
2023-03-22,98.80000305175781,99.81999969482422,98.63999938964844,99.75,89.0895767211914,7585400
2023-03-23,99.68000030517578,100.05000305175781,99.51000213623047,99.98999786376953,89.3039321899414,9949700
2023-03-24,100.27999877929688,100.48999786376953,99.94999694824219,100.16000366210938,89.4557876586914,6217700
2023-03-27,99.38999938964844,99.5199966430664,99.06999969482422,99.08000183105469,88.4911880493164,6823400
2023-03-28,98.9800033569336,99.05000305175781,98.81999969482422,98.93000030517578,88.35723114013672,6356200
2023-03-29,98.73999786376953,99.11000061035156,98.72000122070312,99.05000305175781,88.46438598632812,5111300
2023-03-30,99.02999877929688,99.2300033569336,98.94999694824219,99.16000366210938,88.56265258789062,4251900
2023-03-31,99.38999938964844,99.69000244140625,99.16000366210938,99.63999938964844,88.99134063720703,8521600
2023-04-03,99.27999877929688,99.86000061035156,99.20999908447266,99.81999969482422,89.3781509399414,7567100
2023-04-04,99.55000305175781,100.30000305175781,99.5,100.19000244140625,89.70943450927734,8925200
2023-04-05,100.5,100.9800033569336,100.41000366210938,100.52999877929688,90.01388549804688,9883500
2023-04-06,100.55999755859375,100.69000244140625,100.44000244140625,100.44000244140625,89.93328857421875,6105200
2023-04-10,99.88999938964844,99.91000366210938,99.5999984741211,99.75,89.31548309326172,4478000
2023-04-11,99.80999755859375,99.87999725341797,99.58999633789062,99.80999755859375,89.36920166015625,4543800
2023-04-12,100.16999816894531,100.19999694824219,99.61000061035156,99.93000030517578,89.47664642333984,7226000
2023-04-13,100.16000366210938,100.2699966430664,99.80999755859375,99.88999938964844,89.44084930419922,3964800
2023-04-14,99.55999755859375,99.58999633789062,99.31999969482422,99.4000015258789,89.00209045410156,4794100
2023-04-17,99.12999725341797,99.18000030517578,98.87999725341797,98.9000015258789,88.55439758300781,4441300
2023-04-18,98.91000366210938,99.16000366210938,98.91000366210938,99.04000091552734,88.67974853515625,4753000
2023-04-19,98.88999938964844,98.93000030517578,98.70999908447266,98.88999938964844,88.54540252685547,3592900
2023-04-20,99.20999908447266,99.36000061035156,99.19000244140625,99.33999633789062,88.94835662841797,5092400
2023-04-21,99.51000213623047,99.55999755859375,99.11000061035156,99.16999816894531,88.796142578125,5367300
2023-04-24,99.41999816894531,99.58999633789062,99.36000061035156,99.55999755859375,89.14534759521484,3256900
2023-04-25,99.97000122070312,100.25,99.95999908447266,100.18000030517578,89.70050048828125,5065400
2023-04-26,100.16000366210938,100.22000122070312,99.72000122070312,99.80999755859375,89.36920166015625,3723600
2023-04-27,99.61000061035156,99.62999725341797,99.38999938964844,99.44999694824219,89.0468521118164,4018300
2023-04-28,99.98999786376953,99.98999786376953,99.72000122070312,99.95999908447266,89.50350189208984,5469900
2023-05-01,99.3499984741211,99.41000366210938,98.5999984741211,98.69000244140625,88.5870590209961,10631600
2023-05-02,98.95999908447266,99.66999816894531,98.93000030517578,99.6500015258789,89.44877624511719,6085800
2023-05-03,99.88999938964844,100.12999725341797,99.69000244140625,100.08999633789062,89.84371185302734,5637200
2023-05-04,99.7699966430664,100.41999816894531,99.75,99.97000122070312,89.73599243164062,5262200
2023-05-05,99.63999938964844,99.72000122070312,99.44999694824219,99.6500015258789,89.44877624511719,4003000
2023-05-08,99.20999908447266,99.3499984741211,99.08000183105469,99.0999984741211,88.95507049560547,5481300
2023-05-09,99.11000061035156,99.19000244140625,99.01000213623047,99.01000213623047,88.87427520751953,5712200
2023-05-10,99.43000030517578,99.68000030517578,99.38999938964844,99.6500015258789,89.44877624511719,4803000
2023-05-11,100.11000061035156,100.19000244140625,99.87999725341797,99.94999694824219,89.71805572509766,7703800
2023-05-12,99.88999938964844,99.94999694824219,99.38999938964844,99.38999938964844,89.21537017822266,4285900
2023-05-15,99.20999908447266,99.22000122070312,99.0999984741211,99.13999938964844,88.9909439086914,8532600
2023-05-16,98.88999938964844,98.94999694824219,98.73999786376953,98.91000366210938,88.78449249267578,6728500
2023-05-17,98.98999786376953,99.02999877929688,98.68000030517578,98.76000213623047,88.64984893798828,6318700
2023-05-18,98.48999786376953,98.51000213623047,98.2699966430664,98.30000305175781,88.23695373535156,4811300
2023-05-19,98.12999725341797,98.44000244140625,98.0,98.08000183105469,88.03946685791016,10285900
2023-05-22,98.13999938964844,98.33000183105469,97.97000122070312,97.98999786376953,87.95868682861328,8551100
2023-05-23,97.91999816894531,98.20999908447266,97.80999755859375,98.0999984741211,88.05740356445312,7641200
2023-05-24,98.16999816894531,98.19000244140625,97.81999969482422,97.8499984741211,87.8330078125,7719200
2023-05-25,97.73999786376953,97.80000305175781,97.44000244140625,97.48999786376953,87.50987243652344,5941300
2023-05-26,97.36000061035156,97.58999633789062,97.23999786376953,97.56999969482422,87.5816879272461,3889800
2023-05-30,97.9000015258789,98.23999786376953,97.8499984741211,98.22000122070312,88.16516876220703,7349900
2023-05-31,98.22000122070312,98.72000122070312,98.20999908447266,98.56999969482422,88.47930908203125,10559900
2023-06-01,98.5999984741211,98.80000305175781,98.4800033569336,98.61000061035156,88.74750518798828,9029800
2023-06-02,98.54000091552734,98.58000183105469,98.08000183105469,98.08999633789062,88.27951049804688,6877200
2023-06-05,97.8499984741211,98.31999969482422,97.7699966430664,98.08000183105469,88.2705078125,7246200
2023-06-06,98.12000274658203,98.20999908447266,97.88999938964844,98.19999694824219,88.37850189208984,3816000
2023-06-07,98.1500015258789,98.22000122070312,97.58999633789062,97.68000030517578,87.9105453491211,5131500
2023-06-08,97.80000305175781,98.20999908447266,97.7699966430664,98.19999694824219,88.37850189208984,5041900
2023-06-09,97.91000366210938,98.05000305175781,97.79000091552734,97.97000122070312,88.17154693603516,7140700
2023-06-12,98.08999633789062,98.16000366210938,97.7300033569336,98.13999938964844,88.32452392578125,5436300
2023-06-13,98.4800033569336,98.4800033569336,97.5999984741211,97.68000030517578,87.9105453491211,9568100
2023-06-14,97.87999725341797,97.98999786376953,97.44999694824219,97.7699966430664,87.99153137207031,8360100
2023-06-15,98.29000091552734,98.45999908447266,98.12999725341797,98.44999694824219,88.6035385131836,7472000
2023-06-16,98.08999633789062,98.27999877929688,97.91000366210938,98.13999938964844,88.32452392578125,5653700
2023-06-20,98.27999877929688,98.51000213623047,98.16999816894531,98.31999969482422,88.48651885986328,6694200
2023-06-21,98.08999633789062,98.52999877929688,97.9800033569336,98.4800033569336,88.63053131103516,5579900
2023-06-22,98.16999816894531,98.33000183105469,97.91999816894531,97.97000122070312,88.17154693603516,7147600
2023-06-23,98.48999786376953,98.5,98.0999984741211,98.26000213623047,88.4325180053711,4792900
2023-06-26,98.5,98.51000213623047,98.30999755859375,98.37999725341797,88.5405044555664,10632300
2023-06-27,98.44999694824219,98.58999633789062,98.0999984741211,98.19000244140625,88.3695068359375,7803300
2023-06-28,98.33999633789062,98.54000091552734,98.19999694824219,98.4800033569336,88.63053131103516,8622900
2023-06-29,97.80000305175781,97.87000274658203,97.61000061035156,97.72000122070312,87.946533203125,8877500
2023-06-30,97.86000061035156,98.0999984741211,97.73999786376953,97.94999694824219,88.15351104736328,13417300
2023-07-03,97.81999969482422,98.04000091552734,97.54000091552734,97.58000183105469,88.04973602294922,3691600
2023-07-05,97.51000213623047,97.52999877929688,97.05000305175781,97.13999938964844,87.6527328491211,6046200
2023-07-06,96.55999755859375,96.63999938964844,96.27999877929688,96.51000213623047,87.08424377441406,9534200
2023-07-07,96.41999816894531,96.75,96.41999816894531,96.52999877929688,87.10227966308594,8311000
2023-07-10,96.56999969482422,96.94000244140625,96.55000305175781,96.80000305175781,87.345947265625,8827400
2023-07-11,96.94000244140625,97.0999984741211,96.86000061035156,97.01000213623047,87.53540802001953,5978500
2023-07-12,97.51000213623047,97.8499984741211,97.44999694824219,97.80000305175781,88.24825286865234,7189100
2023-07-13,98.18000030517578,98.44000244140625,98.12000274658203,98.41000366210938,88.79867553710938,7458500
2023-07-14,98.2300033569336,98.30999755859375,97.91999816894531,97.94000244140625,88.37460327148438,7208400
2023-07-17,97.94999694824219,98.0999984741211,97.8499984741211,98.05000305175781,88.47383880615234,4689500
2023-07-18,98.33000183105469,98.41000366210938,98.12999725341797,98.12999725341797,88.5460433959961,5593200
2023-07-19,98.3499984741211,98.4800033569336,98.19000244140625,98.43000030517578,88.8167495727539,7467900
2023-07-20,98.05999755859375,98.08000183105469,97.7300033569336,97.91999816894531,88.35655212402344,12562400
2023-07-21,98.11000061035156,98.1500015258789,97.94000244140625,97.98999786376953,88.4197006225586,7605200
2023-07-24,98.0999984741211,98.16000366210938,97.79000091552734,97.80999755859375,88.25729370117188,6656600
2023-07-25,97.58000183105469,97.79000091552734,97.56999969482422,97.69999694824219,88.15802764892578,5794800
2023-07-26,97.93000030517578,98.06999969482422,97.68000030517578,98.0199966430664,88.4468002319336,5907400
2023-07-27,97.83999633789062,97.93000030517578,97.11000061035156,97.18000030517578,87.68882751464844,6937900
2023-07-28,97.38999938964844,97.58999633789062,97.30999755859375,97.55999755859375,88.0317153930664,9233600
2023-07-31,97.52999877929688,97.80000305175781,97.5199966430664,97.68000030517578,88.1399917602539,11079100
2023-08-01,97.01000213623047,97.08999633789062,96.70999908447266,96.7699966430664,87.55640411376953,8810400
2023-08-02,96.4800033569336,96.55999755859375,96.2300033569336,96.54000091552734,87.34829711914062,8551900
2023-08-03,95.93000030517578,96.0199966430664,95.80000305175781,95.88999938964844,86.76017761230469,7532700
2023-08-04,96.25,96.75,96.25,96.68000030517578,87.47498321533203,6400400
2023-08-07,96.63999938964844,96.69999694824219,96.4800033569336,96.69999694824219,87.49307250976562,9732600
2023-08-08,96.94000244140625,97.11000061035156,96.83999633789062,96.93000030517578,87.70115661621094,6867300
2023-08-09,97.01000213623047,97.12000274658203,96.91000366210938,97.0,87.7645034790039,5634700
2023-08-10,97.05999755859375,97.22000122070312,96.37000274658203,96.37000274658203,87.19449615478516,15516100
2023-08-11,96.12000274658203,96.41999816894531,96.06999969482422,96.06999969482422,86.92304229736328,9016700
2023-08-14,95.9800033569336,96.22000122070312,95.83000183105469,96.0,86.85972595214844,7901300
2023-08-15,95.80999755859375,96.06999969482422,95.73999786376953,95.73999786376953,86.62446594238281,6522500
2023-08-16,95.76000213623047,95.93000030517578,95.44999694824219,95.51000213623047,86.41636657714844,8964600
2023-08-17,95.5,95.55000305175781,95.20999908447266,95.41000366210938,86.32591247558594,8162300
2023-08-18,95.47000122070312,95.75,95.43000030517578,95.62000274658203,86.51589965820312,6154600
2023-08-21,95.26000213623047,95.30000305175781,95.04000091552734,95.13999938964844,86.08158874511719,13362300
2023-08-22,95.16999816894531,95.31999969482422,95.05999755859375,95.23999786376953,86.17205810546875,6156200
2023-08-23,95.75,96.1500015258789,95.7300033569336,96.1500015258789,86.99540710449219,7831600
2023-08-24,95.98999786376953,96.12000274658203,95.8499984741211,95.93000030517578,86.79637145996094,8247700
2023-08-25,95.81999969482422,96.08000183105469,95.5999984741211,95.87000274658203,86.74207305908203,7917900
2023-08-28,96.0999984741211,96.11000061035156,95.93000030517578,96.08000183105469,86.93209838867188,6544500
2023-08-29,95.91000366210938,96.70999908447266,95.91000366210938,96.69999694824219,87.49307250976562,7386300
2023-08-30,96.77999877929688,96.83000183105469,96.62000274658203,96.66000366210938,87.45687103271484,8752300
2023-08-31,96.77999877929688,96.95999908447266,96.72000122070312,96.80000305175781,87.58355712890625,7230100
2023-09-01,96.54000091552734,96.56999969482422,95.9800033569336,96.04000091552734,87.1299057006836,8132400
2023-09-05,95.8499984741211,95.87000274658203,95.5199966430664,95.5199966430664,86.65818786621094,6111400
2023-09-06,95.62999725341797,95.63999938964844,95.30999755859375,95.43000030517578,86.5765151977539,8379200
2023-09-07,95.58999633789062,95.73999786376953,95.48999786376953,95.7300033569336,86.84870147705078,5077800
2023-09-08,95.93000030517578,96.0199966430664,95.76000213623047,95.77999877929688,86.89404296875,4774200
2023-09-11,95.66000366210938,95.7300033569336,95.56999969482422,95.66999816894531,86.79424285888672,4077200
2023-09-12,95.70999908447266,95.7300033569336,95.56999969482422,95.69999694824219,86.82146453857422,4583400
2023-09-13,95.61000061035156,95.94999694824219,95.58999633789062,95.83999633789062,86.94850158691406,5953600
2023-09-14,95.95999908447266,95.9800033569336,95.68000030517578,95.70999908447266,86.83053588867188,5952800
2023-09-15,95.63999938964844,95.69999694824219,95.4800033569336,95.48999786376953,86.63092803955078,5667700
2023-09-18,95.37000274658203,95.63999938964844,95.36000061035156,95.62999725341797,86.75794982910156,6066200
2023-09-19,95.54000091552734,95.58999633789062,95.3499984741211,95.3499984741211,86.50394439697266,5327900
2023-09-20,95.56999969482422,95.69999694824219,95.30000305175781,95.30000305175781,86.45858764648438,6282700
2023-09-21,94.80000305175781,94.80999755859375,94.63999938964844,94.6500015258789,85.86888885498047,8028900
2023-09-22,94.77999877929688,95.08999633789062,94.7300033569336,95.05000305175781,86.23178100585938,7294200
2023-09-25,94.48999786376953,94.62000274658203,94.29000091552734,94.30000305175781,85.5513687133789,7485000
2023-09-26,94.47000122070312,94.51000213623047,94.1500015258789,94.18000030517578,85.44249725341797,15549200
2023-09-27,94.47000122070312,94.51000213623047,93.66000366210938,93.8499984741211,85.14310455322266,14560500
2023-09-28,93.69999694824219,94.16000366210938,93.52999877929688,94.12999725341797,85.39712524414062,13334200
2023-09-29,94.5,94.56999969482422,93.97000122070312,94.04000091552734,85.31548309326172,13483500
2023-10-02,93.43000030517578,93.51000213623047,93.0999984741211,93.12999725341797,84.721435546875,8880000
2023-10-03,92.98999786376953,93.08999633789062,92.37000274658203,92.4000015258789,84.05732727050781,12058400
2023-10-04,92.7699966430664,93.05000305175781,92.55000305175781,93.05000305175781,84.64865112304688,14097800
2023-10-05,93.16999816894531,93.22000122070312,92.98999786376953,93.11000061035156,84.70323181152344,7129400
2023-10-06,92.45999908447266,92.9800033569336,92.37000274658203,92.75,84.37572479248047,9569500
2023-10-09,93.22000122070312,93.72000122070312,93.1500015258789,93.70999908447266,85.24906158447266,4353100
2023-10-10,93.38999938964844,93.80999755859375,93.26000213623047,93.62000274658203,85.16719818115234,14553600
2023-10-11,93.94000244140625,94.05000305175781,93.76000213623047,94.05000305175781,85.55838012695312,15347000
2023-10-12,93.87000274658203,93.91000366210938,93.16999816894531,93.23999786376953,84.82152557373047,11189800
2023-10-13,93.68000030517578,93.79000091552734,93.5199966430664,93.63999938964844,85.1854019165039,7515500
2023-10-16,93.31999969482422,93.41000366210938,93.0999984741211,93.12000274658203,84.71234130859375,6332700
2023-10-17,92.51000213623047,92.69000244140625,92.3499984741211,92.44999694824219,84.10282135009766,8198300
2023-10-18,92.29000091552734,92.37999725341797,91.94000244140625,92.0199966430664,83.71163940429688,9352700
2023-10-19,91.88999938964844,92.16999816894531,91.61000061035156,91.66999816894531,83.39326477050781,11552700
2023-10-20,91.94000244140625,92.13999938964844,91.9000015258789,92.0,83.69344329833984,6629800
2023-10-23,91.69999694824219,92.5,91.58000183105469,92.36000061035156,84.02096557617188,12885800
2023-10-24,92.43000030517578,92.69000244140625,92.27999877929688,92.69000244140625,84.32117462158203,9165100
2023-10-25,92.33000183105469,92.3499984741211,91.91999816894531,92.0,83.69344329833984,8904400
2023-10-26,92.12000274658203,92.63999938964844,92.11000061035156,92.62000274658203,84.25749206542969,11574400
2023-10-27,92.55999755859375,92.63999938964844,92.37000274658203,92.58999633789062,84.2302017211914,7650000
2023-10-30,92.29000091552734,92.51000213623047,92.1500015258789,92.37000274658203,84.03006744384766,8166700
2023-10-31,92.44999694824219,92.62999725341797,92.30999755859375,92.30999755859375,83.97547149658203,12343600
2023-11-01,92.2300033569336,93.05000305175781,92.2300033569336,93.05000305175781,84.90341186523438,14404600
2023-11-02,93.68000030517578,93.76000213623047,93.37000274658203,93.61000061035156,85.41441345214844,11166700
2023-11-03,94.54000091552734,94.69000244140625,94.13999938964844,94.18000030517578,85.93449401855469,11890300
2023-11-06,93.93000030517578,93.98999786376953,93.62999725341797,93.70999908447266,85.50565338134766,8521600
2023-11-07,93.94000244140625,94.36000061035156,93.91000366210938,94.20999908447266,85.96187591552734,7306900
2023-11-08,94.2699966430664,94.62000274658203,94.25,94.52999877929688,86.25387573242188,6932200
2023-11-09,94.41999816894531,94.44000244140625,93.7300033569336,93.73999786376953,85.53301239013672,9163200
2023-11-10,94.19000244140625,94.22000122070312,93.87999725341797,93.95999908447266,85.7337646484375,6102000
2023-11-13,93.63999938964844,93.97000122070312,93.52999877929688,93.94999694824219,85.72464752197266,9679500
2023-11-14,95.02999877929688,95.19999694824219,94.93000030517578,95.12999725341797,86.80132293701172,12149600
2023-11-15,94.69999694824219,94.72000122070312,94.45999908447266,94.54000091552734,86.26300811767578,10956800
2023-11-16,94.8499984741211,95.19999694824219,94.8499984741211,95.05999755859375,86.7374496459961,10145400
2023-11-17,95.20999908447266,95.36000061035156,95.02999877929688,95.25,86.91080474853516,9244000
2023-11-20,95.06999969482422,95.41999816894531,95.06999969482422,95.4000015258789,87.04771423339844,10051600
2023-11-21,95.44999694824219,95.56999969482422,95.27999877929688,95.5,87.13893127441406,7393800
2023-11-22,95.68000030517578,95.75,95.37000274658203,95.58999633789062,87.22105407714844,6329900
2023-11-24,95.23999786376953,95.31999969482422,95.12000274658203,95.1500015258789,86.81957244873047,2944300
2023-11-27,95.36000061035156,95.72000122070312,95.33000183105469,95.69000244140625,87.31230926513672,8854500
2023-11-28,95.61000061035156,96.12999725341797,95.56999969482422,96.11000061035156,87.69554138183594,9749400
2023-11-29,96.41999816894531,96.66999816894531,96.33999633789062,96.58000183105469,88.1243667602539,8006800
2023-11-30,96.37999725341797,96.41000366210938,96.12999725341797,96.26000213623047,87.83242797851562,8889100
2023-12-01,96.0,96.87000274658203,95.97000122070312,96.83000183105469,88.60470581054688,11774300
2023-12-04,96.58000183105469,96.66999816894531,96.30999755859375,96.45999908447266,88.26614379882812,9440200
2023-12-05,96.8499984741211,97.1500015258789,96.79000091552734,97.0999984741211,88.8517837524414,8850600
2023-12-06,97.23999786376953,97.48999786376953,97.1500015258789,97.3499984741211,89.08052062988281,11111200
2023-12-07,97.22000122070312,97.55999755859375,97.22000122070312,97.37999725341797,89.10798645019531,7157900
2023-12-08,96.98999786376953,97.06999969482422,96.72000122070312,96.88999938964844,88.65959167480469,6696600
2023-12-11,96.80000305175781,96.94999694824219,96.5999984741211,96.9000015258789,88.66873931884766,15008700
2023-12-12,96.94000244140625,97.19000244140625,96.81999969482422,97.19000244140625,88.93412780761719,11711400
2023-12-13,97.38999938964844,98.44999694824219,97.33000183105469,98.41000366210938,90.05048370361328,11194400
2023-12-14,98.68000030517578,99.04000091552734,98.61000061035156,98.91999816894531,90.77729797363281,12651200
2023-12-15,98.80000305175781,98.87999725341797,98.58999633789062,98.69000244140625,90.56623077392578,10079100
2023-12-18,98.58000183105469,98.58000183105469,98.41999816894531,98.48999786376953,90.3826904296875,11521000
2023-12-19,98.62999725341797,98.77999877929688,98.58999633789062,98.61000061035156,90.49282836914062,13787100
2023-12-20,98.87000274658203,99.04000091552734,98.69000244140625,98.97000122070312,90.82316589355469,9994100
2023-12-21,99.22000122070312,99.26000213623047,98.83000183105469,98.95999908447266,90.81399536132812,9099100
2023-12-22,99.12999725341797,99.13999938964844,98.80999755859375,98.83000183105469,90.69470977783203,13234700
2023-12-26,98.93000030517578,99.08000183105469,98.88999938964844,99.02999877929688,90.87823486328125,5418500
2023-12-27,99.4000015258789,99.69999694824219,99.30999755859375,99.66000366210938,91.45638275146484,6919900
2023-12-28,99.54000091552734,99.6500015258789,99.30999755859375,99.44000244140625,91.25448608398438,7172200
2023-12-29,99.19999694824219,99.43000030517578,99.12999725341797,99.25,91.08014678955078,7327600
2024-01-02,98.83999633789062,98.97000122070312,98.7300033569336,98.77999877929688,90.64881896972656,9754400
2024-01-03,98.44999694824219,98.94000244140625,98.30999755859375,98.83000183105469,90.69470977783203,10002100
2024-01-04,98.41999816894531,98.55000305175781,98.33000183105469,98.43000030517578,90.32763671875,9896600
2024-01-05,98.12999725341797,98.69000244140625,98.06999969482422,98.19999694824219,90.11656951904297,9038700
2024-01-08,98.23999786376953,98.70999908447266,98.20999908447266,98.56999969482422,90.45611572265625,7946500
2024-01-09,98.38999938964844,98.66000366210938,98.38999938964844,98.55000305175781,90.4377670288086,7157400
2024-01-10,98.73999786376953,98.80000305175781,98.36000061035156,98.36000061035156,90.26335906982422,7679400
2024-01-11,98.52999877929688,98.95999908447266,98.41000366210938,98.91999816894531,90.77729797363281,7275900
2024-01-12,99.13999938964844,99.36000061035156,98.95999908447266,99.0999984741211,90.94246673583984,6359400
2024-01-16,98.72000122070312,98.8499984741211,98.2699966430664,98.36000061035156,90.26335906982422,14489800
2024-01-17,98.16000366210938,98.20999908447266,97.94000244140625,98.08999633789062,90.01559448242188,8977500
2024-01-18,98.16000366210938,98.19999694824219,97.88999938964844,98.0,89.93302917480469,10575100
2024-01-19,97.88999938964844,98.0199966430664,97.66999816894531,98.0199966430664,89.95138549804688,9126000
2024-01-22,98.26000213623047,98.36000061035156,98.0999984741211,98.19999694824219,90.11656951904297,8712600
2024-01-23,97.98999786376953,98.0,97.81999969482422,97.95999908447266,89.89631652832031,5642800
2024-01-24,98.29000091552734,98.33000183105469,97.69999694824219,97.73999786376953,89.69442749023438,11278500
2024-01-25,98.01000213623047,98.19999694824219,97.95999908447266,98.18000030517578,90.09822082519531,16521600
2024-01-26,98.19999694824219,98.19999694824219,97.9800033569336,98.06999969482422,89.99728393554688,5022800
2024-01-29,98.30000305175781,98.52999877929688,98.19000244140625,98.45999908447266,90.35516357421875,6423600
2024-01-30,98.63999938964844,98.69000244140625,98.29000091552734,98.6500015258789,90.52953338623047,6740000
2024-01-31,99.0,99.26000213623047,98.80999755859375,99.0999984741211,90.94246673583984,10829000
2024-02-01,99.19999694824219,99.56999969482422,99.0199966430664,99.37000274658203,91.46066284179688,11937400
2024-02-02,98.48999786376953,98.62000274658203,98.26000213623047,98.45999908447266,90.62309265136719,8422500
2024-02-05,97.88999938964844,97.91000366210938,97.55999755859375,97.6500015258789,89.87757873535156,7656800
2024-02-06,97.79000091552734,98.19999694824219,97.77999877929688,98.16000366210938,90.34698486328125,6608400
2024-02-07,97.98999786376953,98.27999877929688,97.94000244140625,97.95999908447266,90.16287231445312,8785200
2024-02-08,97.77999877929688,97.83999633789062,97.62000274658203,97.66000366210938,89.88677215576172,12446900
2024-02-09,97.54000091552734,97.62999725341797,97.5,97.62999725341797,89.85916137695312,7120500
2024-02-12,97.69999694824219,97.75,97.5199966430664,97.6500015258789,89.87757873535156,5696300
2024-02-13,97.04000091552734,97.0999984741211,96.75,96.75,89.04920196533203,15872600
2024-02-14,96.83999633789062,97.22000122070312,96.83999633789062,97.18000030517578,89.44499206542969,8776900
2024-02-15,97.48999786376953,97.55000305175781,97.2300033569336,97.41000366210938,89.65666198730469,7194500
2024-02-16,96.94999694824219,97.0999984741211,96.9000015258789,97.0999984741211,89.371337890625,7723700
2024-02-20,97.2300033569336,97.36000061035156,97.16000366210938,97.19000244140625,89.45419311523438,8735700
2024-02-21,97.27999877929688,97.27999877929688,96.87000274658203,96.9000015258789,89.18726348876953,7785100
2024-02-22,96.93000030517578,97.08999633789062,96.83999633789062,96.9800033569336,89.26091003417969,7538200
2024-02-23,96.98999786376953,97.38999938964844,96.98999786376953,97.33999633789062,89.59222412109375,7737900
2024-02-26,97.33999633789062,97.3499984741211,96.97000122070312,97.12999725341797,89.39896392822266,9374600
2024-02-27,97.0999984741211,97.22000122070312,96.94000244140625,97.0,89.27931213378906,9065300
2024-02-28,97.06999969482422,97.2300033569336,97.01000213623047,97.19000244140625,89.45419311523438,7942500
2024-02-29,97.37999725341797,97.55999755859375,97.29000091552734,97.3499984741211,89.6014404296875,16774100
2024-03-01,96.98999786376953,97.55000305175781,96.80999755859375,97.52999877929688,90.0316390991211,8994800
2024-03-04,97.26000213623047,97.37999725341797,97.2300033569336,97.29000091552734,89.81008911132812,7428200
2024-03-05,97.69000244140625,97.91999816894531,97.5999984741211,97.81999969482422,90.2993392944336,6815500
2024-03-06,97.94999694824219,98.16000366210938,97.91000366210938,97.97000122070312,90.43780517578125,16536100
2024-03-07,98.22000122070312,98.23999786376953,97.97000122070312,98.18000030517578,90.63164520263672,7726600
2024-03-08,98.33999633789062,98.41000366210938,98.19000244140625,98.2699966430664,90.7147216796875,7168700
2024-03-11,98.27999877929688,98.30999755859375,98.08999633789062,98.16000366210938,90.61317443847656,11354600
2024-03-12,98.0199966430664,98.04000091552734,97.80000305175781,97.91000366210938,90.38240814208984,7471900
2024-03-13,97.81999969482422,97.93000030517578,97.7300033569336,97.7300033569336,90.21624755859375,5846600
2024-03-14,97.4800033569336,97.4800033569336,97.0999984741211,97.11000061035156,89.64391326904297,10541000
2024-03-15,97.1500015258789,97.19999694824219,97.0199966430664,97.0999984741211,89.6346664428711,5756800
2024-03-18,97.06999969482422,97.12000274658203,96.91999816894531,97.0,89.54238891601562,5227200
2024-03-19,97.1500015258789,97.33999633789062,97.11000061035156,97.23999786376953,89.76390075683594,5076600
2024-03-20,97.29000091552734,97.62999725341797,97.12999725341797,97.44000244140625,89.94853973388672,8681200
2024-03-21,97.62000274658203,97.68000030517578,97.41000366210938,97.51000213623047,90.01316833496094,10100300
2024-03-22,97.91000366210938,97.91000366210938,97.73999786376953,97.81999969482422,90.2993392944336,8359200
2024-03-25,97.76000213623047,97.76000213623047,97.56999969482422,97.63999938964844,90.1331558227539,11037700
2024-03-26,97.66000366210938,97.76000213623047,97.5199966430664,97.73999786376953,90.22547912597656,8830500
2024-03-27,97.80000305175781,98.08000183105469,97.79000091552734,98.05999755859375,90.52088165283203,9366800
2024-03-28,97.93000030517578,98.08000183105469,97.8499984741211,97.94000244140625,90.41010284423828,8863300
2024-04-01,97.31999969482422,97.33999633789062,96.88999938964844,96.94000244140625,89.75271606445312,8667400
2024-04-02,96.66000366210938,96.88999938964844,96.54000091552734,96.87000274658203,89.68791961669922,10624600
2024-04-03,96.58000183105469,96.94999694824219,96.48999786376953,96.93000030517578,89.74347686767578,6919300
2024-04-04,97.11000061035156,97.16999816894531,96.91999816894531,97.16000366210938,89.95641326904297,9327500
2024-04-05,96.76000213623047,97.0,96.68000030517578,96.68000030517578,89.51201629638672,12343600
2024-04-08,96.55999755859375,96.69999694824219,96.5,96.58999633789062,89.42869567871094,11457100
2024-04-09,96.83000183105469,96.9800033569336,96.83000183105469,96.91999816894531,89.73422241210938,5736500
2024-04-10,96.22000122070312,96.2699966430664,95.73999786376953,95.76000213623047,88.66024017333984,11248700
2024-04-11,95.9800033569336,96.02999877929688,95.58999633789062,95.77999877929688,88.67874145507812,16217600
2024-04-12,96.08000183105469,96.19999694824219,95.95999908447266,95.95999908447266,88.84538269042969,17284600
2024-04-15,95.47000122070312,95.52999877929688,95.20999908447266,95.37999725341797,88.30841064453125,11705300
2024-04-16,95.01000213623047,95.18000030517578,94.9000015258789,95.11000061035156,88.05842590332031,17565900
2024-04-17,95.4000015258789,95.61000061035156,95.25,95.55000305175781,88.4657974243164,7567800
2024-04-18,95.55000305175781,95.56999969482422,95.22000122070312,95.27999877929688,88.2158203125,7717500
2024-04-19,95.52999877929688,95.55000305175781,95.33000183105469,95.37999725341797,88.30841064453125,9121700
2024-04-22,95.33000183105469,95.52999877929688,95.31999969482422,95.44000244140625,88.36395263671875,9029000
2024-04-23,95.37999725341797,95.83999633789062,95.30000305175781,95.63999938964844,88.54912567138672,10837100
2024-04-24,95.37999725341797,95.47000122070312,95.19999694824219,95.38999938964844,88.31766510009766,7961000
2024-04-25,94.94000244140625,95.13999938964844,94.8499984741211,95.12000274658203,88.06765747070312,6758100
2024-04-26,95.31999969482422,95.47000122070312,95.30000305175781,95.33000183105469,88.2620849609375,8442500
2024-04-29,95.5999984741211,95.66999816894531,95.44999694824219,95.62000274658203,88.53060150146484,7384600
2024-04-30,95.31999969482422,95.5,95.1500015258789,95.2300033569336,88.16952514648438,11228300
2024-05-01,95.19999694824219,95.58000183105469,94.98999786376953,95.2699966430664,88.48065185546875,11017700
2024-05-02,95.2699966430664,95.7300033569336,95.22000122070312,95.69999694824219,88.87998962402344,7607300
2024-05-03,96.31999969482422,96.45999908447266,95.93000030517578,96.19000244140625,89.33506774902344,9146700
2024-05-06,96.20999908447266,96.33000183105469,96.1500015258789,96.26000213623047,89.40008544921875,10155500
2024-05-07,96.52999877929688,96.66999816894531,96.37999725341797,96.45999908447266,89.58584594726562,7687000
2024-05-08,96.25,96.3499984741211,96.2300033569336,96.26000213623047,89.40008544921875,4587200
2024-05-09,96.19999694824219,96.52999877929688,96.19000244140625,96.44000244140625,89.56727600097656,6732500
2024-05-10,96.26000213623047,96.33000183105469,96.16000366210938,96.23999786376953,89.38150787353516,5326400
2024-05-13,96.44000244140625,96.47000122070312,96.27999877929688,96.29000091552734,89.42797088623047,5263200
2024-05-14,96.5,96.63999938964844,96.41999816894531,96.55000305175781,89.66944122314453,5243300
2024-05-15,97.11000061035156,97.27999877929688,96.9800033569336,97.19000244140625,90.2638168334961,5846300
2024-05-16,97.2300033569336,97.2699966430664,97.01000213623047,97.08000183105469,90.16162872314453,7894400
2024-05-17,96.91999816894531,97.0,96.7699966430664,96.7699966430664,89.8737564086914,5267100
2024-05-20,96.70999908447266,96.76000213623047,96.66999816894531,96.68000030517578,89.79016876220703,5263000
2024-05-21,96.91999816894531,96.94999694824219,96.83000183105469,96.86000061035156,89.95735168457031,5227900
2024-05-22,96.66000366210938,96.88999938964844,96.6500015258789,96.73999786376953,89.84590148925781,3823600
2024-05-23,96.83000183105469,96.83000183105469,96.37000274658203,96.47000122070312,89.59513854980469,5094900
2024-05-24,96.43000030517578,96.62000274658203,96.38999938964844,96.58000183105469,89.69728088378906,3072100
2024-05-28,96.66999816894531,96.69000244140625,96.12000274658203,96.12999725341797,89.27937316894531,6046100
2024-05-29,95.91000366210938,95.93000030517578,95.62999725341797,95.76000213623047,88.93573760986328,8249100
2024-05-30,96.08000183105469,96.2300033569336,96.0199966430664,96.20999908447266,89.35366821289062,5568800
2024-05-31,96.45999908447266,96.58999633789062,96.41000366210938,96.5199966430664,89.64155578613281,8762900
2024-06-03,96.4000015258789,96.80000305175781,96.37999725341797,96.80000305175781,90.18377685546875,6095500
2024-06-04,97.0,97.23999786376953,96.94000244140625,97.1500015258789,90.50985717773438,3979100
2024-06-05,97.29000091552734,97.44999694824219,97.04000091552734,97.44999694824219,90.78934478759766,4602500
2024-06-06,97.30999755859375,97.5,97.30999755859375,97.4800033569336,90.81732940673828,6568700
2024-06-07,96.81999969482422,96.81999969482422,96.62000274658203,96.62000274658203,90.0160903930664,5365000
2024-06-10,96.5199966430664,96.58999633789062,96.43000030517578,96.54000091552734,89.94155883789062,8235900
2024-06-11,96.63999938964844,96.93000030517578,96.55999755859375,96.87000274658203,90.2490005493164,4650200
2024-06-12,97.5999984741211,97.80999755859375,97.30999755859375,97.33000183105469,90.67755889892578,7627000
2024-06-13,97.69999694824219,97.93000030517578,97.58000183105469,97.81999969482422,91.13407897949219,7094800
2024-06-14,97.8499984741211,98.05000305175781,97.8499984741211,97.91999816894531,91.22723388671875,6239500
2024-06-17,97.56999969482422,97.5999984741211,97.44999694824219,97.56999969482422,90.90115356445312,5265000
2024-06-18,97.69999694824219,98.04000091552734,97.68000030517578,97.91999816894531,91.22723388671875,7030700
2024-06-20,97.55000305175781,97.7699966430664,97.5199966430664,97.75,91.06886291503906,5621600
2024-06-21,97.88999938964844,97.9800033569336,97.6500015258789,97.76000213623047,91.07816314697266,4715000
2024-06-24,97.81999969482422,97.86000061035156,97.72000122070312,97.83999633789062,91.1527099609375,5017300
2024-06-25,97.77999877929688,97.87999725341797,97.70999908447266,97.83000183105469,91.1434097290039,5701300
2024-06-26,97.43000030517578,97.48999786376953,97.37000274658203,97.38999938964844,90.73348236083984,4964100
2024-06-27,97.55999755859375,97.66999816894531,97.54000091552734,97.55000305175781,90.88253784179688,5276500
2024-06-28,97.7699966430664,97.80000305175781,97.06999969482422,97.06999969482422,90.43534851074219,12781500
2024-07-01,96.43000030517578,96.66000366210938,96.22000122070312,96.25,89.95030212402344,12238900
2024-07-02,96.63999938964844,96.66999816894531,96.44000244140625,96.56999969482422,90.2493667602539,5441900
2024-07-03,96.80000305175781,97.16999816894531,96.7699966430664,97.08999633789062,90.73532104492188,4061100
2024-07-05,97.44999694824219,97.62999725341797,97.30999755859375,97.58000183105469,91.19326782226562,3489900
2024-07-08,97.58999633789062,97.6500015258789,97.44999694824219,97.61000061035156,91.2212905883789,4602900
2024-07-09,97.51000213623047,97.61000061035156,97.33999633789062,97.5199966430664,91.13716125488281,5004600
2024-07-10,97.61000061035156,97.66999816894531,97.48999786376953,97.62000274658203,91.23062896728516,4586000
2024-07-11,98.18000030517578,98.30999755859375,98.08999633789062,98.12000274658203,91.69792175292969,3789000
2024-07-12,98.16999816894531,98.38999938964844,98.12999725341797,98.38999938964844,91.95024871826172,6329000
2024-07-15,98.1500015258789,98.27999877929688,98.02999877929688,98.05000305175781,91.63249206542969,6984700
2024-07-16,98.18000030517578,98.44999694824219,98.13999938964844,98.44999694824219,92.00630950927734,8936100
2024-07-17,98.26000213623047,98.56999969482422,98.2300033569336,98.5199966430664,92.07172393798828,5680400
2024-07-18,98.37000274658203,98.55999755859375,98.20999908447266,98.25,91.81940460205078,10584200
2024-07-19,98.04000091552734,98.0999984741211,97.97000122070312,98.05000305175781,91.63249206542969,7735700
2024-07-22,98.12000274658203,98.19999694824219,97.86000061035156,98.01000213623047,91.59512329101562,11657500
2024-07-23,98.0999984741211,98.18000030517578,97.9800033569336,98.0,91.58575439453125,7225900
2024-07-24,97.81999969482422,98.19000244140625,97.69999694824219,97.69999694824219,91.30540466308594,6578500
2024-07-25,97.83999633789062,98.13999938964844,97.81999969482422,97.97000122070312,91.55772399902344,12766200
2024-07-26,98.29000091552734,98.36000061035156,98.18000030517578,98.31999969482422,91.88480377197266,4243800
2024-07-29,98.54000091552734,98.54000091552734,98.37000274658203,98.4800033569336,92.03436279296875,6822600
2024-07-30,98.5199966430664,98.63999938964844,98.37999725341797,98.58000183105469,92.12779235839844,5845800
2024-07-31,98.80999755859375,99.12000274658203,98.6500015258789,99.11000061035156,92.62310791015625,11725100
2024-08-01,99.01000213623047,99.31999969482422,99.01000213623047,99.22000122070312,93.0112075805664,9642700
2024-08-02,99.87999725341797,100.37000274658203,99.80000305175781,100.33000183105469,94.05174255371094,9397500
2024-08-05,100.81999969482422,100.88999938964844,100.0199966430664,100.25,93.97676849365234,12066100
2024-08-06,100.13999938964844,100.16000366210938,99.62999725341797,99.6500015258789,93.41429901123047,10945200
2024-08-07,99.51000213623047,99.61000061035156,99.23999786376953,99.3499984741211,93.13307189941406,8085200
2024-08-08,99.11000061035156,99.27999877929688,99.06999969482422,99.19999694824219,92.9924545288086,5558000
2024-08-09,99.63999938964844,99.69999694824219,99.4800033569336,99.55000305175781,93.32054901123047,3879200
2024-08-12,99.47000122070312,99.77999877929688,99.41000366210938,99.72000122070312,93.47992706298828,7300600
2024-08-13,100.04000091552734,100.12000274658203,99.93000030517578,100.12000274658203,93.85488891601562,3925500
2024-08-14,100.1500015258789,100.4000015258789,100.13999938964844,100.30000305175781,94.02361297607422,9871500
2024-08-15,99.69999694824219,99.9000015258789,99.6500015258789,99.87999725341797,93.6299057006836,8628400
2024-08-16,100.02999877929688,100.12000274658203,99.8499984741211,100.12000274658203,93.85488891601562,6507900
2024-08-19,100.06999969482422,100.33999633789062,100.04000091552734,100.2300033569336,93.9580078125,4690300
2024-08-20,100.41000366210938,100.55999755859375,100.33000183105469,100.52999877929688,94.2392349243164,5516700
2024-08-21,100.61000061035156,100.9000015258789,100.43000030517578,100.72000122070312,94.41734313964844,6366700
2024-08-22,100.54000091552734,100.56999969482422,100.2300033569336,100.30999755859375,94.03299713134766,7893700
2024-08-23,100.5199966430664,100.80999755859375,100.43000030517578,100.7699966430664,94.4642105102539,6179500
2024-08-26,100.91999816894531,100.91999816894531,100.66000366210938,100.68000030517578,94.37986755371094,6653200
2024-08-27,100.4800033569336,100.73999786376953,100.43000030517578,100.70999908447266,94.40795135498047,7965400
2024-08-28,100.70999908447266,100.7699966430664,100.5999984741211,100.62000274658203,94.3236083984375,6960300
2024-08-29,100.44999694824219,100.55000305175781,100.3499984741211,100.48999786376953,94.20175170898438,6912700
2024-08-30,100.51000213623047,100.63999938964844,100.22000122070312,100.25,93.97676849365234,7213200
2024-09-03,100.31999969482422,100.52999877929688,100.2300033569336,100.36000061035156,94.37358093261719,6837200
2024-09-04,100.43000030517578,100.8499984741211,100.4000015258789,100.80000305175781,94.78733825683594,10867700
2024-09-05,101.0199966430664,101.12000274658203,100.75,101.05999755859375,95.03182220458984,11921900
2024-09-06,101.12999725341797,101.5999984741211,100.97000122070312,101.19000244140625,95.15408325195312,8830200
2024-09-09,101.1500015258789,101.43000030517578,101.05000305175781,101.33999633789062,95.29512786865234,7569300
2024-09-10,101.33999633789062,101.69999694824219,101.30999755859375,101.6500015258789,95.58661651611328,5979300
2024-09-11,101.51000213623047,101.8499984741211,101.45999908447266,101.62000274658203,95.55842590332031,4184400
2024-09-12,101.55999755859375,101.6500015258789,101.37999725341797,101.52999877929688,95.47379302978516,6419400
2024-09-13,101.76000213623047,101.81999969482422,101.62000274658203,101.73999786376953,95.6712646484375,5330600
2024-09-16,101.83000183105469,102.04000091552734,101.75,101.9800033569336,95.89693450927734,8425900
2024-09-17,101.98999786376953,102.02999877929688,101.83000183105469,101.87999725341797,95.80290222167969,9256000
2024-09-18,101.68000030517578,102.02999877929688,101.52999877929688,101.55999755859375,95.50199127197266,6280000
2024-09-19,101.41000366210938,101.61000061035156,101.37000274658203,101.56999969482422,95.51139831542969,5079800
2024-09-20,101.43000030517578,101.6500015258789,101.31999969482422,101.4800033569336,95.4267807006836,8464900
2024-09-23,101.33999633789062,101.58999633789062,101.19000244140625,101.44000244140625,95.38916778564453,8428100
2024-09-24,101.2699966430664,101.62000274658203,101.22000122070312,101.58000183105469,95.52080535888672,5803600
2024-09-25,101.41999816894531,101.43000030517578,101.19000244140625,101.19000244140625,95.15408325195312,9259100
2024-09-26,101.31999969482422,101.3499984741211,101.0,101.20999908447266,95.1728744506836,8124400
2024-09-27,101.41000366210938,101.55999755859375,101.33000183105469,101.5,95.4455795288086,5033300
2024-09-30,101.44000244140625,101.4800033569336,101.13999938964844,101.2699966430664,95.22928619384766,9105400
2024-10-01,101.2699966430664,101.44999694824219,101.1500015258789,101.2300033569336,95.48114776611328,8811400
2024-10-02,100.87999725341797,101.11000061035156,100.80999755859375,101.0199966430664,95.2830581665039,11700900
2024-10-03,100.8499984741211,100.88999938964844,100.58999633789062,100.61000061035156,94.89634704589844,8751200
2024-10-04,100.0999984741211,100.13999938964844,99.88999938964844,99.95999908447266,94.28326416015625,9639700
2024-10-07,99.63999938964844,99.7699966430664,99.58000183105469,99.62000274658203,93.96258544921875,6382100
2024-10-08,99.5199966430664,99.79000091552734,99.48999786376953,99.79000091552734,94.1229248046875,7340100
2024-10-09,99.63999938964844,99.66999816894531,99.47000122070312,99.52999877929688,93.87767028808594,8218300
2024-10-10,99.44999694824219,99.55000305175781,99.2300033569336,99.47000122070312,93.82108306884766,5757700
2024-10-11,99.41000366210938,99.62000274658203,99.36000061035156,99.5,93.84937286376953,4878600
2024-10-14,99.19999694824219,99.41999816894531,99.16999816894531,99.41000366210938,93.76451873779297,3512600
2024-10-15,99.73999786376953,99.83999633789062,99.68000030517578,99.80999755859375,94.14177703857422,7158700
2024-10-16,99.95999908447266,100.04000091552734,99.87000274658203,99.94000244140625,94.264404296875,4741300
2024-10-17,99.5999984741211,99.66000366210938,99.41999816894531,99.44999694824219,93.80223846435547,5306300
2024-10-18,99.62999725341797,99.68000030517578,99.5,99.5199966430664,93.86825561523438,4973000
2024-10-21,99.18000030517578,99.20999908447266,98.83000183105469,98.83000183105469,93.21743774414062,6873900
2024-10-22,98.93000030517578,99.01000213623047,98.7699966430664,98.8499984741211,93.23628234863281,11401800
2024-10-23,98.56999969482422,98.76000213623047,98.4800033569336,98.5999984741211,93.00049591064453,19659700
2024-10-24,98.68000030517578,98.94999694824219,98.5999984741211,98.79000091552734,93.1797103881836,7559300
2024-10-25,98.97000122070312,98.98999786376953,98.54000091552734,98.58999633789062,92.99104309082031,9028500
2024-10-28,98.63999938964844,98.6500015258789,98.29000091552734,98.43000030517578,92.84012603759766,7362900
2024-10-29,98.12000274658203,98.55999755859375,98.08999633789062,98.54000091552734,92.94389343261719,5421700
2024-10-30,98.75,98.94000244140625,98.4000015258789,98.44000244140625,92.84957885742188,11188400
2024-10-31,98.31999969482422,98.58000183105469,98.1500015258789,98.41999816894531,92.8307113647461,12754500
2024-11-01,98.29000091552734,98.37999725341797,97.68000030517578,97.72000122070312,92.46170806884766,10387300
2024-11-04,98.25,98.37999725341797,97.94999694824219,98.12999725341797,92.84963989257812,6629800
2024-11-05,98.08999633789062,98.38999938964844,97.86000061035156,98.36000061035156,93.06726837158203,6663000
2024-11-06,97.43000030517578,97.81999969482422,97.36000061035156,97.58999633789062,92.33867645263672,9158100
2024-11-07,97.95999908447266,98.54000091552734,97.9000015258789,98.33000183105469,93.03887939453125,17402300
2024-11-08,98.4800033569336,98.72000122070312,98.37000274658203,98.5,93.1997299194336,6199800
2024-11-11,98.30000305175781,98.33000183105469,98.16000366210938,98.27999877929688,92.99156951904297,4501200
2024-11-12,97.9800033569336,98.13999938964844,97.6500015258789,97.70999908447266,92.45223999023438,16775400
2024-11-13,98.16999816894531,98.19999694824219,97.56999969482422,97.69000244140625,92.43331909179688,15834900
2024-11-14,97.8499984741211,97.98999786376953,97.56999969482422,97.6500015258789,92.39546203613281,7312000
2024-11-15,97.44000244140625,97.87999725341797,97.26000213623047,97.66000366210938,92.4049301147461,11844300
2024-11-18,97.55000305175781,97.81999969482422,97.47000122070312,97.75,92.49009704589844,5260600
2024-11-19,97.94999694824219,98.05000305175781,97.87000274658203,97.88999938964844,92.62255096435547,4735900
2024-11-20,97.69000244140625,97.93000030517578,97.66999816894531,97.79000091552734,92.5279312133789,5551100
2024-11-21,97.8499984741211,98.01000213623047,97.66999816894531,97.73999786376953,92.48062133789062,6348500
2024-11-22,97.87000274658203,97.91999816894531,97.72000122070312,97.80999755859375,92.5468521118164,4989600
2024-11-25,98.52999877929688,98.69999694824219,98.43000030517578,98.69000244140625,93.37950897216797,9246200
2024-11-26,98.48999786376953,98.54000091552734,98.30000305175781,98.54000091552734,93.23757934570312,11303100
2024-11-27,98.80000305175781,98.93000030517578,98.6500015258789,98.80999755859375,93.4930419921875,8749800
2024-11-29,99.1500015258789,99.22000122070312,99.08000183105469,99.19999694824219,93.86204528808594,9623200
2024-12-02,99.38999938964844,99.5999984741211,98.58000183105469,98.9000015258789,93.87345886230469,18397600
2024-12-03,98.97000122070312,99.05999755859375,98.66999816894531,98.70999908447266,93.69309997558594,6889800
2024-12-04,98.5199966430664,99.08999633789062,98.4800033569336,99.02999877929688,93.99684143066406,7448900
2024-12-05,98.95999908447266,99.11000061035156,98.8499984741211,99.05000305175781,94.01582336425781,8786700
2024-12-06,99.4000015258789,99.44000244140625,99.13999938964844,99.33000183105469,94.28160095214844,12890600
2024-12-09,99.19999694824219,99.22000122070312,99.02999877929688,99.04000091552734,94.00633239746094,10689000
2024-12-10,98.87000274658203,98.98999786376953,98.80000305175781,98.91999816894531,93.89241790771484,5984500
2024-12-11,99.08000183105469,99.1500015258789,98.66000366210938,98.69000244140625,93.67412567138672,8095800
2024-12-12,98.52999877929688,98.58000183105469,98.25,98.29000091552734,93.29446411132812,12353100
2024-12-13,98.19999694824219,98.2300033569336,97.87000274658203,97.91999816894531,92.94324493408203,6566300
2024-12-16,98.06999969482422,98.0999984741211,97.87999725341797,98.01000213623047,93.0286865234375,7124100
2024-12-17,98.0,98.12999725341797,97.94999694824219,98.01000213623047,93.0286865234375,7239200
2024-12-18,97.66000366210938,97.80000305175781,96.9000015258789,96.94999694824219,92.32022094726562,14261400
2024-12-19,96.76000213623047,96.81999969482422,96.5,96.69999694824219,92.0821533203125,15490100
2024-12-20,97.05000305175781,97.22000122070312,96.94000244140625,96.95999908447266,92.32974243164062,8657700
2024-12-23,96.94999694824219,96.97000122070312,96.5999984741211,96.66000366210938,92.04405975341797,10540800
2024-12-24,96.5,96.77999877929688,96.47000122070312,96.7699966430664,92.1488037109375,4739300
2024-12-26,96.5199966430664,96.87999725341797,96.51000213623047,96.83999633789062,92.21546173095703,10620200
2024-12-27,96.79000091552734,96.88999938964844,96.61000061035156,96.63999938964844,92.0250244140625,8601300
2024-12-30,97.0,97.08000183105469,96.95999908447266,97.0199966430664,92.38687133789062,10154500
2024-12-31,97.1500015258789,97.20999908447266,96.83000183105469,96.9000015258789,92.2726058959961,12276700
2025-01-02,97.06999969482422,97.20999908447266,96.77999877929688,96.91000366210938,92.28213500976562,5547700
2025-01-03,97.02999877929688,97.06999969482422,96.79000091552734,96.80999755859375,92.18689727783203,5331000
2025-01-06,96.72000122070312,96.80000305175781,96.58000183105469,96.70999908447266,92.09166717529297,9248300
2025-01-07,96.61000061035156,96.68000030517578,96.23999786376953,96.37000274658203,91.7679214477539,9153300
2025-01-08,96.2699966430664,96.5199966430664,96.2300033569336,96.4800033569336,91.87266540527344,7444500
2025-01-10,95.8499984741211,96.2300033569336,95.8499984741211,95.94000244140625,91.35844421386719,9822000
2025-01-13,95.94000244140625,95.94999694824219,95.73999786376953,95.8499984741211,91.27273559570312,10420700
2025-01-14,95.86000061035156,95.93000030517578,95.75,95.87999725341797,91.30130004882812,5487600
2025-01-15,96.94000244140625,96.94000244140625,96.55000305175781,96.70999908447266,92.09166717529297,9563000
2025-01-16,96.62999725341797,97.02999877929688,96.5,96.91999816894531,92.2916488647461,9810800
2025-01-17,97.06999969482422,97.0999984741211,96.87000274658203,96.91999816894531,92.2916488647461,5360200
2025-01-21,97.1500015258789,97.27999877929688,97.08999633789062,97.23999786376953,92.59635162353516,7725900
2025-01-22,97.20999908447266,97.25,96.95999908447266,97.01000213623047,92.3773422241211,7283400
2025-01-23,96.7699966430664,96.91999816894531,96.72000122070312,96.8499984741211,92.2249984741211,7707000
2025-01-24,96.87000274658203,97.11000061035156,96.80000305175781,97.01000213623047,92.3773422241211,6459400
2025-01-27,97.48999786376953,97.55999755859375,97.30999755859375,97.55000305175781,92.89155578613281,7602000
2025-01-28,97.33999633789062,97.52999877929688,97.29000091552734,97.5199966430664,92.86299133300781,5730300
2025-01-29,97.58000183105469,97.6500015258789,97.22000122070312,97.45999908447266,92.80586242675781,5912800
2025-01-30,97.62000274658203,97.7300033569336,97.5199966430664,97.5999984741211,92.93916320800781,6802900
2025-01-31,97.62000274658203,97.7300033569336,97.26000213623047,97.4000015258789,92.74871826171875,10750100
2025-02-03,97.33999633789062,97.54000091552734,97.05000305175781,97.16999816894531,92.83661651611328,9977100
2025-02-04,97.0199966430664,97.37999725341797,97.0,97.3499984741211,93.00859832763672,8483500
2025-02-05,97.69999694824219,98.0,97.66000366210938,97.87000274658203,93.50540161132812,9716700
2025-02-06,97.7699966430664,97.87999725341797,97.62999725341797,97.7699966430664,93.40985870361328,6629400
2025-02-07,97.5199966430664,97.58999633789062,97.36000061035156,97.45999908447266,93.11370086669922,6422300
2025-02-10,97.56999969482422,97.68000030517578,97.41000366210938,97.48999786376953,93.1423568725586,6038700
2025-02-11,97.2699966430664,97.33999633789062,97.22000122070312,97.2699966430664,92.93213653564453,8001100
2025-02-12,96.7699966430664,96.87999725341797,96.61000061035156,96.76000213623047,92.44490051269531,6404900
2025-02-13,97.16000366210938,97.43000030517578,96.83999633789062,97.33999633789062,92.99903869628906,7041200
2025-02-14,97.75,97.87999725341797,97.66999816894531,97.69999694824219,93.34297943115234,6257500
2025-02-18,97.45999908447266,97.58000183105469,97.30999755859375,97.30999755859375,92.97039031982422,8159400
2025-02-19,97.2699966430664,97.5,97.2699966430664,97.44999694824219,93.10411834716797,5604800
2025-02-20,97.54000091552734,97.66999816894531,97.5,97.5999984741211,93.24745178222656,27958700
2025-02-21,97.75,98.18000030517578,97.69999694824219,98.0199966430664,93.64871215820312,7070600
2025-02-24,97.95999908447266,98.23999786376953,97.94000244140625,98.19000244140625,93.8111343383789,7298300
2025-02-25,98.6500015258789,98.80999755859375,98.55999755859375,98.80000305175781,94.39393615722656,5801200
2025-02-26,98.7699966430664,99.0199966430664,98.6500015258789,98.95999908447266,94.54679107666016,5035900
2025-02-27,98.7699966430664,98.93000030517578,98.7300033569336,98.80999755859375,94.40348815917969,6263200
2025-02-28,99.08000183105469,99.29000091552734,98.91999816894531,99.25,94.8238754272461,14453000
2025-03-03,98.66000366210938,99.19000244140625,98.5999984741211,99.16000366210938,95.0289535522461,7533500
2025-03-04,99.30000305175781,99.4000015258789,98.80999755859375,98.91000366210938,94.78936004638672,7532400
2025-03-05,98.97000122070312,99.05999755859375,98.55000305175781,98.56999969482422,94.4635238647461,7302600
2025-03-06,98.51000213623047,98.62000274658203,98.2300033569336,98.47000122070312,94.36769104003906,9946200
2025-03-07,98.8499984741211,98.9800033569336,98.30000305175781,98.3499984741211,94.25269317626953,6450700
2025-03-10,98.80999755859375,98.98999786376953,98.7300033569336,98.81999969482422,94.70311737060547,12318600
2025-03-11,98.7699966430664,98.94000244140625,98.41999816894531,98.47000122070312,94.36769104003906,10187900
2025-03-12,98.30000305175781,98.43000030517578,98.16000366210938,98.18000030517578,94.08976745605469,8436700
2025-03-13,98.08999633789062,98.5,98.01000213623047,98.4800033569336,94.37725830078125,7959500
2025-03-14,98.33999633789062,98.41999816894531,98.25,98.27999877929688,94.18560791015625,8949800
2025-03-17,98.48999786376953,98.6500015258789,98.3499984741211,98.41000366210938,94.3101806640625,10605800
2025-03-18,98.30000305175781,98.62000274658203,98.27999877929688,98.51000213623047,94.4060287475586,9022000
2025-03-19,98.41999816894531,98.83000183105469,98.33000183105469,98.80000305175781,94.6839370727539,6763800
2025-03-20,99.22000122070312,99.25,98.80000305175781,98.86000061035156,94.74144744873047,6556800
2025-03-21,98.95999908447266,99.04000091552734,98.73999786376953,98.73999786376953,94.62643432617188,5028800
2025-03-24,98.5999984741211,98.63999938964844,98.31999969482422,98.36000061035156,94.26226043701172,4894800
2025-03-25,98.37000274658203,98.55999755859375,98.33999633789062,98.44999694824219,94.34852600097656,5663000
2025-03-26,98.36000061035156,98.4000015258789,98.19999694824219,98.20999908447266,94.11852264404297,6744000
2025-03-27,98.16000366210938,98.2300033569336,98.01000213623047,98.16000366210938,94.07060241699219,9513000
2025-03-28,98.54000091552734,98.81999969482422,98.45999908447266,98.7300033569336,94.61686706542969,8534000
2025-03-31,98.9800033569336,99.08999633789062,98.69999694824219,98.91999816894531,94.7989501953125,13350700
2025-04-01,98.80999755859375,99.12999725341797,98.62000274658203,98.95999908447266,95.14990234375,10295200
2025-04-02,99.16999816894531,99.20999908447266,98.62000274658203,98.8499984741211,95.04411315917969,8225100
2025-04-03,99.47000122070312,99.7300033569336,99.05000305175781,99.37000274658203,95.54411315917969,9905000
2025-04-04,99.91999816894531,100.55000305175781,99.44000244140625,99.45999908447266,95.63064575195312,14914300
2025-04-07,99.22000122070312,99.30999755859375,98.0,98.19999694824219,94.41914367675781,21796300
2025-04-08,98.0999984741211,98.69000244140625,97.63999938964844,97.69000244140625,93.92878723144531,13173300
2025-04-09,97.06999969482422,97.98999786376953,96.62999725341797,97.91000366210938,94.14031219482422,16244400
2025-04-10,97.66999816894531,97.86000061035156,97.11000061035156,97.13999938964844,93.39996337890625,9940000
2025-04-11,96.66000366210938,97.16999816894531,96.1500015258789,97.04000091552734,93.30381774902344,8437400
2025-04-14,97.44000244140625,97.69000244140625,97.2699966430664,97.61000061035156,93.85187530517578,7940600
2025-04-15,97.5999984741211,97.95999908447266,97.51000213623047,97.80999755859375,94.04415893554688,10074400
2025-04-16,97.87999725341797,98.19000244140625,97.72000122070312,98.12000274658203,94.34223175048828,10105000
2025-04-17,98.05999755859375,98.11000061035156,97.80999755859375,97.87000274658203,94.10186004638672,5589400
2025-04-21,97.61000061035156,97.83000183105469,97.27999877929688,97.27999877929688,93.53457641601562,7925700
2025-04-22,97.61000061035156,97.7699966430664,97.44999694824219,97.45999908447266,93.70763397216797,6521400
2025-04-23,98.33000183105469,98.47000122070312,97.6500015258789,97.69999694824219,93.93841552734375,13376700
2025-04-24,98.05999755859375,98.25,98.0,98.23999786376953,94.45761108398438,8524400
2025-04-25,98.47000122070312,98.62999725341797,98.36000061035156,98.5999984741211,94.80374908447266,9058900
2025-04-28,98.5199966430664,98.9000015258789,98.5,98.87000274658203,95.06336975097656,4890800
2025-04-29,98.76000213623047,99.11000061035156,98.75,99.11000061035156,95.29410552978516,6731100
2025-04-30,98.98999786376953,99.16999816894531,98.87999725341797,99.0199966430664,95.20758056640625,7370300
2025-05-01,98.83000183105469,98.87000274658203,98.27999877929688,98.43000030517578,94.9480972290039,6912600
2025-05-02,98.05999755859375,98.33999633789062,97.81999969482422,97.94999694824219,94.48506927490234,9879200
2025-05-05,97.9000015258789,97.91000366210938,97.6500015258789,97.77999877929688,94.32109832763672,14273800
2025-05-06,97.77999877929688,98.0199966430664,97.6500015258789,98.0199966430664,94.55259704589844,11730100
2025-05-07,98.16000366210938,98.33999633789062,98.08999633789062,98.16999816894531,94.69730377197266,6557000
2025-05-08,98.20999908447266,98.2300033569336,97.6500015258789,97.66000366210938,94.2053451538086,7814200
2025-05-09,97.86000061035156,97.97000122070312,97.73999786376953,97.76000213623047,94.30180358886719,5739200
2025-05-12,97.44999694824219,97.66000366210938,97.33000183105469,97.43000030517578,93.98347473144531,10768200
2025-05-13,97.5,97.55000305175781,97.23999786376953,97.33000183105469,93.88702392578125,6305500
2025-05-14,97.27999877929688,97.33999633789062,97.01000213623047,97.05000305175781,93.61690521240234,7350600
2025-05-15,97.30999755859375,97.5999984741211,97.22000122070312,97.5999984741211,94.14744567871094,7638900
2025-05-16,97.91000366210938,97.91999816894531,97.62000274658203,97.66000366210938,94.2053451538086,5262500
2025-05-19,97.13999938964844,97.66000366210938,97.0999984741211,97.62999725341797,94.1763916015625,7232700
2025-05-20,97.5199966430664,97.54000091552734,97.27999877929688,97.45999908447266,94.01240539550781,7496600
2025-05-21,97.16999816894531,97.27999877929688,96.73999786376953,96.81999969482422,93.39506530761719,12393200
2025-05-22,96.7699966430664,97.11000061035156,96.66000366210938,97.0999984741211,93.6651382446289,6084800
2025-05-23,97.33999633789062,97.37999725341797,97.08000183105469,97.23999786376953,93.80020141601562,5210500
2025-05-27,97.51000213623047,97.73999786376953,97.41999816894531,97.68000030517578,94.22462463378906,7461500
2025-05-28,97.55999755859375,97.66999816894531,97.37999725341797,97.5,94.0510025024414,4909200
2025-05-29,97.73999786376953,97.94000244140625,97.69999694824219,97.86000061035156,94.39825439453125,7724100
2025-05-30,97.86000061035156,98.0999984741211,97.80000305175781,98.0999984741211,94.62976837158203,15488400
2025-06-02,97.2300033569336,97.5999984741211,97.2300033569336,97.5199966430664,94.38105773925781,28390000
2025-06-03,97.5999984741211,97.75,97.37000274658203,97.44999694824219,94.31328582763672,7177600
2025-06-04,97.75,98.08999633789062,97.69000244140625,98.02999877929688,94.87464141845703,7761500
2025-06-05,98.02999877929688,98.12000274658203,97.7699966430664,97.77999877929688,94.6326675415039,10456500
2025-06-06,97.45999908447266,97.52999877929688,97.25,97.27999877929688,94.14877319335938,6299900
2025-06-09,97.29000091552734,97.54000091552734,97.2699966430664,97.4000015258789,94.26490020751953,7096500
2025-06-10,97.72000122070312,97.73999786376953,97.51000213623047,97.62000274658203,94.47782135009766,4990900
2025-06-11,97.79000091552734,97.9800033569336,97.69999694824219,97.94999694824219,94.79719543457031,5992400
2025-06-12,98.23999786376953,98.31999969482422,98.12000274658203,98.30999755859375,95.1456069946289,5726200
2025-06-13,98.11000061035156,98.16000366210938,97.76000213623047,97.95999908447266,94.806884765625,8050300
2025-06-16,97.88999938964844,98.06999969482422,97.75,97.76000213623047,94.61333465576172,5680900
2025-06-17,97.94999694824219,98.12000274658203,97.76000213623047,98.05999755859375,94.9036636352539,5312000
2025-06-18,98.20999908447266,98.4000015258789,98.02999877929688,98.12999725341797,94.9714126586914,5907900
2025-06-20,98.0,98.30999755859375,97.94999694824219,98.22000122070312,95.05850982666016,6213000
2025-06-23,98.4000015258789,98.6500015258789,98.30000305175781,98.41999816894531,95.25206756591797,5884600
2025-06-24,98.36000061035156,98.81999969482422,98.33999633789062,98.81999969482422,95.63919830322266,7907600
2025-06-25,98.62000274658203,98.80999755859375,98.5199966430664,98.80999755859375,95.62950897216797,8434800
2025-06-26,98.80000305175781,99.0999984741211,98.77999877929688,99.08000183105469,95.89083099365234,9775100
2025-06-27,98.87000274658203,99.0999984741211,98.76000213623047,98.80000305175781,95.61982727050781,25931600
2025-06-30,99.05000305175781,99.2300033569336,98.94000244140625,99.19999694824219,96.0069580078125,14036800
2025-07-01,98.87000274658203,98.94999694824219,98.66999816894531,98.79000091552734,95.91860961914062,18480200
2025-07-02,98.68000030517578,98.69999694824219,98.54000091552734,98.66999816894531,95.8021011352539,8756000
2025-07-03,98.52999877929688,98.58999633789062,98.41000366210938,98.47000122070312,95.60791015625,4583200
2025-07-07,98.31999969482422,98.33000183105469,98.05999755859375,98.12000274658203,95.26808166503906,8088100
2025-07-08,97.94999694824219,98.08000183105469,97.93000030517578,98.08000183105469,95.229248046875,7804200
2025-07-09,98.20999908447266,98.48999786376953,98.12999725341797,98.48999786376953,95.62733459472656,11043600
2025-07-10,98.41999816894531,98.4800033569336,98.30000305175781,98.45999908447266,95.59819793701172,5125300
2025-07-11,98.16999816894531,98.25,98.0199966430664,98.05000305175781,95.20011901855469,6106500
2025-07-14,98.01000213623047,98.12999725341797,97.93000030517578,98.04000091552734,95.1904067993164,6231400
2025-07-15,98.16000366210938,98.16000366210938,97.69999694824219,97.75,94.9088363647461,9681000
2025-07-16,97.88999938964844,98.0199966430664,97.69000244140625,97.88999938964844,95.04476165771484,23556800
2025-07-17,97.9800033569336,98.05999755859375,97.86000061035156,97.93000030517578,95.08361053466797,8355500
2025-07-18,98.1500015258789,98.16999816894531,98.04000091552734,98.11000061035156,95.25838470458984,8443800
2025-07-21,98.45999908447266,98.54000091552734,98.36000061035156,98.37999725341797,95.52052307128906,6865700
2025-07-22,98.4800033569336,98.63999938964844,98.43000030517578,98.56999969482422,95.70500946044922,6172700
2025-07-23,98.44999694824219,98.4800033569336,98.31999969482422,98.3499984741211,95.49139404296875,7466900
2025-07-24,98.11000061035156,98.36000061035156,98.08999633789062,98.29000091552734,95.43314361572266,9643800
2025-07-25,98.30000305175781,98.4800033569336,98.25,98.44999694824219,95.58849334716797,5530400
2025-07-28,98.36000061035156,98.41999816894531,98.27999877929688,98.31999969482422,95.4622802734375,7032200
2025-07-29,98.41999816894531,98.8499984741211,98.41999816894531,98.8499984741211,95.97686004638672,12015200
2025-07-30,98.66999816894531,98.81999969482422,98.5199966430664,98.56999969482422,95.70500946044922,8305400
2025-07-31,98.72000122070312,98.83000183105469,98.56999969482422,98.62000274658203,95.7535629272461,19774600
2025-08-01,98.87000274658203,99.16000366210938,98.8499984741211,99.13999938964844,96.58161163330078,12416200
2025-08-04,99.16000366210938,99.23999786376953,99.02999877929688,99.22000122070312,96.65956115722656,6717900
2025-08-05,99.12999725341797,99.30999755859375,99.11000061035156,99.25,96.68878936767578,9092400
2025-08-06,99.13999938964844,99.29000091552734,98.83999633789062,99.20999908447266,96.64981079101562,8102700
2025-08-07,99.2300033569336,99.31999969482422,99.08999633789062,99.12999725341797,96.57188415527344,7869300
2025-08-08,99.0,99.12000274658203,98.88999938964844,98.94000244140625,96.38678741455078,8238100
2025-08-11,99.01000213623047,99.12000274658203,98.94000244140625,99.01000213623047,96.45499420166016,9698300
2025-08-12,98.91000366210938,99.01000213623047,98.80000305175781,99.01000213623047,96.45499420166016,12239500
2025-08-13,99.27999877929688,99.41000366210938,99.26000213623047,99.37000274658203,96.8056869506836,5386800
2025-08-14,99.18000030517578,99.2699966430664,99.0199966430664,99.08999633789062,96.53290557861328,5208500
2025-08-15,99.06999969482422,99.0999984741211,98.87000274658203,98.94000244140625,96.38678741455078,6884600
2025-08-18,98.98999786376953,99.0,98.75,98.83000183105469,96.27962493896484,7906400
2025-08-19,98.94000244140625,99.04000091552734,98.91000366210938,99.0199966430664,96.46470642089844,9946800
2025-08-20,98.98999786376953,99.16000366210938,98.9800033569336,99.08000183105469,96.5231704711914,5615200
2025-08-21,98.95999908447266,98.98999786376953,98.7300033569336,98.8499984741211,96.2990951538086,7129200
2025-08-22,99.02999877929688,99.44999694824219,99.0,99.4000015258789,96.83490753173828,9451400
2025-08-25,99.20999908447266,99.33999633789062,99.16000366210938,99.25,96.68878936767578,5624900
2025-08-26,99.23999786376953,99.38999938964844,99.16000366210938,99.37000274658203,96.8056869506836,4696000
2025-08-27,99.22000122070312,99.47000122070312,99.16999816894531,99.47000122070312,96.90311431884766,7320800
2025-08-28,99.43000030517578,99.61000061035156,99.41000366210938,99.58999633789062,97.02000427246094,7068500
2025-08-29,99.47000122070312,99.54000091552734,99.4000015258789,99.45999908447266,96.89335632324219,9181400
2025-09-02,98.81999969482422,98.94999694824219,98.79000091552734,98.87000274658203,96.63630676269531,8529800
2025-09-03,98.94999694824219,99.33000183105469,98.94999694824219,99.2300033569336,96.98816680908203,8400000
2025-09-04,99.44000244140625,99.63999938964844,99.33999633789062,99.62999725341797,97.37913513183594,6297100
2025-09-05,100.13999938964844,100.2300033569336,100.08000183105469,100.0999984741211,97.83851623535156,7617200
2025-09-08,100.33000183105469,100.44999694824219,100.30000305175781,100.44000244140625,98.17082977294922,7202700
2025-09-09,100.37999725341797,100.45999908447266,100.16000366210938,100.23999786376953,97.97535705566406,7090000
2025-09-10,100.41000366210938,100.58999633789062,100.33999633789062,100.44000244140625,98.17082977294922,5952400
2025-09-11,100.55000305175781,100.77999877929688,100.52999877929688,100.62999725341797,98.35653686523438,6776500
2025-09-12,100.4800033569336,100.54000091552734,100.33999633789062,100.54000091552734,98.26856231689453,6525900
2025-09-15,100.66999816894531,100.73999786376953,100.62000274658203,100.70999908447266,98.43472290039062,5039000
2025-09-16,100.75,100.97000122070312,100.6500015258789,100.75,98.47383117675781,8264600
2025-09-17,100.87000274658203,101.0199966430664,100.48999786376953,100.56999969482422,98.29789733886719,7878300
2025-09-18,100.2699966430664,100.41000366210938,100.16000366210938,100.29000091552734,98.02422332763672,7123700
2025-09-19,100.30000305175781,100.36000061035156,100.20999908447266,100.29000091552734,98.02422332763672,7238500
2025-09-22,100.26000213623047,100.29000091552734,100.12000274658203,100.16999816894531,97.90692901611328,5642100
2025-09-23,100.23999786376953,100.36000061035156,100.16000366210938,100.33000183105469,98.06330871582031,8095500
2025-09-24,100.25,100.26000213623047,100.11000061035156,100.13999938964844,97.87761688232422,6610800
2025-09-25,100.0,100.05999755859375,99.8499984741211,100.0,97.74077606201172,8743500
2025-09-26,100.08999633789062,100.20999908447266,99.97000122070312,100.06999969482422,97.80919647216797,6868100
2025-09-29,100.18000030517578,100.33000183105469,100.13999938964844,100.26000213623047,97.99490356445312,7751600
2025-09-30,100.33000183105469,100.48999786376953,100.19999694824219,100.25,97.98511505126953,12400700
2025-10-01,100.18000030517578,100.26000213623047,100.02999877929688,100.18000030517578,98.23518371582031,6961300
2025-10-02,100.13999938964844,100.31999969482422,100.0999984741211,100.29000091552734,98.3430404663086,6055800
2025-10-03,100.31999969482422,100.37999725341797,100.16000366210938,100.18000030517578,98.23518371582031,5268700
2025-10-06,100.0,100.1500015258789,99.94999694824219,99.95999908447266,98.01944732666016,6950200
2025-10-07,100.08000183105469,100.2300033569336,100.0199966430664,100.12999725341797,98.18614959716797,6379200
2025-10-08,100.30999755859375,100.33000183105469,100.11000061035156,100.13999938964844,98.19595336914062,5726900
2025-10-09,100.08000183105469,100.0999984741211,100.0,100.0199966430664,98.07827758789062,5199500
2025-10-10,100.36000061035156,100.54000091552734,100.25,100.43000030517578,98.4803237915039,10204100
2025-10-13,100.45999908447266,100.62999725341797,100.36000061035156,100.62000274658203,98.66664123535156,8320400
2025-10-14,100.56999969482422,100.79000091552734,100.52999877929688,100.77999877929688,98.82352447509766,8508700
2025-10-15,100.81999969482422,100.93000030517578,100.6500015258789,100.73999786376953,98.78429412841797,6297000
2025-10-16,100.69000244140625,101.11000061035156,100.66999816894531,101.0999984741211,99.13732147216797,10035200
2025-10-17,101.01000213623047,101.01000213623047,100.86000061035156,100.95999908447266,99.00003051757812,11738900
2025-10-20,101.06999969482422,101.12999725341797,101.0199966430664,101.12999725341797,99.16671752929688,7299100
2025-10-21,101.2699966430664,101.3499984741211,101.19999694824219,101.2300033569336,99.2647933959961,12965900
2025-10-22,101.16000366210938,101.23999786376953,101.08999633789062,101.22000122070312,99.25498962402344,13263200
2025-10-23,101.11000061035156,101.16999816894531,101.01000213623047,101.04000091552734,99.07847595214844,9975000
2025-10-24,101.16999816894531,101.19999694824219,101.0199966430664,101.13999938964844,99.1765365600586,6544500
2025-10-27,101.08000183105469,101.20999908447266,100.97000122070312,101.20999908447266,99.24517822265625,8527600
2025-10-28,101.19000244140625,101.30000305175781,101.13999938964844,101.2699966430664,99.30402374267578,10300500
2025-10-29,101.25,101.25,100.76000213623047,100.79000091552734,98.83333587646484,9275700
2025-10-30,100.4800033569336,100.76000213623047,100.45999908447266,100.5999984741211,98.64702606201172,13563800
2025-10-31,100.66000366210938,100.69999694824219,100.5,100.54000091552734,98.58818817138672,13111900
2025-11-03,100.06999969482422,100.1500015258789,100.0,100.08999633789062,98.4671859741211,9042100
2025-11-04,100.1500015258789,100.27999877929688,100.12999725341797,100.13999938964844,98.5163803100586,29687500
2025-11-05,100.0999984741211,100.11000061035156,99.81999969482422,99.87000274658203,98.25074768066406,8164900
2025-11-06,100.18000030517578,100.30000305175781,100.13999938964844,100.23999786376953,98.61474609375,7247600
2025-11-07,100.12999725341797,100.33999633789062,100.11000061035156,100.19999694824219,98.57539367675781,5708300
2025-11-10,100.19999694824219,100.2699966430664,100.0999984741211,100.16000366210938,98.53604125976562,7945000
2025-11-11,100.37999725341797,100.48999786376953,100.33000183105469,100.45999908447266,98.83118438720703,5186200
2025-11-12,100.41999816894531,100.5,100.36000061035156,100.41999816894531,98.79183197021484,6267300
2025-11-13,100.23999786376953,100.33000183105469,100.12000274658203,100.12000274658203,98.4967041015625,7541600
2025-11-14,100.30000305175781,100.33000183105469,99.9800033569336,100.0,98.37864685058594,6350400
2025-11-17,100.05000305175781,100.13999938964844,100.01000213623047,100.0199966430664,98.39830780029297,7821800
2025-11-18,100.25,100.2699966430664,100.0,100.08000183105469,98.45734405517578,7731800
2025-11-19,100.19999694824219,100.25,100.02999877929688,100.08000183105469,98.45734405517578,8951700
2025-11-20,100.18000030517578,100.27999877929688,100.13999938964844,100.19999694824219,98.57539367675781,12968000
2025-11-21,100.44999694824219,100.5,100.27999877929688,100.44000244140625,98.81150817871094,9334500
2025-11-24,100.51000213623047,100.66000366210938,100.5,100.63999938964844,99.00827026367188,7717600
2025-11-25,100.70999908447266,100.94999694824219,100.69999694824219,100.80000305175781,99.16567993164062,16788400
2025-11-26,100.77999877929688,100.97000122070312,100.66000366210938,100.95999908447266,99.32307434082031,8935000
2025-11-28,100.91000366210938,100.94000244140625,100.69999694824219,100.81999969482422,99.18534088134766,5064800
2025-12-01,100.06999969482422,100.13999938964844,100.0199966430664,100.05999755859375,98.75698852539062,7249300
2025-12-02,100.06999969482422,100.22000122070312,100.04000091552734,100.19000244140625,98.88529968261719,7972000
2025-12-03,100.30000305175781,100.38999938964844,100.20999908447266,100.37999725341797,99.07283020019531,9744400
2025-12-04,100.25,100.30999755859375,100.11000061035156,100.13999938964844,98.8359603881836,6953200
2025-12-05,100.16999816894531,100.16999816894531,99.95999908447266,100.02999877929688,98.7273941040039,6870000
2025-12-08,100.0199966430664,100.02999877929688,99.73999786376953,99.87000274658203,98.5694808959961,8039100
2025-12-09,100.04000091552734,100.04000091552734,99.7699966430664,99.77999877929688,98.48064422607422,5967900
2025-12-10,99.7699966430664,100.12999725341797,99.76000213623047,100.0999984741211,98.79647064208984,9279700
2025-12-11,100.31999969482422,100.3499984741211,100.08000183105469,100.12000274658203,98.81622314453125,9961200
2025-12-12,99.83999633789062,99.91999816894531,99.77999877929688,99.80999755859375,98.51024627685547,7588300
2025-12-15,100.01000213623047,100.08000183105469,99.87999725341797,99.91000366210938,98.60894775390625,9960300
2025-12-16,99.87000274658203,100.1500015258789,99.86000061035156,100.0999984741211,98.79647064208984,8614000
2025-12-17,100.02999877929688,100.13999938964844,100.0199966430664,100.06999969482422,98.7668685913086,12011000
2025-12-18,100.31999969482422,100.37000274658203,100.22000122070312,100.31999969482422,99.01361846923828,8191000
2025-12-19,99.88999938964844,99.94999694824219,99.80000305175781,99.83999633789062,98.86902618408203,6216400
2025-12-22,99.81999969482422,99.83000183105469,99.73999786376953,99.80000305175781,98.82942199707031,6178400
2025-12-23,99.5999984741211,99.81999969482422,99.58000183105469,99.80000305175781,98.82942199707031,9744100
2025-12-24,99.9000015258789,100.04000091552734,99.8499984741211,100.0199966430664,99.04727935791016,4483900
2025-12-26,100.12999725341797,100.1500015258789,99.97000122070312,100.04000091552734,99.06709289550781,6503700
2025-12-29,100.12000274658203,100.19000244140625,100.05999755859375,100.16000366210938,99.18592834472656,7886700
2025-12-30,100.05999755859375,100.18000030517578,100.02999877929688,100.12000274658203,99.14631652832031,7955800
2025-12-31,100.0199966430664,100.12000274658203,99.87999725341797,99.87999725341797,98.90863800048828,13535500
