date,open,high,low,close,adj_close,volume
2014-01-02,101.72000122070312,102.38999938964844,101.69000244140625,102.16999816894531,73.02616119384766,8580800
2014-01-03,101.80999755859375,102.44999694824219,101.76000213623047,102.16999816894531,73.02616119384766,4083800
2014-01-06,102.37999725341797,103.0,102.37000274658203,102.5999984741211,73.33348083496094,7796200
2014-01-07,102.81999969482422,102.98999786376953,102.55999755859375,102.86000061035156,73.51934814453125,4428100
2014-01-08,102.44999694824219,102.69000244140625,102.0999984741211,102.58000183105469,73.31922149658203,8513000
2014-01-09,102.97000122070312,103.20999908447266,102.51000213623047,103.18000030517578,73.74808502197266,6991100
2014-01-10,103.7699966430664,104.54000091552734,103.69000244140625,104.41000366210938,74.6271743774414,13197400
2014-01-13,104.51000213623047,105.13999938964844,104.47000122070312,104.93000030517578,74.99884796142578,9667400
2014-01-14,104.6500015258789,104.83000183105469,104.38999938964844,104.44999694824219,74.6557846069336,10343100
2014-01-15,104.04000091552734,104.51000213623047,103.93000030517578,104.33999633789062,74.57717895507812,7507500
2014-01-16,104.8499984741211,105.06999969482422,104.72000122070312,105.04000091552734,75.07747650146484,7137700
2014-01-17,104.86000061035156,105.5199966430664,104.79000091552734,105.4800033569336,75.39198303222656,7588600
2014-01-21,105.44999694824219,105.73999786376953,105.4000015258789,105.55999755859375,75.44918823242188,6436000
2014-01-22,105.37000274658203,105.75,105.23999786376953,105.30000305175781,75.2633285522461,4646700
2014-01-23,105.87999725341797,107.08999633789062,105.87999725341797,106.79000091552734,76.32832336425781,12960600
2014-01-24,107.19000244140625,107.48999786376953,106.98999786376953,107.4800033569336,76.82147216796875,11122200
2014-01-27,107.22000122070312,107.5999984741211,106.69999694824219,106.7300033569336,76.28538513183594,9218200
2014-01-28,106.91000366210938,106.98999786376953,106.55000305175781,106.98999786376953,76.47126007080078,5661500
2014-01-29,107.37000274658203,108.1500015258789,106.98999786376953,107.87000274658203,77.10023498535156,11709400
2014-01-30,107.47000122070312,107.66999816894531,107.11000061035156,107.55999755859375,76.87863159179688,5956900
2014-01-31,108.19999694824219,108.41000366210938,107.8499984741211,108.27999877929688,77.3932876586914,14690900
2014-02-03,107.79000091552734,109.33999633789062,107.61000061035156,109.31999969482422,78.33634185791016,20780300
2014-02-04,108.5199966430664,108.66999816894531,107.97000122070312,108.16000366210938,77.50508117675781,9573500
2014-02-05,107.69000244140625,107.77999877929688,107.01000213623047,107.16000366210938,76.78852844238281,10312200
2014-02-06,106.97000122070312,107.0199966430664,106.5199966430664,106.69999694824219,76.4588623046875,5708700
2014-02-07,106.45999908447266,107.22000122070312,106.44000244140625,106.79000091552734,76.52339935302734,7039200
2014-02-10,106.61000061035156,107.12000274658203,106.56999969482422,107.08999633789062,76.73834228515625,4370500
2014-02-11,106.61000061035156,106.69000244140625,106.16000366210938,106.47000122070312,76.29407501220703,5904900
2014-02-12,106.16999816894531,106.20999908447266,105.62000274658203,105.91999816894531,75.89994049072266,6723300
2014-02-13,106.58999633789062,106.7300033569336,106.30000305175781,106.5199966430664,76.32987213134766,6874600
2014-02-14,106.56999969482422,106.63999938964844,106.2699966430664,106.58000183105469,76.37289428710938,4989100
2014-02-18,106.66000366210938,107.19999694824219,106.62000274658203,106.81999969482422,76.54483795166016,4855800
2014-02-19,107.18000030517578,107.18000030517578,106.30000305175781,106.37000274658203,76.22235870361328,5522500
2014-02-20,106.31999969482422,106.62999725341797,105.69000244140625,106.11000061035156,76.03610229492188,5103200
2014-02-21,105.94999694824219,106.68000030517578,105.94999694824219,106.66999816894531,76.43738555908203,5250700
2014-02-24,106.69999694824219,106.73999786376953,106.16999816894531,106.4000015258789,76.24384307861328,3816700
2014-02-25,106.91000366210938,107.36000061035156,106.88999938964844,107.3499984741211,76.92466735839844,6225400
2014-02-26,107.30999755859375,107.91999816894531,107.23999786376953,107.91999816894531,77.33307647705078,7203900
2014-02-27,108.27999877929688,108.55999755859375,108.0999984741211,108.51000213623047,77.75592041015625,5394700
2014-02-28,108.27999877929688,108.73999786376953,107.77999877929688,108.56999969482422,77.7988510131836,8462600
2014-03-03,108.87999725341797,109.18000030517578,108.63999938964844,109.02999877929688,78.3182373046875,11089400
2014-03-04,108.3499984741211,108.3499984741211,107.36000061035156,107.38999938964844,77.14016723632812,8068100
2014-03-05,107.33999633789062,107.77999877929688,107.19999694824219,107.62000274658203,77.30536651611328,4798500
2014-03-06,106.76000213623047,106.97000122070312,106.5199966430664,106.55999755859375,76.5439453125,7418200
2014-03-07,105.63999938964844,106.16999816894531,105.5999984741211,105.88999938964844,76.06270599365234,8270300
2014-03-10,105.94000244140625,106.11000061035156,105.77999877929688,106.04000091552734,76.1703872680664,3744300
2014-03-11,105.9800033569336,106.33999633789062,105.77999877929688,106.31999969482422,76.37159729003906,3815700
2014-03-12,106.91999816894531,107.26000213623047,106.77999877929688,107.05999755859375,76.90310668945312,6430500
2014-03-13,106.69999694824219,108.52999877929688,106.6500015258789,108.5,77.9375,11815500
2014-03-14,108.97000122070312,108.9800033569336,108.31999969482422,108.5199966430664,77.95186614990234,9232800
2014-03-17,108.18000030517578,108.30000305175781,107.66999816894531,107.70999908447266,77.37004852294922,7381900
2014-03-18,107.68000030517578,108.1500015258789,107.5999984741211,108.0999984741211,77.65019989013672,4819500
2014-03-19,107.91999816894531,107.9800033569336,106.80999755859375,107.26000213623047,77.04679107666016,11557600
2014-03-20,107.08999633789062,107.62999725341797,106.98999786376953,107.06999969482422,76.91033172607422,5224400
2014-03-21,107.41000366210938,108.31999969482422,107.37000274658203,108.2300033569336,77.74356842041016,8986200
2014-03-24,108.05000305175781,109.08999633789062,107.94999694824219,109.0,78.29666137695312,7536400
2014-03-25,108.41000366210938,108.81999969482422,108.16999816894531,108.58999633789062,78.00214385986328,5032000
2014-03-26,108.55000305175781,109.4800033569336,108.4800033569336,109.44000244140625,78.61273193359375,7147200
2014-03-27,109.63999938964844,110.38999938964844,109.41999816894531,109.98999786376953,79.00776672363281,9772200
2014-03-28,109.86000061035156,109.88999938964844,109.0199966430664,109.37000274658203,78.56241607666016,6027000
2014-03-31,108.73999786376953,111.06999969482422,108.33999633789062,109.0999984741211,78.3685073852539,7488400
2014-04-01,108.26000213623047,108.36000061035156,107.83999633789062,107.88999938964844,77.69873046875,9067300
2014-04-02,107.38999938964844,107.55000305175781,107.16999816894531,107.2699966430664,77.252197265625,6887200
2014-04-03,107.5199966430664,107.94000244140625,107.44000244140625,107.73999786376953,77.5907211303711,4937400
2014-04-04,107.87000274658203,108.69000244140625,107.8499984741211,108.45999908447266,78.10926055908203,8977500
2014-04-07,108.62000274658203,109.29000091552734,108.5999984741211,109.11000061035156,78.57731628417969,7562500
2014-04-08,109.02999877929688,109.47000122070312,108.72000122070312,109.37000274658203,78.7646255493164,4213800
2014-04-09,108.87999725341797,109.3499984741211,108.63999938964844,108.83000183105469,78.37571716308594,5771500
2014-04-10,108.91999816894531,110.22000122070312,108.9000015258789,109.83999633789062,79.10306549072266,12706400
2014-04-11,110.54000091552734,110.79000091552734,110.12999725341797,110.7300033569336,79.74398040771484,10267000
2014-04-14,110.4800033569336,110.69999694824219,110.30000305175781,110.44000244140625,79.5351791381836,4142600
2014-04-15,110.61000061035156,111.51000213623047,110.3499984741211,111.12999725341797,80.0320816040039,7752000
2014-04-16,110.43000030517578,111.2699966430664,110.37999725341797,111.2699966430664,80.1329116821289,5523000
2014-04-17,111.37000274658203,111.44999694824219,109.69999694824219,110.05000305175781,79.2542953491211,8622500
2014-04-21,110.37000274658203,110.62000274658203,109.83999633789062,109.95999908447266,79.189453125,4316300
2014-04-22,109.66000366210938,110.48999786376953,109.61000061035156,110.33000183105469,79.4559326171875,5748700
2014-04-23,110.5999984741211,111.05000305175781,110.52999877929688,110.95999908447266,79.90962219238281,5748600
2014-04-24,110.44999694824219,111.20999908447266,110.44999694824219,111.16999816894531,80.06086730957031,6337800
2014-04-25,111.48999786376953,111.98999786376953,111.31999969482422,111.33000183105469,80.17615509033203,5976500
2014-04-28,111.11000061035156,111.27999877929688,110.55000305175781,110.79000091552734,79.78720092773438,7606000
2014-04-29,110.16999816894531,110.7300033569336,110.04000091552734,110.63999938964844,79.67921447753906,5235200
2014-04-30,110.72000122070312,111.26000213623047,110.37999725341797,111.0999984741211,80.01046752929688,7721400
2014-05-01,110.87999725341797,112.08000183105469,110.83999633789062,112.0199966430664,80.86880493164062,11556500
2014-05-02,111.54000091552734,113.0999984741211,111.30000305175781,112.70999908447266,81.36695861816406,12702100
2014-05-05,112.76000213623047,112.80999755859375,111.88999938964844,112.02999877929688,80.87604522705078,8043000
2014-05-06,112.11000061035156,112.69999694824219,112.04000091552734,112.4800033569336,81.20094299316406,6522600
2014-05-07,112.30999755859375,112.56999969482422,111.94000244140625,112.08000183105469,80.91213989257812,8199200
2014-05-08,112.33999633789062,112.76000213623047,111.45999908447266,111.5999984741211,80.56561279296875,10878800
2014-05-09,111.52999877929688,111.80999755859375,110.9800033569336,111.23999786376953,80.30571746826172,6000600
2014-05-12,111.01000213623047,111.12999725341797,110.54000091552734,110.79000091552734,79.98087310791016,4563800
2014-05-13,111.44000244140625,111.75,111.33000183105469,111.75,80.6739501953125,5501000
2014-05-14,112.62999725341797,113.2300033569336,112.55999755859375,112.95999908447266,81.54745483398438,8851400
2014-05-15,113.77999877929688,114.41000366210938,113.5999984741211,113.86000061035156,82.19715118408203,12627900
2014-05-16,113.61000061035156,114.0,113.41999816894531,113.54000091552734,81.96617126464844,5019200
2014-05-19,113.93000030517578,113.95999908447266,112.62000274658203,112.69999694824219,81.35969543457031,7403300
2014-05-20,112.5999984741211,113.4800033569336,112.58999633789062,112.94999694824219,81.54020690917969,6549800
2014-05-21,112.22000122070312,112.4000015258789,111.87000274658203,112.26000213623047,81.0421142578125,8224600
2014-05-22,112.26000213623047,112.4000015258789,111.79000091552734,112.0999984741211,80.9266357421875,6495700
2014-05-23,112.5199966430664,112.91000366210938,112.44999694824219,112.69999694824219,81.35969543457031,3835000
2014-05-27,112.8499984741211,113.4000015258789,112.4000015258789,113.36000061035156,81.83623504638672,6658300
2014-05-28,114.0999984741211,114.83999633789062,114.08999633789062,114.76000213623047,82.84687042236328,10361000
2014-05-29,114.87000274658203,115.19000244140625,114.12999725341797,114.1500015258789,82.40650177001953,10692000
2014-05-30,113.95999908447266,114.4000015258789,113.80999755859375,114.0999984741211,82.37039184570312,6518900
2014-06-02,113.04000091552734,113.68000030517578,112.55000305175781,112.95999908447266,81.75811767578125,11728200
2014-06-03,112.41000366210938,112.54000091552734,111.51000213623047,111.56999969482422,80.75202941894531,12694100
2014-06-04,111.76000213623047,111.81999969482422,111.2699966430664,111.54000091552734,80.73035430908203,7882000
2014-06-05,111.12999725341797,111.97000122070312,111.0199966430664,111.58999633789062,80.76654052734375,6915600
2014-06-06,112.12999725341797,112.41000366210938,111.48999786376953,111.58999633789062,80.76654052734375,7832800
2014-06-09,111.44999694824219,111.63999938964844,111.19999694824219,111.43000030517578,80.6507339477539,5162800
2014-06-10,111.04000091552734,111.2699966430664,110.83000183105469,111.0199966430664,80.3539810180664,5986000
2014-06-11,111.26000213623047,111.54000091552734,110.8499984741211,111.22000122070312,80.49869537353516,5569700
2014-06-12,111.30000305175781,112.3499984741211,111.0,112.20999908447266,81.21528625488281,9775900
2014-06-13,111.56999969482422,112.62000274658203,111.52999877929688,112.1500015258789,81.17184448242188,5412500
2014-06-16,112.20999908447266,112.62999725341797,112.0999984741211,112.43000030517578,81.37449645996094,5184600
2014-06-17,112.06999969482422,112.08999633789062,111.4800033569336,111.54000091552734,80.73035430908203,6668800
2014-06-18,111.80000305175781,112.76000213623047,111.55999755859375,112.4000015258789,81.35282897949219,11256500
2014-06-19,112.51000213623047,112.55999755859375,110.73999786376953,110.95999908447266,80.31050109863281,14215500
2014-06-20,110.97000122070312,111.80000305175781,110.9000015258789,111.80000305175781,80.91850280761719,7319100
2014-06-23,112.08000183105469,112.18000030517578,111.41000366210938,111.44999694824219,80.66514587402344,5821700
2014-06-24,112.1500015258789,112.6500015258789,111.81999969482422,112.58000183105469,81.4830551147461,9698300
2014-06-25,113.0999984741211,113.36000061035156,112.69000244140625,112.87000274658203,81.69297790527344,5699300
2014-06-26,113.20999908447266,113.80000305175781,113.20999908447266,113.41000366210938,82.08380126953125,6628900
2014-06-27,113.68000030517578,113.81999969482422,113.16999816894531,113.23999786376953,81.96076965332031,7216500
2014-06-30,113.55999755859375,113.80000305175781,113.08999633789062,113.5199966430664,82.16341400146484,5593100
2014-07-01,112.5,112.73999786376953,112.19999694824219,112.27999877929688,81.47550201416016,8019200
2014-07-02,111.62999725341797,111.66999816894531,110.97000122070312,111.08000183105469,80.60469055175781,9382500
2014-07-03,110.37999725341797,110.86000061035156,110.33999633789062,110.68000030517578,80.31446075439453,6173900
2014-07-07,111.2699966430664,111.80999755859375,111.2300033569336,111.48999786376953,80.9022445678711,5928900
2014-07-08,112.23999786376953,112.86000061035156,112.23999786376953,112.73999786376953,81.80924224853516,6352100
2014-07-09,112.66000366210938,113.13999938964844,112.37999725341797,112.83000183105469,81.87460327148438,6395200
2014-07-10,113.54000091552734,113.66000366210938,112.81999969482422,112.86000061035156,81.89636993408203,7196900
2014-07-11,113.3499984741211,113.68000030517578,113.27999877929688,113.58000183105469,82.4188461303711,4676500
2014-07-14,113.27999877929688,113.41000366210938,112.93000030517578,113.08999633789062,82.06328582763672,4743300
2014-07-15,112.83000183105469,113.47000122070312,112.5,112.86000061035156,81.89636993408203,7720000
2014-07-16,113.0,113.58000183105469,112.94000244140625,113.45999908447266,82.3317642211914,4615800
2014-07-17,114.2300033569336,115.05000305175781,113.94000244140625,114.88999938964844,83.36947631835938,10901000
2014-07-18,114.87999725341797,114.95999908447266,114.11000061035156,114.5199966430664,83.1009292602539,6677900
2014-07-21,115.01000213623047,115.62999725341797,115.01000213623047,115.08999633789062,83.5145492553711,5724100
2014-07-22,115.08999633789062,115.45999908447266,114.6500015258789,115.33000183105469,83.68872833251953,5753200
2014-07-23,115.51000213623047,115.62999725341797,115.16999816894531,115.18000030517578,83.57984161376953,3489600
2014-07-24,114.5199966430664,114.58000183105469,114.25,114.31999969482422,82.95584869384766,6609000
2014-07-25,115.33999633789062,115.68000030517578,115.16000366210938,115.66999816894531,83.9354476928711,7041800
2014-07-28,115.58999633789062,115.9000015258789,115.12000274658203,115.51000213623047,83.81937408447266,5138300
2014-07-29,115.87000274658203,116.06999969482422,115.41999816894531,115.93000030517578,84.1241226196289,6579300
2014-07-30,115.1500015258789,115.37999725341797,114.16999816894531,114.31999969482422,82.95584869384766,12251200
2014-07-31,113.52999877929688,114.58000183105469,113.47000122070312,113.9800033569336,82.7091064453125,18254000
2014-08-01,113.58000183105469,114.87000274658203,113.05000305175781,114.55999755859375,83.3493423461914,14951200
2014-08-04,114.52999877929688,114.80999755859375,114.26000213623047,114.26000213623047,83.1310806274414,5183800
2014-08-05,114.06999969482422,114.80000305175781,113.68000030517578,114.62999725341797,83.4002914428711,8032000
2014-08-06,115.47000122070312,115.47000122070312,114.5999984741211,114.69999694824219,83.45121002197266,7289200
2014-08-07,114.83999633789062,115.7699966430664,114.56999969482422,115.7699966430664,84.22969818115234,9745500
2014-08-08,115.93000030517578,116.41999816894531,115.37999725341797,115.5199966430664,84.04778289794922,9536700
2014-08-11,115.6500015258789,115.81999969482422,115.29000091552734,115.51000213623047,84.04054260253906,6668800
2014-08-12,115.41000366210938,115.44000244140625,114.7300033569336,114.76000213623047,83.4948501586914,8122400
2014-08-13,114.87000274658203,115.5199966430664,114.77999877929688,115.51000213623047,84.04054260253906,8210500
2014-08-14,115.93000030517578,116.5,115.38999938964844,116.44000244140625,84.71715545654297,9028200
2014-08-15,116.70999908447266,118.36000061035156,116.69000244140625,117.70999908447266,85.64116668701172,17606700
2014-08-18,117.20999908447266,117.30000305175781,116.38999938964844,116.54000091552734,84.7899398803711,7595300
2014-08-19,117.08000183105469,117.1500015258789,115.9800033569336,116.18000030517578,84.52798461914062,5936900
2014-08-20,116.04000091552734,116.11000061035156,115.56999969482422,115.98999786376953,84.38978576660156,7275600
2014-08-21,116.06999969482422,116.76000213623047,116.0199966430664,116.63999938964844,84.86267852783203,6790700
2014-08-22,116.73999786376953,117.43000030517578,116.20999908447266,117.29000091552734,85.33556365966797,10149900
2014-08-25,117.44999694824219,117.77999877929688,117.20999908447266,117.7300033569336,85.65570068359375,5760700
2014-08-26,117.94000244140625,117.98999786376953,117.20999908447266,117.3499984741211,85.37921142578125,5487600
2014-08-27,117.69999694824219,118.41000366210938,117.4000015258789,118.3499984741211,86.10681915283203,7265800
2014-08-28,119.12999725341797,119.37000274658203,118.66999816894531,118.97000122070312,86.55791473388672,9463600
2014-08-29,118.91999816894531,119.43000030517578,118.75,119.05000305175781,86.61614227294922,8512900
2014-09-02,117.27999877929688,117.37999725341797,116.69999694824219,116.7300033569336,85.1219482421875,10506000
2014-09-03,116.4000015258789,117.37999725341797,116.30999755859375,117.37999725341797,85.59590911865234,6553900
2014-09-04,116.62000274658203,116.87999725341797,115.93000030517578,115.94999694824219,84.55314636230469,12528900
2014-09-05,116.44000244140625,116.5999984741211,115.44000244140625,115.7300033569336,84.3927001953125,6886000
2014-09-08,116.41000366210938,116.62999725341797,115.44999694824219,115.77999877929688,84.42915344238281,9326400
2014-09-09,115.48999786376953,115.88999938964844,115.44999694824219,115.69000244140625,84.36356353759766,5353100
2014-09-10,114.97000122070312,115.12000274658203,114.79000091552734,114.95999908447266,83.83119201660156,8729400
2014-09-11,115.26000213623047,115.54000091552734,114.56999969482422,114.58000183105469,83.5541000366211,9274800
2014-09-12,113.69000244140625,113.91999816894531,113.22000122070312,113.37999725341797,82.67903900146484,11114900
2014-09-15,113.8499984741211,114.06999969482422,113.36000061035156,113.55000305175781,82.80303192138672,5510700
2014-09-16,113.61000061035156,113.86000061035156,113.08000183105469,113.08999633789062,82.46756744384766,9304700
2014-09-17,113.52999877929688,113.83000183105469,112.7300033569336,112.80000305175781,82.25611877441406,12917000
2014-09-18,113.18000030517578,113.4800033569336,112.8499984741211,113.16000366210938,82.51863098144531,7031200
2014-09-19,113.58000183105469,114.68000030517578,113.19999694824219,114.5999984741211,83.56869506835938,13236900
2014-09-22,114.66000366210938,115.04000091552734,114.44000244140625,114.73999786376953,83.6707534790039,6617200
2014-09-23,114.91000366210938,115.47000122070312,114.7699966430664,115.44999694824219,84.18852233886719,6362400
2014-09-24,115.29000091552734,115.55000305175781,114.63999938964844,114.80999755859375,83.72180938720703,5223300
2014-09-25,115.30999755859375,116.18000030517578,115.30999755859375,116.16999816894531,84.71359252929688,8947800
2014-09-26,116.0199966430664,116.29000091552734,115.62000274658203,116.0,84.58958435058594,7799600
2014-09-29,117.0,117.16999816894531,116.66000366210938,116.93000030517578,85.26778411865234,6791800
2014-09-30,116.66000366210938,117.04000091552734,116.12999725341797,116.2699966430664,84.78646087646484,7277500
2014-10-01,116.88999938964844,118.26000213623047,116.83000183105469,118.2300033569336,86.43060302734375,17194900
2014-10-02,117.83000183105469,118.19999694824219,117.13999938964844,117.19999694824219,85.6775894165039,8251800
2014-10-03,117.0,117.7699966430664,116.83000183105469,117.69999694824219,86.04313659667969,8561500
2014-10-06,117.62000274658203,118.19000244140625,117.36000061035156,117.7699966430664,86.09429168701172,4485500
2014-10-07,118.30999755859375,119.43000030517578,118.18000030517578,119.36000061035156,87.25663757324219,8837700
2014-10-08,119.44999694824219,119.5199966430664,118.51000213623047,119.38999938964844,87.27864837646484,9391300
2014-10-09,119.2699966430664,119.66999816894531,118.77999877929688,118.87000274658203,86.89848327636719,10291700
2014-10-10,119.5199966430664,120.08000183105469,119.30999755859375,120.05000305175781,87.76109313964844,8774400
2014-10-13,120.16000366210938,121.16999816894531,120.05000305175781,120.77999877929688,88.29474639892578,6450700
2014-10-14,121.30999755859375,121.77999877929688,120.68000030517578,121.56999969482422,88.87225341796875,11285400
2014-10-15,124.58000183105469,127.68000030517578,121.83999633789062,122.52999877929688,89.57405853271484,37407500
2014-10-16,124.12000274658203,124.12999725341797,121.44000244140625,121.75,89.00386810302734,18096600
2014-10-17,121.19000244140625,121.70999908447266,120.4800033569336,121.06999969482422,88.50675964355469,8524300
2014-10-20,121.77999877929688,121.8499984741211,120.94000244140625,121.51000213623047,88.82842254638672,7742500
2014-10-21,120.83999633789062,121.23999786376953,120.52999877929688,120.54000091552734,88.11927032470703,9754700
2014-10-22,120.47000122070312,120.8499984741211,120.22000122070312,120.66999816894531,88.21430969238281,9260200
2014-10-23,120.04000091552734,120.18000030517578,119.05999755859375,119.5999984741211,87.43212127685547,10936300
2014-10-24,119.93000030517578,120.41000366210938,119.47000122070312,119.72000122070312,87.51982879638672,5704900
2014-10-27,119.88999938964844,120.2699966430664,119.66000366210938,119.94000244140625,87.68070220947266,3391900
2014-10-28,119.4800033569336,119.6500015258789,119.08000183105469,119.19000244140625,87.13236999511719,5141300
2014-10-29,118.95999908447266,119.81999969482422,118.41999816894531,119.45999908447266,87.32976531982422,9105100
2014-10-30,120.31999969482422,120.45999908447266,119.51000213623047,119.55999755859375,87.4028549194336,7024400
2014-10-31,119.33999633789062,119.70999908447266,118.83000183105469,119.25,87.17621612548828,6664200
2014-11-03,118.9000015258789,119.16000366210938,118.20999908447266,118.95999908447266,87.17622375488281,9726600
2014-11-04,119.41999816894531,119.91000366210938,119.08000183105469,119.33000183105469,87.4474105834961,3664800
2014-11-05,118.91000366210938,119.37000274658203,118.81999969482422,119.16000366210938,87.32279205322266,4799600
2014-11-06,118.5999984741211,118.93000030517578,118.30999755859375,118.38999938964844,86.7585678100586,5901900
2014-11-07,118.72000122070312,119.75,118.68000030517578,119.75,87.75517272949219,8550500
2014-11-10,119.58000183105469,119.58000183105469,118.55999755859375,118.6500015258789,86.94906616210938,4787300
2014-11-11,118.4800033569336,118.80999755859375,118.33999633789062,118.7300033569336,87.0077133178711,2416500
2014-11-12,119.19999694824219,119.52999877929688,118.44999694824219,118.62999725341797,86.93444061279297,4040800
2014-11-13,118.69999694824219,119.18000030517578,118.44000244140625,118.91000366210938,87.13958740234375,4475900
2014-11-14,118.83999633789062,119.58999633789062,118.68000030517578,119.48999786376953,87.5646743774414,5191200
2014-11-17,119.77999877929688,119.79000091552734,118.87999725341797,119.19000244140625,87.3447494506836,4726200
2014-11-18,119.31999969482422,119.58000183105469,119.16000366210938,119.5199966430664,87.58663177490234,4471200
2014-11-19,118.87999725341797,119.58000183105469,118.76000213623047,118.76000213623047,87.02967071533203,5792500
2014-11-20,119.9000015258789,119.94999694824219,119.05999755859375,119.37999725341797,87.48400115966797,5683600
2014-11-21,119.56999969482422,120.16000366210938,119.5199966430664,120.0999984741211,88.01165771484375,3640100
2014-11-24,119.66999816894531,120.2699966430664,119.55000305175781,120.19999694824219,88.08494567871094,4033900
2014-11-25,120.37000274658203,121.2699966430664,120.30999755859375,121.19999694824219,88.81776428222656,6770000
2014-11-26,121.63999938964844,121.87000274658203,121.47000122070312,121.52999877929688,89.0595932006836,4339100
2014-11-28,122.12999725341797,122.66999816894531,122.12999725341797,122.48999786376953,89.76310729980469,4562200
2014-12-01,122.68000030517578,122.80999755859375,121.45999908447266,121.5,89.23938751220703,7728600
2014-12-02,120.83999633789062,120.8499984741211,120.29000091552734,120.31999969482422,88.37273406982422,5757200
2014-12-03,120.30000305175781,120.80000305175781,120.12999725341797,120.79000091552734,88.7179183959961,4868600
2014-12-04,120.75,121.80000305175781,120.62000274658203,121.80000305175781,89.45974731445312,4250500
2014-12-05,121.56999969482422,121.5999984741211,120.5199966430664,121.08999633789062,88.9382553100586,8030700
2014-12-08,121.41999816894531,122.83999633789062,121.13999938964844,122.56999969482422,90.02530670166016,6021800
2014-12-09,123.5999984741211,123.97000122070312,122.95999908447266,123.19999694824219,90.48799133300781,6639700
2014-12-10,123.18000030517578,124.4000015258789,123.08000183105469,124.0999984741211,91.14907836914062,6439200
2014-12-11,123.73999786376953,124.61000061035156,123.29000091552734,124.61000061035156,91.52366638183594,7863500
2014-12-12,125.44999694824219,126.3499984741211,125.0199966430664,126.30000305175781,92.76492309570312,9317400
2014-12-15,125.63999938964844,126.69999694824219,125.43000030517578,126.04000091552734,92.573974609375,9387400
2014-12-16,127.36000061035156,127.72000122070312,126.36000061035156,127.5999984741211,93.71976470947266,7426400
2014-12-17,126.91000366210938,127.19000244140625,125.69999694824219,126.44999694824219,92.8751220703125,11558800
2014-12-18,124.93000030517578,125.0999984741211,124.19999694824219,124.19999694824219,91.2225112915039,12758200
2014-12-19,124.58000183105469,125.94999694824219,124.44000244140625,125.87000274658203,92.4491195678711,7894500
2014-12-22,125.44999694824219,126.19000244140625,125.31999969482422,126.04000091552734,92.573974609375,4118800
2014-12-23,125.44999694824219,125.5999984741211,123.48999786376953,123.54000091552734,90.73774719238281,7406100
2014-12-24,123.05999755859375,124.05999755859375,122.93000030517578,123.94999694824219,91.23163604736328,4871400
2014-12-26,124.55000305175781,124.58999633789062,124.0199966430664,124.41000366210938,91.5701904296875,2921300
2014-12-29,124.91000366210938,125.66000366210938,124.80999755859375,125.33999633789062,92.25472259521484,4070700
2014-12-30,125.9800033569336,126.20999908447266,125.52999877929688,125.68000030517578,92.50497436523438,4372600
2014-12-31,125.69999694824219,126.16999816894531,125.6500015258789,125.91999816894531,92.68161010742188,4993300
2015-01-02,126.29000091552734,127.66000366210938,126.1500015258789,127.31999969482422,93.71206665039062,9432000
2015-01-05,128.00999450683594,129.6300048828125,127.95999908447266,129.32000732421875,95.18412017822266,9789500
2015-01-06,130.6999969482422,132.49000549316406,130.19000244140625,131.64999389648438,96.89908599853516,18331300
2015-01-07,130.6999969482422,131.97000122070312,130.1699981689453,131.38999938964844,96.70771026611328,9762900
2015-01-08,130.36000061035156,130.3699951171875,129.4199981689453,129.64999389648438,95.4270248413086,8055300
2015-01-09,129.1999969482422,131.11000061035156,129.0399932861328,131.07000732421875,96.47225952148438,9398800
2015-01-12,131.0,132.30999755859375,130.9199981689453,131.82000732421875,97.02427673339844,6658100
2015-01-13,131.38999938964844,132.61000061035156,131.13999938964844,131.82000732421875,97.02427673339844,8260800
2015-01-14,133.72000122070312,134.1199951171875,132.6999969482422,132.82000732421875,97.76026916503906,12324500
2015-01-15,132.85000610351562,135.02999877929688,132.67999267578125,134.91000366210938,99.29857635498047,11454200
2015-01-16,134.3300018310547,134.67999267578125,133.02999877929688,133.19000244140625,98.03262329101562,9390500
2015-01-20,134.1300048828125,135.11000061035156,134.07000732421875,134.9600067138672,99.33541107177734,7758700
2015-01-21,135.1999969482422,135.58999633789062,132.9600067138672,133.39999389648438,98.18716430664062,9803900
2015-01-22,134.0,134.17999267578125,132.27999877929688,132.9199981689453,97.83387756347656,10200000
2015-01-23,134.3000030517578,135.1199951171875,134.14999389648438,134.77000427246094,99.195556640625,7334600
2015-01-26,134.83999633789062,135.19000244140625,134.0500030517578,134.36000061035156,98.89372253417969,5966500
2015-01-27,135.72999572753906,136.1300048828125,134.14999389648438,134.57000732421875,99.04837036132812,8079600
2015-01-28,134.75,137.41000366210938,134.6999969482422,136.77000427246094,100.66761016845703,12230300
2015-01-29,136.1199951171875,136.6699981689453,135.4600067138672,135.8699951171875,100.00519561767578,8881400
2015-01-30,137.7100067138672,138.5,137.17999267578125,138.27999877929688,101.77904510498047,14871200
2015-02-02,136.6999969482422,137.9199981689453,136.66000366210938,137.47999572753906,101.39478302001953,13689900
2015-02-03,135.64999389648438,135.7899932861328,134.3699951171875,134.57000732421875,99.24861145019531,14008700
2015-02-04,133.49000549316406,134.99000549316406,133.1199951171875,134.8000030517578,99.41824340820312,11360400
2015-02-05,134.0,134.22999572753906,133.11000061035156,133.32000732421875,98.32670593261719,8334600
2015-02-06,132.0500030517578,132.35000610351562,130.58999633789062,130.9600067138672,96.58610534667969,13685600
2015-02-09,131.97000122070312,131.97999572753906,130.75,130.75,96.43123626708984,8025500
2015-02-10,130.13999938964844,130.47000122070312,129.44000244140625,129.7100067138672,95.66423034667969,8290700
2015-02-11,129.6999969482422,130.27000427246094,128.9600067138672,129.9499969482422,95.84122467041016,6506400
2015-02-12,129.66000366210938,130.5399932861328,129.4499969482422,129.52000427246094,95.5240707397461,12548300
2015-02-13,129.50999450683594,129.52999877929688,128.08999633789062,128.19000244140625,94.54317474365234,8325200
2015-02-17,127.80000305175781,127.93000030517578,125.91999816894531,126.26000213623047,93.11975860595703,14968800
2015-02-18,126.81999969482422,127.73999786376953,126.47000122070312,127.01000213623047,93.67288208007812,14009200
2015-02-19,126.77999877929688,127.44999694824219,126.16999816894531,126.16999816894531,93.05340576171875,8584800
2015-02-20,127.05000305175781,128.00999450683594,126.0,126.54000091552734,93.32626342773438,12502500
2015-02-23,127.19000244140625,128.1699981689453,127.16000366210938,127.98999786376953,94.39568328857422,7500500
2015-02-24,127.6500015258789,129.7899932861328,127.18000030517578,129.6699981689453,95.63471984863281,11958300
2015-02-25,129.4600067138672,130.38999938964844,129.0800018310547,130.22999572753906,96.0477294921875,8019800
2015-02-26,129.6999969482422,130.3000030517578,128.39999389648438,128.4499969482422,94.73494720458984,11020500
2015-02-27,129.02000427246094,129.6199951171875,128.27000427246094,129.52999877929688,95.53147888183594,9225100
2015-03-02,129.0,129.07000732421875,126.7699966430664,126.87000274658203,93.75204467773438,11324000
2015-03-03,126.88999938964844,127.37000274658203,126.37999725341797,126.41000366210938,93.41209411621094,8599000
2015-03-04,126.94000244140625,127.04000091552734,126.16000366210938,126.44999694824219,93.44168853759766,6478900
2015-03-05,126.52999877929688,126.87999725341797,125.9000015258789,126.29000091552734,93.32341766357422,6045000
2015-03-06,124.66999816894531,124.83000183105469,122.97000122070312,123.5,91.2617416381836,20022900
2015-03-09,124.68000030517578,124.87000274658203,124.12999725341797,124.63999938964844,92.1041488647461,8889100
2015-03-10,125.97000122070312,126.44000244140625,125.76000213623047,126.27999877929688,93.31605529785156,9277900
2015-03-11,126.26000213623047,127.45999908447266,126.12000274658203,127.19999694824219,93.99589538574219,6663100
2015-03-12,128.1999969482422,128.1999969482422,126.72000122070312,127.11000061035156,93.92943572998047,10295900
2015-03-13,126.76000213623047,127.58999633789062,126.48999786376953,126.72000122070312,93.64122009277344,7247200
2015-03-16,127.94000244140625,128.14999389648438,127.2699966430664,127.94000244140625,94.54273986816406,6374600
2015-03-17,128.5500030517578,129.11000061035156,128.27999877929688,129.0,95.3260269165039,6314000
2015-03-18,129.91000366210938,131.52999877929688,128.61000061035156,131.49000549316406,97.1660385131836,13981900
2015-03-19,131.1999969482422,131.6199951171875,130.27000427246094,130.82000732421875,96.6708984375,9543800
2015-03-20,131.22000122070312,131.6999969482422,131.13999938964844,131.50999450683594,97.18083953857422,5953800
2015-03-23,131.6999969482422,131.75,130.99000549316406,131.35000610351562,97.06259155273438,5555500
2015-03-24,131.8300018310547,132.63999938964844,131.47999572753906,132.6199951171875,98.0010757446289,6713000
2015-03-25,132.72000122070312,132.75999450683594,131.4600067138672,131.5,97.17340850830078,5635800
2015-03-26,131.0500030517578,131.13999938964844,129.17999267578125,129.4499969482422,95.65853118896484,9536300
2015-03-27,130.02999877929688,131.1300048828125,129.97999572753906,131.05999755859375,96.84829711914062,7907900
2015-03-30,130.89999389648438,131.0,130.08999633789062,130.41000366210938,96.36797332763672,7010600
2015-03-31,130.24000549316406,130.9600067138672,129.91000366210938,130.69000244140625,96.57490539550781,6844300
2015-04-01,131.3300018310547,132.47999572753906,131.3000030517578,132.1300048828125,97.84339141845703,9273900
2015-04-02,131.92999267578125,131.97000122070312,130.61000061035156,130.72999572753906,96.80663299560547,6663400
2015-04-06,131.42999267578125,131.47999572753906,129.72000122070312,130.0,96.26606750488281,5923800
2015-04-07,130.22999572753906,131.22000122070312,129.85000610351562,131.08999633789062,97.07323455810547,4764900
2015-04-08,131.02000427246094,131.36000061035156,130.02000427246094,131.1300048828125,97.10286712646484,5378900
2015-04-09,130.8699951171875,130.9199981689453,129.1300048828125,129.42999267578125,95.84396362304688,6484200
2015-04-10,130.32000732421875,130.4499969482422,129.5500030517578,129.6199951171875,95.98469543457031,4843000
2015-04-13,129.52999877929688,129.97999572753906,129.38999938964844,129.8000030517578,96.11798095703125,4010600
2015-04-14,131.30999755859375,131.86000061035156,130.47999572753906,130.72000122070312,96.79927062988281,6075500
2015-04-15,131.0500030517578,131.27000427246094,130.32000732421875,130.61000061035156,96.71773529052734,4425200
2015-04-16,130.8300018310547,130.86000061035156,129.41000366210938,129.9600067138672,96.2364730834961,7085500
2015-04-17,129.77000427246094,131.6999969482422,129.6999969482422,131.4499969482422,97.33982849121094,7268800
2015-04-20,130.94000244140625,131.00999450683594,129.92999267578125,130.2899932861328,96.48079681396484,4949400
2015-04-21,130.22999572753906,130.4499969482422,129.55999755859375,129.6999969482422,96.04396057128906,4563800
2015-04-22,129.5,129.5500030517578,127.54000091552734,127.72000122070312,94.57771301269531,9707600
2015-04-23,127.80000305175781,128.85000610351562,127.61000061035156,128.27000427246094,94.9849853515625,6843400
2015-04-24,128.63999938964844,129.42999267578125,128.58999633789062,129.07000732421875,95.57742309570312,4773000
2015-04-27,129.07000732421875,129.5,128.3699951171875,129.07000732421875,95.57742309570312,4334900
2015-04-28,128.1699981689453,128.74000549316406,127.26000213623047,127.29000091552734,94.25933074951172,7464300
2015-04-29,125.80999755859375,126.44000244140625,125.27999877929688,125.7300033569336,93.10409545898438,11554800
2015-04-30,125.04000091552734,126.16999816894531,124.51000213623047,125.94999694824219,93.26703643798828,12876000
2015-05-01,124.7300033569336,125.04000091552734,123.69000244140625,124.0,92.01153564453125,12378500
2015-05-04,124.30000305175781,124.52999877929688,122.72000122070312,122.83000183105469,91.14332580566406,9144700
2015-05-05,122.86000061035156,123.02999877929688,121.69000244140625,122.66000366210938,91.01718139648438,13935500
2015-05-06,121.98999786376953,122.05999755859375,120.37000274658203,120.55999755859375,89.45886993408203,14355000
2015-05-07,121.43000030517578,122.56999969482422,121.3499984741211,122.18000030517578,90.66101837158203,11933700
2015-05-08,123.37999725341797,123.55000305175781,122.30999755859375,122.51000213623047,90.90592193603516,11716400
2015-05-11,121.62000274658203,121.6500015258789,119.5,119.52999877929688,88.6946792602539,13738600
2015-05-12,119.13999938964844,120.62999725341797,118.81999969482422,119.83999633789062,88.92465209960938,15861700
2015-05-13,120.6500015258789,120.72000122070312,118.63999938964844,118.87999725341797,88.21234130859375,15760000
2015-05-14,118.91999816894531,119.83000183105469,118.69000244140625,119.19999694824219,88.44976806640625,9128400
2015-05-15,120.37999725341797,121.91000366210938,120.29000091552734,121.58999633789062,90.22322082519531,12630600
2015-05-18,120.31999969482422,120.43000030517578,119.47000122070312,119.55000305175781,88.70943450927734,10208300
2015-05-19,118.2699966430664,119.83999633789062,118.12999725341797,118.48999786376953,87.92291259765625,8435300
2015-05-20,118.7699966430664,119.44999694824219,118.18000030517578,118.69000244140625,88.07134246826172,7789700
2015-05-21,119.58000183105469,120.61000061035156,119.44999694824219,120.3499984741211,89.30309295654297,11760700
2015-05-22,120.6500015258789,120.75,119.80000305175781,120.4000015258789,89.3402099609375,5417900
2015-05-26,120.83999633789062,122.55000305175781,120.73999786376953,122.45999908447266,90.8687973022461,10469700
2015-05-27,122.18000030517578,122.86000061035156,121.61000061035156,122.73999786376953,91.07656860351562,6490300
2015-05-28,122.5,123.02999877929688,122.22000122070312,122.44000244140625,90.85395050048828,6237600
2015-05-29,123.2300033569336,123.56999969482422,122.51000213623047,122.70999908447266,91.05426788330078,7912000
2015-06-01,122.11000061035156,122.37999725341797,120.69000244140625,121.12999725341797,90.07568359375,13108100
2015-06-02,120.16999816894531,120.26000213623047,119.11000061035156,119.44000244140625,88.81896209716797,10076200
2015-06-03,118.38999938964844,118.5999984741211,117.19999694824219,117.5199966430664,87.3912124633789,14810900
2015-06-04,118.26000213623047,119.29000091552734,118.13999938964844,119.05000305175781,88.5289306640625,10859300
2015-06-05,117.83999633789062,118.56999969482422,117.37999725341797,117.5999984741211,87.45072937011719,11200200
2015-06-08,117.95999908447266,118.16000366210938,117.37000274658203,117.47000122070312,87.3539810180664,5334000
2015-06-09,117.05999755859375,117.12999725341797,116.11000061035156,116.54000091552734,86.66239929199219,12393900
2015-06-10,115.91999816894531,116.12999725341797,115.26000213623047,115.5199966430664,85.90392303466797,12183600
2015-06-11,116.55999755859375,117.97000122070312,116.23999786376953,117.94999694824219,87.71096801757812,13849300
2015-06-12,117.58999633789062,119.06999969482422,117.55000305175781,117.94999694824219,87.71096801757812,7863100
2015-06-15,118.88999938964844,119.05999755859375,117.73999786376953,118.13999938964844,87.8522720336914,8194200
2015-06-16,118.61000061035156,119.08000183105469,117.94000244140625,119.06999969482422,88.54379272460938,7046400
2015-06-17,118.5,118.62999725341797,117.25,118.1500015258789,87.85969543457031,13626100
2015-06-18,117.37000274658203,117.73999786376953,116.75,117.56999969482422,87.42837524414062,10123300
2015-06-19,118.51000213623047,119.19000244140625,118.48999786376953,119.08000183105469,88.55120086669922,10439200
2015-06-22,117.83999633789062,118.13999938964844,116.58999633789062,116.6500015258789,86.7442626953125,9769000
2015-06-23,115.7300033569336,116.95999908447266,115.69000244140625,115.94999694824219,86.22371673583984,8945100
2015-06-24,116.51000213623047,117.16999816894531,116.16000366210938,116.94999694824219,86.96733093261719,8600400
2015-06-25,116.58999633789062,117.08000183105469,116.19000244140625,116.54000091552734,86.66239929199219,8287800
2015-06-26,115.66999816894531,115.87000274658203,114.87999725341797,115.2300033569336,85.68828582763672,11673000
2015-06-29,116.95999908447266,118.66999816894531,116.45999908447266,118.27999877929688,87.95639038085938,17132900
2015-06-30,117.4000015258789,118.69999694824219,117.33000183105469,117.45999908447266,87.3465805053711,13469000
2015-07-01,115.81999969482422,116.36000061035156,115.43000030517578,115.62000274658203,86.16754913330078,12451500
2015-07-02,116.31999969482422,116.66000366210938,115.87999725341797,116.0,86.45074462890625,6682100
2015-07-06,118.05000305175781,118.6500015258789,117.05999755859375,118.1500015258789,88.05307006835938,10605800
2015-07-07,119.66000366210938,120.48999786376953,118.94999694824219,119.26000213623047,88.88035583496094,16160100
2015-07-08,120.0199966430664,120.56999969482422,119.5,120.29000091552734,89.64795684814453,9951800
2015-07-09,118.69999694824219,119.12000274658203,117.8499984741211,117.91999816894531,87.88168334960938,11108900
2015-07-10,116.04000091552734,116.72000122070312,115.76000213623047,116.05000305175781,86.48800659179688,13636600
2015-07-13,115.38999938964844,116.45999908447266,115.38999938964844,115.69000244140625,86.21976470947266,8006700
2015-07-14,116.0199966430664,116.2699966430664,115.66000366210938,116.06999969482422,86.50292205810547,4227800
2015-07-15,116.11000061035156,117.55000305175781,116.04000091552734,117.30000305175781,87.41962432861328,8720400
2015-07-16,116.88999938964844,118.16000366210938,116.87000274658203,118.11000061035156,88.02326965332031,7306500
2015-07-17,118.37000274658203,118.88999938964844,118.36000061035156,118.72000122070312,88.47789001464844,7404900
2015-07-20,118.29000091552734,118.6500015258789,117.9000015258789,118.22000122070312,88.10523223876953,5941000
2015-07-21,117.68000030517578,118.93000030517578,117.66000366210938,118.86000061035156,88.58226776123047,5627500
2015-07-22,119.01000213623047,119.9000015258789,118.94999694824219,119.5999984741211,89.13375091552734,6228900
2015-07-23,119.5999984741211,121.19999694824219,119.44999694824219,121.08999633789062,90.24415588378906,9087700
2015-07-24,121.5,121.55000305175781,120.91999816894531,121.38999938964844,90.46768188476562,7307900
2015-07-27,122.19000244140625,122.29000091552734,121.4800033569336,122.04000091552734,90.95217895507812,8172000
2015-07-28,121.16000366210938,121.56999969482422,120.9000015258789,121.1500015258789,90.28890228271484,9128200
2015-07-29,121.0199966430664,121.16999816894531,120.41999816894531,120.69999694824219,89.95349884033203,6706400
2015-07-30,121.20999908447266,121.94000244140625,121.1500015258789,121.62999725341797,90.64659881591797,6146600
2015-07-31,122.44000244140625,122.9000015258789,122.05999755859375,122.52999877929688,91.3173828125,9178400
2015-08-03,122.31999969482422,123.75,122.31999969482422,123.55000305175781,92.27859497070312,11753700
2015-08-04,123.16000366210938,123.31999969482422,122.45999908447266,122.56999969482422,91.54661560058594,6448800
2015-08-05,121.7699966430664,121.91000366210938,121.19000244140625,121.6500015258789,90.85950469970703,7574400
2015-08-06,122.0,122.87000274658203,122.0,122.7300033569336,91.66614532470703,6118100
2015-08-07,123.30000305175781,124.5,123.23999786376953,124.33999633789062,92.8686294555664,8317000
2015-08-10,123.41000366210938,123.56999969482422,122.5199966430664,122.80000305175781,91.7184066772461,7461700
2015-08-11,124.30000305175781,125.12999725341797,124.16000366210938,124.75,93.17485046386719,11145700
2015-08-12,124.93000030517578,125.70999908447266,124.0,124.06999969482422,92.66699981689453,8455200
2015-08-13,123.83000183105469,124.41999816894531,123.22000122070312,123.66999816894531,92.36823272705078,7691400
2015-08-14,123.47000122070312,124.37000274658203,123.19999694824219,123.95999908447266,92.5848159790039,4324700
2015-08-17,124.70999908447266,125.0999984741211,124.38999938964844,124.5199966430664,93.00308227539062,7880300
2015-08-18,123.80000305175781,124.29000091552734,123.37999725341797,123.54000091552734,92.2711181640625,5024300
2015-08-19,123.05999755859375,124.93000030517578,122.98999786376953,124.76000213623047,93.1823501586914,10736000
2015-08-20,125.37000274658203,126.0999984741211,125.18000030517578,126.0199966430664,94.12340545654297,9078300
2015-08-21,126.16000366210938,126.73999786376953,125.58999633789062,126.4000015258789,94.4072036743164,10718300
2015-08-24,128.30999755859375,128.9199981689453,125.81999969482422,126.36000061035156,94.37733459472656,16663400
2015-08-25,124.55000305175781,124.79000091552734,123.55999755859375,124.33000183105469,92.8611831665039,15354800
2015-08-26,123.0,123.51000213623047,121.36000061035156,121.93000030517578,91.0686264038086,16429900
2015-08-27,121.81999969482422,122.87000274658203,121.6500015258789,122.0,91.12088775634766,9127000
2015-08-28,123.1500015258789,123.47000122070312,122.2300033569336,122.36000061035156,91.38981628417969,9946200
2015-08-31,123.36000061035156,123.47000122070312,121.33999633789062,121.41999816894531,90.68770599365234,8617600
2015-09-01,121.63999938964844,122.08999633789062,120.9800033569336,122.02999877929688,91.34117126464844,15298200
2015-09-02,121.41999816894531,121.9800033569336,120.86000061035156,120.9800033569336,90.55520629882812,9515200
2015-09-03,121.37999725341797,121.66999816894531,120.70999908447266,121.56999969482422,90.9968490600586,7042500
2015-09-04,122.44999694824219,122.93000030517578,121.81999969482422,122.68000030517578,91.82767486572266,7951300
2015-09-08,121.37999725341797,121.55999755859375,120.76000213623047,120.87000274658203,90.47289276123047,7049500
2015-09-09,119.62999725341797,121.70999908447266,119.55999755859375,121.44999694824219,90.90703582763672,7441900
2015-09-10,121.0199966430664,121.19000244140625,120.44999694824219,120.62999725341797,90.29327392578125,6789700
2015-09-11,121.47000122070312,122.08000183105469,121.33000183105469,121.38999938964844,90.86210632324219,5890900
2015-09-14,121.94999694824219,122.1500015258789,121.27999877929688,121.58000183105469,91.00434112548828,4221700
2015-09-15,120.88999938964844,121.05000305175781,119.12000274658203,119.25,89.26026153564453,11895000
2015-09-16,118.95999908447266,119.44000244140625,118.55000305175781,118.80000305175781,88.92346954345703,6949800
2015-09-17,118.87999725341797,120.37000274658203,118.7300033569336,120.25,90.00881958007812,19843600
2015-09-18,121.20999908447266,122.19999694824219,121.12999725341797,122.0999984741211,91.39353942871094,14963300
2015-09-21,121.01000213623047,121.11000061035156,119.77999877929688,120.11000061035156,89.904052734375,10085600
2015-09-22,121.44000244140625,122.38999938964844,121.13999938964844,121.77999877929688,91.15408325195312,9968200
2015-09-23,121.62000274658203,122.06999969482422,120.98999786376953,121.7699966430664,91.1465835571289,6769900
2015-09-24,123.16999816894531,123.68000030517578,122.48999786376953,122.5999984741211,91.76786041259766,9605800
2015-09-25,121.6500015258789,121.93000030517578,121.2699966430664,121.54000091552734,90.97439575195312,8383700
2015-09-28,122.19999694824219,123.7699966430664,122.19999694824219,123.62000274658203,92.53128051757812,9833400
2015-09-29,123.54000091552734,124.29000091552734,123.25,123.97000122070312,92.79327392578125,9006100
2015-09-30,123.41000366210938,123.80000305175781,123.12000274658203,123.54000091552734,92.47139739990234,9832600
2015-10-01,124.08000183105469,124.5199966430664,123.66000366210938,123.80999755859375,92.86593627929688,9069400
2015-10-02,125.58999633789062,126.20999908447266,124.18000030517578,124.55999755859375,93.42854309082031,13000400
2015-10-05,123.72000122070312,123.83000183105469,122.77999877929688,122.87000274658203,92.16092681884766,11362700
2015-10-06,122.55000305175781,123.5999984741211,122.41000366210938,123.4000015258789,92.55841064453125,5687800
2015-10-07,122.80999755859375,123.33000183105469,122.51000213623047,122.98999786376953,92.25093841552734,6712800
2015-10-08,123.29000091552734,123.37000274658203,121.66000366210938,121.95999908447266,91.47831726074219,12882300
2015-10-09,121.97000122070312,122.63999938964844,121.9000015258789,122.27999877929688,91.7183837890625,9038100
2015-10-12,123.02999877929688,123.43000030517578,122.91000366210938,123.20999908447266,92.41593170166016,4241000
2015-10-13,123.52999877929688,123.5999984741211,122.80000305175781,123.41999816894531,92.57343292236328,6147200
2015-10-14,123.69999694824219,124.55000305175781,123.30000305175781,124.5,93.3835220336914,9738100
2015-10-15,124.30999755859375,124.45999908447266,123.77999877929688,123.88999938964844,92.92596435546875,6924300
2015-10-16,124.25,124.47000122070312,123.87000274658203,123.93000030517578,92.95597839355469,8048300
2015-10-19,123.79000091552734,123.97000122070312,122.91000366210938,123.58999633789062,92.70095825195312,6238400
2015-10-20,122.80000305175781,122.97000122070312,122.55000305175781,122.83000183105469,92.1308822631836,6431300
2015-10-21,123.61000061035156,124.22000122070312,123.47000122070312,124.05000305175781,93.04595184326172,6603800
2015-10-22,124.0999984741211,124.77999877929688,123.51000213623047,124.26000213623047,93.2035140991211,6934100
2015-10-23,123.0999984741211,123.45999908447266,122.8499984741211,123.19999694824219,92.40839385986328,7058200
2015-10-26,123.87000274658203,124.19999694824219,123.80999755859375,124.0199966430664,93.02344512939453,5859800
2015-10-27,124.51000213623047,124.9000015258789,124.16000366210938,124.33000183105469,93.25596618652344,7156800
2015-10-28,124.2699966430664,124.33999633789062,123.30000305175781,123.83000183105469,92.88096618652344,8468700
2015-10-29,123.18000030517578,123.22000122070312,121.69999694824219,121.86000061035156,91.40332794189453,12108000
2015-10-30,122.23999786376953,122.80999755859375,122.0199966430664,122.77999877929688,92.09337615966797,11861400
2015-11-02,121.77999877929688,122.18000030517578,121.68000030517578,121.94999694824219,91.6701889038086,8751000
2015-11-03,121.6500015258789,121.73999786376953,120.79000091552734,120.94999694824219,90.9184799194336,8921600
2015-11-04,121.0999984741211,121.54000091552734,120.69999694824219,121.08999633789062,91.02373504638672,5980800
2015-11-05,121.05000305175781,121.05999755859375,120.30000305175781,120.7699966430664,90.78316497802734,7268400
2015-11-06,119.48999786376953,119.52999877929688,118.73999786376953,119.0,89.45264434814453,10604700
2015-11-09,118.0999984741211,118.9000015258789,118.0,118.33000183105469,88.94901275634766,9159500
2015-11-10,118.5,119.20999908447266,118.37999725341797,118.68000030517578,89.21212005615234,6712500
2015-11-11,118.3499984741211,118.58000183105469,118.2699966430664,118.43000030517578,89.02425384521484,2857900
2015-11-12,118.75,119.44000244140625,118.69999694824219,119.0,89.45264434814453,6805700
2015-11-13,119.31999969482422,119.9000015258789,119.22000122070312,119.68000030517578,89.96383666992188,7906600
2015-11-16,119.79000091552734,120.0,119.12999725341797,119.56999969482422,89.88108825683594,5485300
2015-11-17,119.0,120.12999725341797,118.66000366210938,119.7699966430664,90.03145599365234,5122900
2015-11-18,119.58000183105469,120.19000244140625,119.36000061035156,120.0199966430664,90.21941375732422,5233900
2015-11-19,120.87999725341797,121.1500015258789,120.68000030517578,120.81999969482422,90.82073211669922,6643000
2015-11-20,120.93000030517578,121.04000091552734,120.27999877929688,120.44999694824219,90.54264068603516,5971000
2015-11-23,120.52999877929688,121.12000274658203,120.31999969482422,120.81999969482422,90.82073211669922,5436300
2015-11-24,120.9000015258789,121.19999694824219,120.58000183105469,120.80999755859375,90.81326293945312,3371500
2015-11-25,121.16999816894531,121.41999816894531,120.94999694824219,121.08999633789062,91.02373504638672,3280900
2015-11-27,121.25,121.31999969482422,120.95999908447266,120.97000122070312,90.93348693847656,2570600
2015-11-30,121.0999984741211,121.52999877929688,121.05999755859375,121.44999694824219,91.29431915283203,5179800
2015-12-01,121.26000213623047,122.8499984741211,121.26000213623047,122.83000183105469,92.5274887084961,12766600
2015-12-02,122.66000366210938,123.04000091552734,122.19000244140625,122.87000274658203,92.55764770507812,7345800
2015-12-03,121.36000061035156,121.4000015258789,118.98999786376953,119.52999877929688,90.04154968261719,16612200
2015-12-04,119.52999877929688,120.93000030517578,119.47000122070312,120.58000183105469,90.83256530761719,11843800
2015-12-07,120.80999755859375,122.45999908447266,120.80000305175781,121.75,91.71391296386719,9016700
2015-12-08,122.27999877929688,122.43000030517578,121.44999694824219,121.80999755859375,91.75909423828125,7257500
2015-12-09,121.3499984741211,122.1500015258789,120.51000213623047,121.68000030517578,91.6611557006836,8993900
2015-12-10,121.79000091552734,122.02999877929688,121.48999786376953,121.83999633789062,91.78169250488281,5606900
2015-12-11,123.02999877929688,124.0999984741211,122.87000274658203,123.76000213623047,93.22801208496094,12300000
2015-12-14,123.08000183105469,123.1500015258789,121.75,122.16000366210938,92.02278900146484,10661100
2015-12-15,121.0199966430664,121.5999984741211,120.83000183105469,121.44000244140625,91.48041534423828,8795500
2015-12-16,121.06999969482422,122.16999816894531,120.5,121.18000030517578,91.28457641601562,10988600
2015-12-17,121.77999877929688,122.77999877929688,121.63999938964844,122.55000305175781,92.3165512084961,9923000
2015-12-18,123.08000183105469,123.5199966430664,122.81999969482422,123.2300033569336,92.82881927490234,10171700
2015-12-21,123.43000030517578,123.77999877929688,122.91999816894531,123.19999694824219,92.80619049072266,7494900
2015-12-22,122.6500015258789,122.80000305175781,121.98999786376953,122.30999755859375,92.13574981689453,5445800
2015-12-23,121.2300033569336,121.61000061035156,120.87000274658203,121.38999938964844,91.44271087646484,7287100
2015-12-24,121.47000122070312,121.87000274658203,121.4000015258789,121.83000183105469,91.9666519165039,3364600
2015-12-28,121.98999786376953,122.66999816894531,121.8499984741211,122.19000244140625,92.23834991455078,7586600
2015-12-29,121.69000244140625,121.73999786376953,120.01000213623047,120.16000366210938,90.70594024658203,7787500
2015-12-30,119.91999816894531,120.54000091552734,119.66999816894531,120.04000091552734,90.6153564453125,5508900
2015-12-31,120.56999969482422,120.86000061035156,120.25,120.58000183105469,91.02300262451172,7897700
2016-01-04,121.93000030517578,122.44999694824219,121.31999969482422,121.44999694824219,91.67973327636719,10591900
2016-01-05,120.87999725341797,121.5,120.66000366210938,120.95999908447266,91.30986785888672,6242600
2016-01-06,122.30000305175781,122.62000274658203,122.05000305175781,122.58999633789062,92.54031372070312,8916900
2016-01-07,122.68000030517578,122.93000030517578,121.79000091552734,122.80999755859375,92.7063980102539,10202200
2016-01-08,122.43000030517578,123.47000122070312,122.2300033569336,123.36000061035156,93.12158203125,9577200
2016-01-11,122.04000091552734,122.79000091552734,121.86000061035156,122.01000213623047,92.10246276855469,10040300
2016-01-12,122.33999633789062,124.31999969482422,122.1500015258789,123.7699966430664,93.43108367919922,12897700
2016-01-13,123.52999877929688,125.5,123.2699966430664,124.98999786376953,94.35198211669922,15577600
2016-01-14,124.47000122070312,124.97000122070312,123.33999633789062,123.81999969482422,93.46878814697266,12873800
2016-01-15,125.4000015258789,125.95999908447266,125.08000183105469,125.75,94.92574310302734,13976300
2016-01-19,125.12999725341797,126.06999969482422,124.94999694824219,125.36000061035156,94.63130950927734,8926600
2016-01-20,126.9800033569336,127.91999816894531,126.41999816894531,126.68000030517578,95.62776184082031,17283300
2016-01-21,126.94000244140625,127.29000091552734,125.66999816894531,125.81999969482422,94.97856140136719,11001600
2016-01-22,124.91000366210938,125.52999877929688,124.5199966430664,125.33999633789062,94.61624145507812,10164300
2016-01-25,125.94999694824219,126.2699966430664,125.6500015258789,126.0199966430664,95.12956237792969,5738200
2016-01-26,125.98999786376953,126.45999908447266,125.75,126.08000183105469,95.17484283447266,5692600
2016-01-27,125.75,126.29000091552734,125.19000244140625,126.05000305175781,95.15219116210938,7957800
2016-01-28,125.54000091552734,126.41000366210938,125.45999908447266,126.2300033569336,95.2880630493164,10575400
2016-01-29,127.41000366210938,127.86000061035156,126.91999816894531,127.30000305175781,96.09576416015625,13170700
2016-02-01,126.79000091552734,127.06999969482422,126.29000091552734,126.66999816894531,95.80162811279297,9948400
2016-02-02,128.10000610351562,129.0399932861328,128.0,129.02000427246094,97.57888793945312,10400000
2016-02-03,128.27999877929688,129.94000244140625,127.91999816894531,127.94999694824219,96.76966094970703,13309000
2016-02-04,128.22000122070312,128.58999633789062,127.51000213623047,128.57000732421875,97.23857879638672,9953500
2016-02-05,127.88999938964844,129.0,127.58999633789062,128.72000122070312,97.35202026367188,9200800
2016-02-08,129.72000122070312,131.6300048828125,129.67999267578125,131.49000549316406,99.44697570800781,14452200
2016-02-09,132.0399932861328,132.05999755859375,130.9600067138672,131.6300048828125,99.5528793334961,15232100
2016-02-10,131.6999969482422,132.83999633789062,131.11000061035156,132.7899932861328,100.43017578125,12797100
2016-02-11,134.44000244140625,135.25,133.00999450683594,133.72000122070312,101.13355255126953,21620200
2016-02-12,132.63999938964844,133.1300048828125,130.92999267578125,131.5,99.45457458496094,13888400
2016-02-16,130.72000122070312,130.75,129.80999755859375,130.11000061035156,98.40325927734375,11766000
2016-02-17,129.63999938964844,129.8300018310547,128.7100067138672,129.30999755859375,97.79822540283203,13157300
2016-02-18,129.41000366210938,131.0,129.36000061035156,130.89999389648438,99.00078582763672,10196700
2016-02-19,130.94000244140625,131.82000732421875,130.72999572753906,131.00999450683594,99.08399200439453,8188700
2016-02-22,131.10000610351562,131.11000061035156,130.6999969482422,130.94000244140625,99.03105926513672,5054300
2016-02-23,129.8800048828125,131.74000549316406,129.77999877929688,131.47000122070312,99.4318618774414,8320700
2016-02-24,132.39999389648438,133.38999938964844,130.9499969482422,131.2100067138672,99.23523712158203,9091200
2016-02-25,131.47999572753906,132.55999755859375,131.32000732421875,131.67999267578125,99.59064483642578,6097200
2016-02-26,130.30999755859375,130.80999755859375,130.0399932861328,130.41000366210938,98.6301498413086,9245000
2016-02-29,130.47000122070312,131.1699981689453,130.4199981689453,130.97999572753906,99.061279296875,8016100
2016-03-01,130.82000732421875,130.85000610351562,128.32000732421875,128.42999267578125,97.31694793701172,13729100
2016-03-02,128.32000732421875,128.97000122070312,128.2100067138672,128.9600067138672,97.71855163574219,7047700
2016-03-03,129.07000732421875,129.94000244140625,128.77000427246094,129.42999267578125,98.0746841430664,6394800
2016-03-04,128.75,129.1300048828125,127.76000213623047,128.60000610351562,97.44575500488281,8687000
2016-03-07,128.4499969482422,128.6699981689453,128.0500030517578,128.55999755859375,97.4154281616211,5493300
2016-03-08,130.35000610351562,130.99000549316406,129.9499969482422,129.97999572753906,98.49142456054688,7175400
2016-03-09,129.0800018310547,129.69000244140625,128.80999755859375,129.19000244140625,97.8928451538086,7194700
2016-03-10,129.5,129.83999633789062,127.91999816894531,128.66000366210938,97.49124145507812,10091600
2016-03-11,128.82000732421875,128.8800048828125,127.20999908447266,127.36000061035156,96.50616455078125,8927000
2016-03-14,127.81999969482422,128.38999938964844,127.66000366210938,127.76000213623047,96.80924224853516,5177000
2016-03-15,128.5,128.66000366210938,127.61000061035156,127.87999725341797,96.9001693725586,6413200
2016-03-16,127.75,128.52000427246094,127.37000274658203,128.25999450683594,97.1881103515625,9728900
2016-03-17,128.50999450683594,129.33999633789062,128.49000549316406,128.7899932861328,97.5897216796875,7805500
2016-03-18,129.0399932861328,129.50999450683594,128.6999969482422,129.05999755859375,97.79431915283203,8198600
2016-03-21,128.25,128.6199951171875,127.75,128.07000732421875,97.04415130615234,5514800
2016-03-22,128.8300018310547,129.02000427246094,127.91999816894531,128.0399932861328,97.02141571044922,4997900
2016-03-23,128.41000366210938,129.82000732421875,128.2899932861328,129.49000549316406,98.12015533447266,10628200
2016-03-24,130.5800018310547,130.63999938964844,129.0,129.5399932861328,98.1580581665039,6343300
2016-03-28,129.3800048828125,130.16000366210938,129.27999877929688,129.7100067138672,98.28684997558594,5058700
2016-03-29,130.3800048828125,131.08999633789062,130.02000427246094,131.07000732421875,99.31739044189453,9396700
2016-03-30,130.02999877929688,130.07000732421875,128.97999572753906,129.69000244140625,98.27173614501953,8478700
2016-03-31,129.97999572753906,130.80999755859375,129.7899932861328,130.61000061035156,98.96879577636719,7832300
2016-04-01,130.97999572753906,131.1300048828125,129.89999389648438,130.67999267578125,99.22697448730469,9341400
2016-04-04,130.7899932861328,130.97000122070312,130.27000427246094,130.75999450683594,99.2877197265625,5145100
2016-04-05,132.00999450683594,132.36000061035156,131.77999877929688,132.19000244140625,100.37358093261719,6482800
2016-04-06,131.52999877929688,131.6699981689453,130.74000549316406,131.22999572753906,99.64459991455078,6393700
2016-04-07,132.19000244140625,132.99000549316406,132.00999450683594,132.85000610351562,100.87468719482422,5963300
2016-04-08,132.1699981689453,132.39999389648438,131.63999938964844,132.00999450683594,100.23690032958984,5584800
2016-04-11,131.32000732421875,132.17999267578125,131.11000061035156,131.83999633789062,100.1078109741211,4805500
2016-04-12,131.0800018310547,131.5500030517578,130.52999877929688,130.92999267578125,99.4168472290039,4276000
2016-04-13,130.69000244140625,131.5800018310547,130.52000427246094,131.38999938964844,99.7660903930664,5207900
2016-04-14,130.91000366210938,131.30999755859375,130.49000549316406,130.75999450683594,99.2877197265625,6967000
2016-04-15,131.2899932861328,132.16000366210938,131.25,131.8800048828125,100.13814544677734,5831100
2016-04-18,131.3300018310547,131.44000244140625,130.66000366210938,131.30999755859375,99.70533752441406,4486600
2016-04-19,131.0800018310547,131.30999755859375,130.2899932861328,130.89999389648438,99.39401245117188,5212200
2016-04-20,131.16000366210938,131.64999389648438,129.27000427246094,129.4600067138672,98.3006362915039,10920700
2016-04-21,128.44000244140625,129.07000732421875,128.2899932861328,128.69000244140625,97.71595001220703,11154200
2016-04-22,128.85000610351562,128.91000366210938,128.24000549316406,128.36000061035156,97.46540069580078,5826400
2016-04-25,128.05999755859375,128.52000427246094,127.83000183105469,127.83000183105469,97.06295776367188,5539500
2016-04-26,127.76000213623047,127.76000213623047,127.12000274658203,127.25,96.62255859375,7840000
2016-04-27,127.91999816894531,128.82000732421875,127.62000274658203,128.52000427246094,97.58689880371094,8380100
2016-04-28,128.2100067138672,129.13999938964844,128.0399932861328,129.0500030517578,97.98929595947266,7974600
2016-04-29,128.4499969482422,129.7100067138672,128.1999969482422,129.3800048828125,98.23988342285156,7416300
2016-05-02,128.66000366210938,128.89999389648438,127.80000305175781,127.81999969482422,97.25078582763672,11035200
2016-05-03,129.5500030517578,130.02000427246094,129.35000610351562,129.42999267578125,98.47572326660156,10736700
2016-05-04,129.67999267578125,130.1699981689453,129.19000244140625,130.13999938964844,99.01593780517578,7211200
2016-05-05,130.05999755859375,131.07000732421875,129.6999969482422,131.00999450683594,99.67789459228516,7870400
2016-05-06,130.85000610351562,130.86000061035156,130.2899932861328,130.4499969482422,99.25177764892578,7232500
2016-05-09,130.4600067138672,130.88999938964844,130.32000732421875,130.86000061035156,99.56370544433594,4950800
2016-05-10,130.85000610351562,131.1199951171875,130.64999389648438,130.8699951171875,99.57136535644531,4331900
2016-05-11,130.8300018310547,132.0,130.66000366210938,131.61000061035156,100.13439178466797,9256000
2016-05-12,130.66000366210938,131.1699981689453,130.58999633789062,131.00999450683594,99.67789459228516,6087400
2016-05-13,131.47999572753906,132.32000732421875,131.22999572753906,132.27999877929688,100.64413452148438,8707300
2016-05-16,131.63999938964844,131.66000366210938,130.97999572753906,131.13999938964844,99.7767562866211,5137000
2016-05-17,131.2100067138672,131.8300018310547,131.2100067138672,131.36000061035156,99.94413757324219,4449100
2016-05-18,130.80999755859375,130.85000610351562,128.91000366210938,129.49000549316406,98.52140045166016,12681000
2016-05-19,129.67999267578125,130.3300018310547,129.64999389648438,130.0500030517578,98.9474868774414,6209400
2016-05-20,129.64999389648438,130.39999389648438,129.5500030517578,130.14999389648438,99.02352905273438,5348900
2016-05-23,130.36000061035156,130.72999572753906,129.9199981689453,130.44000244140625,99.24423217773438,6979700
2016-05-24,129.97000122070312,130.19000244140625,129.24000549316406,129.86000061035156,98.80294036865234,5968200
2016-05-25,129.8300018310547,130.25,129.30999755859375,129.3699951171875,98.43013763427734,6367400
2016-05-26,129.80999755859375,130.4499969482422,129.8000030517578,130.0399932861328,98.93981170654297,5419300
2016-05-27,130.07000732421875,130.25999450683594,129.6999969482422,129.85000610351562,98.79528045654297,5267600
2016-05-31,129.02000427246094,130.44000244140625,128.97999572753906,130.16000366210938,99.0311508178711,8344300
2016-06-01,130.6300048828125,131.27000427246094,130.11000061035156,130.4199981689453,99.43291473388672,9874900
2016-06-02,130.89999389648438,131.69000244140625,130.8699951171875,131.36000061035156,100.14958953857422,5835400
2016-06-03,132.86000061035156,133.22999572753906,132.60000610351562,133.22999572753906,101.57527923583984,11077200
2016-06-06,132.77999877929688,132.88999938964844,132.10000610351562,132.24000549316406,100.82049560546875,7573700
2016-06-07,132.63999938964844,132.97999572753906,132.5399932861328,132.55999755859375,101.06451416015625,4680200
2016-06-08,132.8699951171875,133.42999267578125,132.7100067138672,133.27000427246094,101.60578155517578,5313200
2016-06-09,134.32000732421875,134.5399932861328,133.92999267578125,134.1300048828125,102.26145935058594,6820300
2016-06-10,134.7899932861328,135.3300018310547,134.25999450683594,134.77999877929688,102.75703430175781,6984600
2016-06-13,135.08999633789062,135.38999938964844,134.77000427246094,135.3800048828125,103.21446228027344,7283300
2016-06-14,136.19000244140625,136.22000122070312,135.22000122070312,135.27999877929688,103.13824462890625,9012500
2016-06-15,135.52000427246094,136.22999572753906,135.30999755859375,135.8000030517578,103.53472900390625,7953200
2016-06-16,136.74000549316406,137.55999755859375,136.17999267578125,136.4600067138672,104.03782653808594,10372700
2016-06-17,136.1999969482422,136.27000427246094,135.25999450683594,135.61000061035156,103.38983154296875,8489900
2016-06-20,134.24000549316406,134.5500030517578,134.00999450683594,134.16000366210938,102.28433990478516,7365900
2016-06-21,134.2899932861328,134.5800018310547,133.4600067138672,133.5399932861328,101.81166076660156,6005800
2016-06-22,133.5,133.99000549316406,133.25,133.75999450683594,101.97936248779297,5773700
2016-06-23,132.61000061035156,133.32000732421875,132.0800018310547,132.22999572753906,100.81288146972656,9029100
2016-06-24,136.61000061035156,136.61000061035156,135.3000030517578,135.77999877929688,103.51940155029297,17155000
2016-06-27,138.44000244140625,139.58999633789062,138.39999389648438,139.1699981689453,106.10399627685547,16577100
2016-06-28,139.44000244140625,139.89999389648438,138.8800048828125,139.4600067138672,106.3250961303711,14006400
2016-06-29,139.67999267578125,140.1300048828125,138.25999450683594,138.38999938964844,105.50935363769531,12999800
2016-06-30,138.80999755859375,139.94000244140625,138.08999633789062,138.89999389648438,105.89813232421875,14698500
2016-07-01,140.80999755859375,140.82000732421875,139.19000244140625,140.57000732421875,107.3685302734375,15430200
2016-07-05,141.85000610351562,142.91000366210938,141.6999969482422,142.3300018310547,108.7127685546875,8840800
2016-07-06,142.7899932861328,143.0,141.9600067138672,142.55999755859375,108.88848876953125,14352800
2016-07-07,142.08999633789062,143.19000244140625,141.77999877929688,142.5500030517578,108.88081359863281,9676400
2016-07-08,142.9199981689453,143.6199951171875,142.36000061035156,143.60000610351562,109.68280792236328,10355300
2016-07-11,143.0500030517578,143.47000122070312,142.24000549316406,142.33999633789062,108.72042083740234,8099000
2016-07-12,140.4199981689453,140.86000061035156,139.63999938964844,140.0,106.93311309814453,15810600
2016-07-13,141.3699951171875,141.77000427246094,140.9499969482422,141.64999389648438,108.19340515136719,8181700
2016-07-14,139.27999877929688,139.83999633789062,139.08999633789062,139.58999633789062,106.61990356445312,10817000
2016-07-15,138.88999938964844,139.11000061035156,138.17999267578125,138.38999938964844,105.703369140625,9958600
2016-07-18,139.07000732421875,139.25999450683594,137.72999572753906,138.25999450683594,105.60409545898438,5955900
2016-07-19,138.94000244140625,139.30999755859375,138.39999389648438,139.0399932861328,106.19984436035156,8073900
2016-07-20,138.22999572753906,138.50999450683594,137.91000366210938,138.27999877929688,105.61930847167969,6942500
2016-07-21,137.0399932861328,138.6199951171875,136.99000549316406,138.55999755859375,105.83314514160156,10398400
2016-07-22,137.92999267578125,139.24000549316406,137.8699951171875,138.8000030517578,106.01653289794922,5811400
2016-07-25,138.94000244140625,139.25999450683594,138.58999633789062,138.6999969482422,105.94014739990234,4243800
2016-07-26,139.52000427246094,139.52000427246094,138.4600067138672,138.9199981689453,106.10819244384766,5243400
2016-07-27,139.5500030517578,140.64999389648438,139.39999389648438,140.64999389648438,107.42961883544922,8508100
2016-07-28,139.8000030517578,140.83999633789062,139.7100067138672,140.38999938964844,107.23094177246094,7336100
2016-07-29,140.4499969482422,141.67999267578125,140.22000122070312,141.55999755859375,108.1246337890625,8766700
2016-08-01,139.77999877929688,140.5,139.61000061035156,139.77000427246094,106.952392578125,9809300
2016-08-02,137.8300018310547,139.25999450683594,137.5,138.3300018310547,105.85045623779297,10051200
2016-08-03,138.60000610351562,138.77999877929688,137.91000366210938,138.41000366210938,105.91168212890625,4930600
2016-08-04,139.4600067138672,140.16000366210938,139.27000427246094,139.4499969482422,106.70747375488281,5646000
2016-08-05,139.0500030517578,139.17999267578125,137.82000732421875,138.0,105.59796905517578,7778600
2016-08-08,137.60000610351562,138.5399932861328,137.32000732421875,138.25999450683594,105.79691314697266,5185200
2016-08-09,138.7100067138672,139.72000122070312,138.6199951171875,139.6199951171875,106.83758544921875,5503200
2016-08-10,139.89999389648438,140.50999450683594,139.47000122070312,140.16000366210938,107.25081634521484,5843500
2016-08-11,140.05999755859375,140.0800018310547,138.5399932861328,138.91000366210938,106.29427337646484,7624600
2016-08-12,140.41000366210938,140.86000061035156,139.8699951171875,140.0800018310547,107.18955993652344,7989600
2016-08-15,139.33999633789062,139.6300048828125,138.75,138.75999450683594,106.1794662475586,5108600
2016-08-16,138.97999572753906,139.14999389648438,138.22999572753906,138.38999938964844,105.89636993408203,6182700
2016-08-17,138.6300048828125,139.44000244140625,138.5,139.22000122070312,106.531494140625,5002000
2016-08-18,139.1999969482422,139.75999450683594,138.7899932861328,139.44000244140625,106.69986724853516,3805200
2016-08-19,138.63999938964844,139.0500030517578,138.10000610351562,138.7100067138672,106.14125061035156,5516300
2016-08-22,139.64999389648438,140.13999938964844,139.3699951171875,139.8800048828125,107.0365219116211,5549700
2016-08-23,140.27000427246094,140.58999633789062,139.6699981689453,140.02999877929688,107.15129089355469,6841400
2016-08-24,140.10000610351562,140.19000244140625,139.38999938964844,139.6999969482422,106.89878845214844,6027800
2016-08-25,139.25999450683594,139.77999877929688,138.9600067138672,139.1699981689453,106.49317932128906,5855500
2016-08-26,139.72999572753906,140.69000244140625,138.22000122070312,138.36000061035156,105.87342071533203,12962500
2016-08-29,139.3800048828125,140.35000610351562,139.2100067138672,140.2100067138672,107.28900909423828,7310400
2016-08-30,140.1699981689453,140.25999450683594,139.6699981689453,139.6699981689453,106.87581634521484,5161800
2016-08-31,139.66000366210938,140.1699981689453,139.33999633789062,139.8699951171875,107.02880096435547,7349700
2016-09-01,138.6199951171875,140.10000610351562,138.57000732421875,139.77000427246094,107.14695739746094,9149100
2016-09-02,138.9600067138672,139.0500030517578,138.1699981689453,138.6300048828125,106.27300262451172,8397000
2016-09-06,138.7100067138672,140.0800018310547,138.50999450683594,139.63999938964844,107.04724884033203,8542600
2016-09-07,140.3699951171875,140.4199981689453,139.5399932861328,139.5399932861328,106.9705581665039,5421800
2016-09-08,138.86000061035156,139.27000427246094,137.25999450683594,137.7899932861328,105.62907409667969,14301500
2016-09-09,136.07000732421875,136.1199951171875,135.41000366210938,135.52000427246094,103.88890838623047,13347700
2016-09-12,135.32000732421875,135.8300018310547,135.16000366210938,135.58999633789062,103.94255828857422,9096600
2016-09-13,135.8699951171875,136.0,133.36000061035156,134.0500030517578,102.76194763183594,15645400
2016-09-14,134.0500030517578,134.91000366210938,134.0500030517578,134.25,102.91531372070312,7037700
2016-09-15,133.61000061035156,134.0500030517578,133.02999877929688,133.6699981689453,102.47069549560547,9874500
2016-09-16,134.5800018310547,134.80999755859375,134.22000122070312,134.75,103.29861450195312,7507900
2016-09-19,134.52000427246094,134.8699951171875,134.25,134.30999755859375,102.96134185791016,7105900
2016-09-20,135.14999389648438,135.5800018310547,134.6699981689453,134.77999877929688,103.3216323852539,6054800
2016-09-21,134.60000610351562,135.88999938964844,134.17999267578125,135.8699951171875,104.15718841552734,10698100
2016-09-22,136.6699981689453,137.2899932861328,136.5,136.9499969482422,104.98512268066406,12426200
2016-09-23,137.02999877929688,137.33999633789062,136.7100067138672,136.82000732421875,104.88551330566406,5928800
2016-09-26,137.07000732421875,137.8300018310547,137.02000427246094,137.69000244140625,105.5523910522461,8661300
2016-09-27,138.58999633789062,138.8000030517578,137.9499969482422,138.6999969482422,106.32669830322266,9450400
2016-09-28,138.5,139.14999389648438,138.22000122070312,138.39999389648438,106.09674835205078,7958700
2016-09-29,137.55999755859375,139.07000732421875,137.4499969482422,138.75,106.36499786376953,8319800
2016-09-30,138.5500030517578,138.63999938964844,136.8699951171875,137.50999450683594,105.41437530517578,11747100
2016-10-03,137.67999267578125,137.77000427246094,136.75999450683594,136.80999755859375,105.06654357910156,7588800
2016-10-04,136.6199951171875,136.83999633789062,135.16000366210938,135.2100067138672,103.8377685546875,12048700
2016-10-05,135.02000427246094,135.0800018310547,134.1199951171875,134.5800018310547,103.35397338867188,8917700
2016-10-06,133.97000122070312,134.69000244140625,133.67999267578125,133.8300018310547,102.7779769897461,7839900
2016-10-07,133.92999267578125,134.2899932861328,133.08999633789062,133.9199981689453,102.84708404541016,9953200
2016-10-10,132.85000610351562,133.16000366210938,132.50999450683594,133.1300048828125,102.24039459228516,6089100
2016-10-11,132.86000061035156,133.5500030517578,132.57000732421875,132.8300018310547,102.01000213623047,9670400
2016-10-12,132.6699981689453,133.02000427246094,132.24000549316406,132.9600067138672,102.10980224609375,7582400
2016-10-13,133.63999938964844,133.92999267578125,133.3699951171875,133.4600067138672,102.4938735961914,7080600
2016-10-14,132.27000427246094,132.9499969482422,131.52999877929688,131.58999633789062,101.0577163696289,11415100
2016-10-17,132.10000610351562,132.74000549316406,132.08999633789062,132.42999267578125,101.70282745361328,10595900
2016-10-18,131.86000061035156,132.88999938964844,131.8300018310547,132.86000061035156,102.03301239013672,7151000
2016-10-19,132.3699951171875,133.27000427246094,132.32000732421875,132.97000122070312,102.1175308227539,6941300
2016-10-20,133.63999938964844,133.75,132.89999389648438,133.11000061035156,102.22508239746094,6082300
2016-10-21,133.52000427246094,133.72000122070312,132.8699951171875,133.30999755859375,102.37862396240234,9222700
2016-10-24,133.41000366210938,133.4499969482422,132.2899932861328,132.72999572753906,101.9332046508789,6507500
2016-10-25,132.52999877929688,133.55999755859375,132.49000549316406,133.0800018310547,102.20197296142578,5134700
2016-10-26,132.4600067138672,132.8000030517578,131.99000549316406,132.17999267578125,101.51080322265625,5842500
2016-10-27,131.07000732421875,131.07000732421875,130.05999755859375,130.74000549316406,100.40495300292969,10044700
2016-10-28,130.38999938964844,130.92999267578125,130.3300018310547,130.4499969482422,100.18221282958984,7541000
2016-10-31,130.88999938964844,131.2899932861328,130.7100067138672,131.25,100.7966079711914,7047500
2016-11-01,130.16000366210938,131.60000610351562,129.8800048828125,131.00999450683594,100.80425262451172,12622400
2016-11-02,131.3000030517578,132.11000061035156,131.02999877929688,131.5800018310547,101.24279022216797,8666200
2016-11-03,130.75,131.0500030517578,130.44000244140625,130.57000732421875,100.46573638916016,6085400
2016-11-04,131.27000427246094,131.7899932861328,131.1300048828125,131.74000549316406,101.365966796875,7622600
2016-11-07,130.75,131.0,130.44000244140625,130.6199951171875,100.50421142578125,5386700
2016-11-08,131.02000427246094,131.2100067138672,129.7100067138672,130.08999633789062,100.09642791748047,7576500
2016-11-09,127.22000122070312,127.37000274658203,124.22000122070312,124.56999969482422,95.84908294677734,31233500
2016-11-10,123.97000122070312,124.95999908447266,122.72000122070312,122.7300033569336,94.43331909179688,22961200
2016-11-11,122.95999908447266,123.05000305175781,121.6500015258789,122.04000091552734,93.90238952636719,10040200
2016-11-14,121.27999877929688,122.66000366210938,120.7300033569336,121.30999755859375,93.34075164794922,21174400
2016-11-15,122.22000122070312,122.80999755859375,121.77999877929688,121.91000366210938,93.80243682861328,11963700
2016-11-16,122.30000305175781,123.13999938964844,122.16999816894531,123.01000213623047,94.64874267578125,9149500
2016-11-17,121.94999694824219,122.11000061035156,120.98999786376953,121.19999694824219,93.25605773925781,11221600
2016-11-18,121.62999725341797,121.97000122070312,120.33999633789062,120.8499984741211,92.98680114746094,13577700
2016-11-21,121.20999908447266,121.4800033569336,120.88999938964844,121.1500015258789,93.21760559082031,6488100
2016-11-22,121.66000366210938,121.76000213623047,120.87999725341797,121.11000061035156,93.18685150146484,9989900
2016-11-23,119.98999786376953,120.91000366210938,119.25,120.63999938964844,92.82518005371094,13563500
2016-11-25,121.19000244140625,121.29000091552734,120.4000015258789,120.81999969482422,92.96366119384766,3126300
2016-11-28,121.41000366210938,121.7300033569336,121.08999633789062,121.70999908447266,93.64849090576172,8555000
2016-11-29,121.44000244140625,122.4000015258789,121.20999908447266,122.22000122070312,94.04095458984375,8363000
2016-11-30,119.97000122070312,121.01000213623047,119.4800033569336,120.23999786376953,92.51741790771484,21163500
2016-12-01,118.51000213623047,118.98999786376953,117.63999938964844,118.7300033569336,91.54057312011719,21715700
2016-12-02,119.16999816894531,120.20999908447266,119.13999938964844,119.5999984741211,92.21131896972656,12487500
2016-12-05,118.93000030517578,120.4000015258789,118.44999694824219,119.47000122070312,92.11109161376953,12100100
2016-12-06,119.33999633789062,119.94000244140625,119.12000274658203,119.37999725341797,92.041748046875,11526600
2016-12-07,119.81999969482422,120.62000274658203,119.81999969482422,120.4000015258789,92.828125,10392200
2016-12-08,119.1500015258789,119.30999755859375,118.77999877929688,118.9800033569336,91.73331451416016,12041100
2016-12-09,118.63999938964844,118.86000061035156,117.27999877929688,117.5,90.59223937988281,14646400
2016-12-12,117.2699966430664,117.80000305175781,116.87999725341797,117.72000122070312,90.7618408203125,9496300
2016-12-13,118.4000015258789,118.48999786376953,117.44000244140625,118.13999938964844,91.08570861816406,12189200
2016-12-14,119.08000183105469,119.20999908447266,116.80000305175781,116.81999969482422,90.06798553466797,16618400
2016-12-15,117.55999755859375,118.29000091552734,117.02999877929688,117.41000366210938,90.52288055419922,12400500
2016-12-16,117.61000061035156,117.91999816894531,116.80000305175781,117.13999938964844,90.31466674804688,14924600
2016-12-19,117.9800033569336,118.58000183105469,117.73999786376953,118.4000015258789,91.2861557006836,10868300
2016-12-20,117.62999725341797,117.9000015258789,117.37999725341797,117.80999755859375,90.83125305175781,7030600
2016-12-21,117.91999816894531,118.4000015258789,117.7300033569336,118.33000183105469,91.23221588134766,4624700
2016-12-22,117.52999877929688,118.0,117.5,117.80999755859375,91.06905364990234,5177800
2016-12-23,118.23999786376953,118.38999938964844,117.94999694824219,118.05000305175781,91.25457000732422,4461600
2016-12-27,117.41999816894531,117.69999694824219,117.2300033569336,117.66999816894531,90.96086883544922,5276600
2016-12-28,117.86000061035156,118.87999725341797,117.69999694824219,118.52999877929688,91.62561798095703,7578600
2016-12-29,118.80000305175781,119.2699966430664,118.66000366210938,118.94999694824219,91.95030975341797,8581400
2016-12-30,118.77999877929688,119.6500015258789,118.72000122070312,119.12999725341797,92.08942413330078,10613900
2017-01-03,118.41000366210938,119.98999786376953,118.18000030517578,119.63999938964844,92.48367309570312,13217300
2017-01-04,119.76000213623047,120.23999786376953,119.44999694824219,120.0999984741211,92.83926391601562,6699600
2017-01-05,120.44999694824219,122.02999877929688,120.16999816894531,121.9800033569336,94.29254913330078,13265800
2017-01-06,121.12999725341797,121.54000091552734,120.75,120.86000061035156,93.42677307128906,8369300
2017-01-09,121.87999725341797,122.0,121.45999908447266,121.83000183105469,94.17659759521484,8839100
2017-01-10,121.55000305175781,121.91000366210938,121.27999877929688,121.75,94.11477661132812,8417900
2017-01-11,121.94000244140625,122.69000244140625,121.41000366210938,122.16000366210938,94.43171691894531,9402500
2017-01-12,122.80000305175781,123.13999938964844,121.83000183105469,121.88999938964844,94.22294616699219,9977600
2017-01-13,121.33000183105469,121.75,120.62000274658203,121.30999755859375,93.77462768554688,9820000
2017-01-17,122.80999755859375,122.94000244140625,121.98999786376953,122.58000183105469,94.75636291503906,7853300
2017-01-18,121.7699966430664,121.95999908447266,120.91000366210938,121.01000213623047,93.54275512695312,9064700
2017-01-19,120.48999786376953,120.58000183105469,119.55000305175781,120.18000030517578,92.90113067626953,11795600
2017-01-20,119.83999633789062,120.30999755859375,119.29000091552734,119.94000244140625,92.71556091308594,16953200
2017-01-23,120.33999633789062,121.87000274658203,120.0199966430664,121.13999938964844,93.64320373535156,13118400
2017-01-24,120.7699966430664,121.12999725341797,119.80000305175781,120.30999755859375,93.00159454345703,8395000
2017-01-25,119.27999877929688,119.5999984741211,118.55999755859375,118.80000305175781,91.83434295654297,11115100
2017-01-26,118.91000366210938,119.26000213623047,118.33000183105469,119.19999694824219,92.14356231689453,7827900
2017-01-27,119.4000015258789,119.83000183105469,119.25,119.62999725341797,92.47595977783203,7197800
2017-01-30,119.44000244140625,119.87999725341797,119.19999694824219,119.2699966430664,92.19766998291016,6569500
2017-01-31,119.33000183105469,120.4000015258789,119.25,120.0999984741211,92.83926391601562,13298500
2017-02-01,119.0999984741211,119.52999877929688,118.58000183105469,119.0999984741211,92.26520538330078,10975500
2017-02-02,119.93000030517578,120.13999938964844,119.0,119.05000305175781,92.22653198242188,6978600
2017-02-03,119.44000244140625,119.87000274658203,118.47000122070312,119.0,92.18775177001953,10275600
2017-02-06,119.76000213623047,120.12999725341797,119.12000274658203,119.72000122070312,92.74549865722656,8433800
2017-02-07,119.77999877929688,121.01000213623047,119.47000122070312,120.5999984741211,93.42725372314453,8418400
2017-02-08,121.41999816894531,122.2699966430664,121.41000366210938,122.23999786376953,94.69773864746094,15734200
2017-02-09,121.41000366210938,121.58999633789062,120.66000366210938,120.83000183105469,93.60543823242188,16890600
2017-02-10,120.11000061035156,120.94999694824219,120.11000061035156,120.76000213623047,93.55119323730469,7978500
2017-02-13,120.25,120.41000366210938,119.87999725341797,120.37999725341797,93.25685119628906,11536800
2017-02-14,120.23999786376953,120.30000305175781,118.83000183105469,119.51000213623047,92.58284759521484,13210500
2017-02-15,118.76000213623047,119.22000122070312,118.6500015258789,118.95999908447266,92.15675354003906,8481000
2017-02-16,119.22000122070312,120.20999908447266,119.12000274658203,119.61000061035156,92.66033172607422,10005800
2017-02-17,120.61000061035156,120.69999694824219,120.12999725341797,120.31999969482422,93.21034240722656,7886400
2017-02-21,119.68000030517578,120.61000061035156,119.5999984741211,120.11000061035156,93.04764556884766,8703800
2017-02-22,120.80000305175781,120.81999969482422,119.58999633789062,120.30999755859375,93.20262145996094,8101500
2017-02-23,120.56999969482422,120.73999786376953,120.33000183105469,120.66999816894531,93.48148345947266,5330800
2017-02-24,121.3499984741211,122.13999938964844,121.26000213623047,122.01000213623047,94.51956939697266,11336000
2017-02-27,121.80999755859375,121.9000015258789,121.2300033569336,121.29000091552734,93.96178436279297,11039800
2017-02-28,121.5,122.08000183105469,121.31999969482422,121.73999786376953,94.31041717529297,8410500
2017-03-01,119.44000244140625,119.55000305175781,118.94999694824219,119.47000122070312,92.73016357421875,10717100
2017-03-02,119.01000213623047,119.20999908447266,118.62000274658203,119.04000091552734,92.39637756347656,8201200
2017-03-03,119.2300033569336,119.3499984741211,118.55000305175781,119.3499984741211,92.636962890625,9515200
2017-03-06,119.12000274658203,119.12000274658203,118.5199966430664,118.77999877929688,92.19454193115234,4489200
2017-03-07,118.4800033569336,118.68000030517578,118.25,118.41999816894531,91.91513061523438,7080100
2017-03-08,117.30999755859375,117.94999694824219,117.2300033569336,117.77999877929688,91.41838836669922,11336300
2017-03-09,117.33999633789062,117.4800033569336,116.7699966430664,116.83999633789062,90.68875885009766,10575400
2017-03-10,117.13999938964844,117.31999969482422,116.68000030517578,117.25,91.00703430175781,9218500
2017-03-13,116.83000183105469,117.08999633789062,116.48999786376953,116.51000213623047,90.43258666992188,6993100
2017-03-14,116.7699966430664,117.3499984741211,116.70999908447266,117.06999969482422,90.86727142333984,9869200
2017-03-15,117.55999755859375,118.83000183105469,117.43000030517578,118.5,91.9771957397461,14600500
2017-03-16,117.98999786376953,118.1500015258789,117.62999725341797,117.9000015258789,91.51148986816406,8018200
2017-03-17,118.11000061035156,118.75,118.02999877929688,118.63999938964844,92.08588409423828,7266800
2017-03-20,118.55000305175781,119.2300033569336,118.5,119.1500015258789,92.48171997070312,5497800
2017-03-21,119.05000305175781,120.30000305175781,119.0199966430664,120.13999938964844,93.25012969970703,12540700
2017-03-22,120.72000122070312,121.16999816894531,120.43000030517578,120.62000274658203,93.62271118164062,11661400
2017-03-23,120.83000183105469,121.0199966430664,120.05999755859375,120.44999694824219,93.49075317382812,6746500
2017-03-24,120.52999877929688,121.0999984741211,120.4000015258789,120.87999725341797,93.82449340820312,5819600
2017-03-27,121.83000183105469,121.97000122070312,121.19000244140625,121.43000030517578,94.25141906738281,6878500
2017-03-28,121.79000091552734,121.81999969482422,120.48999786376953,120.62000274658203,93.62271118164062,6811200
2017-03-29,120.94000244140625,121.37999725341797,120.87999725341797,121.33999633789062,94.18154907226562,6291000
2017-03-30,121.06999969482422,121.08999633789062,120.31999969482422,120.36000061035156,93.42088317871094,7042400
2017-03-31,120.27999877929688,120.80999755859375,120.20999908447266,120.70999908447266,93.69259643554688,5144800
2017-04-03,120.44999694824219,121.87000274658203,120.4000015258789,121.66999816894531,94.63761138916016,12996500
2017-04-04,121.37000274658203,121.58999633789062,120.94999694824219,121.01000213623047,94.12422180175781,6976700
2017-04-05,120.55999755859375,121.5199966430664,120.36000061035156,121.37999725341797,94.41207885742188,8555200
2017-04-06,121.23999786376953,121.41000366210938,120.5199966430664,121.19999694824219,94.27205657958984,6497000
2017-04-07,121.83999633789062,122.25,120.69000244140625,120.70999908447266,93.89092254638672,10270000
2017-04-10,121.13999938964844,121.62000274658203,121.0,121.2699966430664,94.32650756835938,5314500
2017-04-11,121.80000305175781,122.6500015258789,121.72000122070312,122.41999816894531,95.22097778320312,11297400
2017-04-12,122.51000213623047,123.19000244140625,122.29000091552734,123.08999633789062,95.74211883544922,11532500
2017-04-13,123.44999694824219,123.73999786376953,122.91000366210938,123.47000122070312,96.0376968383789,8396700
2017-04-17,123.45999908447266,123.55000305175781,122.86000061035156,123.08999633789062,95.74211883544922,8015000
2017-04-18,123.86000061035156,124.9800033569336,123.55000305175781,124.69999694824219,96.99440002441406,11529700
2017-04-19,124.0999984741211,124.16999816894531,123.69999694824219,124.0199966430664,96.46546936035156,7344000
2017-04-20,123.5199966430664,123.91999816894531,123.13999938964844,123.54000091552734,96.0921401977539,7932900
2017-04-21,123.81999969482422,124.23999786376953,123.48999786376953,123.54000091552734,96.0921401977539,9798500
2017-04-24,122.55000305175781,123.16000366210938,122.45999908447266,122.93000030517578,95.61767578125,8066400
2017-04-25,122.20999908447266,122.45999908447266,121.37999725341797,121.44999694824219,94.46649169921875,8122300
2017-04-26,121.5199966430664,122.13999938964844,121.43000030517578,122.12000274658203,94.98764038085938,5766200
2017-04-27,121.75,122.3499984741211,121.58000183105469,122.08000183105469,94.95654296875,4978300
2017-04-28,121.5999984741211,122.44000244140625,121.55000305175781,122.3499984741211,95.16654968261719,8166300
2017-05-01,121.69000244140625,122.13999938964844,120.70999908447266,121.08000183105469,94.37543487548828,8795900
2017-05-02,120.97000122070312,121.77999877929688,120.94000244140625,121.69999694824219,94.8586654663086,6727800
2017-05-03,122.22000122070312,122.38999938964844,121.55000305175781,121.77999877929688,94.92101287841797,8932900
2017-05-04,121.01000213623047,121.22000122070312,120.66999816894531,121.18000030517578,94.45338439941406,9707200
2017-05-05,121.37999725341797,121.47000122070312,120.88999938964844,121.29000091552734,94.53910827636719,5605400
2017-05-08,121.11000061035156,121.13999938964844,120.52999877929688,120.62999725341797,94.024658203125,8057800
2017-05-09,120.37999725341797,120.62999725341797,120.13999938964844,120.62000274658203,94.01687622070312,5536700
2017-05-10,120.91000366210938,121.05999755859375,120.16000366210938,120.4800033569336,93.90775299072266,6517000
2017-05-11,120.0,120.56999969482422,119.91000366210938,120.4800033569336,93.90775299072266,7479800
2017-05-12,121.01000213623047,121.48999786376953,120.9800033569336,121.38999938964844,94.61701965332031,7463900
2017-05-15,121.05999755859375,121.20999908447266,120.75,121.05999755859375,94.35984802246094,5173200
2017-05-16,121.11000061035156,121.88999938964844,121.11000061035156,121.51000213623047,94.71055603027344,6722700
2017-05-17,122.62999725341797,123.54000091552734,122.38999938964844,123.27999877929688,96.09021759033203,11236400
2017-05-18,123.75,123.94000244140625,123.19000244140625,123.41999816894531,96.1993179321289,8350500
2017-05-19,123.36000061035156,123.77999877929688,123.01000213623047,123.70999908447266,96.42534637451172,11277400
2017-05-22,123.41000366210938,123.55999755859375,123.26000213623047,123.37000274658203,96.16035461425781,4062900
2017-05-23,123.51000213623047,123.62000274658203,122.4800033569336,122.54000091552734,95.51339721679688,7901300
2017-05-24,122.80000305175781,123.26000213623047,122.54000091552734,123.2300033569336,96.05116271972656,7355200
2017-05-25,123.0199966430664,123.27999877929688,122.76000213623047,123.2699966430664,96.08240509033203,6464800
2017-05-26,123.55000305175781,123.73999786376953,123.25,123.4800033569336,96.24604034423828,2963800
2017-05-30,124.02999877929688,124.13999938964844,123.73999786376953,124.08999633789062,96.72148895263672,4819400
2017-05-31,124.05000305175781,124.6500015258789,124.02999877929688,124.4000015258789,96.96314239501953,8000200
2017-06-01,123.69999694824219,124.19000244140625,123.66000366210938,124.1500015258789,96.9732894897461,9037300
2017-06-02,125.22000122070312,125.7699966430664,125.05000305175781,125.62000274658203,98.12154388427734,13245000
2017-06-05,124.9000015258789,125.16000366210938,124.77999877929688,124.83999633789062,97.51226806640625,6775500
2017-06-06,125.69000244140625,125.87000274658203,125.4000015258789,125.5199966430664,98.04344940185547,12841500
2017-06-07,125.23999786376953,125.5199966430664,124.79000091552734,124.91999816894531,97.57476806640625,12852400
2017-06-08,124.87999725341797,124.87999725341797,124.30000305175781,124.58999633789062,97.31700134277344,8758600
2017-06-09,124.08000183105469,124.63999938964844,123.9800033569336,124.4000015258789,97.16857147216797,5130500
2017-06-12,124.20999908447266,124.98999786376953,124.13999938964844,124.36000061035156,97.1373291015625,4335800
2017-06-13,124.01000213623047,124.5199966430664,123.98999786376953,124.37999725341797,97.15299987792969,4742600
2017-06-14,125.91999816894531,126.70999908447266,125.7300033569336,126.30000305175781,98.65269470214844,20212300
2017-06-15,126.08999633789062,126.33000183105469,125.83000183105469,126.0999984741211,98.4964599609375,5863700
2017-06-16,126.08000183105469,126.44000244140625,126.01000213623047,126.3499984741211,98.69172668457031,6672500
2017-06-19,126.31999969482422,126.4800033569336,126.02999877929688,126.16999816894531,98.5511245727539,5641300
2017-06-20,126.79000091552734,127.4000015258789,126.79000091552734,127.30000305175781,99.43377685546875,8405700
2017-06-21,127.11000061035156,127.63999938964844,126.91000366210938,127.55999755859375,99.63687133789062,5914800
2017-06-22,127.70999908447266,127.87000274658203,127.30999755859375,127.83999633789062,99.8555679321289,6608100
2017-06-23,127.47000122070312,127.9000015258789,127.4000015258789,127.77999877929688,99.80873107910156,4329900
2017-06-26,128.27000427246094,128.57000732421875,128.16000366210938,128.25999450683594,100.18359375,5541600
2017-06-27,127.43000030517578,127.48999786376953,126.62000274658203,126.88999938964844,99.11354064941406,8354200
2017-06-28,126.66999816894531,126.70999908447266,125.9800033569336,126.47000122070312,98.78549194335938,7357900
2017-06-29,125.01000213623047,125.72000122070312,124.9000015258789,125.41000366210938,97.95751190185547,9115800
2017-06-30,125.19000244140625,125.38999938964844,124.8499984741211,125.12000274658203,97.7309799194336,10189800
2017-07-03,125.0,125.04000091552734,124.0199966430664,124.45999908447266,97.41630554199219,11021100
2017-07-05,124.19999694824219,124.6500015258789,124.12000274658203,124.48999786376953,97.4398193359375,11394500
2017-07-06,123.5199966430664,123.63999938964844,122.93000030517578,123.45999908447266,96.63362884521484,10853100
2017-07-07,122.83999633789062,123.02999877929688,122.58999633789062,122.72000122070312,96.05440521240234,9401800
2017-07-10,122.87000274658203,123.0999984741211,122.68000030517578,122.9000015258789,96.19534301757812,3859200
2017-07-11,122.86000061035156,123.33000183105469,122.70999908447266,123.11000061035156,96.35964965820312,4425600
2017-07-12,123.88999938964844,124.04000091552734,123.48999786376953,123.95999908447266,97.02500915527344,7839900
2017-07-13,123.5999984741211,123.6500015258789,122.80999755859375,123.18000030517578,96.41445922851562,7449300
2017-07-14,124.0999984741211,124.16000366210938,123.12000274658203,123.33000183105469,96.5318832397461,6566800
2017-07-17,123.33000183105469,123.98999786376953,123.2699966430664,123.66999816894531,96.79798889160156,4737300
2017-07-18,124.43000030517578,124.7699966430664,124.2300033569336,124.75,97.6433334350586,9163000
2017-07-19,124.77999877929688,125.01000213623047,124.58999633789062,124.80000305175781,97.68247985839844,5140900
2017-07-20,125.48999786376953,125.7300033569336,124.97000122070312,125.16000366210938,97.96419525146484,12239100
2017-07-21,125.7300033569336,126.02999877929688,125.56999969482422,125.69000244140625,98.37907409667969,6201500
2017-07-24,125.44999694824219,125.66000366210938,125.16000366210938,125.19999694824219,97.99553680419922,5378500
2017-07-25,124.13999938964844,124.19000244140625,123.47000122070312,123.56999969482422,96.71968078613281,9743300
2017-07-26,123.2699966430664,124.08999633789062,123.08000183105469,123.7699966430664,96.87628173828125,8459500
2017-07-27,123.11000061035156,123.37999725341797,122.81999969482422,123.16000366210938,96.39883422851562,6390800
2017-07-28,123.2699966430664,123.98999786376953,123.26000213623047,123.88999938964844,96.9701919555664,5491800
2017-07-31,123.45999908447266,124.05000305175781,123.4000015258789,124.04000091552734,97.08760833740234,5464600
2017-08-01,123.18000030517578,124.70999908447266,123.16000366210938,124.63999938964844,97.76921844482422,9676800
2017-08-02,124.7699966430664,125.16999816894531,124.68000030517578,124.70999908447266,97.82415008544922,5745600
2017-08-03,125.29000091552734,126.0199966430664,125.26000213623047,126.0,98.8360595703125,10324500
2017-08-04,125.1500015258789,125.18000030517578,124.44000244140625,124.93000030517578,97.99675750732422,8485500
2017-08-07,124.83999633789062,125.0999984741211,124.61000061035156,125.06999969482422,98.10652923583984,4684600
2017-08-08,124.87000274658203,124.9800033569336,124.1500015258789,124.62000274658203,97.7535629272461,6197400
2017-08-09,125.93000030517578,125.94999694824219,125.19999694824219,125.30000305175781,98.28695678710938,9221800
2017-08-10,125.62000274658203,126.44000244140625,125.5199966430664,126.37000274658203,99.12628936767578,10378200
2017-08-11,125.7699966430664,126.45999908447266,125.55000305175781,126.43000030517578,99.17337799072266,5717800
2017-08-14,125.98999786376953,126.27999877929688,125.7300033569336,125.77999877929688,98.66351318359375,5111000
2017-08-15,124.7300033569336,125.54000091552734,124.70999908447266,125.25,98.24772644042969,7473200
2017-08-16,124.83000183105469,126.0199966430664,124.80999755859375,125.70999908447266,98.60859680175781,5283800
2017-08-17,125.69999694824219,126.68000030517578,125.51000213623047,126.6500015258789,99.34591674804688,9364700
2017-08-18,126.9800033569336,127.1500015258789,126.26000213623047,126.62000274658203,99.32239532470703,8382500
2017-08-21,126.7699966430664,127.0199966430664,126.5,126.93000030517578,99.56555938720703,7669800
2017-08-22,126.79000091552734,126.80999755859375,126.2699966430664,126.44000244140625,99.18119049072266,6140700
2017-08-23,127.04000091552734,127.30999755859375,126.76000213623047,127.30000305175781,99.85578155517578,7446400
2017-08-24,126.87999725341797,127.30999755859375,126.72000122070312,126.83000183105469,99.48709869384766,5569400
2017-08-25,127.0199966430664,127.44999694824219,126.87000274658203,127.31999969482422,99.87149047851562,7303300
2017-08-28,126.91999816894531,127.38999938964844,126.7300033569336,127.23999786376953,99.80873107910156,4448500
2017-08-29,128.4600067138672,128.52000427246094,127.30999755859375,127.6500015258789,100.13035583496094,7659400
2017-08-30,127.45999908447266,127.73999786376953,127.33999633789062,127.61000061035156,100.09895324707031,4735200
2017-08-31,127.63999938964844,128.02999877929688,127.56999969482422,127.98999786376953,100.39702606201172,7978400
2017-09-01,127.30999755859375,127.33999633789062,126.43000030517578,126.75,99.62909698486328,14128600
2017-09-05,127.69000244140625,128.8000030517578,127.69000244140625,128.75999450683594,101.20897674560547,15215700
2017-09-06,128.72000122070312,129.0,127.73999786376953,127.97000122070312,100.58808898925781,9066400
2017-09-07,128.3300018310547,129.57000732421875,128.3300018310547,129.27999877929688,101.61768341064453,13618900
2017-09-08,129.11000061035156,129.16000366210938,128.57000732421875,129.0,101.39764404296875,9808500
2017-09-11,127.87000274658203,128.0500030517578,127.26000213623047,127.45999908447266,100.18721008300781,17856700
2017-09-12,127.05000305175781,127.08999633789062,126.52999877929688,126.79000091552734,99.66056823730469,7557400
2017-09-13,126.91000366210938,126.91999816894531,126.27999877929688,126.29000091552734,99.26752471923828,6740000
2017-09-14,126.37000274658203,126.83000183105469,126.33000183105469,126.80999755859375,99.67622375488281,6674500
2017-09-15,127.0,127.01000213623047,126.54000091552734,126.86000061035156,99.71556091308594,9769200
2017-09-18,126.5,126.56999969482422,125.83999633789062,126.12999725341797,99.14173889160156,6863000
2017-09-19,126.27999877929688,126.30999755859375,125.7300033569336,125.81999969482422,98.89808654785156,5554900
2017-09-20,125.97000122070312,126.05000305175781,125.33000183105469,125.91000366210938,98.96882629394531,8037000
2017-09-21,126.16000366210938,126.55999755859375,125.81999969482422,125.83999633789062,98.91378021240234,6147800
2017-09-22,126.5,126.7300033569336,126.05999755859375,126.19999694824219,99.19678497314453,5660700
2017-09-25,126.31999969482422,127.2699966430664,126.19999694824219,126.98999786376953,99.81774139404297,9679000
2017-09-26,126.7699966430664,126.88999938964844,126.43000030517578,126.76000213623047,99.63695526123047,7251900
2017-09-27,124.87000274658203,125.30000305175781,124.61000061035156,124.8499984741211,98.13563537597656,12145700
2017-09-28,124.20999908447266,124.6500015258789,123.97000122070312,124.4800033569336,97.84481811523438,8883700
2017-09-29,124.76000213623047,125.02999877929688,124.2699966430664,124.76000213623047,98.06487274169922,11285500
2017-10-02,124.80999755859375,125.0,124.23999786376953,124.27999877929688,97.88533020019531,7860700
2017-10-03,123.91999816894531,124.51000213623047,123.91999816894531,124.4000015258789,97.9798355102539,6219800
2017-10-04,124.52999877929688,124.58999633789062,123.87999725341797,124.41000366210938,97.98773956298828,7447000
2017-10-05,124.2699966430664,124.30000305175781,123.69000244140625,123.94000244140625,97.61751556396484,8180300
2017-10-06,123.29000091552734,124.0999984741211,123.02999877929688,123.58999633789062,97.34184265136719,10375000
2017-10-09,123.77999877929688,124.05999755859375,123.63999938964844,123.9800033569336,97.64905548095703,3590900
2017-10-10,124.13999938964844,124.87000274658203,124.0199966430664,124.18000030517578,97.80655670166016,6666800
2017-10-11,124.56999969482422,124.66000366210938,124.26000213623047,124.41999816894531,97.9955825805664,4385900
2017-10-12,124.55000305175781,124.9800033569336,124.23999786376953,124.94999694824219,98.41301727294922,7141600
2017-10-13,125.58000183105469,125.94000244140625,125.16999816894531,125.8499984741211,99.12184143066406,7746900
2017-10-16,125.52999877929688,125.9000015258789,125.37999725341797,125.76000213623047,99.05101776123047,5737300
2017-10-17,125.38999938964844,126.08999633789062,125.38999938964844,125.91999816894531,99.177001953125,4969600
2017-10-18,125.05000305175781,125.18000030517578,124.68000030517578,125.08999633789062,98.52327728271484,5943800
2017-10-19,125.73999786376953,126.01000213623047,125.2699966430664,125.30999755859375,98.69654083251953,8966500
2017-10-20,124.0,124.27999877929688,123.63999938964844,123.9800033569336,97.64905548095703,12326900
2017-10-23,124.16000366210938,124.48999786376953,124.0199966430664,124.19999694824219,97.82231140136719,6871100
2017-10-24,123.37000274658203,123.69000244140625,123.1500015258789,123.43000030517578,97.21582794189453,6842800
2017-10-25,122.52999877929688,122.9800033569336,122.41999816894531,122.83999633789062,96.7511215209961,9961400
2017-10-26,123.05999755859375,123.05999755859375,122.43000030517578,122.43000030517578,96.42825317382812,8179400
2017-10-27,122.94000244140625,123.33000183105469,122.75,123.23999786376953,97.06620025634766,10480900
2017-10-30,123.86000061035156,124.45999908447266,123.55999755859375,124.41999816894531,97.9955825805664,9051600
2017-10-31,124.52999877929688,124.66000366210938,124.4000015258789,124.45999908447266,98.02706909179688,4424300
2017-11-01,124.3499984741211,125.13999938964844,124.30000305175781,124.75,98.46357727050781,8940400
2017-11-02,125.0,125.5199966430664,124.91999816894531,125.30000305175781,98.89766693115234,7222700
2017-11-03,125.47000122070312,125.69999694824219,125.13999938964844,125.63999938964844,99.1660385131836,10984100
2017-11-06,125.93000030517578,126.22000122070312,125.72000122070312,126.11000061035156,99.5369644165039,6246700
2017-11-07,126.2300033569336,126.77999877929688,126.12999725341797,126.63999938964844,99.95532989501953,6422700
2017-11-08,126.58999633789062,126.80000305175781,126.20999908447266,126.36000061035156,99.73429107666016,3356200
2017-11-09,125.87000274658203,126.23999786376953,125.55000305175781,126.0,99.45018768310547,6280400
2017-11-10,124.70999908447266,124.83999633789062,123.95999908447266,124.0999984741211,97.9505615234375,11981000
2017-11-13,124.80000305175781,124.80999755859375,124.30999755859375,124.36000061035156,98.1557388305664,5880800
2017-11-14,124.7699966430664,125.23999786376953,124.7699966430664,125.19999694824219,98.81871032714844,6195900
2017-11-15,126.05999755859375,126.66999816894531,125.63999938964844,126.55999755859375,99.8921890258789,9568200
2017-11-16,126.01000213623047,126.33000183105469,125.44999694824219,125.45999908447266,99.02396392822266,5894900
2017-11-17,126.06999969482422,126.44000244140625,125.95999908447266,126.38999938964844,99.75799560546875,6938800
2017-11-20,125.91000366210938,126.37999725341797,125.91000366210938,126.33999633789062,99.71852111816406,4232300
2017-11-21,127.08999633789062,127.29000091552734,126.30999755859375,126.73999786376953,100.03422546386719,5818400
2017-11-22,126.62000274658203,127.19999694824219,126.51000213623047,127.1500015258789,100.35790252685547,4140700
2017-11-24,126.93000030517578,127.02999877929688,126.69000244140625,126.80000305175781,100.08155822753906,3141400
2017-11-27,126.86000061035156,127.05000305175781,126.41999816894531,126.62000274658203,99.93952941894531,6079900
2017-11-28,126.7699966430664,127.18000030517578,126.47000122070312,126.79000091552734,100.07373809814453,5983000
2017-11-29,125.55999755859375,125.68000030517578,125.0999984741211,125.54000091552734,99.08707427978516,14547100
2017-11-30,125.30999755859375,125.5199966430664,124.44000244140625,125.12000274658203,98.75558471679688,9630000
2017-12-01,125.87000274658203,127.69000244140625,125.0999984741211,126.55000305175781,100.0882797241211,24583100
2017-12-04,125.91999816894531,126.66999816894531,125.80999755859375,126.61000061035156,100.13572692871094,9609200
2017-12-05,126.47000122070312,127.5,126.44999694824219,127.23999786376953,100.63397216796875,10958900
2017-12-06,127.87000274658203,128.22999572753906,127.66000366210938,127.68000030517578,100.98200225830078,11834200
2017-12-07,127.93000030517578,128.10000610351562,126.30000305175781,126.68000030517578,100.19107818603516,13056800
2017-12-08,126.58999633789062,126.73999786376953,126.23999786376953,126.69000244140625,100.19898986816406,4786100
2017-12-11,126.86000061035156,127.08999633789062,126.41000366210938,126.43000030517578,99.99337005615234,3863800
2017-12-12,126.16999816894531,126.41000366210938,125.66999816894531,126.37999725341797,99.95381927490234,7502400
2017-12-13,126.80999755859375,127.38999938964844,126.58999633789062,127.33000183105469,100.70514678955078,8532900
2017-12-14,127.05000305175781,127.9800033569336,126.79000091552734,127.87000274658203,101.13227081298828,6885000
2017-12-15,127.80999755859375,128.58999633789062,127.55999755859375,128.35000610351562,101.51185607910156,7239400
2017-12-18,127.97000122070312,128.0,126.91000366210938,127.18000030517578,100.58655548095703,7239700
2017-12-19,126.31999969482422,126.37999725341797,125.06999969482422,125.52999877929688,99.28155517578125,11045800
2017-12-20,124.30999755859375,124.70999908447266,123.94999694824219,124.13999938964844,98.18222045898438,10005800
2017-12-21,124.02999877929688,124.86000061035156,124.0,124.5999984741211,98.75443267822266,7026900
2017-12-22,124.69999694824219,124.83999633789062,124.52999877929688,124.7699966430664,98.88917541503906,3974300
2017-12-26,124.9800033569336,125.52999877929688,124.97000122070312,125.13999938964844,99.18243408203125,3168400
2017-12-27,125.70999908447266,126.9800033569336,125.69999694824219,126.7699966430664,100.47429656982422,9059700
2017-12-28,126.52999877929688,126.83000183105469,126.37000274658203,126.66000366210938,100.3871078491211,5297100
2017-12-29,126.5,127.12000274658203,126.4800033569336,126.86000061035156,100.545654296875,7580500
2018-01-02,126.48999786376953,126.51000213623047,125.06999969482422,125.48999786376953,99.4598388671875,16238200
2018-01-03,126.0,126.19999694824219,125.48999786376953,126.08999633789062,99.93539428710938,8605100
2018-01-04,125.6500015258789,126.16000366210938,125.37000274658203,126.06999969482422,99.91951751708984,9217900
2018-01-05,125.87000274658203,126.18000030517578,125.36000061035156,125.70999908447266,99.6341781616211,10915400
2018-01-08,125.98999786376953,126.02999877929688,125.16999816894531,125.62999725341797,99.57081604003906,8850600
2018-01-09,124.80999755859375,124.83000183105469,123.80999755859375,123.94999694824219,98.23922729492188,16226400
2018-01-10,122.80999755859375,123.93000030517578,122.66000366210938,123.80000305175781,98.12041473388672,14302600
2018-01-11,123.51000213623047,124.58999633789062,123.30999755859375,124.30999755859375,98.52458190917969,12511000
2018-01-12,124.0999984741211,124.79000091552734,123.91000366210938,124.5199966430664,98.6910400390625,9987100
2018-01-16,125.16999816894531,125.27999877929688,124.55999755859375,125.04000091552734,99.10314178466797,9125900
2018-01-17,125.08000183105469,125.63999938964844,124.5999984741211,124.87000274658203,98.96841430664062,8327000
2018-01-18,123.93000030517578,124.2699966430664,123.54000091552734,123.70999908447266,98.04903411865234,10843900
2018-01-19,123.4000015258789,123.55999755859375,122.9800033569336,123.05999755859375,97.53386688232422,11374300
2018-01-22,123.44999694824219,123.70999908447266,122.98999786376953,123.18000030517578,97.62899017333984,8984700
2018-01-23,123.80999755859375,124.19999694824219,123.23999786376953,123.70999908447266,98.04903411865234,12325700
2018-01-24,122.8499984741211,123.12999725341797,122.54000091552734,123.04000091552734,97.51802825927734,9038900
2018-01-25,123.16000366210938,124.1500015258789,122.80000305175781,124.05000305175781,98.31852722167969,12173300
2018-01-26,123.87999725341797,123.91000366210938,123.0999984741211,123.58999633789062,97.95394134521484,6462900
2018-01-29,122.97000122070312,122.97000122070312,122.30000305175781,122.7300033569336,97.27232360839844,12223000
2018-01-30,122.27999877929688,122.37000274658203,121.69999694824219,122.01000213623047,96.70167541503906,12064400
2018-01-31,122.87000274658203,122.93000030517578,121.94000244140625,122.7300033569336,97.27232360839844,18045100
2018-02-01,122.4800033569336,122.52999877929688,120.62999725341797,120.69999694824219,95.86259460449219,18632800
2018-02-02,120.1500015258789,120.26000213623047,119.23999786376953,119.58000183105469,94.97306060791016,23944400
2018-02-05,119.16999816894531,121.81999969482422,118.63999938964844,120.70999908447266,95.87052917480469,28606200
2018-02-06,120.41999816894531,120.87000274658203,119.72000122070312,119.95999908447266,95.27488708496094,10935400
2018-02-07,120.12999725341797,120.33000183105469,118.55999755859375,118.81999969482422,94.36946868896484,16271100
2018-02-08,118.01000213623047,119.18000030517578,117.8499984741211,118.69000244140625,94.26622009277344,15155100
2018-02-09,118.11000061035156,119.08999633789062,117.79000091552734,117.94000244140625,93.6705093383789,15661600
2018-02-12,118.55999755859375,119.30000305175781,118.19000244140625,118.45999908447266,94.08353424072266,10944600
2018-02-13,118.61000061035156,119.01000213623047,118.38999938964844,118.98999786376953,94.50446319580078,8157600
2018-02-14,118.45999908447266,118.54000091552734,117.47000122070312,117.66999816894531,93.45610809326172,12043300
2018-02-15,118.19000244140625,118.80000305175781,117.98999786376953,118.06999969482422,93.77381134033203,8222400
2018-02-16,119.04000091552734,119.20999908447266,118.33999633789062,118.70999908447266,94.28209686279297,8454100
2018-02-20,118.27999877929688,118.51000213623047,117.77999877929688,118.19000244140625,93.8691177368164,8268800
2018-02-21,118.23999786376953,118.29000091552734,116.51000213623047,116.73999786376953,92.71746063232422,12054300
2018-02-22,117.23999786376953,117.66000366210938,117.0,117.08999633789062,92.99545288085938,9317900
2018-02-23,117.87999725341797,118.30999755859375,117.72000122070312,118.12999725341797,93.82141876220703,9072900
2018-02-26,118.68000030517578,118.91000366210938,118.04000091552734,118.16999816894531,93.85321807861328,8771600
2018-02-27,118.5199966430664,118.66000366210938,117.26000213623047,118.0,93.71818542480469,12525700
2018-02-28,118.47000122070312,118.83000183105469,118.25,118.75,94.31387329101562,9311600
2018-03-01,118.43000030517578,119.62000274658203,118.1500015258789,119.31999969482422,94.95767211914062,12287700
2018-03-02,118.8499984741211,118.93000030517578,118.12000274658203,118.3499984741211,94.18572235107422,10064300
2018-03-05,118.75,118.80000305175781,117.62999725341797,118.02999877929688,93.9310302734375,5658200
2018-03-06,118.36000061035156,118.68000030517578,118.12000274658203,118.13999938964844,94.0185775756836,5452000
2018-03-07,118.56999969482422,118.68000030517578,117.95999908447266,118.01000213623047,93.91513061523438,4461800
2018-03-08,118.30999755859375,118.98999786376953,118.26000213623047,118.69000244140625,94.456298828125,7086700
2018-03-09,117.98999786376953,118.2699966430664,117.58999633789062,117.91000366210938,93.83555603027344,6570400
2018-03-12,118.30999755859375,118.66000366210938,118.19000244140625,118.58999633789062,94.37672424316406,5801300
2018-03-13,118.30999755859375,119.37000274658203,118.19000244140625,119.19000244140625,94.85421752929688,7455300
2018-03-14,119.4000015258789,120.4000015258789,119.37000274658203,120.23999786376953,95.68983459472656,10175000
2018-03-15,120.16999816894531,120.48999786376953,119.93000030517578,120.23999786376953,95.68983459472656,6757900
2018-03-16,119.80000305175781,120.01000213623047,119.55000305175781,119.80999755859375,95.34761047363281,6084300
2018-03-19,119.20999908447266,119.97000122070312,119.19999694824219,119.43000030517578,95.04521942138672,8491200
2018-03-20,118.91000366210938,119.22000122070312,118.83000183105469,118.94999694824219,94.66326141357422,5446000
2018-03-21,118.66000366210938,119.41999816894531,118.11000061035156,119.08000183105469,94.76667785644531,9742400
2018-03-22,120.30999755859375,120.81999969482422,119.66999816894531,120.26000213623047,95.70580291748047,12136600
2018-03-23,119.68000030517578,120.30999755859375,119.62000274658203,120.16999816894531,95.63414001464844,7250400
2018-03-26,120.0,120.44999694824219,119.66999816894531,119.70999908447266,95.2680435180664,8237900
2018-03-27,119.83000183105469,121.12000274658203,119.80999755859375,120.98999786376953,96.28668212890625,9168500
2018-03-28,121.44999694824219,121.63999938964844,120.94999694824219,121.30999755859375,96.54135131835938,7412500
2018-03-29,121.54000091552734,122.29000091552734,121.51000213623047,121.9000015258789,97.01087951660156,9694300
2018-04-02,121.3499984741211,122.36000061035156,121.16000366210938,121.87999725341797,97.20227813720703,12036500
2018-04-03,121.36000061035156,121.4800033569336,120.83000183105469,120.94000244140625,96.45266723632812,9855000
2018-04-04,121.3499984741211,121.45999908447266,120.5999984741211,120.69000244140625,96.25326538085938,6654300
2018-04-05,120.0999984741211,120.2699966430664,119.7699966430664,119.79000091552734,95.53547668457031,7603700
2018-04-06,120.66000366210938,121.1500015258789,120.22000122070312,121.0999984741211,96.58024597167969,8831200
2018-04-09,120.63999938964844,121.30000305175781,120.3499984741211,121.30000305175781,96.7397232055664,6307500
2018-04-10,121.19999694824219,121.37999725341797,120.77999877929688,121.08000183105469,96.56429290771484,6046000
2018-04-11,121.8499984741211,121.88999938964844,121.2699966430664,121.51000213623047,96.90721893310547,5901300
2018-04-12,121.04000091552734,121.06999969482422,120.41000366210938,120.62000274658203,96.19744873046875,6622800
2018-04-13,120.5199966430664,121.12999725341797,120.5,120.9000015258789,96.4207534790039,4964000
2018-04-16,120.2300033569336,120.97000122070312,120.18000030517578,120.94000244140625,96.45266723632812,4491300
2018-04-17,120.91999816894531,121.58000183105469,120.81999969482422,121.2699966430664,96.71582794189453,5590400
2018-04-18,121.29000091552734,121.33999633789062,120.27999877929688,120.30000305175781,95.94222259521484,8138400
2018-04-19,119.41999816894531,119.52999877929688,118.80999755859375,119.31999969482422,95.1606216430664,9875800
2018-04-20,118.88999938964844,119.12999725341797,118.43000030517578,118.45999908447266,94.47477722167969,7579400
2018-04-23,118.33000183105469,118.62000274658203,118.08000183105469,118.48999786376953,94.49868774414062,7073200
2018-04-24,118.20999908447266,118.44999694824219,117.76000213623047,117.94999694824219,94.06803894042969,8190800
2018-04-25,117.41000366210938,117.6500015258789,116.94000244140625,117.16000366210938,93.43799591064453,6603800
2018-04-26,117.7300033569336,118.12999725341797,117.58999633789062,117.9800033569336,94.09194946289062,6528600
2018-04-27,118.47000122070312,118.94999694824219,118.44000244140625,118.88999938964844,94.81770324707031,5401800
2018-04-30,119.08000183105469,119.55999755859375,118.94000244140625,119.0999984741211,94.98517608642578,8321100
2018-05-01,118.7699966430664,118.83999633789062,118.2300033569336,118.41000366210938,94.64308166503906,7979200
2018-05-02,118.63999938964844,118.87000274658203,118.26000213623047,118.27999877929688,94.53919982910156,4644000
2018-05-03,118.83999633789062,119.30999755859375,118.68000030517578,118.80999755859375,94.96276092529297,6345300
2018-05-04,119.2300033569336,119.2300033569336,118.48999786376953,118.98999786376953,95.106689453125,4283500
2018-05-07,118.97000122070312,119.0199966430664,118.73999786376953,118.80000305175781,94.9548110961914,3647800
2018-05-08,118.55000305175781,119.0,118.30000305175781,118.69000244140625,94.86688995361328,6091200
2018-05-09,118.12000274658203,118.41999816894531,117.9800033569336,117.9800033569336,94.2994384765625,7832500
2018-05-10,118.55000305175781,118.9800033569336,118.3499984741211,118.93000030517578,95.05873107910156,7101500
2018-05-11,119.31999969482422,119.36000061035156,118.81999969482422,119.2300033569336,95.29850769042969,4273400
2018-05-14,118.80000305175781,118.98999786376953,118.58999633789062,118.5999984741211,94.79497528076172,4996200
2018-05-15,117.55999755859375,117.58000183105469,116.69999694824219,117.25,93.7159194946289,12901000
2018-05-16,117.41999816894531,117.52999877929688,116.79000091552734,116.80000305175781,93.35625457763672,6518000
2018-05-17,116.62999725341797,116.81999969482422,116.08999633789062,116.20999908447266,92.8846435546875,7330300
2018-05-18,116.51000213623047,117.29000091552734,116.51000213623047,117.20999908447266,93.68394470214844,9606500
2018-05-21,117.12999725341797,117.37999725341797,116.94999694824219,117.2699966430664,93.7319107055664,4448500
2018-05-22,117.29000091552734,117.3499984741211,116.8499984741211,117.08999633789062,93.58805847167969,4700700
2018-05-23,117.75,118.11000061035156,117.66000366210938,117.94000244140625,94.26744079589844,9634000
2018-05-24,118.69000244140625,119.05999755859375,118.63999938964844,118.87999725341797,95.01875305175781,8204100
2018-05-25,119.55999755859375,119.83999633789062,119.47000122070312,119.62000274658203,95.6102523803711,8482800
2018-05-29,120.79000091552734,122.5199966430664,120.43000030517578,122.23999786376953,97.704345703125,21668100
2018-05-30,121.0,121.4800033569336,120.73999786376953,121.41999816894531,97.04895782470703,11616300
2018-05-31,121.55999755859375,121.9800033569336,120.94999694824219,121.22000122070312,96.88903045654297,10769900
2018-06-01,120.16999816894531,120.70999908447266,119.8499984741211,120.30000305175781,96.37712860107422,8718800
2018-06-04,120.11000061035156,120.13999938964844,119.37000274658203,119.43000030517578,95.6801528930664,7156500
2018-06-05,119.95999908447266,120.16000366210938,119.62000274658203,119.70999908447266,95.90446472167969,5635900
2018-06-06,119.08000183105469,119.0999984741211,118.41999816894531,118.73999786376953,95.12736511230469,7813300
2018-06-07,118.69000244140625,120.48999786376953,118.68000030517578,119.88999938964844,96.0486831665039,13238300
2018-06-08,119.55999755859375,119.8499984741211,119.44000244140625,119.52999877929688,95.76026153564453,6790600
2018-06-11,119.06999969482422,119.38999938964844,118.94000244140625,119.30999755859375,95.58402252197266,6844200
2018-06-12,118.93000030517578,119.45999908447266,118.88999938964844,119.33999633789062,95.60804748535156,6048200
2018-06-13,119.44999694824219,119.63999938964844,118.62999725341797,119.27999877929688,95.55999755859375,8834700
2018-06-14,119.77999877929688,120.30000305175781,119.4800033569336,120.2699966430664,96.35316467285156,10078800
2018-06-15,120.83000183105469,121.08999633789062,120.30000305175781,120.37999725341797,96.44124603271484,7992800
2018-06-18,120.4800033569336,120.55999755859375,120.04000091552734,120.2699966430664,96.35316467285156,4893700
2018-06-19,120.97000122070312,121.2300033569336,120.69999694824219,120.97000122070312,96.9139175415039,6133300
2018-06-20,120.7699966430664,120.79000091552734,119.9000015258789,119.91000366210938,96.06471252441406,6879100
2018-06-21,120.36000061035156,120.75,120.22000122070312,120.54000091552734,96.56941986083984,7235800
2018-06-22,120.08999633789062,120.62000274658203,120.05999755859375,120.52999877929688,96.5614013671875,4082500
2018-06-25,120.66000366210938,121.11000061035156,120.63999938964844,120.80000305175781,96.7777328491211,8363700
2018-06-26,120.7699966430664,121.02999877929688,120.66000366210938,120.97000122070312,96.9139175415039,5450000
2018-06-27,121.75,122.18000030517578,121.55000305175781,122.11000061035156,97.82722473144531,8173400
2018-06-28,122.12999725341797,122.25,121.83000183105469,122.13999938964844,97.85121154785156,7109500
2018-06-29,122.16999816894531,122.5,121.6500015258789,121.72000122070312,97.51478576660156,11164700
2018-07-02,121.73999786376953,121.75,121.29000091552734,121.3499984741211,97.43849182128906,9662000
2018-07-03,121.52999877929688,122.02999877929688,121.52999877929688,122.0,97.96043395996094,3808800
2018-07-05,122.05999755859375,122.52999877929688,122.01000213623047,122.3499984741211,98.2414321899414,3860400
2018-07-06,122.75,122.91999816894531,122.4800033569336,122.75,98.5626449584961,4679900
2018-07-09,122.06999969482422,122.20999908447266,121.9000015258789,121.95999908447266,97.92829895019531,5952700
2018-07-10,121.87000274658203,122.12999725341797,121.80999755859375,121.94999694824219,97.92025756835938,5759700
2018-07-11,122.44999694824219,122.55000305175781,122.08999633789062,122.41999816894531,98.29766082763672,6869100
2018-07-12,122.16999816894531,122.47000122070312,122.13999938964844,122.41000366210938,98.28958129882812,4824700
2018-07-13,122.61000061035156,122.87000274658203,122.47000122070312,122.72000122070312,98.53852844238281,4079000
2018-07-16,122.20999908447266,122.29000091552734,121.63999938964844,122.20999908447266,98.12903594970703,5517100
2018-07-17,122.29000091552734,122.38999938964844,121.9000015258789,121.9800033569336,97.9443588256836,3764300
2018-07-18,122.0199966430664,122.04000091552734,121.38999938964844,121.48999786376953,97.5509033203125,6330000
2018-07-19,121.80000305175781,122.44999694824219,121.7699966430664,122.26000213623047,98.16919708251953,6166700
2018-07-20,121.58000183105469,121.58999633789062,120.69999694824219,120.76000213623047,96.9647216796875,10469500
2018-07-23,120.37999725341797,120.37999725341797,119.18000030517578,119.2699966430664,95.7683334350586,11571800
2018-07-24,119.27999877929688,119.81999969482422,119.13999938964844,119.68000030517578,96.0975570678711,9053500
2018-07-25,120.0199966430664,120.26000213623047,119.26000213623047,119.48999786376953,95.9449691772461,7357900
2018-07-26,119.70999908447266,119.87999725341797,119.16000366210938,119.26000213623047,95.76033782958984,6821100
2018-07-27,119.8499984741211,119.87000274658203,119.4000015258789,119.45999908447266,95.92090606689453,4542000
2018-07-30,118.98999786376953,119.41000366210938,118.97000122070312,119.05000305175781,95.59170532226562,7111200
2018-07-31,119.79000091552734,119.86000061035156,119.55999755859375,119.69999694824219,96.11359405517578,6797400
2018-08-01,118.29000091552734,118.83999633789062,118.06999969482422,118.45999908447266,95.33060455322266,13312600
2018-08-02,118.62000274658203,118.73999786376953,118.30000305175781,118.62999725341797,95.46739196777344,4451100
2018-08-03,118.83000183105469,119.29000091552734,118.80999755859375,119.22000122070312,95.94216918945312,6162400
2018-08-06,119.54000091552734,119.83999633789062,119.2699966430664,119.29000091552734,95.99851989746094,4200200
2018-08-07,119.02999877929688,119.0999984741211,118.56999969482422,118.66999816894531,95.49956512451172,5346900
2018-08-08,118.66000366210938,119.02999877929688,118.61000061035156,118.79000091552734,95.5961685180664,5640900
2018-08-09,119.2300033569336,119.83000183105469,119.12000274658203,119.79000091552734,96.40086364746094,7144100
2018-08-10,120.37000274658203,121.05000305175781,120.27999877929688,120.66000366210938,97.10104370117188,8457900
2018-08-13,120.25,120.69999694824219,120.20999908447266,120.41000366210938,96.89984130859375,7923200
2018-08-14,120.54000091552734,120.55999755859375,120.02999877929688,120.13999938964844,96.68258666992188,4251200
2018-08-15,120.66000366210938,121.12999725341797,120.56999969482422,120.83999633789062,97.24589538574219,7649800
2018-08-16,120.80999755859375,120.93000030517578,120.27999877929688,120.83000183105469,97.23783874511719,5400400
2018-08-17,121.08999633789062,121.38999938964844,120.75,120.9800033569336,97.35858154296875,3537600
2018-08-20,121.63999938964844,121.91000366210938,121.54000091552734,121.79000091552734,98.01042175292969,5603700
2018-08-21,121.37000274658203,121.52999877929688,121.06999969482422,121.37999725341797,97.6804428100586,4695000
2018-08-22,122.0,122.05000305175781,121.58000183105469,121.86000061035156,98.06676483154297,5309600
2018-08-23,122.0,122.12999725341797,121.77999877929688,122.05000305175781,98.21965026855469,5328700
2018-08-24,121.62000274658203,122.33000183105469,121.48999786376953,122.29000091552734,98.41277313232422,6092200
2018-08-27,121.77999877929688,121.87000274658203,121.5199966430664,121.58999633789062,97.84945678710938,6407400
2018-08-28,121.0,121.08999633789062,120.68000030517578,120.86000061035156,97.26200103759766,4929300
2018-08-29,120.94000244140625,121.1500015258789,120.62000274658203,121.0199966430664,97.39075469970703,5613300
2018-08-30,121.30999755859375,121.45999908447266,121.08000183105469,121.27999877929688,97.59996795654297,5302900
2018-08-31,121.88999938964844,121.91999816894531,120.88999938964844,121.0,97.37467193603516,9677500
2018-09-04,119.95999908447266,120.0999984741211,119.75,120.02999877929688,96.8116683959961,18343600
2018-09-05,119.76000213623047,119.9000015258789,119.55000305175781,119.70999908447266,96.5535659790039,9422600
2018-09-06,119.76000213623047,120.4000015258789,119.69000244140625,120.1500015258789,96.90846252441406,9566000
2018-09-07,119.33000183105469,119.4000015258789,118.98999786376953,119.12999725341797,96.08575439453125,11212600
2018-09-10,119.16999816894531,119.5999984741211,119.16999816894531,119.56999969482422,96.44062805175781,6386400
2018-09-11,119.08000183105469,119.16999816894531,118.5999984741211,118.66000366210938,95.70670318603516,5440000
2018-09-12,119.05000305175781,119.16999816894531,118.9000015258789,118.94000244140625,95.9325180053711,3347200
2018-09-13,119.33999633789062,119.56999969482422,118.9800033569336,119.12000274658203,96.07771301269531,4833000
2018-09-14,118.41000366210938,118.91000366210938,118.30000305175781,118.55000305175781,95.61793518066406,5579500
2018-09-17,118.18000030517578,118.81999969482422,118.12000274658203,118.55000305175781,95.61793518066406,5433000
2018-09-18,118.05999755859375,118.06999969482422,117.16000366210938,117.30999755859375,94.6177978515625,10182300
2018-09-19,117.11000061035156,117.11000061035156,116.19000244140625,116.61000061035156,94.05323791503906,13379600
2018-09-20,116.58000183105469,117.30000305175781,116.47000122070312,117.1500015258789,94.48880004882812,8657300
2018-09-21,116.87000274658203,117.27999877929688,116.83999633789062,117.0999984741211,94.44841003417969,6173800
2018-09-24,116.73999786376953,117.2699966430664,116.72000122070312,116.80000305175781,94.20647430419922,5505500
2018-09-25,116.4800033569336,116.73999786376953,116.4000015258789,116.68000030517578,94.10969543457031,6650900
2018-09-26,116.93000030517578,117.58000183105469,116.66000366210938,117.5,94.77110290527344,9512700
2018-09-27,117.23999786376953,117.6500015258789,117.0999984741211,117.58000183105469,94.83560180664062,5758500
2018-09-28,117.8499984741211,117.91000366210938,117.22000122070312,117.2699966430664,94.58555603027344,12807700
2018-10-01,116.66000366210938,116.83000183105469,116.12000274658203,116.1500015258789,93.8911361694336,22442400
2018-10-02,116.66999816894531,117.12999725341797,116.5999984741211,116.86000061035156,94.46510314941406,8266900
2018-10-03,116.2699966430664,116.36000061035156,114.23999786376953,114.83000183105469,92.82414245605469,20829200
2018-10-04,114.12999725341797,114.38999938964844,113.70999908447266,114.0199966430664,92.16938018798828,16207400
2018-10-05,113.38999938964844,113.72000122070312,112.62000274658203,113.04000091552734,91.37716674804688,18096500
2018-10-08,112.98999786376953,113.11000061035156,112.63999938964844,112.66000366210938,91.07001495361328,5855900
2018-10-09,113.13999938964844,113.8499984741211,113.06999969482422,113.80000305175781,91.99153137207031,11530800
2018-10-10,113.13999938964844,113.58000183105469,112.79000091552734,113.48999786376953,91.740966796875,15290100
2018-10-11,114.0,115.1500015258789,113.79000091552734,114.87000274658203,92.85646057128906,16086800
2018-10-12,114.38999938964844,115.01000213623047,114.27999877929688,114.47000122070312,92.53315734863281,6794100
2018-10-15,114.66000366210938,114.81999969482422,114.29000091552734,114.41999816894531,92.49269104003906,7146300
2018-10-16,114.38999938964844,114.72000122070312,114.16000366210938,114.68000030517578,92.70289611816406,4762300
2018-10-17,114.66000366210938,114.79000091552734,113.9800033569336,114.0,92.15318298339844,5880700
2018-10-18,113.62000274658203,114.38999938964844,113.55000305175781,113.95999908447266,92.12085723876953,5728800
2018-10-19,113.8499984741211,113.94999694824219,113.41000366210938,113.70999908447266,91.9188003540039,10892400
2018-10-22,113.94999694824219,114.08000183105469,113.52999877929688,113.55999755859375,91.79753112792969,3244200
2018-10-23,114.76000213623047,115.0199966430664,113.83999633789062,113.91999816894531,92.08855438232422,10330700
2018-10-24,114.36000061035156,114.81999969482422,114.23999786376953,114.77999877929688,92.78372192382812,16008000
2018-10-25,114.54000091552734,114.73999786376953,114.2300033569336,114.30000305175781,92.39573669433594,12613200
2018-10-26,114.93000030517578,115.31999969482422,114.79000091552734,114.98999786376953,92.95345306396484,18582500
2018-10-29,114.83999633789062,115.0199966430664,114.26000213623047,114.7300033569336,92.74330139160156,7679900
2018-10-30,114.26000213623047,114.54000091552734,114.0199966430664,114.16000366210938,92.28253936767578,9939500
2018-10-31,113.73999786376953,113.95999908447266,113.20999908447266,113.58000183105469,91.81368255615234,8706400
2018-11-01,112.8499984741211,113.55999755859375,112.83999633789062,113.41000366210938,91.89876556396484,6100200
2018-11-02,113.16999816894531,113.26000213623047,111.9000015258789,112.0,90.75621795654297,11314800
2018-11-05,112.4800033569336,112.70999908447266,112.3499984741211,112.44000244140625,91.1127700805664,4760200
2018-11-06,112.5999984741211,112.7300033569336,112.33000183105469,112.37000274658203,91.05603790283203,3159900
2018-11-07,113.19000244140625,113.4000015258789,112.41000366210938,112.5199966430664,91.17758178710938,9313100
2018-11-08,112.95999908447266,112.97000122070312,112.41000366210938,112.51000213623047,91.16943359375,6905100
2018-11-09,112.75,113.5,112.72000122070312,113.3499984741211,91.85016632080078,6465300
2018-11-12,113.94999694824219,114.30999755859375,113.91000366210938,114.08999633789062,92.44976043701172,6840000
2018-11-13,113.70999908447266,114.0199966430664,113.4800033569336,114.0199966430664,92.3930892944336,6525800
2018-11-14,113.4800033569336,114.5199966430664,113.30000305175781,114.08999633789062,92.44976043701172,8690800
2018-11-15,114.44000244140625,114.54000091552734,113.68000030517578,114.04000091552734,92.40927124023438,7879600
2018-11-16,114.19999694824219,114.80999755859375,113.91999816894531,114.69999694824219,92.94408416748047,9236700
2018-11-19,114.41000366210938,115.0199966430664,114.41000366210938,115.0199966430664,93.20338439941406,7027200
2018-11-20,115.23999786376953,115.45999908447266,114.93000030517578,115.05999755859375,93.23584747314453,6332600
2018-11-21,114.88999938964844,115.08999633789062,114.54000091552734,115.0199966430664,93.20338439941406,4951100
2018-11-23,115.66999816894531,115.76000213623047,115.08999633789062,115.13999938964844,93.30065155029297,3027900
2018-11-26,114.86000061035156,115.05999755859375,114.77999877929688,114.87999725341797,93.08997344970703,6599000
2018-11-27,114.80999755859375,115.25,114.76000213623047,115.01000213623047,93.19528198242188,5967200
2018-11-28,114.8499984741211,115.0199966430664,114.36000061035156,114.44999694824219,92.74150085449219,7814000
2018-11-29,114.91999816894531,115.25,114.58999633789062,114.9000015258789,93.1061782836914,7295600
2018-11-30,115.30999755859375,115.41999816894531,114.9800033569336,115.33000183105469,93.45459747314453,9127800
2018-12-03,114.68000030517578,115.87999725341797,114.66000366210938,115.87999725341797,94.11815643310547,9763800
2018-12-04,116.80999755859375,118.66999816894531,116.62999725341797,117.81999969482422,95.69384002685547,18100500
2018-12-06,118.54000091552734,119.19999694824219,118.12999725341797,118.19000244140625,95.994384765625,15319400
2018-12-07,117.80999755859375,118.52999877929688,117.5199966430664,118.41000366210938,96.17305755615234,8608400
2018-12-10,118.87000274658203,119.27999877929688,118.44000244140625,118.9000015258789,96.571044921875,8777700
2018-12-11,118.97000122070312,119.37999725341797,118.61000061035156,118.87999725341797,96.55479431152344,8071900
2018-12-12,118.58000183105469,118.72000122070312,118.23999786376953,118.3499984741211,96.12431335449219,6182200
2018-12-13,118.45999908447266,118.58000183105469,117.9800033569336,118.06999969482422,95.89689636230469,5564200
2018-12-14,118.55000305175781,118.7699966430664,118.22000122070312,118.4800033569336,96.22991180419922,8169200
2018-12-17,118.58999633789062,119.30000305175781,118.58000183105469,119.16999816894531,96.79032135009766,9726800
2018-12-18,119.06999969482422,119.79000091552734,118.94000244140625,119.5999984741211,97.36998748779297,10018800
2018-12-19,120.11000061035156,121.66000366210938,119.91999816894531,121.18000030517578,98.65629577636719,23046300
2018-12-20,122.01000213623047,122.02999877929688,120.66999816894531,120.73999786376953,98.29808807373047,18543700
2018-12-21,121.13999938964844,121.20999908447266,120.38999938964844,120.72000122070312,98.28182220458984,9945100
2018-12-24,121.12999725341797,121.41999816894531,120.91000366210938,121.31999969482422,98.7702865600586,8377500
2018-12-26,120.98999786376953,121.38999938964844,119.97000122070312,120.0199966430664,97.71192169189453,11700400
2018-12-27,121.26000213623047,121.37999725341797,119.9800033569336,120.04000091552734,97.72820281982422,12146500
2018-12-28,120.4000015258789,121.05000305175781,120.29000091552734,121.05000305175781,98.55045318603516,9879100
2018-12-31,120.6500015258789,121.55999755859375,120.45999908447266,121.51000213623047,98.92497253417969,17409000
2019-01-02,121.66000366210938,122.16000366210938,121.33999633789062,122.1500015258789,99.4460220336914,19841500
2019-01-03,122.29000091552734,123.86000061035156,122.2300033569336,123.54000091552734,100.57767486572266,21187000
2019-01-04,122.33999633789062,122.55999755859375,121.6500015258789,122.11000061035156,99.41343688964844,12970200
2019-01-07,122.62000274658203,122.6500015258789,121.62000274658203,121.75,99.12032318115234,8498100
2019-01-08,121.69000244140625,121.94000244140625,121.38999938964844,121.43000030517578,98.8598403930664,7737100
2019-01-09,121.26000213623047,121.43000030517578,120.80000305175781,121.23999786376953,98.70516204833984,9349200
2019-01-10,121.27999877929688,121.41000366210938,120.33999633789062,120.45999908447266,98.07012939453125,8222900
2019-01-11,120.83000183105469,121.2699966430664,120.68000030517578,120.93000030517578,98.45276641845703,5786900
2019-01-14,120.9000015258789,121.01000213623047,120.23999786376953,120.4800033569336,98.08641052246094,6730500
2019-01-15,120.55999755859375,120.56999969482422,119.94999694824219,120.04000091552734,97.72820281982422,8997400
2019-01-16,119.58999633789062,120.38999938964844,119.51000213623047,120.16000366210938,97.82588958740234,6048400
2019-01-17,120.22000122070312,120.52999877929688,119.88999938964844,120.19000244140625,97.85030364990234,8153400
2019-01-18,119.83999633789062,120.12000274658203,119.38999938964844,119.55999755859375,97.33738708496094,14106400
2019-01-22,120.30999755859375,120.72000122070312,120.06999969482422,120.37000274658203,97.99687957763672,8881100
2019-01-23,119.87999725341797,120.62000274658203,119.83000183105469,120.31999969482422,97.95613861083984,5776800
2019-01-24,120.91000366210938,121.26000213623047,120.70999908447266,121.11000061035156,98.59931182861328,7121900
2019-01-25,120.58999633789062,120.75,120.31999969482422,120.52999877929688,98.12712097167969,6460800
2019-01-28,120.54000091552734,120.94000244140625,120.41000366210938,120.41000366210938,98.02938079833984,6435800
2019-01-29,120.52999877929688,121.04000091552734,120.38999938964844,121.0199966430664,98.52603912353516,5750100
2019-01-30,120.83999633789062,120.9800033569336,120.33000183105469,120.93000030517578,98.45276641845703,10571300
2019-01-31,121.55000305175781,122.18000030517578,121.5,121.97000122070312,99.2994613647461,11843400
2019-02-01,121.4800033569336,121.56999969482422,120.83999633789062,120.95999908447266,98.6997299194336,12024600
2019-02-04,120.44000244140625,120.55000305175781,120.0199966430664,120.41999816894531,98.25911712646484,8966200
2019-02-05,120.7300033569336,121.2300033569336,120.66000366210938,120.97000122070312,98.70791625976562,6983300
2019-02-06,121.36000061035156,121.41000366210938,120.7300033569336,121.02999877929688,98.75682830810547,5184000
2019-02-07,121.45999908447266,121.91000366210938,121.2300033569336,121.83000183105469,99.40962982177734,8781000
2019-02-08,122.26000213623047,122.47000122070312,122.06999969482422,122.3499984741211,99.83391571044922,5885400
2019-02-11,121.86000061035156,122.18000030517578,121.75,121.87000274658203,99.4422378540039,4352800
2019-02-12,121.66000366210938,121.75,121.19999694824219,121.55999755859375,99.18929290771484,7939600
2019-02-13,121.1500015258789,121.38999938964844,120.91000366210938,121.0999984741211,98.81397247314453,4757700
2019-02-14,122.13999938964844,122.19999694824219,121.58000183105469,121.79000091552734,99.37700653076172,5868900
2019-02-15,121.55999755859375,122.0199966430664,121.54000091552734,121.9800033569336,99.53202819824219,5527200
2019-02-19,122.41999816894531,122.54000091552734,121.94999694824219,122.29000091552734,99.78499603271484,5872800
2019-02-20,121.94999694824219,122.08000183105469,121.58999633789062,121.94000244140625,99.49940490722656,4455800
2019-02-21,121.06999969482422,121.16000366210938,120.69999694824219,120.8499984741211,98.61000061035156,7382500
2019-02-22,121.47000122070312,121.94999694824219,121.41999816894531,121.56999969482422,99.19747161865234,6374600
2019-02-25,121.16999816894531,121.30000305175781,120.91999816894531,121.20999908447266,98.90372467041016,6293500
2019-02-26,121.7300033569336,121.81999969482422,121.36000061035156,121.80999755859375,99.39329528808594,6028900
2019-02-27,121.12000274658203,121.12999725341797,120.27999877929688,120.43000030517578,98.26725006103516,7737300
2019-02-28,120.55999755859375,120.62000274658203,119.70999908447266,120.0199966430664,97.9327163696289,9533400
2019-03-01,119.33000183105469,119.52999877929688,118.63999938964844,118.66000366210938,97.02750396728516,13541100
2019-03-04,119.29000091552734,119.7699966430664,119.05999755859375,119.58999633789062,97.7879867553711,9808500
2019-03-05,119.27999877929688,119.87000274658203,119.2699966430664,119.83999633789062,97.99240112304688,5595200
2019-03-06,119.91999816894531,120.5199966430664,119.88999938964844,120.27999877929688,98.3521957397461,7766700
2019-03-07,120.63999938964844,121.26000213623047,120.61000061035156,121.05999755859375,98.989990234375,8187200
2019-03-08,121.12000274658203,121.69000244140625,120.8499984741211,121.56999969482422,99.40702056884766,7517600
2019-03-11,121.4000015258789,121.41999816894531,120.9800033569336,121.20999908447266,99.11265563964844,5157800
2019-03-12,121.30000305175781,122.2300033569336,121.26000213623047,122.05999755859375,99.80769348144531,6422300
2019-03-13,121.66000366210938,121.95999908447266,121.62000274658203,121.83000183105469,99.61961364746094,4386300
2019-03-14,121.69000244140625,121.76000213623047,120.91999816894531,120.94999694824219,98.9000473022461,8188400
2019-03-15,121.73999786376953,121.94999694824219,121.4000015258789,121.75,99.5541763305664,4302000
2019-03-18,121.56999969482422,121.87000274658203,121.5199966430664,121.68000030517578,99.49697875976562,3893300
2019-03-19,121.08999633789062,121.62000274658203,120.88999938964844,121.41000366210938,99.27616882324219,5220200
2019-03-20,121.73999786376953,122.8499984741211,121.7300033569336,122.68000030517578,100.31468200683594,10123700
2019-03-21,122.95999908447266,123.08999633789062,122.73999786376953,122.94999694824219,100.53543090820312,7182600
2019-03-22,124.20999908447266,125.27999877929688,124.05999755859375,124.86000061035156,102.09727478027344,13077000
2019-03-25,124.80999755859375,125.94000244140625,124.51000213623047,125.05999755859375,102.2607650756836,9736300
2019-03-26,124.69999694824219,125.29000091552734,124.62000274658203,124.97000122070312,102.18719482421875,7502000
2019-03-27,125.41999816894531,126.33999633789062,125.30999755859375,126.12000274658203,103.1275405883789,14207200
2019-03-28,126.25,126.69000244140625,126.01000213623047,126.55999755859375,103.48731994628906,9143200
2019-03-29,125.68000030517578,126.47000122070312,125.63999938964844,126.44000244140625,103.38920593261719,10841400
2019-04-01,125.29000091552734,125.36000061035156,124.19000244140625,124.37000274658203,101.92064666748047,16501500
2019-04-02,124.4800033569336,124.73999786376953,124.25,124.5999984741211,102.109130859375,9725000
2019-04-03,123.61000061035156,123.87000274658203,123.37000274658203,123.5199966430664,101.22409057617188,10407000
2019-04-04,123.5999984741211,123.88999938964844,123.44000244140625,123.87000274658203,101.51090240478516,7503400
2019-04-05,123.62000274658203,124.16999816894531,123.58000183105469,124.02999877929688,101.64202117919922,6321800
2019-04-08,123.83000183105469,123.94999694824219,123.5199966430664,123.58999633789062,101.28144073486328,4446400
2019-04-09,124.22000122070312,124.33999633789062,123.7699966430664,123.9800033569336,101.60106658935547,7020300
2019-04-10,124.2699966430664,124.5199966430664,124.0999984741211,124.27999877929688,101.84691619873047,7519900
2019-04-11,123.93000030517578,124.0199966430664,123.41000366210938,123.55000305175781,101.24866485595703,8679300
2019-04-12,122.88999938964844,123.05999755859375,122.62999725341797,122.66999816894531,100.52749633789062,7005500
2019-04-15,122.77999877929688,122.98999786376953,122.72000122070312,122.9800033569336,100.78157806396484,3070000
2019-04-16,122.51000213623047,122.62999725341797,122.13999938964844,122.20999908447266,100.15052795410156,8927300
2019-04-17,122.12999725341797,122.56999969482422,122.11000061035156,122.26000213623047,100.19148254394531,6118500
2019-04-18,122.80999755859375,123.0999984741211,122.77999877929688,122.9000015258789,100.71599578857422,27589400
2019-04-22,122.47000122070312,122.56999969482422,122.23999786376953,122.30999755859375,100.23246765136719,6241200
2019-04-23,122.61000061035156,122.69999694824219,122.38999938964844,122.56999969482422,100.44554901123047,6239700
2019-04-24,123.11000061035156,123.58999633789062,123.08999633789062,123.56999969482422,101.26506805419922,7302000
2019-04-25,123.48999786376953,123.62000274658203,123.0999984741211,123.38999938964844,101.11756896972656,5380900
2019-04-26,123.9800033569336,124.0199966430664,123.63999938964844,123.80999755859375,101.46173095703125,5950700
2019-04-29,123.2300033569336,123.3499984741211,122.8499984741211,123.0199966430664,100.81431579589844,10246000
2019-04-30,122.94999694824219,123.73999786376953,122.93000030517578,123.6500015258789,101.33065032958984,7957400
2019-05-01,123.69000244140625,124.44999694824219,123.5999984741211,123.9000015258789,101.74861145019531,14371900
2019-05-02,123.68000030517578,123.80999755859375,123.04000091552734,123.30999755859375,101.26407623291016,6612800
2019-05-03,123.66000366210938,123.87999725341797,123.37000274658203,123.66000366210938,101.55152130126953,6191700
2019-05-06,124.30999755859375,124.37999725341797,123.93000030517578,124.0,101.83075714111328,4482500
2019-05-07,124.52999877929688,125.13999938964844,124.38999938964844,124.94999694824219,102.61089324951172,8984900
2019-05-08,125.1500015258789,125.30000305175781,124.30000305175781,124.41000366210938,102.16741180419922,6907600
2019-05-09,125.11000061035156,125.30000305175781,124.30999755859375,124.91999816894531,102.58624267578125,9411900
2019-05-10,124.88999938964844,125.44999694824219,124.58999633789062,124.75,102.4466323852539,6037800
2019-05-13,125.4000015258789,125.93000030517578,125.25,125.7300033569336,103.25143432617188,10501600
2019-05-14,125.51000213623047,125.6500015258789,125.19999694824219,125.36000061035156,102.94761657714844,5690400
2019-05-15,126.20999908447266,126.2699966430664,125.7699966430664,126.12999725341797,103.57992553710938,9566300
2019-05-16,125.80999755859375,125.83000183105469,125.52999877929688,125.70999908447266,103.23499298095703,7666400
2019-05-17,126.27999877929688,126.30000305175781,125.69000244140625,125.98999786376953,103.46498107910156,4747100
2019-05-20,126.12000274658203,126.37999725341797,125.6500015258789,125.7300033569336,103.25143432617188,6043100
2019-05-21,125.5999984741211,125.72000122070312,125.30000305175781,125.52999877929688,103.08719635009766,4021800
2019-05-22,125.7699966430664,126.33000183105469,125.72000122070312,126.25,103.67845916748047,5675300
2019-05-23,126.88999938964844,128.08999633789062,126.87999725341797,127.66999816894531,104.8446044921875,9743700
2019-05-24,127.55999755859375,127.77999877929688,127.38999938964844,127.77999877929688,104.9349136352539,4981900
2019-05-28,128.27000427246094,128.89999389648438,128.08999633789062,128.6999969482422,105.69043731689453,8098600
2019-05-29,129.6699981689453,129.89999389648438,129.0,129.08999633789062,106.01071166992188,13260600
2019-05-30,129.3300018310547,130.22999572753906,128.88999938964844,130.1999969482422,106.92227935791016,13024800
2019-05-31,130.89999389648438,131.89999389648438,130.80999755859375,131.8300018310547,108.26087188720703,18933600
2019-06-03,131.91000366210938,132.5800018310547,131.5500030517578,132.44000244140625,108.98500061035156,17822400
2019-06-04,131.38999938964844,131.75999450683594,130.5500030517578,130.92999267578125,107.7424087524414,14250000
2019-06-05,130.52000427246094,130.9499969482422,130.1199951171875,130.19000244140625,107.13348388671875,8815200
2019-06-06,130.97000122070312,131.58999633789062,130.32000732421875,130.61000061035156,107.47905731201172,9621100
2019-06-07,131.7899932861328,132.07000732421875,131.44000244140625,131.74000549316406,108.40900421142578,11378500
2019-06-10,130.67999267578125,130.6999969482422,130.32000732421875,130.5,107.38858795166016,8288700
2019-06-11,130.4199981689453,130.75999450683594,130.32000732421875,130.5800018310547,107.45439910888672,5115100
2019-06-12,130.38999938964844,130.75,130.3000030517578,130.67999267578125,107.53668212890625,5278700
2019-06-13,130.8000030517578,131.25,130.7899932861328,131.1300048828125,107.90702819824219,5560400
2019-06-14,131.10000610351562,131.7100067138672,131.08999633789062,131.4600067138672,108.17858123779297,5838800
2019-06-17,131.38999938964844,131.75999450683594,131.1300048828125,131.69000244140625,108.36784362792969,6046400
2019-06-18,132.74000549316406,132.86000061035156,131.9499969482422,132.35000610351562,108.91094970703125,10320700
2019-06-19,131.86000061035156,132.72000122070312,131.5800018310547,132.5399932861328,109.0672607421875,11962500
2019-06-20,132.91000366210938,133.50999450683594,132.58999633789062,132.88999938964844,109.35530090332031,10721500
2019-06-21,132.50999450683594,132.52999877929688,131.3800048828125,131.42999267578125,108.15386199951172,14495000
2019-06-24,132.16000366210938,132.52999877929688,132.0800018310547,132.41000366210938,108.9603271484375,6378800
2019-06-25,132.7899932861328,133.08999633789062,132.72000122070312,132.82000732421875,109.29773712158203,9604600
2019-06-26,132.67999267578125,132.6999969482422,131.8800048828125,131.97000122070312,108.59820556640625,12766800
2019-06-27,132.30999755859375,133.08999633789062,131.99000549316406,132.89999389648438,109.36353302001953,9724200
2019-06-28,132.5800018310547,133.0800018310547,132.4499969482422,132.80999755859375,109.28948974609375,8149200
2019-07-01,132.57000732421875,132.75,131.58999633789062,132.24000549316406,109.03392028808594,14131200
2019-07-02,132.57000732421875,133.38999938964844,132.4600067138672,133.25999450683594,109.8748550415039,10494300
2019-07-03,133.52000427246094,134.2899932861328,133.50999450683594,134.2100067138672,110.65816497802734,5380300
2019-07-05,132.5399932861328,132.5500030517578,131.6699981689453,132.42999267578125,109.19053649902344,12180100
2019-07-08,133.0500030517578,133.22000122070312,132.61000061035156,132.61000061035156,109.33892822265625,6490000
2019-07-09,132.67999267578125,132.7100067138672,132.16000366210938,132.55999755859375,109.29774475097656,6215700
2019-07-10,132.35000610351562,132.44000244140625,131.50999450683594,131.8300018310547,108.69583892822266,9470000
2019-07-11,131.30999755859375,131.41000366210938,129.75999450683594,130.07000732421875,107.2447280883789,14126800
2019-07-12,129.9199981689453,130.4499969482422,129.67999267578125,130.22000122070312,107.36836242675781,6992000
2019-07-15,130.4499969482422,131.0500030517578,130.4499969482422,130.97000122070312,107.98675537109375,6055500
2019-07-16,130.1699981689453,130.60000610351562,129.9600067138672,130.5800018310547,107.66517639160156,6172700
2019-07-17,131.05999755859375,132.02000427246094,131.0500030517578,131.99000549316406,108.82775115966797,9662200
2019-07-18,131.47000122070312,132.32000732421875,131.24000549316406,132.0,108.83599090576172,5724900
2019-07-19,131.58999633789062,131.92999267578125,131.50999450683594,131.69000244140625,108.58040618896484,5804800
2019-07-22,132.47000122070312,132.49000549316406,131.74000549316406,131.94000244140625,108.7864990234375,5204100
2019-07-23,131.60000610351562,131.74000549316406,130.97000122070312,131.22000122070312,108.19286346435547,8108900
2019-07-24,131.60000610351562,131.89999389648438,131.47000122070312,131.7899932861328,108.662841796875,6389700
2019-07-25,131.25,131.41000366210938,130.50999450683594,131.16000366210938,108.14344787597656,8893100
2019-07-26,131.6999969482422,131.77999877929688,131.25,131.47000122070312,108.39901733398438,6188400
2019-07-29,131.82000732421875,131.9499969482422,131.39999389648438,131.50999450683594,108.43199157714844,6231800
2019-07-30,132.0,132.10000610351562,131.42999267578125,131.8300018310547,108.69583892822266,5678500
2019-07-31,131.6999969482422,133.3300018310547,131.66000366210938,132.88999938964844,109.56978607177734,15798700
2019-08-01,133.38999938964844,135.38999938964844,133.25999450683594,135.25999450683594,111.74591064453125,26664800
2019-08-02,135.66000366210938,136.50999450683594,135.39999389648438,136.50999450683594,112.77860260009766,15143100
2019-08-05,138.13999938964844,138.88999938964844,137.66000366210938,138.8699951171875,114.72830200195312,18543000
2019-08-06,138.1999969482422,139.97999572753906,138.08999633789062,139.97999572753906,115.64534759521484,12747400
2019-08-07,142.39999389648438,143.05999755859375,139.77999877929688,140.02999877929688,115.68661499023438,32582000
2019-08-08,139.13999938964844,140.42999267578125,137.97999572753906,140.3300018310547,115.93452453613281,14746000
2019-08-09,140.6699981689453,141.5500030517578,139.8699951171875,140.0500030517578,115.70317840576172,10626000
2019-08-12,141.72000122070312,143.42999267578125,141.50999450683594,142.97000122070312,118.11559295654297,14094300
2019-08-13,143.80999755859375,143.91000366210938,141.9499969482422,142.47999572753906,117.71078491210938,15974900
2019-08-14,145.16000366210938,145.72999572753906,144.7100067138672,145.69000244140625,120.36273956298828,15068900
2019-08-15,145.9499969482422,148.60000610351562,145.5800018310547,147.30999755859375,121.70108795166016,23588700
2019-08-16,146.05999755859375,146.50999450683594,144.83999633789062,146.1300048828125,120.72626495361328,17150500
2019-08-19,143.57000732421875,144.66000366210938,143.50999450683594,144.0399932861328,118.99952697753906,13614700
2019-08-20,145.27999877929688,145.6199951171875,144.83999633789062,145.52999877929688,120.23046875,7451500
2019-08-21,144.72000122070312,145.7899932861328,144.2899932861328,144.55999755859375,119.42914581298828,9372000
2019-08-22,144.0,144.6999969482422,143.47999572753906,143.60000610351562,118.63603973388672,13878800
2019-08-23,143.52000427246094,146.27000427246094,143.42999267578125,145.9600067138672,120.58580017089844,16191800
2019-08-26,145.8699951171875,146.2899932861328,145.2899932861328,145.3699951171875,120.09835052490234,12174500
2019-08-27,146.6300048828125,147.72000122070312,146.47999572753906,147.61000061035156,121.9489517211914,11332300
2019-08-28,148.77999877929688,148.89999389648438,147.66000366210938,147.8000030517578,122.10590362548828,10095900
2019-08-29,147.25,147.33999633789062,146.1300048828125,147.24000549316406,121.64322662353516,8884900
2019-08-30,146.61000061035156,147.47999572753906,146.36000061035156,147.27999877929688,121.67626190185547,13550800
2019-09-03,147.08999633789062,148.6699981689453,146.57000732421875,147.2100067138672,121.83354187011719,15660800
2019-09-04,146.52999877929688,147.6199951171875,146.47999572753906,147.42999267578125,122.0156021118164,7962200
2019-09-05,145.66000366210938,145.8000030517578,143.88999938964844,144.75999450683594,119.80590057373047,19382900
2019-09-06,145.25999450683594,146.02999877929688,145.0800018310547,145.7899932861328,120.6583023071289,9466400
2019-09-09,143.8300018310547,144.0,143.19000244140625,143.1999969482422,118.51480102539062,15862700
2019-09-10,142.83999633789062,143.2899932861328,140.66000366210938,140.69000244140625,116.43746948242188,13851400
2019-09-11,140.39999389648438,141.14999389648438,140.38999938964844,140.44000244140625,116.23062133789062,10941700
2019-09-12,141.5,141.8000030517578,139.05999755859375,139.52000427246094,115.46919250488281,19163300
2019-09-13,138.27999877929688,138.7100067138672,136.5399932861328,136.5399932861328,113.00286102294922,18922200
2019-09-16,137.8800048828125,138.57000732421875,137.25,138.27999877929688,114.44295501708984,10971600
2019-09-17,138.36000061035156,139.60000610351562,138.02000427246094,139.02999877929688,115.06359100341797,9081200
2019-09-18,139.92999267578125,140.66000366210938,139.52999877929688,139.6199951171875,115.55195617675781,10984600
2019-09-19,140.75999450683594,140.99000549316406,139.97000122070312,140.0399932861328,115.89952850341797,13176200
2019-09-20,140.77000427246094,141.97999572753906,140.44000244140625,141.88999938964844,117.4306411743164,11519800
2019-09-23,142.24000549316406,143.16000366210938,141.6999969482422,141.86000061035156,117.40580749511719,15246700
2019-09-24,142.4199981689453,143.85000610351562,142.41000366210938,143.57000732421875,118.8210220336914,12421600
2019-09-25,143.25999450683594,143.5500030517578,141.13999938964844,141.47000122070312,117.08304595947266,14147100
2019-09-26,142.27000427246094,142.99000549316406,141.89999389648438,142.3800048828125,117.8362045288086,9636500
2019-09-27,142.32000732421875,142.97999572753906,142.13999938964844,142.72999572753906,118.12581634521484,10386900
2019-09-30,141.8800048828125,143.08999633789062,141.83999633789062,143.0800018310547,118.41548156738281,8006900
2019-10-01,141.25999450683594,143.91000366210938,141.13999938964844,143.25999450683594,118.77201080322266,16613700
2019-10-02,143.4600067138672,144.27000427246094,143.24000549316406,143.61000061035156,119.0621109008789,12891500
2019-10-03,143.97999572753906,145.6699981689453,143.9199981689453,144.9199981689453,120.14826202392578,13470500
2019-10-04,145.35000610351562,146.02999877929688,145.1999969482422,145.99000549316406,121.03536224365234,11516200
2019-10-07,145.16000366210938,145.52999877929688,144.7100067138672,144.77999877929688,120.03217315673828,11013900
2019-10-08,145.82000732421875,145.92999267578125,144.6199951171875,145.1699981689453,120.35545349121094,14529700
2019-10-09,144.60000610351562,144.61000061035156,143.8000030517578,144.35000610351562,119.6756820678711,8608800
2019-10-10,143.1199951171875,143.17999267578125,141.72999572753906,142.1999969482422,117.89319610595703,15054200
2019-10-11,140.97999572753906,141.10000610351562,139.7100067138672,140.44000244140625,116.43406677246094,26294000
2019-10-14,141.47999572753906,141.50999450683594,141.0800018310547,141.4600067138672,117.2796630859375,5936900
2019-10-15,140.6699981689453,140.9499969482422,139.5500030517578,139.75,115.86199951171875,11832300
2019-10-16,139.63999938964844,140.05999755859375,139.35000610351562,139.9199981689453,116.00289916992188,7729500
2019-10-17,139.52000427246094,140.3800048828125,139.3000030517578,139.5800018310547,115.72101593017578,6219300
2019-10-18,139.80999755859375,140.22999572753906,139.4499969482422,139.5800018310547,115.72101593017578,6456100
2019-10-21,138.57000732421875,138.99000549316406,138.22999572753906,138.52999877929688,114.85050201416016,8038000
2019-10-22,139.3800048828125,139.52999877929688,138.63999938964844,139.33999633789062,115.52197265625,6683300
2019-10-23,140.02999877929688,140.30999755859375,139.36000061035156,139.47999572753906,115.63815307617188,5995400
2019-10-24,139.67999267578125,140.24000549316406,139.02999877929688,139.1999969482422,115.4059829711914,6161700
2019-10-25,139.52999877929688,139.5500030517578,138.30999755859375,138.52000427246094,114.84221649169922,5669800
2019-10-28,137.5800018310547,137.5800018310547,136.99000549316406,137.25999450683594,113.7976303100586,11402100
2019-10-29,137.6199951171875,137.74000549316406,137.1699981689453,137.35000610351562,113.8722152709961,5296600
2019-10-30,137.77000427246094,139.4499969482422,137.77000427246094,139.36000061035156,115.53864288330078,10914100
2019-10-31,140.47999572753906,141.67999267578125,140.42999267578125,141.24000549316406,117.09728240966797,15834100
2019-11-01,140.72999572753906,141.27000427246094,139.7899932861328,140.55999755859375,116.73685455322266,11425500
2019-11-04,138.97000122070312,139.13999938964844,138.52999877929688,138.7100067138672,115.20035552978516,11124300
2019-11-05,137.22000122070312,137.44000244140625,136.72999572753906,137.14999389648438,113.90473937988281,13493000
2019-11-06,138.02000427246094,138.41000366210938,137.33999633789062,137.97999572753906,114.59410095214844,9351900
2019-11-07,136.35000610351562,136.36000061035156,134.4499969482422,135.47999572753906,112.51785278320312,19209800
2019-11-08,135.14999389648438,135.9499969482422,134.77999877929688,134.91000366210938,112.04438781738281,10222900
2019-11-11,135.3800048828125,135.38999938964844,134.63999938964844,135.0,112.11917114257812,4577000
2019-11-12,135.27999877929688,135.9499969482422,134.7899932861328,135.6199951171875,112.63412475585938,5772900
2019-11-13,136.80999755859375,136.9600067138672,136.1699981689453,136.5,113.3649673461914,6672400
2019-11-14,137.8000030517578,138.44000244140625,137.6699981689453,137.91000366210938,114.53596496582031,10213300
2019-11-15,137.47999572753906,138.16000366210938,137.42999267578125,137.75999450683594,114.41141510009766,4657600
2019-11-18,138.2100067138672,138.61000061035156,137.92999267578125,138.00999450683594,114.61897277832031,5943900
2019-11-19,138.3699951171875,139.24000549316406,138.3699951171875,139.16000366210938,115.57405090332031,7893100
2019-11-20,139.91000366210938,140.60000610351562,139.77000427246094,140.60000610351562,116.77005767822266,7905500
2019-11-21,139.63999938964844,140.0800018310547,139.1199951171875,139.72000122070312,116.03913879394531,5980900
2019-11-22,140.10000610351562,140.27999877929688,139.67999267578125,139.89999389648438,116.18871307373047,4664800
2019-11-25,140.3000030517578,140.52999877929688,140.17999267578125,140.30999755859375,116.52921295166016,4157300
2019-11-26,141.0,141.30999755859375,140.94000244140625,141.1300048828125,117.21018981933594,4281100
2019-11-27,140.60000610351562,140.91000366210938,140.4199981689453,140.72000122070312,116.86970520019531,4095700
2019-11-29,140.6199951171875,140.67999267578125,139.77999877929688,140.4199981689453,116.62055969238281,6251100
2019-12-02,138.13999938964844,138.6699981689453,137.9499969482422,138.30999755859375,115.06562805175781,17702200
2019-12-03,140.0399932861328,141.77000427246094,139.92999267578125,141.2100067138672,117.478271484375,13062400
2019-12-04,140.33999633789062,140.5,139.2100067138672,139.8000030517578,116.30522918701172,8586300
2019-12-05,138.66000366210938,139.44000244140625,138.60000610351562,139.1199951171875,115.73949432373047,7273800
2019-12-06,138.02999877929688,139.1199951171875,137.86000061035156,138.35000610351562,115.09893035888672,7931100
2019-12-09,138.99000549316406,139.11000061035156,138.57000732421875,138.64999389648438,115.3485107421875,4016900
2019-12-10,139.17999267578125,139.35000610351562,138.41000366210938,138.66000366210938,115.3568344116211,4947600
2019-12-11,139.3000030517578,140.13999938964844,139.22999572753906,139.75,116.26361083984375,6256700
2019-12-12,139.19000244140625,139.27999877929688,136.61000061035156,137.4499969482422,114.35018920898438,14857000
2019-12-13,138.1199951171875,139.61000061035156,137.22999572753906,139.0399932861328,115.67301940917969,11335100
2019-12-16,138.39999389648438,138.4600067138672,137.42999267578125,137.7899932861328,114.63308715820312,9156600
2019-12-17,138.2100067138672,138.33999633789062,137.2100067138672,137.60000610351562,114.47501373291016,6179700
2019-12-18,137.3000030517578,137.4499969482422,136.27999877929688,136.47000122070312,113.53491973876953,6244700
2019-12-19,136.0,136.86000061035156,135.75999450683594,136.47000122070312,113.7165756225586,6591100
2019-12-20,136.1300048828125,136.69000244140625,135.92999267578125,136.64999389648438,113.86650848388672,5455700
2019-12-23,136.80999755859375,136.97000122070312,136.0,136.4499969482422,113.69985961914062,5175000
2019-12-24,135.9199981689453,137.05999755859375,135.88999938964844,136.83999633789062,114.02487182617188,4667400
2019-12-26,136.91000366210938,137.22000122070312,136.50999450683594,137.1699981689453,114.2998275756836,5290200
2019-12-27,137.44000244140625,137.6300048828125,137.2899932861328,137.32000732421875,114.42485046386719,7300500
2019-12-30,135.88999938964844,136.89999389648438,135.66000366210938,136.82000732421875,114.00820922851562,7979700
2019-12-31,136.2100067138672,136.4600067138672,135.3800048828125,135.47999572753906,112.89160919189453,10707400
2020-01-02,136.7899932861328,137.52999877929688,136.6699981689453,137.00999450683594,114.1665267944336,11034100
2020-01-03,138.27000427246094,139.16000366210938,137.8800048828125,139.1199951171875,115.92471313476562,12366000
2020-01-06,139.69000244140625,139.7100067138672,138.14999389648438,138.3300018310547,115.26644134521484,11369800
2020-01-07,138.22000122070312,138.47000122070312,137.63999938964844,137.64999389648438,114.69975280761719,8381200
2020-01-08,137.92999267578125,138.30999755859375,136.32000732421875,136.74000549316406,113.94148254394531,10621700
2020-01-09,136.0,137.44000244140625,135.91000366210938,137.22000122070312,114.34151458740234,7411500
2020-01-10,137.6699981689453,138.47000122070312,137.6300048828125,138.44000244140625,115.3581314086914,8776000
2020-01-13,137.8800048828125,138.08999633789062,137.38999938964844,138.02000427246094,115.00811004638672,5966900
2020-01-14,138.17999267578125,138.82000732421875,138.13999938964844,138.72999572753906,115.59976959228516,13920300
2020-01-15,139.52000427246094,139.75999450683594,139.02000427246094,139.64999389648438,116.36631774902344,6290500
2020-01-16,139.25999450683594,139.52999877929688,138.74000549316406,139.2100067138672,115.99970245361328,6798600
2020-01-17,137.5800018310547,138.13999938964844,137.36000061035156,138.02000427246094,115.00811004638672,9693100
2020-01-21,138.80999755859375,139.64999389648438,138.77000427246094,139.47000122070312,116.21638488769531,6794900
2020-01-22,139.72000122070312,140.13999938964844,139.58999633789062,139.9600067138672,116.62468719482422,6317000
2020-01-23,140.85000610351562,141.3800048828125,140.77999877929688,140.94000244140625,117.44123840332031,9747400
2020-01-24,141.4199981689453,142.5500030517578,141.3000030517578,142.0800018310547,118.39118957519531,8585000
2020-01-27,143.9499969482422,144.2899932861328,143.5,144.2899932861328,120.2326431274414,10935200
2020-01-28,143.92999267578125,144.08999633789062,142.82000732421875,143.16000366210938,119.29116821289062,10612900
2020-01-29,143.44000244140625,144.6999969482422,143.42999267578125,144.55999755859375,120.45765686035156,9566800
2020-01-30,144.89999389648438,145.6699981689453,144.2899932861328,144.5800018310547,120.47438049316406,14711800
2020-01-31,145.1699981689453,145.99000549316406,145.08999633789062,145.89999389648438,121.57432556152344,14538100
2020-02-03,144.9499969482422,145.75999450683594,144.1199951171875,145.5399932861328,121.4758071899414,15309000
2020-02-04,143.99000549316406,144.13999938964844,143.05999755859375,143.5800018310547,119.83989715576172,11388300
2020-02-05,142.3000030517578,142.6999969482422,141.89999389648438,142.00999450683594,118.52947235107422,10782600
2020-02-06,142.17999267578125,142.8800048828125,142.0,142.64999389648438,119.06365203857422,6683100
2020-02-07,144.22000122070312,144.74000549316406,143.8699951171875,144.42999267578125,120.5493392944336,11374800
2020-02-10,145.10000610351562,145.25,144.67999267578125,144.8300018310547,120.88318634033203,6699300
2020-02-11,144.58999633789062,144.72000122070312,143.94000244140625,144.10000610351562,120.27391052246094,7784100
2020-02-12,143.3699951171875,143.5500030517578,142.99000549316406,143.3699951171875,119.66459655761719,5595500
2020-02-13,143.44000244140625,144.1999969482422,143.27000427246094,143.9199981689453,120.12373352050781,7883400
2020-02-14,144.75999450683594,145.0800018310547,144.4499969482422,144.5500030517578,120.64952087402344,7137400
2020-02-18,145.33999633789062,146.0500030517578,144.9199981689453,145.5399932861328,121.4758071899414,6909200
2020-02-19,145.1199951171875,145.6199951171875,144.97999572753906,145.52999877929688,121.46747589111328,5707700
2020-02-20,146.0800018310547,146.94000244140625,146.0,146.6699981689453,122.41899108886719,9332900
2020-02-21,147.8000030517578,148.8800048828125,147.64999389648438,148.0399932861328,123.56245422363281,13860300
2020-02-24,150.8300018310547,150.9600067138672,150.0,150.25,125.4070816040039,15929300
2020-02-25,150.2100067138672,151.75999450683594,150.13999938964844,151.0500030517578,126.07478332519531,20802900
2020-02-26,149.9499969482422,151.72000122070312,149.5800018310547,150.25,125.4070816040039,22589500
2020-02-27,152.6999969482422,153.0800018310547,150.8300018310547,151.8800048828125,126.7676010131836,30687900
2020-02-28,154.4499969482422,155.97999572753906,154.16000366210938,155.30999755859375,129.63040161132812,44935200
2020-03-02,155.3000030517578,156.5,153.75999450683594,153.94000244140625,128.6766815185547,28152400
2020-03-03,153.80999755859375,159.6999969482422,152.36000061035156,156.3300018310547,130.6743927001953,38608000
2020-03-04,156.41000366210938,157.35000610351562,154.19000244140625,154.6699981689453,129.28689575195312,23463700
2020-03-05,157.1300048828125,158.82000732421875,156.80999755859375,158.52000427246094,132.5050506591797,17786200
2020-03-06,167.3000030517578,169.3300018310547,164.11000061035156,166.77000427246094,139.4010467529297,76288300
2020-03-09,179.10000610351562,179.6999969482422,170.33999633789062,171.2899932861328,143.17935180664062,41552800
2020-03-10,169.63999938964844,172.92999267578125,162.02999877929688,162.50999450683594,135.84022521972656,37728300
2020-03-11,165.42999267578125,167.02999877929688,155.6300048828125,156.52999877929688,130.8416290283203,29519300
2020-03-12,163.50999450683594,166.36000061035156,155.66000366210938,157.5,131.65240478515625,24361800
2020-03-13,155.0,158.1999969482422,152.19000244140625,153.94000244140625,128.6766815185547,19812900
2020-03-16,160.3800048828125,166.14999389648438,157.80999755859375,163.91000366210938,137.01048278808594,30496700
2020-03-17,163.5,165.6300048828125,152.7100067138672,152.97999572753906,127.87425994873047,18570900
2020-03-18,152.83999633789062,154.13999938964844,139.00999450683594,144.35000610351562,120.66051483154297,47061000
2020-03-19,146.9499969482422,153.4499969482422,145.25,148.27999877929688,123.94551086425781,21175300
2020-03-20,153.3000030517578,159.42999267578125,152.11000061035156,159.42999267578125,133.26568603515625,20863100
2020-03-23,157.5,166.69000244140625,156.57000732421875,166.0,138.7574462890625,19971800
2020-03-24,161.25,165.4499969482422,160.41000366210938,162.91000366210938,136.17457580566406,11948600
2020-03-25,163.58999633789062,166.67999267578125,161.6199951171875,162.5399932861328,135.86532592773438,10750600
2020-03-26,164.0,165.67999267578125,162.27000427246094,163.33999633789062,136.5339813232422,10576200
2020-03-27,165.52000427246094,168.25,164.58999633789062,167.6999969482422,140.17849731445312,12550000
2020-03-30,168.3000030517578,170.11000061035156,165.94000244140625,166.32000732421875,139.0249786376953,13473200
2020-03-31,165.6999969482422,166.9199981689453,164.55999755859375,164.97000122070312,137.89651489257812,11464800
2020-04-01,168.47999572753906,168.9600067138672,166.39999389648438,167.0399932861328,139.8285369873047,11334700
2020-04-02,168.8300018310547,169.22000122070312,167.25999450683594,168.10000610351562,140.71583557128906,5771200
2020-04-03,168.5500030517578,170.3300018310547,168.13999938964844,168.5,141.0507049560547,6570800
2020-04-06,167.0,168.27000427246094,166.52999877929688,168.05999755859375,140.6823272705078,9434800
2020-04-07,164.9600067138672,166.4199981689453,163.7100067138672,166.3000030517578,139.20907592773438,13811400
2020-04-08,165.11000061035156,166.19000244140625,164.1300048828125,165.08999633789062,138.19615173339844,10147100
2020-04-09,164.27999877929688,165.7899932861328,163.77999877929688,165.38999938964844,138.44728088378906,14259100
2020-04-13,164.75,165.7100067138672,163.8800048828125,163.8800048828125,137.1833038330078,8750300
2020-04-14,163.83999633789062,164.74000549316406,163.47999572753906,163.83999633789062,137.14981079101562,9019100
2020-04-15,166.8000030517578,168.60000610351562,166.74000549316406,168.17999267578125,140.78277587890625,10027800
2020-04-16,169.25999450683594,170.32000732421875,169.02000427246094,170.08999633789062,142.38165283203125,8265400
2020-04-17,169.82000732421875,170.83999633789062,167.27000427246094,167.80999755859375,140.4730682373047,8612100
2020-04-20,168.44000244140625,169.2899932861328,167.9600067138672,169.16000366210938,141.60311889648438,6462600
2020-04-21,171.92999267578125,172.14999389648438,170.77999877929688,171.2899932861328,143.3861541748047,7850700
2020-04-22,169.97000122070312,170.38999938964844,168.7100067138672,169.5399932861328,141.9212646484375,6230200
2020-04-23,169.8699951171875,170.92999267578125,169.61000061035156,170.44000244140625,142.6746368408203,5968600
2020-04-24,169.61000061035156,170.83999633789062,169.57000732421875,170.83999633789062,143.0094757080078,6211800
2020-04-27,169.66000366210938,169.75,167.44000244140625,167.66000366210938,140.34751892089844,9039500
2020-04-28,168.5500030517578,169.85000610351562,168.4499969482422,169.58999633789062,141.96311950683594,9905400
2020-04-29,169.52999877929688,170.25999450683594,167.9600067138672,168.7100067138672,141.2264862060547,8619600
2020-04-30,168.74000549316406,169.22999572753906,166.7100067138672,166.74000549316406,139.577392578125,11606100
2020-05-01,167.5,168.11000061035156,166.44000244140625,167.9499969482422,140.77267456054688,10209400
2020-05-04,167.55999755859375,167.67999267578125,166.47999572753906,167.16000366210938,140.11048889160156,8300900
2020-05-05,165.57000732421875,166.27000427246094,165.27000427246094,166.08999633789062,139.2135772705078,7831800
2020-05-06,163.22999572753906,163.63999938964844,162.0500030517578,163.41000366210938,136.96730041503906,14721500
2020-05-07,163.55999755859375,166.3699951171875,163.33999633789062,166.13999938964844,139.2554931640625,9164800
2020-05-08,164.49000549316406,165.39999389648438,163.67999267578125,163.97999572753906,137.44505310058594,8129800
2020-05-11,163.66000366210938,164.22000122070312,162.10000610351562,162.6999969482422,136.37220764160156,8713500
2020-05-12,163.16000366210938,164.92999267578125,163.1300048828125,164.3699951171875,137.77195739746094,10057300
2020-05-13,165.08999633789062,166.2899932861328,164.8300018310547,165.52000427246094,138.73583984375,13305600
2020-05-14,167.32000732421875,168.14999389648438,167.0500030517578,167.13999938964844,140.09361267089844,10080000
2020-05-15,168.3000030517578,168.49000549316406,166.3300018310547,166.7100067138672,139.73330688476562,7225600
2020-05-18,164.92999267578125,165.05999755859375,162.4199981689453,163.0500030517578,136.66552734375,10073100
2020-05-19,162.52000427246094,163.6999969482422,162.47999572753906,163.66000366210938,137.17681884765625,8639100
2020-05-20,163.1699981689453,164.6999969482422,162.8800048828125,164.14999389648438,137.58753967285156,10927300
2020-05-21,164.86000061035156,165.36000061035156,164.2899932861328,164.55999755859375,137.93116760253906,8920000
2020-05-22,164.72000122070312,165.67999267578125,164.61000061035156,165.5500030517578,138.76097106933594,4956700
2020-05-26,163.7100067138672,163.7899932861328,162.97999572753906,163.3300018310547,136.90023803710938,8098900
2020-05-27,162.7899932861328,163.91000366210938,162.58999633789062,163.02999877929688,136.6488037109375,8047400
2020-05-28,161.9600067138672,162.57000732421875,161.66000366210938,162.42999267578125,136.14581298828125,10272600
2020-05-29,162.7100067138672,164.08999633789062,162.35000610351562,163.58999633789062,137.11817932128906,14632700
2020-06-01,162.10000610351562,162.44000244140625,161.6699981689453,162.27999877929688,136.19497680664062,13341400
2020-06-02,161.6699981689453,162.08999633789062,161.25,161.69000244140625,135.69989013671875,11517100
2020-06-03,160.17999267578125,160.3300018310547,158.94000244140625,159.5399932861328,133.89541625976562,12255700
2020-06-04,158.9199981689453,159.00999450683594,157.19000244140625,157.22999572753906,131.9566192626953,14038600
2020-06-05,154.61000061035156,156.16000366210938,153.16000366210938,156.11000061035156,131.0167236328125,17778500
2020-06-08,155.07000732421875,156.85000610351562,155.0500030517578,156.7100067138672,131.52032470703125,10346700
2020-06-09,159.0500030517578,159.63999938964844,158.3000030517578,158.49000549316406,133.0142059326172,9095300
2020-06-10,159.24000549316406,160.89999389648438,159.0500030517578,160.83999633789062,134.98646545410156,13135500
2020-06-11,163.25,164.22999572753906,162.6300048828125,163.8800048828125,137.53781127929688,17086400
2020-06-12,162.41000366210938,163.66000366210938,162.0500030517578,162.3000030517578,136.2117462158203,9716100
2020-06-15,163.88999938964844,164.22000122070312,162.13999938964844,162.38999938964844,136.28724670410156,7759800
2020-06-16,159.41000366210938,161.22999572753906,158.6999969482422,159.89999389648438,134.1975555419922,13698900
2020-06-17,160.27000427246094,160.77000427246094,159.33999633789062,160.55999755859375,134.75148010253906,7113900
2020-06-18,162.0399932861328,162.47999572753906,161.61000061035156,162.25999450683594,136.17816162109375,7691400
2020-06-19,161.0,162.5,160.91000366210938,162.38999938964844,136.28724670410156,8565500
2020-06-22,163.19000244140625,163.4199981689453,162.07000732421875,162.41000366210938,136.3040771484375,9319700
2020-06-23,161.47999572753906,162.05999755859375,161.1199951171875,161.3000030517578,135.37249755859375,9088600
2020-06-24,161.52999877929688,163.08999633789062,161.52000427246094,163.02999877929688,136.8244171142578,11436500
2020-06-25,164.2100067138672,164.35000610351562,163.39999389648438,163.5,137.21890258789062,10968000
2020-06-26,164.25,165.32000732421875,164.17999267578125,165.25,138.68759155273438,12119300
2020-06-29,164.85000610351562,165.27000427246094,164.3800048828125,164.72999572753906,138.25112915039062,7274400
2020-06-30,165.22999572753906,165.2899932861328,163.47999572753906,163.92999267578125,137.5797576904297,14841700
2020-07-01,162.80999755859375,163.55999755859375,162.14999389648438,163.4199981689453,137.31253051757812,13181000
2020-07-02,162.6999969482422,163.74000549316406,162.24000549316406,163.58999633789062,137.45547485351562,7599800
2020-07-06,162.3300018310547,163.02000427246094,161.75,162.9199981689453,136.89239501953125,7972700
2020-07-07,163.4199981689453,165.33999633789062,163.1999969482422,165.2100067138672,138.81658935546875,12791900
2020-07-08,164.32000732421875,164.9199981689453,163.8300018310547,164.5500030517578,138.2620391845703,7253900
2020-07-09,164.66000366210938,167.4499969482422,164.60000610351562,167.1699981689453,140.46347045898438,13373100
2020-07-10,167.9499969482422,168.2100067138672,166.16000366210938,166.3300018310547,139.75765991210938,8478000
2020-07-13,165.5,166.9600067138672,165.22999572753906,166.8800048828125,140.2198486328125,8054000
2020-07-14,167.92999267578125,168.13999938964844,166.97999572753906,167.1199951171875,140.42140197753906,11344600
2020-07-15,165.9199981689453,166.9499969482422,165.8300018310547,166.33999633789062,139.76609802246094,7840300
2020-07-16,167.39999389648438,167.77000427246094,167.0399932861328,167.1300048828125,140.42977905273438,9107400
2020-07-17,167.27000427246094,167.39999389648438,166.47000122070312,166.77999877929688,140.1357879638672,8549900
2020-07-20,167.50999450683594,167.6199951171875,166.8000030517578,167.19000244140625,140.48028564453125,6907200
2020-07-21,167.3000030517578,167.72000122070312,167.0800018310547,167.2899932861328,140.56430053710938,8454400
2020-07-22,168.25999450683594,168.4600067138672,167.69000244140625,167.7899932861328,140.984375,6592100
2020-07-23,168.9199981689453,169.8800048828125,168.47999572753906,169.75,142.63124084472656,10471800
2020-07-24,169.00999450683594,169.9199981689453,168.8699951171875,169.74000549316406,142.6229248046875,7520700
2020-07-27,170.25,170.3000030517578,168.99000549316406,169.11000061035156,142.0935821533203,6146400
2020-07-28,169.5399932861328,170.33999633789062,169.42999267578125,170.27999877929688,143.0766143798828,8520700
2020-07-29,170.0500030517578,170.38999938964844,168.97999572753906,169.99000549316406,142.8330078125,6733700
2020-07-30,171.0500030517578,171.25999450683594,170.75,171.11000061035156,143.77403259277344,9376100
2020-07-31,170.14999389648438,171.4600067138672,169.94000244140625,171.0,143.68165588378906,8886000
2020-08-03,169.24000549316406,169.99000549316406,168.97000122070312,169.9499969482422,142.95819091796875,9066200
2020-08-04,170.8300018310547,171.5800018310547,170.72000122070312,171.57000732421875,144.32093811035156,9878900
2020-08-05,170.05999755859375,170.55999755859375,169.69000244140625,170.07000732421875,143.05908203125,6954100
2020-08-06,171.3800048828125,172.25,170.6199951171875,171.02000427246094,143.8582000732422,9481800
2020-08-07,171.27999877929688,171.5,169.5800018310547,169.8800048828125,142.89932250976562,8176900
2020-08-10,170.22000122070312,170.25,169.07000732421875,169.1199951171875,142.26002502441406,6408500
2020-08-11,167.1699981689453,167.49000549316406,165.8800048828125,167.11000061035156,140.5692596435547,19234200
2020-08-12,165.6999969482422,166.07000732421875,164.99000549316406,165.58999633789062,139.29063415527344,11744800
2020-08-13,165.30999755859375,165.5800018310547,163.1699981689453,163.82000732421875,137.8017578125,12744700
2020-08-14,163.80999755859375,164.14999389648438,163.16000366210938,163.17999267578125,137.2633819580078,6398100
2020-08-17,163.97000122070312,164.4600067138672,163.42999267578125,163.58999633789062,137.60836791992188,6901500
2020-08-18,164.36000061035156,164.8699951171875,164.08999633789062,164.75999450683594,138.59243774414062,8140600
2020-08-19,165.3699951171875,165.61000061035156,163.3000030517578,163.72999572753906,137.72610473632812,12497700
2020-08-20,165.38999938964844,165.64999389648438,164.92999267578125,165.2100067138672,138.97100830078125,10319900
2020-08-21,165.77000427246094,166.3300018310547,165.00999450683594,166.1999969482422,139.80377197265625,6836000
2020-08-24,166.32000732421875,166.97000122070312,165.86000061035156,165.92999267578125,139.5766143798828,6490600
2020-08-25,164.35000610351562,165.08999633789062,163.8300018310547,164.66000366210938,138.50836181640625,10518300
2020-08-26,164.0500030517578,164.3300018310547,163.27999877929688,164.02999877929688,137.97837829589844,8276600
2020-08-27,164.75999450683594,164.82000732421875,161.16000366210938,161.24000549316406,135.63153076171875,19860100
2020-08-28,161.77000427246094,162.0500030517578,160.63999938964844,161.1199951171875,135.53054809570312,8415400
2020-08-31,161.60000610351562,163.25,161.55999755859375,162.19000244140625,136.4306640625,11388100
2020-09-01,161.75999450683594,164.07000732421875,161.17999267578125,163.86000061035156,137.9911651611328,10587000
2020-09-02,163.50999450683594,165.55999755859375,163.49000549316406,165.4199981689453,139.30482482910156,15167700
2020-09-03,165.75,167.24000549316406,165.44000244140625,165.88999938964844,139.70062255859375,16416600
2020-09-04,164.41000366210938,164.6999969482422,162.4499969482422,162.74000549316406,137.0478973388672,13780300
2020-09-08,164.3699951171875,165.25999450683594,163.74000549316406,163.74000549316406,137.89010620117188,13790400
2020-09-09,163.94000244140625,164.25,162.75999450683594,163.3000030517578,137.51950073242188,9558900
2020-09-10,162.4600067138672,164.35000610351562,161.9499969482422,164.1300048828125,138.21844482421875,8847700
2020-09-11,164.30999755859375,164.57000732421875,164.0800018310547,164.47999572753906,138.51324462890625,5458200
2020-09-14,164.7899932861328,165.0800018310547,164.22999572753906,164.47000122070312,138.50479125976562,4274900
2020-09-15,164.1699981689453,164.47000122070312,163.7899932861328,164.07000732421875,138.16793823242188,6928500
2020-09-16,164.77999877929688,164.88999938964844,162.97999572753906,163.5800018310547,137.75527954101562,8815200
2020-09-17,164.89999389648438,164.9600067138672,163.8000030517578,164.0800018310547,138.17636108398438,7813900
2020-09-18,164.1699981689453,164.24000549316406,163.33999633789062,163.57000732421875,137.7469024658203,7246300
2020-09-21,164.88999938964844,165.39999389648438,164.13999938964844,164.39999389648438,138.4458465576172,11086900
2020-09-22,164.44000244140625,164.8800048828125,163.8699951171875,164.27000427246094,138.33636474609375,10524100
2020-09-23,164.3000030517578,164.52999877929688,163.47999572753906,164.49000549316406,138.52162170410156,6224800
2020-09-24,164.9600067138672,165.1199951171875,164.6199951171875,165.1199951171875,139.05218505859375,8278100
2020-09-25,165.11000061035156,165.4199981689453,164.7100067138672,165.1199951171875,139.05218505859375,5140300
2020-09-28,164.8699951171875,164.89999389648438,164.3699951171875,164.64999389648438,138.65638732910156,4470100
2020-09-29,164.8000030517578,165.24000549316406,164.55999755859375,164.83999633789062,138.81640625,10297600
2020-09-30,164.0,164.0,162.5500030517578,163.25999450683594,137.48582458496094,12971000
2020-10-01,162.50999450683594,163.74000549316406,162.10000610351562,163.36000061035156,137.71258544921875,11523900
2020-10-02,163.61000061035156,163.6699981689453,162.17999267578125,162.75,137.19834899902344,8828800
2020-10-05,160.9499969482422,160.9499969482422,159.52000427246094,159.57000732421875,134.517578125,14726000
2020-10-06,159.3300018310547,161.41000366210938,158.67999267578125,160.42999267578125,135.24258422851562,22419400
2020-10-07,159.55999755859375,160.4199981689453,158.86000061035156,159.25999450683594,134.25624084472656,9429200
2020-10-08,159.97000122070312,160.25,159.66000366210938,160.1199951171875,134.9812774658203,8431500
2020-10-09,159.52000427246094,160.27000427246094,158.80999755859375,160.08999633789062,134.95599365234375,8441500
2020-10-12,160.42999267578125,160.67999267578125,160.11000061035156,160.60000610351562,135.3859100341797,3962000
2020-10-13,161.2100067138672,161.8300018310547,161.17999267578125,161.75,136.35533142089844,7914300
2020-10-14,162.3300018310547,162.75,161.97000122070312,162.1199951171875,136.66732788085938,6954800
2020-10-15,163.0399932861328,163.19000244140625,161.63999938964844,161.83999633789062,136.43128967285156,9458800
2020-10-16,161.66000366210938,162.32000732421875,161.10000610351562,161.38999938964844,136.05191040039062,8416300
2020-10-19,160.5,160.97999572753906,160.0500030517578,160.77999877929688,135.53768920898438,9286600
2020-10-20,159.86000061035156,160.00999450683594,158.9499969482422,159.25,134.2478790283203,11189000
2020-10-21,158.7899932861328,159.3699951171875,158.3699951171875,158.6999969482422,133.7842254638672,10453700
2020-10-22,158.2899932861328,158.6300048828125,156.97000122070312,157.0500030517578,132.39328002929688,12664900
2020-10-23,156.80999755859375,158.2100067138672,156.75,158.00999450683594,133.20254516601562,8783800
2020-10-26,159.2100067138672,160.02000427246094,159.00999450683594,159.47999572753906,134.44174194335938,7227300
2020-10-27,160.22999572753906,160.6999969482422,159.89999389648438,160.5500030517578,135.34378051757812,6062300
2020-10-28,161.3800048828125,161.4600067138672,160.1999969482422,160.6999969482422,135.47024536132812,11765800
2020-10-29,160.72999572753906,160.8300018310547,158.47000122070312,159.13999938964844,134.1550750732422,11932400
2020-10-30,159.02999877929688,159.35000610351562,157.57000732421875,157.57000732421875,132.83163452148438,13095400
2020-11-02,158.6999969482422,159.19000244140625,158.3300018310547,158.5800018310547,133.82659912109375,10810500
2020-11-03,157.85000610351562,157.97999572753906,157.0399932861328,157.66000366210938,133.05020141601562,16228700
2020-11-04,161.63999938964844,162.1699981689453,160.5399932861328,161.0800018310547,135.93634033203125,21570800
2020-11-05,161.63999938964844,161.74000549316406,160.5800018310547,161.36000061035156,136.172607421875,18537500
2020-11-06,159.6199951171875,159.9199981689453,158.94000244140625,159.41000366210938,134.52708435058594,12408400
2020-11-09,155.97000122070312,156.14999389648438,154.6300048828125,156.05999755859375,131.69989013671875,23245000
2020-11-10,154.9600067138672,155.80999755859375,154.77999877929688,155.16000366210938,130.94046020507812,12561000
2020-11-11,155.02000427246094,155.94000244140625,154.97000122070312,155.72000122070312,131.41302490234375,5888200
2020-11-12,156.94000244140625,158.39999389648438,156.7100067138672,158.3699951171875,133.64932250976562,15999700
2020-11-13,158.36000061035156,158.5,157.91000366210938,158.16000366210938,133.47215270996094,7344600
2020-11-16,157.72999572753906,158.27999877929688,157.61000061035156,157.77999877929688,133.15147399902344,6310400
2020-11-17,158.77000427246094,159.16000366210938,158.58999633789062,158.80999755859375,134.0206298828125,7444600
2020-11-18,159.44000244140625,159.57000732421875,158.35000610351562,159.27000427246094,134.40887451171875,10333300
2020-11-19,159.97000122070312,160.72000122070312,159.83999633789062,160.08999633789062,135.1008758544922,10637200
2020-11-20,160.52999877929688,161.5399932861328,160.38999938964844,161.50999450683594,136.29917907714844,7246800
2020-11-23,160.82000732421875,160.99000549316406,160.27999877929688,160.77000427246094,135.67471313476562,11300000
2020-11-24,159.99000549316406,160.02000427246094,159.00999450683594,159.1699981689453,134.32449340820312,10891700
2020-11-25,159.25,159.91000366210938,158.6199951171875,158.67999267578125,133.91094970703125,9145800
2020-11-27,159.61000061035156,160.27000427246094,159.5800018310547,160.22000122070312,135.2106170654297,4708200
2020-11-30,160.02999877929688,160.52999877929688,159.75999450683594,160.02000427246094,135.04188537597656,13071600
2020-12-01,158.5500030517578,158.74000549316406,156.67999267578125,157.5,133.05076599121094,13662800
2020-12-02,156.8800048828125,156.92999267578125,155.47999572753906,156.25,131.99478149414062,12114300
2020-12-03,156.94000244140625,157.82000732421875,156.5800018310547,157.50999450683594,133.0591583251953,9626500
2020-12-04,155.69000244140625,155.7899932861328,154.77000427246094,155.1999969482422,131.10772705078125,12734500
2020-12-07,156.35000610351562,156.8800048828125,156.17999267578125,156.60000610351562,132.2904052734375,9316100
2020-12-08,157.57000732421875,158.07000732421875,157.1999969482422,157.33999633789062,132.9155731201172,7397200
2020-12-09,156.5500030517578,157.32000732421875,156.00999450683594,156.82000732421875,132.4762725830078,7750100
2020-12-10,157.24000549316406,158.2899932861328,156.8300018310547,158.2100067138672,133.6505126953125,10025100
2020-12-11,158.64999389648438,159.38999938964844,158.32000732421875,158.77000427246094,134.12355041503906,8135900
2020-12-14,157.49000549316406,158.69000244140625,157.11000061035156,158.3300018310547,133.75189208984375,7535900
2020-12-15,157.77999877929688,158.38999938964844,157.30999755859375,157.8000030517578,133.3041534423828,6847500
2020-12-16,156.5800018310547,157.88999938964844,156.38999938964844,157.3800048828125,132.94931030273438,9954200
2020-12-17,158.1300048828125,158.4600067138672,156.42999267578125,156.8000030517578,132.59754943847656,9422700
2020-12-18,157.1199951171875,157.3800048828125,156.17999267578125,156.3300018310547,132.20004272460938,6505000
2020-12-21,157.1999969482422,157.33999633789062,156.4499969482422,156.9499969482422,132.72438049316406,8988200
2020-12-22,157.55999755859375,157.8300018310547,157.0800018310547,157.75999450683594,133.40933227539062,7370800
2020-12-23,156.6199951171875,156.69000244140625,155.4600067138672,156.6699981689453,132.48760986328125,9266600
2020-12-24,156.89999389648438,157.42999267578125,156.85000610351562,157.2899932861328,133.01187133789062,3117100
2020-12-28,156.3800048828125,157.4499969482422,156.10000610351562,157.36000061035156,133.0711212158203,7791100
2020-12-29,156.38999938964844,157.2899932861328,156.36000061035156,157.16000366210938,132.9019775390625,9030900
2020-12-30,156.82000732421875,157.52999877929688,156.67999267578125,157.5,133.18954467773438,9097300
2020-12-31,157.4600067138672,158.0800018310547,157.4499969482422,157.72999572753906,133.384033203125,7742100
2021-01-04,156.6699981689453,158.17999267578125,156.5399932861328,157.5399932861328,133.22320556640625,13152900
2021-01-05,156.9499969482422,156.9499969482422,155.66000366210938,156.3699951171875,132.23391723632812,10458100
2021-01-06,153.82000732421875,153.85000610351562,152.2899932861328,153.16000366210938,129.51939392089844,22827300
2021-01-07,151.7899932861328,152.1699981689453,151.25999450683594,151.80999755859375,128.3777618408203,14651900
2021-01-08,151.47999572753906,151.9600067138672,150.66000366210938,151.32000732421875,127.96338653564453,13622500
2021-01-11,151.0,151.2100067138672,150.49000549316406,151.07000732421875,127.75198364257812,8370700
2021-01-12,150.7899932861328,151.16000366210938,149.92999267578125,150.9499969482422,127.65054321289062,12186300
2021-01-13,151.66000366210938,153.07000732421875,151.57000732421875,152.64999389648438,129.08815002441406,12533300
2021-01-14,152.5800018310547,152.63999938964844,150.7899932861328,151.22000122070312,127.87883758544922,14835500
2021-01-15,152.19000244140625,152.36000061035156,151.47000122070312,151.82000732421875,128.3861846923828,11624700
2021-01-19,151.6199951171875,152.36000061035156,151.50999450683594,152.30999755859375,128.800537109375,9575600
2021-01-20,151.99000549316406,152.47999572753906,151.7899932861328,152.4600067138672,128.9274444580078,5368900
2021-01-21,151.44000244140625,151.75,151.10000610351562,151.38999938964844,128.02261352539062,8162700
2021-01-22,151.85000610351562,152.00999450683594,151.4199981689453,151.8800048828125,128.43692016601562,9507200
2021-01-25,152.75999450683594,153.69000244140625,152.63999938964844,153.6699981689453,129.9506072998047,8712600
2021-01-26,153.10000610351562,153.60000610351562,152.9199981689453,153.3800048828125,129.70550537109375,7690300
2021-01-27,154.07000732421875,154.5,153.52999877929688,153.77000427246094,130.03521728515625,7895200
2021-01-28,153.39999389648438,153.4600067138672,152.16000366210938,152.9199981689453,129.31640625,10667800
2021-01-29,151.4199981689453,152.49000549316406,151.3000030517578,152.0,128.53843688964844,14965900
2021-02-01,151.66000366210938,152.36000061035156,151.49000549316406,152.0,128.6874542236328,8165500
2021-02-02,150.74000549316406,151.08999633789062,150.52000427246094,151.02000427246094,127.85769653320312,9177500
2021-02-03,150.42999267578125,150.58999633789062,149.5800018310547,149.67999267578125,126.7232437133789,9633100
2021-02-04,149.16000366210938,149.49000549316406,148.8000030517578,149.27999877929688,126.38465118408203,8262600
2021-02-05,149.10000610351562,149.57000732421875,148.02000427246094,148.02999877929688,125.32635498046875,10258900
2021-02-08,148.3000030517578,149.25999450683594,148.0399932861328,148.67999267578125,125.87659454345703,11574800
2021-02-09,149.22000122070312,149.6699981689453,148.66000366210938,148.7899932861328,125.9697265625,5218300
2021-02-10,149.27999877929688,149.77999877929688,149.13999938964844,149.77999877929688,126.807861328125,8079800
2021-02-11,149.67999267578125,149.7899932861328,148.75,148.9600067138672,126.11370849609375,11962700
2021-02-12,147.6999969482422,148.0800018310547,147.02999877929688,147.11000061035156,124.54740905761719,14088400
2021-02-16,145.22000122070312,145.66000366210938,144.66000366210938,144.8699951171875,122.65097045898438,17789100
2021-02-17,145.9499969482422,146.3800048828125,144.97999572753906,145.7899932861328,123.42985534667969,11199100
2021-02-18,144.61000061035156,145.60000610351562,144.32000732421875,145.1999969482422,122.93040466308594,10755300
2021-02-19,144.05999755859375,144.32000732421875,142.85000610351562,143.27000427246094,121.29642486572266,12741700
2021-02-22,143.02999877929688,143.74000549316406,141.72000122070312,142.17999267578125,120.37354278564453,13203900
2021-02-23,141.52000427246094,142.5,141.13999938964844,141.77000427246094,120.02640533447266,12658500
2021-02-24,139.35000610351562,141.17999267578125,139.16000366210938,140.83999633789062,119.23908996582031,17363100
2021-02-25,139.52000427246094,139.9199981689453,136.61000061035156,138.5399932861328,117.29177856445312,52621700
2021-02-26,140.77000427246094,143.3000030517578,139.67999267578125,143.1199951171875,121.1694107055664,45423300
2021-03-01,140.66000366210938,141.41000366210938,140.08999633789062,141.05999755859375,119.56901550292969,22048000
2021-03-02,140.39999389648438,141.1300048828125,140.2899932861328,141.07000732421875,119.5774917602539,12482200
2021-03-03,139.3800048828125,140.14999389648438,138.75999450683594,139.5399932861328,118.28057861328125,19763700
2021-03-04,139.6300048828125,139.94000244140625,137.9600067138672,138.63999938964844,117.5176773071289,22366600
2021-03-05,138.1699981689453,139.33999633789062,137.99000549316406,138.91000366210938,117.74661254882812,20598000
2021-03-08,138.8300018310547,138.89999389648438,137.8300018310547,137.8300018310547,116.83113861083984,15236600
2021-03-09,139.27000427246094,139.82000732421875,138.97000122070312,139.74000549316406,118.45016479492188,14463400
2021-03-10,139.8000030517578,140.14999389648438,139.27999877929688,140.02000427246094,118.68743896484375,12387600
2021-03-11,139.1699981689453,139.3800048828125,138.4600067138672,139.00999450683594,117.83134460449219,14150700
2021-03-12,136.39999389648438,136.4600067138672,135.64999389648438,136.05999755859375,115.33082580566406,20402700
2021-03-15,136.49000549316406,137.08999633789062,136.41000366210938,136.86000061035156,116.00889587402344,11366500
2021-03-16,137.02000427246094,137.1199951171875,135.75,136.30999755859375,115.54270935058594,15567900
2021-03-17,135.14999389648438,135.52999877929688,134.14999389648438,135.2899932861328,114.67810821533203,27107500
2021-03-18,133.30999755859375,134.47000122070312,133.19000244140625,133.9199981689453,113.51680755615234,21615100
2021-03-19,134.0800018310547,134.8300018310547,133.8000030517578,134.75,114.22039031982422,18685000
2021-03-22,135.69000244140625,136.41000366210938,135.3699951171875,136.25999450683594,115.50035858154297,17047500
2021-03-23,136.58999633789062,137.5399932861328,136.14999389648438,137.49000549316406,116.54296875,16768400
2021-03-24,137.05999755859375,138.27999877929688,136.9499969482422,138.22999572753906,117.17020416259766,13863000
2021-03-25,138.38999938964844,138.66000366210938,137.08999633789062,137.13999938964844,116.24626159667969,20782000
2021-03-26,136.4199981689453,137.24000549316406,136.22000122070312,136.66000366210938,115.83938598632812,8433300
2021-03-29,136.8300018310547,136.85000610351562,134.97000122070312,135.5,114.85608673095703,13968100
2021-03-30,135.3000030517578,136.50999450683594,135.00999450683594,136.2100067138672,115.45791625976562,15020800
2021-03-31,136.33999633789062,136.58999633789062,134.97999572753906,135.4499969482422,114.81375122070312,19271300
2021-04-01,136.5500030517578,137.6199951171875,136.3000030517578,137.50999450683594,116.71929168701172,14885900
2021-04-05,136.5500030517578,136.97000122070312,135.94000244140625,136.91000366210938,116.20999145507812,8243000
2021-04-06,137.16000366210938,137.97999572753906,137.00999450683594,137.83999633789062,116.99940490722656,9282400
2021-04-07,137.4499969482422,138.10000610351562,136.8800048828125,136.8800048828125,116.18458557128906,11052700
2021-04-08,137.38999938964844,138.07000732421875,137.36000061035156,138.00999450683594,117.14369201660156,7847900
2021-04-09,137.5,138.19000244140625,137.08999633789062,137.50999450683594,116.71929168701172,8717800
2021-04-12,137.4600067138672,137.52999877929688,137.10000610351562,137.4499969482422,116.66837310791016,7659000
2021-04-13,137.3000030517578,138.50999450683594,137.1999969482422,138.47999572753906,117.54265594482422,13232800
2021-04-14,138.02999877929688,138.24000549316406,137.57000732421875,138.0399932861328,117.1691665649414,7293200
2021-04-15,139.49000549316406,140.97999572753906,139.4600067138672,140.35000610351562,119.12992858886719,23896700
2021-04-16,139.10000610351562,139.72999572753906,138.92999267578125,139.25999450683594,118.20471954345703,15238400
2021-04-19,138.74000549316406,139.30999755859375,138.5500030517578,138.86000061035156,117.86518859863281,13886800
2021-04-20,138.4499969482422,139.75999450683594,138.42999267578125,139.5,118.40846252441406,11476500
2021-04-21,139.5399932861328,139.91000366210938,139.07000732421875,139.77999877929688,118.6460952758789,11902200
2021-04-22,140.0,140.38999938964844,139.1999969482422,140.38999938964844,119.16380310058594,14156400
2021-04-23,140.3800048828125,140.47000122070312,139.49000549316406,140.05999755859375,118.8837661743164,12302200
2021-04-26,140.14999389648438,140.50999450683594,139.85000610351562,139.86000061035156,118.71398162841797,9103500
2021-04-27,139.58999633789062,139.82000732421875,138.52999877929688,138.63999938964844,117.6784439086914,14137300
2021-04-28,138.64999389648438,138.88999938964844,137.9600067138672,138.72999572753906,117.75482940673828,15263700
2021-04-29,137.4499969482422,138.36000061035156,137.1300048828125,138.32000732421875,117.40684509277344,17178200
2021-04-30,138.50999450683594,138.72999572753906,137.97999572753906,138.63999938964844,117.6784439086914,15692000
2021-05-03,138.6999969482422,139.64999389648438,138.27999877929688,138.52000427246094,117.7490005493164,16447700
2021-05-04,139.49000549316406,140.16000366210938,139.16000366210938,139.4600067138672,118.54808044433594,18639700
2021-05-05,139.02999877929688,139.85000610351562,138.9199981689453,139.69000244140625,118.74362182617188,11127900
2021-05-06,139.25,140.19000244140625,139.1999969482422,139.9199981689453,118.93905639648438,21907600
2021-05-07,140.10000610351562,140.60000610351562,138.91000366210938,139.22999572753906,118.35252380371094,18346900
2021-05-10,138.9499969482422,139.25,137.69000244140625,137.82000732421875,117.15396881103516,15146200
2021-05-11,137.22999572753906,137.47999572753906,136.77000427246094,137.0399932861328,116.4909439086914,15158600
2021-05-12,136.6699981689453,136.8000030517578,135.36000061035156,135.60000610351562,115.26688385009766,20859400
2021-05-13,135.92999267578125,136.3699951171875,135.6300048828125,135.80999755859375,115.44536590576172,13073900
2021-05-14,136.52999877929688,137.0800018310547,136.22000122070312,137.0800018310547,116.52494812011719,17566700
2021-05-17,136.8300018310547,137.1699981689453,136.57000732421875,136.7899932861328,116.27840423583984,6113800
2021-05-18,136.39999389648438,136.57000732421875,136.07000732421875,136.44000244140625,115.98089599609375,11423100
2021-05-19,136.5399932861328,137.3000030517578,135.6199951171875,136.11000061035156,115.70040130615234,14296000
2021-05-20,136.75999450683594,137.49000549316406,136.6699981689453,137.22999572753906,116.6524429321289,13310500
2021-05-21,137.66000366210938,137.6999969482422,137.05999755859375,137.6699981689453,117.02645874023438,10171600
2021-05-24,137.99000549316406,138.5800018310547,137.88999938964844,138.17999267578125,117.45999908447266,6868700
2021-05-25,138.6300048828125,139.5,138.6199951171875,139.4600067138672,118.54808044433594,12346900
2021-05-26,139.58999633789062,139.91000366210938,138.8800048828125,139.22000122070312,118.34406280517578,9793700
2021-05-27,138.5,138.69000244140625,137.99000549316406,138.66000366210938,117.8680648803711,10695200
2021-05-28,138.5800018310547,139.3000030517578,138.33999633789062,138.44000244140625,117.68101501464844,10258000
2021-06-01,137.82000732421875,138.25999450683594,137.25,138.2100067138672,117.65461730957031,11778500
2021-06-02,138.5500030517578,138.7899932861328,138.32000732421875,138.52999877929688,117.9270248413086,7347900
2021-06-03,138.50999450683594,138.50999450683594,137.85000610351562,138.00999450683594,117.48429870605469,10994000
2021-06-04,138.52000427246094,139.89999389648438,138.52000427246094,139.89999389648438,119.09324645996094,15773700
2021-06-07,139.58999633789062,139.7100067138672,139.32000732421875,139.47000122070312,118.72725677490234,7799800
2021-06-08,140.66000366210938,140.66000366210938,140.2100067138672,140.4499969482422,119.56145477294922,11230900
2021-06-09,141.75999450683594,142.14999389648438,141.25,141.69000244140625,120.61707305908203,12768300
2021-06-10,140.8300018310547,142.55999755859375,140.67999267578125,142.5399932861328,121.3406753540039,19698300
2021-06-11,142.30999755859375,142.39999389648438,141.83999633789062,142.30999755859375,121.14481353759766,8646700
2021-06-14,142.10000610351562,142.10000610351562,141.00999450683594,141.22000122070312,120.21693420410156,9401300
2021-06-15,140.8000030517578,141.08999633789062,140.47999572753906,141.0500030517578,120.07225036621094,18207300
2021-06-16,141.39999389648438,141.6699981689453,140.2100067138672,140.92999267578125,119.97006225585938,19676300
2021-06-17,141.86000061035156,144.92999267578125,141.63999938964844,143.0399932861328,121.76630401611328,35225800
2021-06-18,144.27999877929688,146.0399932861328,144.1199951171875,145.72999572753906,124.05622100830078,26616900
2021-06-21,144.38999938964844,144.49000549316406,143.02000427246094,143.2899932861328,121.97907257080078,16485000
2021-06-22,142.1699981689453,143.67999267578125,142.1199951171875,143.63999938964844,122.27704620361328,14530200
2021-06-23,143.11000061035156,143.5,142.7100067138672,143.27000427246094,121.96202850341797,12040900
2021-06-24,143.4199981689453,143.89999389648438,143.3300018310547,143.5,122.1578140258789,8788400
2021-06-25,143.25999450683594,143.39999389648438,141.3699951171875,142.00999450683594,120.88945770263672,15562200
2021-06-28,142.72000122070312,143.8000030517578,142.6999969482422,143.47000122070312,122.13233184814453,11460700
2021-06-29,143.10000610351562,143.72000122070312,143.0399932861328,143.7100067138672,122.33660125732422,11217900
2021-06-30,144.25,144.92999267578125,144.07000732421875,144.35000610351562,122.88145446777344,15708900
2021-07-01,143.97999572753906,144.30999755859375,143.52999877929688,144.1699981689453,122.88825225830078,10810000
2021-07-02,144.22999572753906,145.0399932861328,144.11000061035156,145.0399932861328,123.62985229492188,9650200
2021-07-06,145.72000122070312,146.99000549316406,145.72000122070312,146.74000549316406,125.07884979248047,20037200
2021-07-07,147.57000732421875,148.55999755859375,147.22000122070312,148.0399932861328,126.18695831298828,20964400
2021-07-08,148.8800048828125,149.44000244140625,148.1699981689453,148.6199951171875,126.68138122558594,17487800
2021-07-09,146.8699951171875,146.99000549316406,146.49000549316406,146.52999877929688,124.89984893798828,14483600
2021-07-12,147.08999633789062,147.22999572753906,146.1699981689453,146.33999633789062,124.7379150390625,10610400
2021-07-13,146.82000732421875,147.4600067138672,144.63999938964844,145.22000122070312,123.78323364257812,23340200
2021-07-14,146.00999450683594,146.9199981689453,145.80999755859375,146.8699951171875,125.1897201538086,16038600
2021-07-15,147.9499969482422,148.60000610351562,147.02999877929688,148.49000549316406,126.57058715820312,18462400
2021-07-16,147.33999633789062,148.33999633789062,147.32000732421875,148.2100067138672,126.3319091796875,12787900
2021-07-19,150.9499969482422,151.9499969482422,150.6199951171875,151.4600067138672,129.10211181640625,40203900
2021-07-20,152.52999877929688,152.7100067138672,149.75999450683594,150.0,127.85763549804688,25674800
2021-07-21,148.17999267578125,148.5,146.6699981689453,148.10000610351562,126.23814392089844,19988900
2021-07-22,148.11000061035156,149.80999755859375,148.05999755859375,149.5,127.43152618408203,18136900
2021-07-23,147.94000244140625,148.66000366210938,147.88999938964844,148.5,126.57913970947266,12639300
2021-07-26,149.0,149.05999755859375,147.8800048828125,148.05999755859375,126.20404052734375,10737700
2021-07-27,149.3300018310547,149.69000244140625,148.99000549316406,149.63999938964844,127.55084991455078,13036500
2021-07-28,148.6699981689453,149.6699981689453,148.27000427246094,149.64999389648438,127.559326171875,14346700
2021-07-29,148.77999877929688,149.22000122070312,148.52999877929688,148.82000732421875,126.85185241699219,11532000
2021-07-30,149.1300048828125,149.72000122070312,149.05999755859375,149.52000427246094,127.44852447509766,14342100
2021-08-02,149.4499969482422,151.22999572753906,149.17999267578125,150.6699981689453,128.5852508544922,21232700
2021-08-03,150.75,151.22999572753906,150.38999938964844,150.75,128.65362548828125,13361900
2021-08-04,151.5,151.82000732421875,149.72000122070312,151.05999755859375,128.91812133789062,18267900
2021-08-05,150.75999450683594,150.9199981689453,150.0,150.2899932861328,128.26095581054688,15345400
2021-08-06,148.32000732421875,148.75999450683594,147.69000244140625,147.77999877929688,126.11882781982422,21144300
2021-08-09,148.14999389648438,148.55999755859375,147.22999572753906,147.25,125.66655731201172,12942400
2021-08-10,147.49000549316406,147.57000732421875,146.55999755859375,146.57000732421875,125.08626556396484,13716900
2021-08-11,146.41000366210938,147.22999572753906,145.7100067138672,146.47999572753906,125.00941467285156,17227600
2021-08-12,146.08999633789062,146.44000244140625,145.42999267578125,146.24000549316406,124.80458068847656,14709400
2021-08-13,146.8300018310547,148.55999755859375,146.80999755859375,148.5500030517578,126.7760009765625,18653800
2021-08-16,149.19000244140625,150.02000427246094,148.80999755859375,148.91000366210938,127.0832290649414,19170900
2021-08-17,148.8800048828125,149.47000122070312,148.6699981689453,148.85000610351562,127.03202056884766,14126900
2021-08-18,148.7100067138672,149.47000122070312,148.4499969482422,149.35000610351562,127.45870208740234,13144000
2021-08-19,150.30999755859375,150.4600067138672,149.80999755859375,150.4499969482422,128.3975067138672,15474300
2021-08-20,150.58999633789062,150.80999755859375,150.11000061035156,150.5500030517578,128.4828643798828,12388400
2021-08-23,150.1999969482422,150.5,149.9199981689453,150.4499969482422,128.3975067138672,10615000
2021-08-24,149.75999450683594,150.07000732421875,149.27999877929688,149.27999877929688,127.39898681640625,13835900
2021-08-25,149.2100067138672,149.3699951171875,147.5800018310547,148.0399932861328,126.34076690673828,16743800
2021-08-26,147.97000122070312,148.57000732421875,147.50999450683594,148.4499969482422,126.69062805175781,16657400
2021-08-27,148.57000732421875,149.49000549316406,148.3300018310547,149.4600067138672,127.55265045166016,15384700
2021-08-30,148.99000549316406,149.89999389648438,148.92999267578125,149.85000610351562,127.88544464111328,10596300
2021-08-31,149.6699981689453,150.08999633789062,148.5,148.8300018310547,127.01496887207031,15262400
2021-09-01,149.27000427246094,149.38999938964844,148.49000549316406,148.88999938964844,127.22776794433594,10807100
2021-09-02,149.24000549316406,149.5500030517578,148.75,149.5399932861328,127.78319549560547,9765900
2021-09-03,148.27000427246094,148.50999450683594,147.94000244140625,148.17999267578125,126.62100219726562,12928000
2021-09-07,147.25999450683594,147.52000427246094,146.66000366210938,146.92999267578125,125.55293273925781,15547800
2021-09-08,147.66000366210938,148.19000244140625,147.38999938964844,147.92999267578125,126.4073715209961,14533700
2021-09-09,148.1699981689453,149.88999938964844,147.85000610351562,149.72000122070312,127.9369888305664,20324600
2021-09-10,148.89999389648438,149.1699981689453,148.16000366210938,148.39999389648438,126.80891418457031,14894600
2021-09-13,149.0399932861328,149.49000549316406,148.9499969482422,149.3000030517578,127.57806396484375,15036100
2021-09-14,149.72999572753906,151.57000732421875,149.5800018310547,151.11000061035156,129.1247100830078,19918400
2021-09-15,151.2100067138672,151.25,149.92999267578125,150.5800018310547,128.67185974121094,11940300
2021-09-16,149.6699981689453,150.4499969482422,149.5,149.88999938964844,128.08226013183594,13328900
2021-09-17,149.17999267578125,149.36000061035156,148.6999969482422,149.1699981689453,127.4670181274414,13782900
2021-09-20,150.57000732421875,151.3699951171875,150.22999572753906,151.02000427246094,129.04779052734375,14660400
2021-09-21,150.7100067138672,150.9600067138672,150.1999969482422,150.88999938964844,128.9367218017578,10035800
2021-09-22,150.7899932861328,151.7899932861328,150.44000244140625,151.7899932861328,129.705810546875,22277800
2021-09-23,150.4199981689453,150.4499969482422,148.33999633789062,148.36000061035156,126.77488708496094,23853300
2021-09-24,147.83999633789062,147.85000610351562,146.74000549316406,146.91000366210938,125.5357437133789,20203900
2021-09-27,146.05999755859375,146.8699951171875,145.8800048828125,146.3699951171875,125.07439422607422,13464300
2021-09-28,144.3300018310547,145.07000732421875,143.63999938964844,144.08999633789062,123.12604522705078,26613500
2021-09-29,144.8000030517578,145.42999267578125,143.69000244140625,144.33999633789062,123.3396987915039,23569400
2021-09-30,144.10000610351562,144.50999450683594,143.64999389648438,144.32000732421875,123.3226547241211,22567600
2021-10-01,144.85000610351562,145.39999389648438,144.1999969482422,145.35000610351562,124.3604965209961,26151800
2021-10-04,144.6699981689453,145.4600067138672,144.10000610351562,144.97999572753906,124.04389190673828,28027600
2021-10-05,144.60000610351562,144.6999969482422,143.4600067138672,143.5800018310547,122.84609985351562,22659200
2021-10-06,144.22999572753906,144.72000122070312,144.02999877929688,144.38999938964844,123.53910064697266,18696500
2021-10-07,143.19000244140625,143.33999633789062,142.58999633789062,142.8800048828125,122.24713134765625,14856000
2021-10-08,142.25999450683594,142.35000610351562,141.52999877929688,141.8800048828125,121.39156341552734,17257800
2021-10-11,141.60000610351562,141.89999389648438,141.4499969482422,141.52000427246094,121.08354949951172,7213400
2021-10-12,142.6300048828125,144.00999450683594,142.47999572753906,143.94000244140625,123.15409088134766,17968700
2021-10-13,144.61000061035156,145.52999877929688,144.5800018310547,145.33999633789062,124.35192108154297,23584600
2021-10-14,145.3699951171875,145.9600067138672,144.9499969482422,145.8800048828125,124.8139419555664,12946400
2021-10-15,145.0,145.13999938964844,144.47000122070312,145.02999877929688,124.086669921875,11811500
2021-10-18,145.0,146.0,144.52000427246094,145.7100067138672,124.66851043701172,12115900
2021-10-19,144.66000366210938,144.72999572753906,143.64999389648438,143.6999969482422,122.94880676269531,12156300
2021-10-20,143.25,143.67999267578125,142.50999450683594,142.72999572753906,122.1187973022461,12782500
2021-10-21,143.0,143.14999389648438,142.22999572753906,142.55999755859375,121.97338104248047,13660000
2021-10-22,143.4499969482422,144.39999389648438,143.2100067138672,144.1300048828125,123.316650390625,13740000
2021-10-25,143.6699981689453,144.3000030517578,143.6300048828125,143.91000366210938,123.1284408569336,8137900
2021-10-26,144.6199951171875,145.10000610351562,143.74000549316406,145.10000610351562,124.14656829833984,13671000
2021-10-27,146.39999389648438,148.17999267578125,145.92999267578125,147.74000549316406,126.4053726196289,22092300
2021-10-28,147.7899932861328,148.3300018310547,146.83999633789062,147.24000549316406,125.9775619506836,17497600
2021-10-29,146.47000122070312,148.0,146.32000732421875,147.69000244140625,126.36255645751953,19087300
2021-11-01,145.8000030517578,146.75999450683594,145.6999969482422,146.44000244140625,125.45275115966797,18035500
2021-11-02,146.5,147.57000732421875,146.5,147.08999633789062,126.00962829589844,9836700
2021-11-03,147.82000732421875,147.97999572753906,145.52999877929688,145.57000732421875,124.70746612548828,20639400
2021-11-04,145.8699951171875,147.36000061035156,145.85000610351562,147.10000610351562,126.0181655883789,15922400
2021-11-05,148.52000427246094,149.5800018310547,148.1300048828125,149.3000030517578,127.9028549194336,21513000
2021-11-08,148.9600067138672,149.27999877929688,148.50999450683594,149.02000427246094,127.66303253173828,12083800
2021-11-09,150.8000030517578,151.77000427246094,150.63999938964844,150.9600067138672,129.32489013671875,23430200
2021-11-10,150.8300018310547,150.92999267578125,147.02999877929688,148.1999969482422,126.96055603027344,28170600
2021-11-11,148.50999450683594,148.66000366210938,147.88999938964844,147.97999572753906,126.77204132080078,5552500
2021-11-12,148.0,148.50999450683594,146.75999450683594,147.3300018310547,126.21515655517578,12712000
2021-11-15,146.88999938964844,146.9600067138672,145.22000122070312,145.47999572753906,124.63037109375,15232700
2021-11-16,145.69000244140625,146.3800048828125,144.85000610351562,145.11000061035156,124.31334686279297,12998700
2021-11-17,144.57000732421875,146.2899932861328,144.4600067138672,146.25999450683594,125.29855346679688,14239900
2021-11-18,145.99000549316406,146.89999389648438,145.9499969482422,146.80999755859375,125.76974487304688,11054600
2021-11-19,147.5800018310547,148.60000610351562,147.5800018310547,148.36000061035156,127.09761047363281,14022100
2021-11-22,147.39999389648438,147.63999938964844,146.1300048828125,146.6199951171875,125.60690307617188,15266000
2021-11-23,145.92999267578125,146.11000061035156,144.5,144.5,123.790771484375,15318500
2021-11-24,144.94000244140625,146.82000732421875,144.7899932861328,146.82000732421875,125.77826690673828,13769700
2021-11-26,148.8300018310547,150.67999267578125,148.6699981689453,150.52999877929688,128.95660400390625,20064800
2021-11-29,148.30999755859375,149.63999938964844,148.1699981689453,149.32000732421875,127.92003631591797,23234200
2021-11-30,150.8300018310547,152.07000732421875,150.25,151.58999633789062,129.86468505859375,31481100
2021-12-01,150.49000549316406,152.41000366210938,149.7899932861328,152.33999633789062,130.665771484375,30826500
2021-12-02,152.92999267578125,152.99000549316406,150.75999450683594,152.52999877929688,130.82879638671875,17754200
2021-12-03,151.67999267578125,155.1199951171875,151.35000610351562,154.35000610351562,132.38983154296875,34427100
2021-12-06,154.0500030517578,154.35000610351562,151.92999267578125,152.22999572753906,130.57144165039062,30924200
2021-12-07,151.72000122070312,152.52999877929688,150.86000061035156,151.0,129.5164031982422,22115900
2021-12-08,150.47000122070312,150.47999572753906,148.36000061035156,148.38999938964844,127.27781677246094,33633900
2021-12-09,149.33999633789062,149.83999633789062,148.47999572753906,149.22000122070312,127.98968505859375,17544900
2021-12-10,149.9199981689453,150.24000549316406,148.80999755859375,148.86000061035156,127.68095397949219,14298700
2021-12-13,150.38999938964844,151.30999755859375,150.30999755859375,151.05999755859375,129.5679473876953,17860500
2021-12-14,150.3699951171875,150.92999267578125,149.30999755859375,150.6999969482422,129.25909423828125,14015500
2021-12-15,149.61000061035156,150.7899932861328,149.1300048828125,149.25,128.01544189453125,25383900
2021-12-16,148.75,149.8800048828125,148.72999572753906,149.13999938964844,128.06521606445312,18677900
2021-12-17,150.33999633789062,150.97999572753906,150.16000366210938,150.8300018310547,129.51641845703125,18093500
2021-12-20,150.75,151.02000427246094,149.60000610351562,149.6999969482422,128.54612731933594,17147300
2021-12-21,148.13999938964844,149.1999969482422,147.6199951171875,149.1300048828125,128.05661010742188,16598200
2021-12-22,149.72999572753906,149.86000061035156,149.02000427246094,149.82000732421875,128.64915466308594,12253900
2021-12-23,149.58999633789062,149.60000610351562,148.02999877929688,148.52000427246094,127.5328598022461,11642500
2021-12-27,148.4600067138672,149.00999450683594,148.32000732421875,148.8800048828125,127.84196472167969,7821800
2021-12-28,149.60000610351562,149.77999877929688,148.00999450683594,148.2899932861328,127.33534240722656,9174600
2021-12-29,146.91000366210938,147.30999755859375,146.41000366210938,146.6699981689453,125.94427490234375,11771200
2021-12-30,147.25,147.97000122070312,146.4499969482422,147.89999389648438,127.00043487548828,10355000
2021-12-31,147.80999755859375,149.02999877929688,147.42999267578125,148.19000244140625,127.24944305419922,13402300
2022-01-03,146.41000366210938,146.94000244140625,144.27999877929688,144.3000030517578,123.90917205810547,33860400
2022-01-04,143.61000061035156,144.1300048828125,142.74000549316406,143.6999969482422,123.39395141601562,21996400
2022-01-05,144.13999938964844,144.16000366210938,142.7100067138672,142.9199981689453,122.72416687011719,20911700
2022-01-06,142.58999633789062,143.44000244140625,142.2899932861328,143.2899932861328,123.0418930053711,18996400
2022-01-07,143.1300048828125,143.24000549316406,141.55999755859375,142.25999450683594,122.15741729736328,18756800
2022-01-10,141.64999389648438,142.80999755859375,141.36000061035156,142.61000061035156,122.4579849243164,13775800
2022-01-11,142.8800048828125,143.6300048828125,142.6999969482422,143.55999755859375,123.27375793457031,24388700
2022-01-12,143.89999389648438,144.00999450683594,143.0,143.00999450683594,122.80146789550781,14440600
2022-01-13,143.38999938964844,144.4199981689453,143.02999877929688,144.27999877929688,123.8919906616211,15166000
2022-01-14,143.4199981689453,143.4600067138672,141.7899932861328,142.10000610351562,122.02008819580078,22997500
2022-01-18,140.9600067138672,141.30999755859375,140.02000427246094,140.10000610351562,120.30266571044922,21171700
2022-01-19,140.52999877929688,141.7100067138672,140.30999755859375,141.07000732421875,121.13555145263672,17930500
2022-01-20,141.3699951171875,141.99000549316406,141.08999633789062,141.94000244140625,121.88259887695312,13959000
2022-01-21,143.39999389648438,144.10000610351562,142.6699981689453,143.6300048828125,123.33386993408203,28916600
2022-01-24,144.3000030517578,144.3699951171875,142.42999267578125,142.4499969482422,122.32058715820312,25001600
2022-01-25,143.11000061035156,143.7100067138672,141.8000030517578,142.22000122070312,122.12311553955078,15599000
2022-01-26,142.25999450683594,142.57000732421875,140.49000549316406,140.5,120.6461181640625,23655500
2022-01-27,142.41000366210938,143.3699951171875,142.3300018310547,143.0800018310547,122.861572265625,21501800
2022-01-28,142.08999633789062,143.4600067138672,141.85000610351562,143.1300048828125,122.90449523925781,12826500
2022-01-31,142.17999267578125,142.9499969482422,141.9600067138672,142.38999938964844,122.26905822753906,13998400
2022-02-01,142.27999877929688,142.36000061035156,141.05999755859375,141.72000122070312,121.86321258544922,20806100
2022-02-02,141.9499969482422,143.57000732421875,141.92999267578125,142.1999969482422,122.27596282958984,18404600
2022-02-03,140.44000244140625,141.47999572753906,140.17999267578125,141.08999633789062,121.32140350341797,17234100
2022-02-04,139.85000610351562,140.13999938964844,138.77999877929688,139.00999450683594,119.53288269042969,23609800
2022-02-07,138.91000366210938,139.30999755859375,138.5500030517578,139.10000610351562,119.61026763916016,12962400
2022-02-08,138.2100067138672,138.5800018310547,137.82000732421875,138.1699981689453,118.81062316894531,16269200
2022-02-09,138.72000122070312,139.3699951171875,138.19000244140625,138.42999267578125,119.0342025756836,14349100
2022-02-10,137.66000366210938,137.8300018310547,135.83999633789062,136.22999572753906,117.14241790771484,30896200
2022-02-11,136.8699951171875,138.50999450683594,135.36000061035156,138.25,118.87944030761719,43210300
2022-02-14,137.1300048828125,137.74000549316406,135.97000122070312,136.52999877929688,117.40039825439453,23157400
2022-02-15,135.60000610351562,135.83999633789062,134.94000244140625,134.97999572753906,116.06755828857422,18198500
2022-02-16,135.9499969482422,136.07000732421875,134.50999450683594,135.77999877929688,116.75546264648438,16473700
2022-02-17,136.4499969482422,137.57000732421875,135.89999389648438,136.7899932861328,117.62396240234375,24508200
2022-02-18,137.52000427246094,138.3699951171875,137.16000366210938,138.22999572753906,118.86221313476562,17522600
2022-02-22,137.69000244140625,138.6699981689453,137.47000122070312,138.58999633789062,119.17176055908203,19534000
2022-02-23,137.67999267578125,137.85000610351562,136.57000732421875,136.67999267578125,117.5293960571289,17757800
2022-02-24,139.10000610351562,139.3699951171875,136.25,136.77000427246094,117.6067886352539,28150400
2022-02-25,136.86000061035156,137.30999755859375,136.17999267578125,136.8699951171875,117.69271850585938,15025400
2022-02-28,138.42999267578125,140.0399932861328,138.32000732421875,139.8699951171875,120.27243041992188,25817700
2022-03-01,140.36000061035156,142.3300018310547,140.0,141.3000030517578,121.66301727294922,35664400
2022-03-02,139.83999633789062,140.4199981689453,136.41000366210938,136.47000122070312,117.50421905517578,30397400
2022-03-03,137.49000549316406,138.6999969482422,137.02000427246094,137.86000061035156,118.70101928710938,20649100
2022-03-04,140.36000061035156,140.82000732421875,139.30999755859375,140.24000549316406,120.75028991699219,25853100
2022-03-07,139.1199951171875,140.63999938964844,138.77000427246094,139.1699981689453,119.82897186279297,23710900
2022-03-08,137.50999450683594,138.25,137.25,137.77000427246094,118.62353515625,28331300
2022-03-09,137.07000732421875,137.33999633789062,136.1300048828125,136.4199981689453,117.461181640625,18819200
2022-03-10,134.8300018310547,135.1699981689453,133.72000122070312,134.4600067138672,115.7735824584961,26868900
2022-03-11,134.3300018310547,135.4499969482422,134.2100067138672,134.91000366210938,116.16099548339844,15583800
2022-03-14,132.6999969482422,132.88999938964844,131.72000122070312,131.75999450683594,113.44876861572266,24385000
2022-03-15,132.86000061035156,133.14999389648438,131.19000244140625,131.52999877929688,113.2507553100586,17518800
2022-03-16,131.8300018310547,133.1300048828125,130.32000732421875,132.82000732421875,114.36148071289062,25857700
2022-03-17,132.82000732421875,133.33999633789062,131.07000732421875,131.8300018310547,113.5090560913086,19330600
2022-03-18,132.57000732421875,133.5399932861328,132.57000732421875,133.44000244140625,114.89531707763672,55891700
2022-03-21,131.27999877929688,131.6699981689453,129.75,130.35000610351562,112.23471069335938,26122000
2022-03-22,128.9600067138672,129.33999633789062,128.33999633789062,128.67999267578125,110.7967758178711,21830900
2022-03-23,129.3699951171875,131.60000610351562,128.86000061035156,131.5,113.22489929199219,21266100
2022-03-24,129.64999389648438,131.17999267578125,129.60000610351562,130.47000122070312,112.33806610107422,17141600
2022-03-25,129.5,129.52000427246094,127.6500015258789,128.66000366210938,110.77960205078125,25684500
2022-03-28,129.38999938964844,130.55999755859375,129.0399932861328,129.75999450683594,111.72671508789062,17657800
2022-03-29,130.55999755859375,131.5500030517578,129.74000549316406,130.74000549316406,112.57054138183594,19319700
2022-03-30,130.07000732421875,132.00999450683594,129.99000549316406,131.75999450683594,113.44876861572266,16310200
2022-03-31,131.97999572753906,132.6699981689453,131.66000366210938,132.0800018310547,113.72432708740234,19901000
2022-04-01,130.00999450683594,132.9600067138672,129.7100067138672,132.3800048828125,114.15721893310547,23489700
2022-04-04,131.92999267578125,131.97999572753906,130.7100067138672,131.4600067138672,113.36388397216797,13609900
2022-04-05,130.75999450683594,130.77999877929688,128.2899932861328,128.49000549316406,110.80266571044922,25196900
2022-04-06,126.43000030517578,128.3000030517578,126.4000015258789,127.44999694824219,109.90583801269531,22952000
2022-04-07,126.11000061035156,126.66999816894531,125.41000366210938,126.48999786376953,109.0779800415039,23458800
2022-04-08,125.44999694824219,125.83000183105469,124.26000213623047,125.12000274658203,107.89656829833984,26859200
2022-04-11,123.91999816894531,124.19000244140625,122.55999755859375,123.13999938964844,106.18913269042969,30020700
2022-04-12,124.05000305175781,124.16000366210938,122.66999816894531,122.97000122070312,106.04256439208984,23124200
2022-04-13,123.05000305175781,124.30000305175781,122.88999938964844,123.22000122070312,106.25811004638672,17189500
2022-04-14,122.86000061035156,122.93000030517578,120.37999725341797,120.75,104.12812042236328,34274500
2022-04-18,120.87000274658203,121.08000183105469,119.69000244140625,120.1500015258789,103.6107406616211,18784300
2022-04-19,119.1500015258789,119.72000122070312,118.66999816894531,119.25,102.83463287353516,26012300
2022-04-20,120.22000122070312,121.97000122070312,119.91999816894531,121.6500015258789,104.90423583984375,31423200
2022-04-21,120.83000183105469,120.91000366210938,119.16999816894531,120.75,104.12812042236328,23323200
2022-04-22,120.06999969482422,121.44000244140625,119.80999755859375,119.98999786376953,103.4727554321289,19773400
2022-04-25,121.37999725341797,122.19000244140625,121.12999725341797,121.19000244140625,104.50757598876953,25418900
2022-04-26,122.44000244140625,123.02999877929688,121.76000213623047,122.41000366210938,105.55963134765625,26931300
2022-04-27,122.19000244140625,122.31999969482422,120.7699966430664,120.83999633789062,104.20574951171875,14560500
2022-04-28,120.38999938964844,121.06999969482422,120.01000213623047,121.0199966430664,104.3609390258789,16892500
2022-04-29,119.30999755859375,120.97000122070312,119.11000061035156,119.44999694824219,103.00707244873047,26153400
2022-05-02,117.86000061035156,118.2699966430664,116.93000030517578,117.18000030517578,101.22157287597656,29233900
2022-05-03,119.04000091552734,119.30999755859375,117.88999938964844,117.97000122070312,101.90399169921875,21256700
2022-05-04,117.97000122070312,118.97000122070312,117.3499984741211,118.62000274658203,102.46546173095703,25575700
2022-05-05,116.3499984741211,116.47000122070312,114.0199966430664,115.37000274658203,99.6580810546875,48384500
2022-05-06,114.13999938964844,115.04000091552734,113.30999755859375,113.66999816894531,98.1895980834961,32790500
2022-05-09,112.86000061035156,114.70999908447266,112.62000274658203,114.66999816894531,99.05342102050781,26773000
2022-05-10,115.88999938964844,116.95999908447266,115.4800033569336,115.70999908447266,99.95176696777344,33640800
2022-05-11,114.73999786376953,117.94000244140625,114.44000244140625,117.94000244140625,101.87806701660156,34173600
2022-05-12,118.0199966430664,118.88999938964844,117.66000366210938,117.72000122070312,101.68804168701172,26405700
2022-05-13,116.9800033569336,117.1500015258789,115.9000015258789,115.9800033569336,100.18502044677734,20782700
2022-05-16,116.20999908447266,116.94000244140625,115.8499984741211,115.86000061035156,100.08135223388672,11050600
2022-05-17,114.70999908447266,115.3499984741211,114.36000061035156,114.45999908447266,98.87199401855469,15040800
2022-05-18,114.72000122070312,117.0,114.61000061035156,116.9000015258789,100.97972869873047,21337300
2022-05-19,118.63999938964844,118.72000122070312,116.8499984741211,117.18000030517578,101.22157287597656,21937500
2022-05-20,117.08999633789062,119.0199966430664,117.05999755859375,118.51000213623047,102.37045288085938,22780900
2022-05-23,117.70999908447266,118.25,116.54000091552734,116.55999755859375,100.68601989746094,15925200
2022-05-24,117.9000015258789,119.63999938964844,117.86000061035156,118.86000061035156,102.67278289794922,23388200
2022-05-25,119.61000061035156,119.62000274658203,118.58999633789062,119.33000183105469,103.07878875732422,14410800
2022-05-26,119.0199966430664,119.08999633789062,117.80000305175781,118.79000091552734,102.61234283447266,14912900
2022-05-27,119.36000061035156,119.73999786376953,118.73999786376953,119.08000183105469,102.86284637451172,11190400
2022-05-31,117.18000030517578,117.2300033569336,115.93000030517578,116.55999755859375,100.68601989746094,28393700
2022-06-01,117.02999877929688,117.33999633789062,115.69000244140625,116.22000122070312,100.5709228515625,15544800
2022-06-02,116.62999725341797,116.70999908447266,115.45999908447266,116.27999877929688,100.6228256225586,9832000
2022-06-03,115.08999633789062,116.05999755859375,114.87000274658203,116.02999877929688,100.406494140625,15330400
2022-06-06,115.1500015258789,115.51000213623047,113.80999755859375,113.88999938964844,98.55465698242188,20815400
2022-06-07,114.61000061035156,115.77999877929688,114.58000183105469,115.12000274658203,99.61904907226562,14278700
2022-06-08,114.68000030517578,115.12999725341797,114.08000183105469,114.0999984741211,98.73639678955078,11476100
2022-06-09,113.83999633789062,114.70999908447266,113.68000030517578,114.4800033569336,99.06522369384766,15527300
2022-06-10,114.36000061035156,114.61000061035156,112.97000122070312,113.7699966430664,98.45081329345703,21917100
2022-06-13,111.48999786376953,111.66999816894531,109.23999786376953,110.19999694824219,95.36151885986328,36968300
2022-06-14,110.52999877929688,110.9800033569336,108.58999633789062,108.80999755859375,94.1587142944336,21865900
2022-06-15,110.08999633789062,110.98999786376953,109.02999877929688,110.83999633789062,95.91536712646484,25202800
2022-06-16,108.44999694824219,111.72000122070312,108.12000274658203,111.72000122070312,96.6768569946289,26067300
2022-06-17,112.01000213623047,112.83000183105469,110.95999908447266,112.08000183105469,96.98836517333984,21614300
2022-06-21,110.08999633789062,111.0199966430664,109.80999755859375,110.18000030517578,95.3442153930664,17663800
2022-06-22,112.69000244140625,113.30999755859375,112.37999725341797,113.20999908447266,97.96625518798828,23703800
2022-06-23,113.9000015258789,115.16999816894531,113.48999786376953,114.13999938964844,98.77103424072266,20669200
2022-06-24,113.45999908447266,114.16999816894531,112.5,112.55999755859375,97.40373992919922,18161300
2022-06-27,111.22000122070312,112.22000122070312,111.16000366210938,111.5999984741211,96.57298278808594,12053000
2022-06-28,111.29000091552734,112.18000030517578,110.87000274658203,112.12000274658203,97.02299499511719,13706600
2022-06-29,112.37999725341797,113.9000015258789,112.16999816894531,113.87000274658203,98.537353515625,12925400
2022-06-30,114.86000061035156,115.7699966430664,114.75,114.87000274658203,99.40271759033203,25802100
2022-07-01,115.9000015258789,117.58999633789062,115.22000122070312,115.81999969482422,100.42322540283203,21858800
2022-07-05,116.88999938964844,117.75,116.16999816894531,116.7300033569336,101.2122802734375,16689700
2022-07-06,117.38999938964844,117.54000091552734,114.7699966430664,114.7699966430664,99.5128402709961,20205400
2022-07-07,115.0999984741211,115.16999816894531,113.51000213623047,113.76000213623047,98.63710021972656,13088000
2022-07-08,113.5,113.5,112.05000305175781,112.5,97.54458618164062,15320000
2022-07-11,113.79000091552734,114.79000091552734,113.69999694824219,114.44000244140625,99.22669219970703,13639900
2022-07-12,115.51000213623047,116.2300033569336,114.97000122070312,115.12000274658203,99.8162841796875,18547300
2022-07-13,113.7699966430664,116.6500015258789,113.44999694824219,116.44000244140625,100.96080780029297,20594800
2022-07-14,115.08000183105469,116.16000366210938,114.47000122070312,115.48999786376953,100.1371078491211,15665000
2022-07-15,115.83999633789062,116.81999969482422,115.5999984741211,116.13999938964844,100.70069885253906,16022600
2022-07-18,115.25,115.31999969482422,114.18000030517578,114.93000030517578,99.65155792236328,15838300
2022-07-19,114.91000366210938,115.1500015258789,113.66000366210938,114.30999755859375,99.1139907836914,9276800
2022-07-20,115.4800033569336,115.55000305175781,114.05000305175781,114.61000061035156,99.37409973144531,9117300
2022-07-21,115.19000244140625,116.72000122070312,115.01000213623047,116.58999633789062,101.09087371826172,14754900
2022-07-22,118.29000091552734,119.2699966430664,117.97000122070312,118.55000305175781,102.79034423828125,17715300
2022-07-25,116.70999908447266,117.54000091552734,116.47000122070312,117.38999938964844,101.7845458984375,24868100
2022-07-26,118.86000061035156,119.23999786376953,117.4000015258789,117.4800033569336,101.86255645751953,13536000
2022-07-27,118.01000213623047,118.48999786376953,116.70999908447266,116.81999969482422,101.29032135009766,15725600
2022-07-28,118.05000305175781,118.91999816894531,117.31999969482422,117.75,102.09667205810547,16637900
2022-07-29,117.69999694824219,119.30999755859375,117.33000183105469,117.43000030517578,101.8192367553711,16655900
2022-08-01,118.25,120.0999984741211,118.08000183105469,120.04000091552734,104.27140045166016,17974600
2022-08-02,120.1500015258789,120.69000244140625,117.29000091552734,117.5,102.06503295898438,17896300
2022-08-03,117.16999816894531,119.48999786376953,116.33000183105469,119.3499984741211,103.67200469970703,16731200
2022-08-04,118.9800033569336,119.55000305175781,118.54000091552734,119.30999755859375,103.63726806640625,11003000
2022-08-05,117.06999969482422,117.11000061035156,115.88999938964844,116.47000122070312,101.17031860351562,19492300
2022-08-08,117.63999938964844,118.52999877929688,117.55999755859375,118.3499984741211,102.80338287353516,17476300
2022-08-09,117.7300033569336,118.36000061035156,117.45999908447266,117.88999938964844,102.40381622314453,8223200
2022-08-10,117.7300033569336,118.91000366210938,116.7300033569336,117.12000274658203,101.7349624633789,14665300
2022-08-11,116.87000274658203,117.05999755859375,114.08999633789062,114.38999938964844,99.3635482788086,20663800
2022-08-12,115.0999984741211,115.56999969482422,114.43000030517578,115.55000305175781,100.3711929321289,12178400
2022-08-15,116.33000183105469,116.75,115.44999694824219,115.44999694824219,100.28433990478516,9031800
2022-08-16,115.25,116.0199966430664,114.23999786376953,115.93000030517578,100.70128631591797,11066000
2022-08-17,115.05999755859375,115.0999984741211,114.30999755859375,114.72000122070312,99.65023040771484,14131300
2022-08-18,114.97000122070312,115.63999938964844,114.58999633789062,114.88999938964844,99.79788970947266,10738200
2022-08-19,113.2300033569336,113.33999633789062,112.73999786376953,113.04000091552734,98.19091033935547,16330900
2022-08-22,112.86000061035156,112.95999908447266,112.12999725341797,112.66000366210938,97.86082458496094,10457200
2022-08-23,112.19000244140625,113.4800033569336,111.73999786376953,112.04000091552734,97.32225036621094,17813200
2022-08-24,111.48999786376953,111.87000274658203,110.86000061035156,111.22000122070312,96.60999298095703,13971600
2022-08-25,111.31999969482422,113.08999633789062,110.98999786376953,112.7699966430664,97.95636749267578,21429700
2022-08-26,112.30000305175781,113.98999786376953,112.01000213623047,113.62000274658203,98.6947250366211,18764400
2022-08-29,112.94000244140625,113.01000213623047,112.12999725341797,112.68000030517578,97.87818908691406,14278300
2022-08-30,112.62000274658203,113.51000213623047,112.20999908447266,112.95999908447266,98.12140655517578,14346600
2022-08-31,112.69000244140625,113.33999633789062,111.58000183105469,111.87999725341797,97.18326568603516,13623500
2022-09-01,109.87000274658203,110.25,108.94000244140625,109.5999984741211,95.40406036376953,22490400
2022-09-02,109.68000030517578,110.55999755859375,109.47000122070312,110.22000122070312,95.9437484741211,13024400
2022-09-06,108.9000015258789,108.97000122070312,107.41999816894531,107.48999786376953,93.56733703613281,24648500
2022-09-07,108.31999969482422,109.4800033569336,108.20999908447266,109.19000244140625,95.04713439941406,17050100
2022-09-08,108.83999633789062,109.5199966430664,108.05000305175781,108.06999969482422,94.07221221923828,14671400
2022-09-09,108.33000183105469,108.80000305175781,107.62999725341797,108.30999755859375,94.28112030029297,12529800
2022-09-12,108.62999725341797,108.88999938964844,106.91999816894531,107.41999816894531,93.50638580322266,14806900
2022-09-13,106.55999755859375,107.73999786376953,106.23999786376953,107.66999816894531,93.72401428222656,22158900
2022-09-14,107.33999633789062,108.20999908447266,107.12000274658203,108.04000091552734,94.0461196899414,13077800
2022-09-15,107.8499984741211,108.19000244140625,107.58000183105469,107.97000122070312,93.98516082763672,10260200
2022-09-16,107.02999877929688,108.05000305175781,106.7699966430664,107.06999969482422,93.20172882080078,18903800
2022-09-19,106.95999908447266,107.81999969482422,106.80000305175781,107.31999969482422,93.41936492919922,11084400
2022-09-20,105.69000244140625,106.83999633789062,105.4000015258789,106.25,92.48795318603516,20133800
2022-09-21,106.69999694824219,108.04000091552734,105.97000122070312,108.02999877929688,94.03739929199219,23132900
2022-09-22,105.79000091552734,105.95999908447266,104.7300033569336,105.2699966430664,91.6348876953125,29030600
2022-09-23,105.33999633789062,106.43000030517578,104.55999755859375,105.69999694824219,92.0091781616211,23042200
2022-09-26,105.36000061035156,105.41000366210938,103.22000122070312,103.68000030517578,90.25084686279297,25104600
2022-09-27,102.70999908447266,102.9800033569336,100.9000015258789,100.94999694824219,87.87442016601562,34609500
2022-09-28,103.12999725341797,104.44999694824219,102.4800033569336,104.33000183105469,90.81663513183594,39283100
2022-09-29,102.9000015258789,104.2300033569336,102.80000305175781,103.79000091552734,90.34656524658203,19127100
2022-09-30,104.2699966430664,104.86000061035156,102.2300033569336,102.44999694824219,89.18013763427734,26485700
2022-10-03,103.8499984741211,104.68000030517578,103.1500015258789,103.83000183105469,90.59716796875,27192200
2022-10-04,104.1500015258789,104.6500015258789,103.30000305175781,103.54000091552734,90.34413146972656,13788700
2022-10-05,102.7300033569336,102.83999633789062,101.58000183105469,102.55000305175781,89.48028564453125,20522100
2022-10-06,102.58999633789062,102.83999633789062,101.52999877929688,101.9800033569336,88.98295593261719,13965700
2022-10-07,100.80999755859375,101.62000274658203,100.47000122070312,100.98999786376953,88.11911010742188,14814800
2022-10-10,100.5,100.51000213623047,98.80000305175781,99.41999816894531,86.74920654296875,15652600
2022-10-11,99.73999786376953,100.9000015258789,98.98999786376953,99.86000061035156,87.13314819335938,33246700
2022-10-12,99.27999877929688,100.54000091552734,99.19000244140625,100.3499984741211,87.56067657470703,21447600
2022-10-13,98.36000061035156,100.37999725341797,98.33999633789062,99.38999938964844,86.7230224609375,30292500
2022-10-14,100.19000244140625,100.19000244140625,98.25,98.56999969482422,86.00755310058594,18728200
2022-10-17,99.29000091552734,99.66000366210938,97.94000244140625,98.08999633789062,85.5887222290039,18969900
2022-10-18,97.94999694824219,98.45999908447266,96.87000274658203,98.31999969482422,85.78939056396484,16931500
2022-10-19,97.19000244140625,97.41999816894531,96.31999969482422,96.52999877929688,84.22749328613281,25431600
2022-10-20,95.93000030517578,96.33000183105469,94.73999786376953,94.87999725341797,82.78783416748047,25434900
2022-10-21,93.0199966430664,93.93000030517578,92.26000213623047,93.16999816894531,81.29576110839844,46280300
2022-10-24,92.81999969482422,93.55000305175781,91.8499984741211,92.4000015258789,80.62388610839844,31332600
2022-10-25,94.58000183105469,95.2300033569336,94.44000244140625,95.08999633789062,82.97105407714844,31213100
2022-10-26,95.7699966430664,96.69000244140625,95.7699966430664,96.45999908447266,84.16645812988281,24843900
2022-10-27,96.9800033569336,97.9000015258789,96.22000122070312,97.47000122070312,85.04773712158203,20270000
2022-10-28,96.86000061035156,97.62999725341797,96.41000366210938,96.80000305175781,84.46311950683594,22244100
2022-10-31,96.36000061035156,96.62000274658203,95.02999877929688,96.11000061035156,83.8610610961914,23956700
2022-11-01,97.37999725341797,97.41999816894531,96.20999908447266,96.7699966430664,84.6447982788086,17585100
2022-11-02,96.91000366210938,97.62999725341797,95.95999908447266,96.3499984741211,84.27741241455078,25010500
2022-11-03,95.16999816894531,96.37999725341797,95.08999633789062,95.83000183105469,83.82257080078125,29097500
2022-11-04,95.0999984741211,95.66000366210938,94.22000122070312,94.22000122070312,82.414306640625,23561400
2022-11-07,94.80000305175781,94.86000061035156,93.23999786376953,93.27999877929688,81.59208679199219,14522800
2022-11-08,93.80000305175781,94.95999908447266,93.7699966430664,94.30000305175781,82.48426055908203,20360600
2022-11-09,93.81999969482422,95.0199966430664,93.69000244140625,94.61000061035156,82.75545501708984,15637500
2022-11-10,96.7300033569336,98.43000030517578,96.63999938964844,98.25,85.93933868408203,45380900
2022-11-11,97.56999969482422,98.37000274658203,97.54000091552734,97.88999938964844,85.62444305419922,15943100
2022-11-14,97.91000366210938,97.98999786376953,97.08999633789062,97.6500015258789,85.41454315185547,13741100
2022-11-15,98.25,99.30000305175781,98.11000061035156,99.2300033569336,86.79656219482422,26608200
2022-11-16,100.0199966430664,101.44999694824219,99.73999786376953,101.4000015258789,88.69466400146484,28507700
2022-11-17,100.19999694824219,100.56999969482422,99.77999877929688,100.33000183105469,87.75872039794922,24528900
2022-11-18,100.5999984741211,100.88999938964844,99.55000305175781,99.63999938964844,87.1551742553711,14941300
2022-11-21,100.69000244140625,100.81999969482422,99.80000305175781,100.05999755859375,87.52254486083984,15534000
2022-11-22,100.6500015258789,101.62000274658203,100.52999877929688,101.4800033569336,88.76458740234375,18103100
2022-11-23,102.13999938964844,103.25,102.08000183105469,103.25,90.3128662109375,23234600
2022-11-25,102.61000061035156,102.93000030517578,102.43000030517578,102.9000015258789,90.00672912597656,9486100
2022-11-28,103.61000061035156,103.80999755859375,102.69000244140625,103.19000244140625,90.2603759765625,14563200
2022-11-29,102.1500015258789,102.95999908447266,101.91000366210938,101.9800033569336,89.20197296142578,16576400
2022-11-30,101.62000274658203,102.7300033569336,101.37000274658203,102.7300033569336,89.8580093383789,21581700
2022-12-01,103.1500015258789,105.80999755859375,103.0999984741211,105.76000213623047,92.7286148071289,53156800
2022-12-02,105.30000305175781,107.0999984741211,104.61000061035156,107.08999633789062,93.89472198486328,24479500
2022-12-05,105.83999633789062,105.98999786376953,104.9000015258789,105.58999633789062,92.57952117919922,20159700
2022-12-06,106.5,107.38999938964844,106.19000244140625,106.94999694824219,93.77196502685547,21754500
2022-12-07,108.37000274658203,109.68000030517578,108.19999694824219,109.47000122070312,95.98146057128906,30546700
2022-12-08,108.69999694824219,109.44999694824219,108.47000122070312,109.16999816894531,95.71841430664062,13377300
2022-12-09,107.94000244140625,108.16999816894531,106.2699966430664,106.33000183105469,93.22838592529297,25872200
2022-12-12,107.86000061035156,108.11000061035156,106.26000213623047,106.66999816894531,93.52647399902344,16897100
2022-12-13,109.04000091552734,109.08000183105469,107.45999908447266,107.69999694824219,94.4295425415039,23854700
2022-12-14,107.66000366210938,108.31999969482422,106.88999938964844,108.16000366210938,94.83289337158203,19517500
2022-12-15,108.38999938964844,109.12000274658203,108.16000366210938,108.31999969482422,95.20288848876953,20246200
2022-12-16,106.5999984741211,107.83000183105469,106.30999755859375,107.11000061035156,94.13943481445312,20838300
2022-12-19,105.83000183105469,105.83999633789062,104.9800033569336,105.30999755859375,92.5573959350586,26126800
2022-12-20,103.37999725341797,103.80999755859375,103.0999984741211,103.44000244140625,90.91384887695312,28869000
2022-12-21,104.29000091552734,104.4000015258789,102.95999908447266,103.69999694824219,91.14234161376953,15894100
2022-12-22,103.66999816894531,104.12000274658203,103.37999725341797,103.68000030517578,91.12479400634766,11322500
2022-12-23,102.58000183105469,102.80999755859375,102.0199966430664,102.16000366210938,89.78883361816406,15408900
2022-12-27,100.48999786376953,101.06999969482422,100.01000213623047,100.13999938964844,88.01347351074219,26475700
2022-12-28,100.6500015258789,100.77999877929688,99.3499984741211,99.55000305175781,87.49492645263672,17302900
2022-12-29,99.86000061035156,100.98999786376953,99.79000091552734,100.68000030517578,88.48806762695312,16593000
2022-12-30,99.87000274658203,100.55000305175781,99.37000274658203,99.55999755859375,87.50369262695312,20810200
2023-01-03,102.19999694824219,102.33999633789062,100.83999633789062,101.45999908447266,89.17362213134766,25313200
2023-01-04,103.22000122070312,103.4800033569336,102.20999908447266,102.8499984741211,90.3952865600586,21678200
2023-01-05,101.87000274658203,103.29000091552734,101.77999877929688,103.27999877929688,90.77320098876953,14771100
2023-01-06,102.69999694824219,105.30000305175781,102.63999938964844,105.18000030517578,92.44314575195312,27473700
2023-01-09,104.41000366210938,105.93000030517578,104.2699966430664,105.73999786376953,92.93531799316406,21472200
2023-01-10,104.52999877929688,104.81999969482422,103.5,103.98999786376953,91.39722442626953,20545200
2023-01-11,104.97000122070312,105.72000122070312,104.69999694824219,105.68000030517578,92.88257598876953,18794000
2023-01-12,105.81999969482422,107.80999755859375,104.55999755859375,107.76000213623047,94.71072387695312,32029600
2023-01-13,107.0999984741211,107.80000305175781,106.37999725341797,106.75,93.8230209350586,17750800
2023-01-17,105.66999816894531,106.66000366210938,105.6500015258789,106.05999755859375,93.2165756225586,13911700
2023-01-18,108.45999908447266,108.7699966430664,107.12000274658203,108.62999725341797,95.475341796875,35497200
2023-01-19,108.0999984741211,108.37000274658203,107.44000244140625,107.94999694824219,94.87771606445312,17194700
2023-01-20,106.95999908447266,107.23999786376953,106.11000061035156,106.19999694824219,93.33963775634766,22754100
2023-01-23,105.56999969482422,106.19999694824219,105.48999786376953,105.69999694824219,92.9001693725586,12961500
2023-01-24,106.12000274658203,107.44999694824219,105.38999938964844,107.22000122070312,94.2361068725586,16417200
2023-01-25,107.37000274658203,107.91000366210938,106.63999938964844,107.4800033569336,94.464599609375,11906500
2023-01-26,107.13999938964844,107.6500015258789,106.48999786376953,106.9800033569336,94.02518463134766,15549400
2023-01-27,106.19000244140625,106.95999908447266,106.11000061035156,106.70999908447266,93.7878646850586,11845500
2023-01-30,106.45999908447266,107.16000366210938,106.19000244140625,106.31999969482422,93.4450912475586,11459700
2023-01-31,106.9800033569336,107.27999877929688,105.87000274658203,107.16999816894531,94.19214630126953,13705300
2023-02-01,107.55000305175781,108.58999633789062,106.41999816894531,108.18000030517578,95.32447814941406,25305800
2023-02-02,108.91999816894531,109.3499984741211,108.08999633789062,108.31999969482422,95.44781494140625,19548400
2023-02-03,106.7699966430664,107.11000061035156,106.08000183105469,106.69999694824219,94.02033233642578,20619500
2023-02-06,105.75,106.30999755859375,105.68000030517578,105.91000366210938,93.32421875,15182400
2023-02-07,105.33000183105469,106.2300033569336,105.0,105.05999755859375,92.5752182006836,18290300
2023-02-08,105.04000091552734,105.58000183105469,104.38999938964844,105.55999755859375,93.01580047607422,13530700
2023-02-09,106.47000122070312,106.62000274658203,104.38999938964844,104.55999755859375,92.1346206665039,20469900
2023-02-10,104.4000015258789,104.44000244140625,103.12000274658203,103.38999938964844,91.1036605834961,16598300
2023-02-13,103.70999908447266,104.41999816894531,103.58000183105469,104.26000213623047,91.87030029296875,13134300
2023-02-14,104.19999694824219,104.83000183105469,103.13999938964844,104.0199966430664,91.6588134765625,15440300
2023-02-15,103.55000305175781,103.94999694824219,102.5,103.05000305175781,90.8040771484375,15246900
2023-02-16,102.06999969482422,102.22000122070312,101.33000183105469,101.58999633789062,89.51757049560547,19267300
2023-02-17,101.0999984741211,102.37999725341797,100.97000122070312,102.37999725341797,90.21371459960938,19560900
2023-02-21,101.01000213623047,101.19999694824219,100.27999877929688,100.38999938964844,88.46019744873047,22728000
2023-02-22,100.98999786376953,101.69000244140625,100.94999694824219,101.30999755859375,89.2708511352539,15165400
2023-02-23,101.54000091552734,102.58999633789062,101.47000122070312,102.30000305175781,90.14321899414062,15829100
2023-02-24,101.44000244140625,101.80000305175781,100.55999755859375,100.97000122070312,88.97124481201172,21403600
2023-02-27,101.29000091552734,101.69999694824219,100.91000366210938,101.25,89.21797943115234,14209200
2023-02-28,100.56999969482422,101.72000122070312,100.27999877929688,101.70999908447266,89.62332916259766,14955700
2023-03-01,100.81999969482422,101.02999877929688,99.95999908447266,100.37000274658203,88.66049194335938,19000000
2023-03-02,99.05999755859375,99.6500015258789,98.87999725341797,99.4800033569336,87.87431335449219,23763600
2023-03-03,100.93000030517578,101.9000015258789,100.56999969482422,101.88999938964844,90.00315856933594,30877300
2023-03-06,102.22000122070312,102.33999633789062,100.98999786376953,101.0999984741211,89.30530548095703,16631900
2023-03-07,101.45999908447266,102.37000274658203,100.87999725341797,101.72000122070312,89.85299682617188,23096500
2023-03-08,102.4000015258789,102.97000122070312,101.41999816894531,101.81999969482422,89.94131469726562,20252400
2023-03-09,101.55000305175781,102.5199966430664,101.33000183105469,102.06999969482422,90.1621322631836,21550400
2023-03-10,104.02999877929688,105.69000244140625,104.0,105.58999633789062,93.27151489257812,43921500
2023-03-13,108.19999694824219,109.0999984741211,105.04000091552734,105.83000183105469,93.48348999023438,51502500
2023-03-14,105.13999938964844,105.61000061035156,103.75,104.08999633789062,91.94647979736328,38417800
2023-03-15,106.77999877929688,107.70999908447266,105.3499984741211,106.0999984741211,93.72197723388672,45164100
2023-03-16,107.37999725341797,108.02999877929688,105.04000091552734,105.2699966430664,92.98882293701172,43089300
2023-03-17,106.6500015258789,107.7300033569336,106.45999908447266,106.8499984741211,94.3844985961914,38129000
2023-03-20,106.87999725341797,106.95999908447266,105.72000122070312,105.91000366210938,93.5541763305664,24242800
2023-03-21,105.08000183105469,105.41999816894531,104.54000091552734,105.0,92.75031280517578,18934900
2023-03-22,104.66000366210938,106.44999694824219,104.44000244140625,106.4000015258789,93.98701477050781,26388500
2023-03-23,105.36000061035156,106.55000305175781,104.81999969482422,106.4000015258789,93.98701477050781,25475100
2023-03-24,107.08999633789062,107.43000030517578,106.26000213623047,106.8499984741211,94.3844985961914,23652700
2023-03-27,105.05000305175781,105.76000213623047,104.33000183105469,104.33999633789062,92.16730499267578,22224500
2023-03-28,104.23999786376953,104.68000030517578,104.0199966430664,104.52999877929688,92.33515930175781,17794300
2023-03-29,103.69999694824219,104.44999694824219,103.5999984741211,104.31999969482422,92.149658203125,16804400
2023-03-30,104.45999908447266,105.05000305175781,104.2699966430664,104.80000305175781,92.57366180419922,14315800
2023-03-31,105.3499984741211,106.55999755859375,105.08000183105469,106.37000274658203,93.96049499511719,25396700
2023-04-03,105.87999725341797,107.0999984741211,105.69999694824219,106.5999984741211,94.40239715576172,18234800
2023-04-04,105.77999877929688,107.80000305175781,105.75,107.12999725341797,94.87177276611328,18052400
2023-04-05,107.7699966430664,108.37000274658203,107.41000366210938,108.25,95.86357879638672,23047700
2023-04-06,108.41999816894531,108.87000274658203,108.38999938964844,108.52999877929688,96.11156463623047,16447300
2023-04-10,107.63999938964844,107.76000213623047,106.55999755859375,106.77999877929688,94.56179809570312,19134400
2023-04-11,107.05000305175781,107.08999633789062,106.51000213623047,107.0,94.75663757324219,13971200
2023-04-12,107.05000305175781,107.16999816894531,105.87999725341797,106.88999938964844,94.65922546386719,20563000
2023-04-13,107.05000305175781,107.38999938964844,105.87999725341797,106.05000305175781,93.91535186767578,22079400
2023-04-14,105.38999938964844,105.55000305175781,104.7699966430664,105.08000183105469,93.05634307861328,19801900
2023-04-17,104.41999816894531,104.58999633789062,103.70999908447266,103.83000183105469,91.94934844970703,19528800
2023-04-18,103.80999755859375,104.58999633789062,103.80000305175781,104.19999694824219,92.27700805664062,15922600
2023-04-19,103.91000366210938,104.23999786376953,103.4800033569336,104.0999984741211,92.18846893310547,16093900
2023-04-20,104.83000183105469,105.27999877929688,104.75,104.98999786376953,92.97663879394531,16450100
2023-04-21,105.30000305175781,105.45999908447266,104.2699966430664,104.4000015258789,92.45411682128906,15244700
2023-04-24,104.95999908447266,105.48999786376953,104.83999633789062,105.41000366210938,93.34856414794922,17034300
2023-04-25,106.33000183105469,107.12999725341797,106.27999877929688,106.95999908447266,94.72122955322266,21899900
2023-04-26,106.79000091552734,107.23999786376953,105.66999816894531,105.81999969482422,93.71165466308594,19610400
2023-04-27,105.19999694824219,105.2699966430664,104.61000061035156,104.7699966430664,92.78179168701172,20247600
2023-04-28,106.20999908447266,106.76000213623047,105.86000061035156,106.45999908447266,94.27839660644531,26954100
2023-05-01,105.2699966430664,105.41999816894531,102.83999633789062,103.12999725341797,91.5599365234375,32487300
2023-05-02,104.0,105.69999694824219,103.88999938964844,105.69999694824219,93.84161376953125,30057800
2023-05-03,106.0,106.5999984741211,105.27999877929688,106.29000091552734,94.36544799804688,23656200
2023-05-04,105.22000122070312,106.44999694824219,105.1500015258789,105.23999786376953,93.4332046508789,25110500
2023-05-05,104.3499984741211,104.9000015258789,104.11000061035156,104.88999938964844,93.12251281738281,15096500
2023-05-08,103.5199966430664,103.87000274658203,103.31999969482422,103.41999816894531,91.81741333007812,20587000
2023-05-09,103.5,103.63999938964844,103.0,103.05000305175781,91.48890686035156,19182500
2023-05-10,103.66999816894531,104.23999786376953,103.63999938964844,104.05000305175781,92.37674713134766,22886800
2023-05-11,105.30000305175781,105.5199966430664,104.72000122070312,105.1500015258789,93.35332489013672,19147200
2023-05-12,105.05000305175781,105.25,104.25,104.2699966430664,92.572021484375,14198500
2023-05-15,103.38999938964844,103.47000122070312,103.12000274658203,103.19000244140625,91.61322784423828,20085300
2023-05-16,102.4000015258789,102.9000015258789,102.11000061035156,102.87999725341797,91.33799743652344,29251700
2023-05-17,103.08000183105469,103.16000366210938,102.3499984741211,102.58000183105469,91.07166290283203,21340900
2023-05-18,102.19999694824219,102.26000213623047,101.75,101.81999969482422,90.39689636230469,25536600
2023-05-19,101.26000213623047,101.86000061035156,100.93000030517578,101.0999984741211,89.75768280029297,29038000
2023-05-22,101.25,101.70999908447266,100.66999816894531,100.73999786376953,89.43807220458984,20131100
2023-05-23,100.43000030517578,101.25,100.27999877929688,101.02999877929688,89.69554901123047,21749500
2023-05-24,101.27999877929688,101.36000061035156,100.52999877929688,100.52999877929688,89.2516098022461,18473400
2023-05-25,100.69999694824219,100.80000305175781,100.02999877929688,100.27999877929688,89.02967834472656,22492800
2023-05-26,100.12000274658203,101.16999816894531,100.0,101.08999633789062,89.74881744384766,17030300
2023-05-30,101.4000015258789,102.23999786376953,101.25,102.0999984741211,90.64551544189453,23125200
2023-05-31,101.98999786376953,103.18000030517578,101.87000274658203,102.98999786376953,91.43565368652344,23787000
2023-06-01,103.27999877929688,103.62999725341797,102.62999725341797,103.12000274658203,91.79438781738281,21040400
2023-06-02,103.0,103.06999969482422,101.94000244140625,101.98999786376953,90.78849029541016,19136500
2023-06-05,101.3499984741211,102.44000244140625,101.20999908447266,101.80000305175781,90.61935424804688,14433200
2023-06-06,101.83999633789062,102.47000122070312,101.38999938964844,102.4000015258789,91.15348815917969,14332100
2023-06-07,102.16999816894531,102.43000030517578,100.77999877929688,100.87999725341797,89.80040740966797,25251100
2023-06-08,100.87000274658203,102.13999938964844,100.80000305175781,102.05999755859375,90.85077667236328,23845100
2023-06-09,101.5999984741211,102.2699966430664,101.33999633789062,101.91999816894531,90.72615814208984,22147400
2023-06-12,102.23999786376953,102.30000305175781,101.12000274658203,102.22000122070312,90.99324035644531,19010300
2023-06-13,102.11000061035156,102.33000183105469,100.97000122070312,101.20999908447266,90.09416198730469,25910800
2023-06-14,101.62999725341797,102.29000091552734,101.45999908447266,102.0199966430664,90.81519317626953,29094200
2023-06-15,103.02999877929688,103.62999725341797,102.5999984741211,103.0,91.68756103515625,25732000
2023-06-16,102.44000244140625,102.83000183105469,102.02999877929688,102.5999984741211,91.33148956298828,16759100
2023-06-20,103.11000061035156,103.66000366210938,103.11000061035156,103.30999755859375,91.96350860595703,17162900
2023-06-21,102.80999755859375,103.6500015258789,102.33999633789062,103.55999755859375,92.18607330322266,19720100
2023-06-22,102.80000305175781,103.25,102.19999694824219,102.30999755859375,91.07337188720703,23630700
2023-06-23,103.83000183105469,103.94999694824219,102.9800033569336,103.33000183105469,91.98130798339844,22901900
2023-06-26,103.62000274658203,103.80000305175781,103.16000366210938,103.44000244140625,92.0792465209961,12894900
2023-06-27,103.58999633789062,103.94999694824219,102.76000213623047,103.16999816894531,91.83890533447266,18105700
2023-06-28,103.41000366210938,103.83999633789062,102.83000183105469,103.61000061035156,92.23058319091797,23826800
2023-06-29,102.16999816894531,102.33999633789062,101.44999694824219,101.73999786376953,90.56595611572266,41091600
2023-06-30,102.05999755859375,103.05999755859375,101.87000274658203,102.94000244140625,91.6341552734375,32024900
2023-07-03,102.83999633789062,103.26000213623047,102.05999755859375,102.08000183105469,91.11466217041016,16011800
2023-07-05,101.88999938964844,102.0,100.73999786376953,101.11000061035156,90.24887084960938,28170300
2023-07-06,100.19999694824219,100.37999725341797,99.47000122070312,99.68000030517578,88.97249603271484,41375700
2023-07-07,99.18000030517578,99.5999984741211,98.98999786376953,99.08000183105469,88.43693542480469,28996500
2023-07-10,98.86000061035156,99.52999877929688,98.8499984741211,99.20999908447266,88.552978515625,24665200
2023-07-11,99.56999969482422,99.97000122070312,99.29000091552734,99.72000122070312,89.0081787109375,20485500
2023-07-12,100.0999984741211,101.12000274658203,99.7699966430664,100.83000183105469,89.99893951416016,31928000
2023-07-13,101.30999755859375,101.97000122070312,101.02999877929688,101.88999938964844,90.94508361816406,32441500
2023-07-14,101.72000122070312,101.94000244140625,101.23999786376953,101.29000091552734,90.40953826904297,18569000
2023-07-17,101.2300033569336,101.48999786376953,100.91999816894531,101.33999633789062,90.45417785644531,18822000
2023-07-18,101.80000305175781,102.06999969482422,101.56999969482422,101.80000305175781,90.86473083496094,15407400
2023-07-19,102.0,102.9800033569336,101.7300033569336,102.94999694824219,91.89120483398438,27192500
2023-07-20,102.22000122070312,102.30999755859375,101.27999877929688,101.69999694824219,90.77549743652344,56951200
2023-07-21,102.16000366210938,102.3499984741211,101.62999725341797,101.7300033569336,90.80228424072266,20657500
2023-07-24,101.98999786376953,102.1500015258789,101.30000305175781,101.36000061035156,90.47201538085938,17546700
2023-07-25,100.83000183105469,101.5,100.80000305175781,101.16999816894531,90.30242156982422,17160600
2023-07-26,101.68000030517578,101.69000244140625,100.93000030517578,101.2699966430664,90.39167785644531,19310700
2023-07-27,100.70999908447266,100.93000030517578,98.91000366210938,99.30000305175781,88.63329315185547,44794400
2023-07-28,99.4000015258789,99.86000061035156,99.1500015258789,99.80999755859375,89.08851623535156,27434000
2023-07-31,99.6500015258789,100.33000183105469,99.62000274658203,100.05000305175781,89.30274963378906,28663800
2023-08-01,98.83999633789062,98.91999816894531,97.9000015258789,98.13999938964844,87.83937072753906,34943400
2023-08-02,97.04000091552734,97.23999786376953,96.41000366210938,97.08999633789062,86.8995361328125,38121300
2023-08-03,95.19000244140625,95.31999969482422,94.54000091552734,94.8499984741211,84.8946762084961,59394800
2023-08-04,95.1500015258789,96.68000030517578,95.12999725341797,96.52999877929688,86.39832305908203,42071800
2023-08-07,96.11000061035156,96.19999694824219,95.5,95.58000183105469,85.54806518554688,35862900
2023-08-08,96.86000061035156,97.37000274658203,96.44000244140625,96.69000244140625,86.54154205322266,24010500
2023-08-09,96.87999725341797,97.29000091552734,96.83999633789062,97.19000244140625,86.98908233642578,20151100
2023-08-10,97.04000091552734,97.36000061035156,95.58999633789062,95.58999633789062,85.55699157714844,37253200
2023-08-11,95.30000305175781,95.87000274658203,95.19999694824219,95.37000274658203,85.36007690429688,26753500
2023-08-14,95.20999908447266,95.93000030517578,94.9000015258789,95.16000366210938,85.17210388183594,19072000
2023-08-15,94.80000305175781,95.19999694824219,94.55999755859375,94.58000183105469,84.65301513671875,24125000
2023-08-16,94.27999877929688,94.79000091552734,93.72000122070312,93.83999633789062,83.99069213867188,23076700
2023-08-17,93.5,93.61000061035156,93.0199966430664,93.44000244140625,83.63263702392578,32244900
2023-08-18,93.43000030517578,94.19000244140625,93.30000305175781,93.7699966430664,83.92801666259766,24181700
2023-08-21,92.66000366210938,92.76000213623047,92.2300033569336,92.5199966430664,82.80921173095703,29254100
2023-08-22,92.63999938964844,93.27999877929688,92.45999908447266,93.2300033569336,83.4446792602539,21308700
2023-08-23,94.30000305175781,95.55000305175781,94.2300033569336,95.54000091552734,85.5122299194336,38294700
2023-08-24,95.12999725341797,95.55000305175781,94.88999938964844,94.91000366210938,84.94837188720703,22300800
2023-08-25,94.66000366210938,95.51000213623047,94.51000213623047,95.22000122070312,85.22582244873047,23865200
2023-08-28,95.6500015258789,95.66000366210938,94.88999938964844,95.31999969482422,85.31532287597656,16037300
2023-08-29,94.97000122070312,96.51000213623047,94.94000244140625,96.30999755859375,86.2014389038086,28478100
2023-08-30,96.16000366210938,96.4000015258789,95.87999725341797,96.20999908447266,86.11190795898438,17550100
2023-08-31,96.54000091552734,97.05000305175781,96.43000030517578,96.63999938964844,86.49678039550781,26959700
2023-09-01,95.80000305175781,95.81999969482422,94.62000274658203,94.8499984741211,85.14930725097656,32469700
2023-09-05,94.27999877929688,94.29000091552734,93.48999786376953,93.5199966430664,83.95528411865234,29435900
2023-09-06,94.08999633789062,94.11000061035156,93.45999908447266,93.75,84.16179656982422,23636300
2023-09-07,94.0,94.06999969482422,93.68000030517578,94.01000213623047,84.39521026611328,18091500
2023-09-08,94.37999725341797,94.9000015258789,94.16999816894531,94.37000274658203,84.71839141845703,17052100
2023-09-11,93.69999694824219,93.9800033569336,93.55000305175781,93.69000244140625,84.10792541503906,17061500
2023-09-12,93.88999938964844,94.23999786376953,93.58000183105469,94.2300033569336,84.59272766113281,20034300
2023-09-13,93.91999816894531,94.52999877929688,93.81999969482422,94.20999908447266,84.57476806640625,23332300
2023-09-14,93.94000244140625,94.20999908447266,93.4000015258789,93.52999877929688,83.96428680419922,27800600
2023-09-15,93.45999908447266,93.4800033569336,92.95999908447266,92.95999908447266,83.45257568359375,25642900
2023-09-18,92.8499984741211,93.52999877929688,92.81999969482422,93.48999786376953,83.92839050292969,17963400
2023-09-19,93.08000183105469,93.43000030517578,92.80000305175781,92.80000305175781,83.30897521972656,24941800
2023-09-20,93.29000091552734,93.5999984741211,93.04000091552734,93.08999633789062,83.5693130493164,29451200
2023-09-21,91.29000091552734,91.37000274658203,90.69000244140625,90.69999694824219,81.42372131347656,59958700
2023-09-22,90.80999755859375,91.61000061035156,90.66999816894531,91.43000030517578,82.07909393310547,29524500
2023-09-25,89.66000366210938,90.04000091552734,89.1500015258789,89.18000030517578,80.05918884277344,45587900
2023-09-26,89.43000030517578,89.62000274658203,88.70999908447266,88.87000274658203,79.78087615966797,38104100
2023-09-27,89.54000091552734,89.62000274658203,88.08999633789062,88.41000366210938,79.3679428100586,47111200
2023-09-28,87.62000274658203,88.7300033569336,87.0999984741211,88.68000030517578,79.61031341552734,60238000
2023-09-29,89.2699966430664,89.48999786376953,88.12999725341797,88.69000244140625,79.61930084228516,49010100
2023-10-02,87.81999969482422,87.93000030517578,86.70999908447266,86.93000030517578,78.2864761352539,44704300
2023-10-03,86.30999755859375,86.6500015258789,84.88999938964844,85.05999755859375,76.6023941040039,71362600
2023-10-04,85.7699966430664,86.30999755859375,85.37000274658203,86.26000213623047,77.68309020996094,56281600
2023-10-05,86.11000061035156,86.19000244140625,85.63999938964844,85.83000183105469,77.29582977294922,35758800
2023-10-06,84.19999694824219,85.69000244140625,84.05999755859375,84.79000091552734,76.3592529296875,62787900
2023-10-09,85.5,86.80000305175781,84.94999694824219,86.77999877929688,78.15139770507812,29424900
2023-10-10,85.8499984741211,87.16999816894531,85.5199966430664,86.66000366210938,78.0433120727539,54743900
2023-10-11,87.8499984741211,88.47000122070312,87.5999984741211,88.47000122070312,79.67333984375,58517700
2023-10-12,88.05000305175781,88.19000244140625,85.93000030517578,86.06999969482422,77.5119857788086,66986700
2023-10-13,87.5999984741211,87.83000183105469,87.16999816894531,87.61000061035156,78.89884948730469,44183800
2023-10-16,86.19000244140625,86.37000274658203,85.9000015258789,86.19999694824219,77.6290512084961,38309800
2023-10-17,84.88999938964844,85.62999725341797,84.5,85.25,76.77351379394531,52949100
2023-10-18,84.37999725341797,84.72000122070312,83.8499984741211,84.5,76.09809875488281,63724600
2023-10-19,83.87999725341797,84.56999969482422,82.73999786376953,82.7699966430664,74.54010009765625,87696900
2023-10-20,82.98999786376953,83.54000091552734,82.7699966430664,83.23999786376953,74.96336364746094,52188800
2023-10-23,82.80999755859375,84.86000061035156,82.41999816894531,84.23999786376953,75.86394500732422,70890400
2023-10-24,84.44000244140625,85.3499984741211,84.08999633789062,85.3499984741211,76.86356353759766,46267700
2023-10-25,84.0199966430664,84.12999725341797,83.12999725341797,83.44999694824219,75.15249633789062,60737200
2023-10-26,83.4800033569336,84.81999969482422,83.4000015258789,84.7300033569336,76.3051986694336,49704100
2023-10-27,84.19000244140625,84.97000122070312,83.73999786376953,84.37000274658203,75.98100280761719,32362300
2023-10-30,83.80999755859375,84.5,83.23999786376953,83.98999786376953,75.63877868652344,45026900
2023-10-31,84.37000274658203,84.7699966430664,83.55000305175781,83.58000183105469,75.2695541381836,37269200
2023-11-01,84.04000091552734,85.12000274658203,84.0199966430664,85.0999984741211,76.90154266357422,72308500
2023-11-02,86.68000030517578,87.30999755859375,86.22000122070312,87.04000091552734,78.65467071533203,69739400
2023-11-03,88.80999755859375,89.05000305175781,87.58000183105469,87.62999725341797,79.18782043457031,77692300
2023-11-06,87.06999969482422,87.19999694824219,86.5999984741211,86.77999877929688,78.41973876953125,41341900
2023-11-07,87.61000061035156,88.5,87.58999633789062,88.05999755859375,79.57640838623047,37834200
2023-11-08,88.4800033569336,89.62000274658203,88.44999694824219,89.55999755859375,80.93190002441406,53893400
2023-11-09,88.94000244140625,89.02999877929688,86.73999786376953,87.5,79.07034301757812,88975100
2023-11-10,88.2300033569336,88.43000030517578,87.7699966430664,87.98999786376953,79.5131607055664,36516400
2023-11-13,87.22000122070312,87.94000244140625,86.9000015258789,87.79000091552734,79.33241271972656,25661500
2023-11-14,90.0,90.1500015258789,89.29000091552734,89.77999877929688,81.13070678710938,65666800
2023-11-15,89.01000213623047,89.13999938964844,88.30999755859375,88.5199966430664,79.99208068847656,56205300
2023-11-16,89.30000305175781,89.95999908447266,89.25,89.62000274658203,80.98611450195312,49473900
2023-11-17,90.16000366210938,90.43000030517578,89.63999938964844,90.04000091552734,81.36567687988281,44091400
2023-11-20,89.62000274658203,90.66000366210938,89.61000061035156,90.58999633789062,81.86268615722656,40477800
2023-11-21,90.5,90.80000305175781,89.88999938964844,90.55000305175781,81.82652282714844,27721000
2023-11-22,91.12000274658203,91.31999969482422,90.37999725341797,90.87000274658203,82.11566925048828,31197500
2023-11-24,90.0999984741211,90.26000213623047,89.79000091552734,89.80000305175781,81.14875030517578,20199600
2023-11-27,90.30000305175781,91.33999633789062,90.20999908447266,91.30000305175781,82.50428009033203,39804400
2023-11-28,90.91000366210938,91.52999877929688,90.79000091552734,91.4800033569336,82.66691589355469,44989300
2023-11-29,92.11000061035156,92.69999694824219,91.77999877929688,92.62999725341797,83.70611572265625,61647800
2023-11-30,91.97000122070312,92.29000091552734,91.16000366210938,91.55999755859375,82.73921966552734,60520900
2023-12-01,91.30999755859375,93.05999755859375,91.12999725341797,92.98999786376953,84.29753875732422,64172200
2023-12-04,92.48999786376953,92.83000183105469,92.08999633789062,92.62000274658203,83.9621353149414,33766300
2023-12-05,93.62999725341797,94.62000274658203,93.56999969482422,94.61000061035156,85.76611328125,73588600
2023-12-06,95.08000183105469,96.05000305175781,94.87000274658203,95.87000274658203,86.90831756591797,61606100
2023-12-07,95.18000030517578,96.08000183105469,95.05999755859375,95.31999969482422,86.40972137451172,47970200
2023-12-08,94.41999816894531,94.72000122070312,93.91000366210938,94.54000091552734,85.70263671875,44809200
2023-12-11,94.01000213623047,94.44000244140625,93.52999877929688,94.33999633789062,85.5213394165039,33909700
2023-12-12,94.1500015258789,94.69999694824219,93.9000015258789,94.62000274658203,85.77516174316406,36996900
2023-12-13,95.16999816894531,96.9800033569336,95.0199966430664,96.83999633789062,87.78763580322266,70828500
2023-12-14,97.66000366210938,99.04000091552734,97.41999816894531,99.04000091552734,90.0712890625,87798600
2023-12-15,98.69000244140625,99.3499984741211,98.58000183105469,99.1500015258789,90.17129516601562,59941300
2023-12-18,98.5,98.5,98.0199966430664,98.36000061035156,89.45285034179688,34746000
2023-12-19,98.86000061035156,99.26000213623047,98.66000366210938,98.88999938964844,89.93484497070312,30018400
2023-12-20,99.11000061035156,99.69000244140625,98.58000183105469,99.55999755859375,90.54417419433594,51229400
2023-12-21,99.73999786376953,99.83999633789062,98.75,98.93000030517578,89.9712142944336,65231200
2023-12-22,99.37999725341797,99.37999725341797,98.23999786376953,98.4800033569336,89.56195831298828,29244200
2023-12-26,98.54000091552734,98.87000274658203,98.4800033569336,98.76000213623047,89.81661224365234,24019700
2023-12-27,99.77999877929688,100.52999877929688,99.5,100.51000213623047,91.40812683105469,45082800
2023-12-28,100.08999633789062,100.56999969482422,99.55999755859375,99.77999877929688,90.74425506591797,36213000
2023-12-29,99.12999725341797,99.81999969482422,98.80000305175781,98.87999725341797,89.9257583618164,41616200
2024-01-02,98.2300033569336,98.6500015258789,98.0,98.30999755859375,89.4073715209961,47797400
2024-01-03,97.37999725341797,98.8499984741211,97.1500015258789,98.72000122070312,89.78023529052734,58159500
2024-01-04,97.41999816894531,97.63999938964844,97.06999969482422,97.22000122070312,88.41606140136719,52604500
2024-01-05,96.5,97.68000030517578,96.20999908447266,96.29000091552734,87.57028198242188,45894800
2024-01-08,96.2300033569336,97.37999725341797,96.08999633789062,97.23999786376953,88.43426513671875,39485800
2024-01-09,96.63999938964844,97.16999816894531,96.58999633789062,96.62000274658203,87.87040710449219,34374000
2024-01-10,96.91999816894531,97.05000305175781,96.12000274658203,96.16999816894531,87.46114349365234,48227800
2024-01-11,96.16999816894531,96.83000183105469,95.70999908447266,96.70999908447266,87.9522476196289,78858900
2024-01-12,96.77999877929688,97.2699966430664,96.2699966430664,96.5199966430664,87.77946472167969,38883900
2024-01-16,95.62000274658203,95.79000091552734,94.51000213623047,94.81999969482422,86.2333984375,61716700
2024-01-17,94.5999984741211,95.0,94.16000366210938,94.66999816894531,86.09697723388672,55506800
2024-01-18,94.45999908447266,94.58000183105469,93.51000213623047,93.79000091552734,85.29669189453125,77339100
2024-01-19,93.70999908447266,94.16999816894531,93.26000213623047,94.08999633789062,85.56952667236328,47030900
2024-01-22,94.81999969482422,95.08000183105469,94.38999938964844,94.6500015258789,86.07880401611328,35756400
2024-01-23,93.88999938964844,93.98999786376953,93.43000030517578,93.9000015258789,85.39671325683594,35786700
2024-01-24,94.51000213623047,94.54000091552734,93.0999984741211,93.3499984741211,84.89653015136719,54574900
2024-01-25,94.0,94.22000122070312,93.56999969482422,93.95999908447266,85.45128631591797,57019400
2024-01-26,93.93000030517578,94.06999969482422,93.48999786376953,93.77999877929688,85.28759765625,29276900
2024-01-29,94.30999755859375,95.16999816894531,94.12000274658203,94.86000061035156,86.26979064941406,38243600
2024-01-30,95.4800033569336,95.83999633789062,94.73999786376953,95.72000122070312,87.05191040039062,40151400
2024-01-31,96.22000122070312,96.91000366210938,96.0,96.66000366210938,87.90679931640625,80646700
2024-02-01,97.41999816894531,98.66999816894531,97.19000244140625,98.23999786376953,89.63116455078125,84291200
2024-02-02,96.2699966430664,96.62000274658203,95.69000244140625,96.06999969482422,87.65132141113281,63823300
2024-02-05,94.62999725341797,94.8499984741211,94.0199966430664,94.12999725341797,85.88131713867188,53827400
2024-02-06,94.23999786376953,95.1500015258789,94.20999908447266,95.05000305175781,86.72073364257812,33411500
2024-02-07,94.56999969482422,95.2300033569336,94.5199966430664,94.58999633789062,86.30101013183594,40120200
2024-02-08,94.0199966430664,94.30000305175781,93.66000366210938,94.04000091552734,85.7992172241211,50087700
2024-02-09,93.76000213623047,94.01000213623047,93.66000366210938,93.8499984741211,85.6258544921875,27951300
2024-02-12,93.9000015258789,94.13999938964844,93.5,93.95999908447266,85.72623443603516,27890300
2024-02-13,92.86000061035156,93.05999755859375,92.33000183105469,92.3499984741211,84.25729370117188,49768500
2024-02-14,92.30000305175781,93.05000305175781,92.2300033569336,92.81999969482422,84.68610382080078,44191600
2024-02-15,93.55999755859375,93.72000122070312,93.0,93.30000305175781,85.12406158447266,49598500
2024-02-16,92.4800033569336,92.8499984741211,92.33999633789062,92.76000213623047,84.63137817382812,33116800
2024-02-20,92.79000091552734,93.19000244140625,92.72000122070312,92.83999633789062,84.70437622070312,24469300
2024-02-21,92.83000183105469,92.9000015258789,92.01000213623047,92.18000030517578,84.10221862792969,36343100
2024-02-22,92.33000183105469,92.76000213623047,92.2699966430664,92.62999725341797,84.51277923583984,45190700
2024-02-23,92.75,94.0,92.75,93.87000274658203,85.64411926269531,38406700
2024-02-26,94.0,94.02999877929688,93.19000244140625,93.58999633789062,85.38861083984375,27855000
2024-02-27,93.23999786376953,93.47000122070312,92.8499984741211,92.93000030517578,84.7864990234375,30242000
2024-02-28,93.08000183105469,93.5999984741211,92.9000015258789,93.5199966430664,85.32478332519531,34574200
2024-02-29,93.81999969482422,94.30000305175781,93.77999877929688,94.18000030517578,85.92694854736328,51038600
2024-03-01,93.44000244140625,94.51000213623047,93.01000213623047,94.47000122070312,86.46234893798828,45832800
2024-03-04,93.69999694824219,94.16000366210938,93.68000030517578,94.08999633789062,86.11454772949219,23864200
2024-03-05,95.2300033569336,95.68000030517578,94.97000122070312,95.43000030517578,87.34099578857422,37721900
2024-03-06,95.48999786376953,96.16999816894531,95.41000366210938,95.98999786376953,87.85352325439453,40571600
2024-03-07,96.36000061035156,96.4000015258789,95.4800033569336,95.9000015258789,87.77114868164062,39075000
2024-03-08,95.80000305175781,96.05000305175781,95.4800033569336,95.7300033569336,87.61556243896484,25023200
2024-03-11,95.95999908447266,96.01000213623047,95.37000274658203,95.68000030517578,87.56977844238281,17787900
2024-03-12,95.04000091552734,95.20999908447266,94.69000244140625,94.87999725341797,86.83759307861328,29566000
2024-03-13,94.5,94.73999786376953,94.20999908447266,94.41999816894531,86.41659545898438,38270100
2024-03-14,93.7300033569336,93.75,92.86000061035156,92.97000122070312,85.0895004272461,58365600
2024-03-15,93.05999755859375,93.19000244140625,92.79000091552734,92.94000244140625,85.06205749511719,34997700
2024-03-18,92.7300033569336,92.98999786376953,92.5,92.66000366210938,84.8057861328125,29519500
2024-03-19,92.8499984741211,93.2699966430664,92.69000244140625,92.91999816894531,85.0437240600586,26953100
2024-03-20,93.0999984741211,93.79000091552734,92.29000091552734,92.88999938964844,85.01628875732422,43460100
2024-03-21,93.2699966430664,93.43000030517578,92.7300033569336,93.08999633789062,85.1993179321289,34276600
2024-03-22,94.19000244140625,94.20999908447266,93.77999877929688,93.9800033569336,86.01390075683594,30262300
2024-03-25,93.70999908447266,93.75,93.30000305175781,93.51000213623047,85.58372497558594,24011800
2024-03-26,93.51000213623047,93.87000274658203,93.27999877929688,93.7699966430664,85.82169342041016,34423000
2024-03-27,93.98999786376953,94.69999694824219,93.94000244140625,94.69999694824219,86.67284393310547,50157800
2024-03-28,94.48999786376953,95.0199966430664,94.31999969482422,94.62000274658203,86.59966278076172,34540400
2024-04-01,93.29000091552734,93.30000305175781,92.45999908447266,92.55000305175781,84.98534393310547,48945400
2024-04-02,91.56999969482422,92.19999694824219,91.33999633789062,92.04000091552734,84.51703643798828,43086300
2024-04-03,91.26000213623047,92.05000305175781,91.05000305175781,92.0199966430664,84.49862670898438,45494400
2024-04-04,92.62999725341797,92.76000213623047,92.04000091552734,92.68000030517578,85.1047134399414,47957400
2024-04-05,91.69000244140625,92.18000030517578,91.37999725341797,91.38999938964844,83.920166015625,42495900
2024-04-08,91.2300033569336,91.58999633789062,91.12999725341797,91.37999725341797,83.91097259521484,37879800
2024-04-09,91.87000274658203,92.36000061035156,91.83999633789062,92.2300033569336,84.69149780273438,32522000
2024-04-10,91.19999694824219,91.30000305175781,90.05000305175781,90.22000122070312,82.84577941894531,74368900
2024-04-11,90.37999725341797,90.44000244140625,89.51000213623047,89.80999755859375,82.46929931640625,65751200
2024-04-12,90.63999938964844,90.94999694824219,90.27999877929688,90.29000091552734,82.9100341796875,47900100
2024-04-15,89.22000122070312,89.26000213623047,88.5199966430664,88.88999938964844,81.6244888305664,55993100
2024-04-16,88.05000305175781,88.58000183105469,87.79000091552734,88.30000305175781,81.08272552490234,45103200
2024-04-17,88.87000274658203,89.37999725341797,88.45999908447266,89.27999877929688,81.98260498046875,57947000
2024-04-18,89.23999786376953,89.2699966430664,88.58999633789062,88.83000183105469,81.56941223144531,43839500
2024-04-19,89.38999938964844,89.38999938964844,88.91000366210938,89.1500015258789,81.86322021484375,44826800
2024-04-22,88.68000030517578,89.12000274658203,88.6500015258789,89.0,81.72550964355469,24969000
2024-04-23,88.7300033569336,89.54000091552734,88.55000305175781,89.02999877929688,81.7530517578125,27222700
2024-04-24,88.55999755859375,88.62999725341797,87.5,88.4000015258789,81.17453002929688,48986800
2024-04-25,87.45999908447266,87.9000015258789,87.33999633789062,87.77999877929688,80.60520935058594,49282600
2024-04-26,88.25,88.61000061035156,88.05000305175781,88.23999786376953,81.0276107788086,31589800
2024-04-29,88.66000366210938,89.0199966430664,88.4800033569336,88.9800033569336,81.70714569091797,39228600
2024-04-30,88.41999816894531,88.7300033569336,88.0999984741211,88.22000122070312,81.0092544555664,41054700
2024-05-01,88.5999984741211,89.20999908447266,88.23999786376953,88.55999755859375,81.60636901855469,59679500
2024-05-02,88.20999908447266,89.01000213623047,88.02999877929688,88.94000244140625,81.95653533935547,58925400
2024-05-03,89.93000030517578,90.12000274658203,89.2699966430664,89.83999633789062,82.78587341308594,50066100
2024-05-06,89.87000274658203,90.25,89.66999816894531,90.19000244140625,83.1083984375,23868200
2024-05-07,90.9000015258789,91.23999786376953,90.61000061035156,90.73999786376953,83.61519622802734,30525800
2024-05-08,90.30999755859375,90.45999908447266,90.16000366210938,90.19000244140625,83.1083984375,31171700
2024-05-09,89.87000274658203,90.7699966430664,89.81999969482422,90.62999725341797,83.51383972167969,39606700
2024-05-10,90.27999877929688,90.37999725341797,89.95999908447266,90.12000274658203,83.04389953613281,21913800
2024-05-13,90.55000305175781,90.61000061035156,90.30999755859375,90.3499984741211,83.25584411621094,23157500
2024-05-14,90.6500015258789,90.91999816894531,90.41999816894531,90.86000061035156,83.72579193115234,25746400
2024-05-15,91.87000274658203,92.26000213623047,91.62999725341797,92.0999984741211,84.86841583251953,65142900
2024-05-16,92.38999938964844,92.41999816894531,91.94000244140625,92.01000213623047,84.78548431396484,37902400
2024-05-17,91.63999938964844,91.80000305175781,91.33999633789062,91.38999938964844,84.21416473388672,24755000
2024-05-20,91.08000183105469,91.31999969482422,91.01000213623047,91.12000274658203,83.96537780761719,17922800
2024-05-21,91.7300033569336,91.7699966430664,91.43000030517578,91.58999633789062,84.3984603881836,15334400
2024-05-22,91.2699966430664,91.77999877929688,91.26000213623047,91.69999694824219,84.49980926513672,38073700
2024-05-23,91.80000305175781,91.80000305175781,90.81999969482422,91.11000061035156,83.95614624023438,51294700
2024-05-24,90.97000122070312,91.47000122070312,90.9000015258789,91.37999725341797,84.20494842529297,19164400
2024-05-28,91.33000183105469,91.36000061035156,90.02999877929688,90.06999969482422,82.99779510498047,45973700
2024-05-29,89.33999633789062,89.4000015258789,88.68000030517578,88.9800033569336,81.99341583251953,45508400
2024-05-30,89.5999984741211,89.97000122070312,89.44000244140625,89.83999633789062,82.78587341308594,29548600
2024-05-31,90.4800033569336,90.66000366210938,90.25,90.44999694824219,83.34795379638672,41308800
2024-06-03,90.63999938964844,91.66999816894531,90.61000061035156,91.5999984741211,84.69606018066406,42272100
2024-06-04,92.19999694824219,92.80000305175781,91.98999786376953,92.66999816894531,85.6854476928711,42581500
2024-06-05,93.0,93.3499984741211,92.38999938964844,93.3499984741211,86.31417083740234,43153900
2024-06-06,92.91999816894531,93.43000030517578,92.86000061035156,93.20999908447266,86.18473052978516,22891900
2024-06-07,91.83000183105469,91.83000183105469,91.4000015258789,91.5,84.60360717773438,35240500
2024-06-10,91.0,91.05999755859375,90.6500015258789,90.88999938964844,84.03961181640625,20586500
2024-06-11,91.02999877929688,91.87000274658203,90.91999816894531,91.83000183105469,84.90876007080078,30329200
2024-06-12,93.0199966430664,93.56999969482422,92.48999786376953,92.5199966430664,85.54673767089844,42554600
2024-06-13,93.22000122070312,93.98999786376953,92.94999694824219,93.87999725341797,86.80424499511719,33093800
2024-06-14,94.41999816894531,94.83999633789062,94.23999786376953,94.66999816894531,87.5346908569336,28776700
2024-06-17,93.5199966430664,93.80999755859375,93.27999877929688,93.7300033569336,86.66554260253906,31040200
2024-06-18,93.88999938964844,94.5999984741211,93.7300033569336,94.58999633789062,87.46072387695312,26881000
2024-06-20,93.41000366210938,94.0,93.33999633789062,93.95999908447266,86.87821960449219,30246300
2024-06-21,94.23999786376953,94.4800033569336,93.58999633789062,93.95999908447266,86.87821960449219,22596400
2024-06-24,94.05000305175781,94.33999633789062,93.73999786376953,94.33999633789062,87.22956848144531,56939100
2024-06-25,94.06999969482422,94.55000305175781,94.04000091552734,94.5,87.37751007080078,22890200
2024-06-26,93.27999877929688,93.47000122070312,93.11000061035156,93.1500015258789,86.12925720214844,38489100
2024-06-27,93.5199966430664,93.70999908447266,93.41999816894531,93.5199966430664,86.47136688232422,23140800
2024-06-28,93.7300033569336,93.7699966430664,91.77999877929688,91.77999877929688,84.86251068115234,55119600
2024-07-01,90.41999816894531,91.08000183105469,89.81999969482422,89.91000366210938,83.39788055419922,49735400
2024-07-02,90.68000030517578,90.80999755859375,90.08000183105469,90.61000061035156,84.04718780517578,34204700
2024-07-03,91.16999816894531,91.88999938964844,91.08999633789062,91.80000305175781,85.15099334716797,35563300
2024-07-05,92.2699966430664,92.7300033569336,91.9000015258789,92.55999755859375,85.85594177246094,34895500
2024-07-08,92.54000091552734,92.8499984741211,92.22000122070312,92.76000213623047,86.04145050048828,16095700
2024-07-09,92.47000122070312,92.68000030517578,91.87000274658203,92.3499984741211,85.66114044189453,30289800
2024-07-10,92.44999694824219,92.68000030517578,92.26000213623047,92.63999938964844,85.93016052246094,23572500
2024-07-11,93.68000030517578,94.13999938964844,93.47000122070312,93.54000091552734,86.76496887207031,49761800
2024-07-12,93.52999877929688,93.94000244140625,93.33999633789062,93.94000244140625,87.135986328125,27796500
2024-07-15,93.0,93.30000305175781,92.77999877929688,92.86000061035156,86.13421630859375,37918900
2024-07-16,93.52999877929688,94.20999908447266,93.38999938964844,94.16999816894531,87.34931945800781,36383700
2024-07-17,93.91999816894531,94.4000015258789,93.69000244140625,94.19000244140625,87.36788940429688,29036800
2024-07-18,93.68000030517578,94.13999938964844,93.37999725341797,93.47000122070312,86.70004272460938,34553100
2024-07-19,93.04000091552734,93.16000366210938,92.81999969482422,92.91999816894531,86.18986511230469,32164700
2024-07-22,93.4000015258789,93.5199966430664,92.30000305175781,92.6500015258789,85.93944549560547,36160400
2024-07-23,92.80999755859375,93.02999877929688,92.48999786376953,92.5199966430664,85.8188247680664,23498000
2024-07-24,92.58999633789062,92.8499984741211,91.47000122070312,91.5199966430664,84.89126586914062,50757100
2024-07-25,92.02999877929688,92.86000061035156,91.95999908447266,92.2699966430664,85.5869369506836,44999100
2024-07-26,92.94999694824219,93.1500015258789,92.70999908447266,92.98999786376953,86.25481414794922,34423800
2024-07-29,93.66999816894531,93.69000244140625,93.22000122070312,93.48999786376953,86.71858215332031,25801300
2024-07-30,93.75,94.05000305175781,93.30000305175781,93.8499984741211,87.05250549316406,28169800
2024-07-31,94.52999877929688,94.83999633789062,94.23999786376953,94.80999755859375,87.9429702758789,47445300
2024-08-01,95.13999938964844,95.91000366210938,95.12000274658203,95.30999755859375,88.70146942138672,77254200
2024-08-02,97.0,98.37000274658203,96.88999938964844,98.27999877929688,91.46552276611328,91912900
2024-08-05,99.69000244140625,99.94000244140625,97.9000015258789,98.80000305175781,91.949462890625,90686300
2024-08-06,98.1500015258789,98.41000366210938,96.58999633789062,96.58999633789062,89.89271545410156,61316900
2024-08-07,95.94999694824219,96.44999694824219,95.5,95.91000366210938,89.2598648071289,51337100
2024-08-08,95.12000274658203,95.4000015258789,94.83999633789062,95.31999969482422,88.71076965332031,37815800
2024-08-09,96.51000213623047,96.54000091552734,96.08999633789062,96.26000213623047,89.58562469482422,32141800
2024-08-12,96.02999877929688,96.81999969482422,95.87999725341797,96.61000061035156,89.91133880615234,24261400
2024-08-13,97.30000305175781,97.36000061035156,96.9800033569336,97.27999877929688,90.53487396240234,30366900
2024-08-14,97.55000305175781,98.16000366210938,97.51000213623047,97.88999938964844,91.10257720947266,31334100
2024-08-15,96.41000366210938,97.0999984741211,96.20999908447266,97.0999984741211,90.36734008789062,38723700
2024-08-16,97.44000244140625,97.54000091552734,97.01000213623047,97.44000244140625,90.68379974365234,28541000
2024-08-19,97.41999816894531,98.16000366210938,97.41000366210938,97.88999938964844,91.10257720947266,25322100
2024-08-20,98.31999969482422,98.86000061035156,98.12000274658203,98.66999816894531,91.82849884033203,25239300
2024-08-21,98.66999816894531,99.19999694824219,98.20999908447266,98.7300033569336,91.88433837890625,29230000
2024-08-22,98.2300033569336,98.30000305175781,97.43000030517578,97.75,90.97228240966797,33453800
2024-08-23,98.19000244140625,98.66999816894531,97.95999908447266,98.38999938964844,91.56790161132812,32005100
2024-08-26,98.69000244140625,98.69999694824219,98.08000183105469,98.13999938964844,91.33523559570312,23198700
2024-08-27,97.48999786376953,98.08000183105469,97.41000366210938,97.97000122070312,91.17700958251953,21507700
2024-08-28,98.01000213623047,98.19999694824219,97.7300033569336,97.8499984741211,91.06536102294922,18501400
2024-08-29,97.37000274658203,97.63999938964844,97.12999725341797,97.52999877929688,90.76753997802734,24988200
2024-08-30,97.68000030517578,97.98999786376953,96.47000122070312,96.48999786376953,89.79963684082031,42896200
2024-09-03,97.55999755859375,98.05999755859375,97.41999816894531,97.75,91.26834106445312,48947900
2024-09-04,97.87999725341797,99.02999877929688,97.80999755859375,99.01000213623047,92.44477081298828,40885200
2024-09-05,99.33999633789062,99.68000030517578,98.77999877929688,99.56999969482422,92.96765899658203,47450900
2024-09-06,99.55000305175781,100.77999877929688,99.19000244140625,99.55999755859375,92.95831298828125,57406400
2024-09-09,99.4000015258789,100.0999984741211,99.16000366210938,99.98999786376953,93.35981750488281,26961400
2024-09-10,99.87000274658203,100.91000366210938,99.81999969482422,100.69000244140625,94.01341247558594,31703400
2024-09-11,100.48999786376953,101.23999786376953,100.3499984741211,100.61000061035156,93.93871307373047,39497100
2024-09-12,100.36000061035156,100.55000305175781,99.69000244140625,100.13999938964844,93.49986267089844,41618700
2024-09-13,100.45999908447266,100.61000061035156,100.0199966430664,100.41000366210938,93.75196075439453,25722100
2024-09-16,100.62999725341797,101.37000274658203,100.41000366210938,101.33000183105469,94.61096954345703,30866300
2024-09-17,101.47000122070312,101.63999938964844,100.73999786376953,100.83999633789062,94.1534423828125,31699400
2024-09-18,100.23999786376953,100.7300033569336,99.54000091552734,99.58999633789062,92.98633575439453,48897000
2024-09-19,98.91999816894531,99.30999755859375,98.7699966430664,99.26000213623047,92.67822265625,39979800
2024-09-20,98.98999786376953,99.25,98.72000122070312,98.87999725341797,92.32341766357422,37067600
2024-09-23,98.5,99.08999633789062,98.0199966430664,98.66999816894531,92.1273422241211,35703900
2024-09-24,98.0,98.88999938964844,97.8499984741211,98.6500015258789,92.1086654663086,31005400
2024-09-25,98.26000213623047,98.31999969482422,97.79000091552734,97.83000183105469,91.34305572509766,36738200
2024-09-26,98.06999969482422,98.25,97.41999816894531,98.05999755859375,91.55778503417969,33332300
2024-09-27,98.54000091552734,98.76000213623047,98.20999908447266,98.56999969482422,92.03398132324219,28317600
2024-09-30,98.63999938964844,98.70999908447266,97.87999725341797,98.0999984741211,91.59514617919922,34175500
2024-10-01,98.80000305175781,99.33000183105469,98.38999938964844,98.48999786376953,92.25645446777344,45254200
2024-10-02,97.36000061035156,97.7300033569336,97.05999755859375,97.66000366210938,91.47898864746094,35810800
2024-10-03,97.33999633789062,97.51000213623047,96.73999786376953,96.73999786376953,90.61723327636719,39677800
2024-10-04,95.44000244140625,95.95999908447266,95.4000015258789,95.55000305175781,89.50251770019531,56954100
2024-10-07,94.9800033569336,95.2699966430664,94.76000213623047,94.83000183105469,88.8281021118164,42606600
2024-10-08,94.38999938964844,95.02999877929688,94.33999633789062,94.98999786376953,88.97797393798828,33709600
2024-10-09,94.66999816894531,94.91000366210938,94.2300033569336,94.44999694824219,88.4721450805664,35807700
2024-10-10,93.87999725341797,94.08999633789062,93.41000366210938,94.08000183105469,88.12557220458984,53667400
2024-10-11,93.4800033569336,94.06999969482422,93.41999816894531,93.69999694824219,87.7696304321289,27406400
2024-10-14,93.04000091552734,93.77999877929688,92.9800033569336,93.7699966430664,87.83519744873047,28795300
2024-10-15,94.45999908447266,95.0,94.37000274658203,94.91000366210938,88.9030532836914,46429100
2024-10-16,95.38999938964844,95.62000274658203,95.13999938964844,95.30999755859375,89.27772521972656,32281500
2024-10-17,94.29000091552734,94.44000244140625,93.66999816894531,93.80000305175781,87.86327362060547,43427200
2024-10-18,94.05000305175781,94.27999877929688,93.86000061035156,93.87000274658203,87.92884063720703,25258600
2024-10-21,93.0199966430664,93.08999633789062,92.2300033569336,92.2300033569336,86.39266204833984,49504700
2024-10-22,92.6500015258789,92.76000213623047,92.08999633789062,92.31999969482422,86.47695922851562,32096900
2024-10-23,91.83999633789062,92.37000274658203,91.66000366210938,92.06999969482422,86.2427978515625,33354200
2024-10-24,92.2300033569336,93.0,91.95999908447266,92.66000366210938,86.7954330444336,32507400
2024-10-25,92.98999786376953,93.04000091552734,92.0199966430664,92.13999938964844,86.308349609375,28667100
2024-10-28,92.2699966430664,92.29000091552734,91.41999816894531,91.88999938964844,86.07417297363281,33156500
2024-10-29,91.16999816894531,92.05999755859375,90.9800033569336,92.02999877929688,86.20530700683594,46545200
2024-10-30,92.83999633789062,93.29000091552734,92.16000366210938,92.30000305175781,86.45821380615234,41951100
2024-10-31,92.19999694824219,92.94000244140625,91.87000274658203,92.44999694824219,86.5987319946289,52173800
2024-11-01,92.26000213623047,92.5199966430664,90.80000305175781,90.83999633789062,85.37782287597656,80402000
2024-11-04,92.27999877929688,92.56999969482422,91.62999725341797,92.25,86.70306396484375,49747600
2024-11-05,92.02999877929688,92.9000015258789,91.5999984741211,92.73999786376953,87.1635971069336,46986000
2024-11-06,89.63999938964844,90.72000122070312,89.55000305175781,90.19999694824219,84.77630615234375,98895700
2024-11-07,90.75,91.62000274658203,90.6500015258789,91.33000183105469,85.83836364746094,56221400
2024-11-08,92.0,92.5999984741211,91.83999633789062,92.48999786376953,86.9286117553711,56756200
2024-11-11,92.25,92.30000305175781,91.62000274658203,92.04000091552734,86.50568389892578,22369200
2024-11-12,91.37000274658203,91.8499984741211,90.51000213623047,90.66000366210938,85.20866394042969,57908400
2024-11-13,91.5199966430664,91.54000091552734,89.72000122070312,89.80000305175781,84.40038299560547,49009100
2024-11-14,90.55999755859375,91.02999877929688,90.2699966430664,90.31999969482422,84.88910675048828,53328300
2024-11-15,89.91999816894531,90.6500015258789,89.51000213623047,90.08000183105469,84.66354370117188,73722400
2024-11-18,89.66000366210938,90.58999633789062,89.41999816894531,90.23999786376953,84.81391906738281,36010600
2024-11-19,90.81999969482422,91.06999969482422,90.62000274658203,90.69999694824219,85.24624633789062,29585100
2024-11-20,90.1500015258789,90.83000183105469,90.11000061035156,90.41000366210938,84.97369384765625,27755400
2024-11-21,90.44999694824219,90.8499984741211,90.0,90.33999633789062,84.90788269042969,28365700
2024-11-22,90.51000213623047,90.69999694824219,90.1500015258789,90.38999938964844,84.95490264892578,21547500
2024-11-25,92.19999694824219,92.77999877929688,91.98999786376953,92.7300033569336,87.1541976928711,56858000
2024-11-26,92.16000366210938,92.44000244140625,91.80999755859375,92.37000274658203,86.81585693359375,31122200
2024-11-27,93.04000091552734,93.37999725341797,92.66999816894531,93.01000213623047,87.41734313964844,39442200
2024-11-29,93.77999877929688,93.98999786376953,93.44000244140625,93.97000122070312,88.31964111328125,31905700
2024-12-02,93.2699966430664,94.1500015258789,93.0,93.87000274658203,88.53185272216797,39406000
2024-12-03,93.93000030517578,94.02999877929688,92.98999786376953,93.05999755859375,87.76789855957031,32768900
2024-12-04,92.61000061035156,94.19000244140625,92.54000091552734,94.05999755859375,88.7110366821289,35851100
2024-12-05,93.72000122070312,94.38999938964844,93.66000366210938,94.25,88.89024353027344,23695800
2024-12-06,94.72000122070312,94.8499984741211,94.0199966430664,94.38999938964844,89.02227783203125,31761500
2024-12-09,93.98999786376953,94.04000091552734,93.47000122070312,93.5199966430664,88.20174407958984,30509600
2024-12-10,93.0199966430664,93.30000305175781,92.91000366210938,93.08000183105469,87.78675842285156,28706500
2024-12-11,93.06999969482422,93.29000091552734,92.11000061035156,92.19999694824219,86.95679473876953,38748400
2024-12-12,91.63999938964844,91.75,91.0,91.08000183105469,85.90049743652344,45368400
2024-12-13,90.80000305175781,90.8499984741211,90.08000183105469,90.1500015258789,85.02340698242188,39486000
2024-12-16,90.55000305175781,90.62000274658203,90.05000305175781,90.41999816894531,85.27804565429688,23482300
2024-12-17,90.5199966430664,90.98999786376953,90.45999908447266,90.63999938964844,85.48552703857422,23839900
2024-12-18,89.97000122070312,90.37000274658203,89.13999938964844,89.16000366210938,84.41658020019531,61328400
2024-12-19,88.06999969482422,88.38999938964844,87.51000213623047,87.80999755859375,83.1384048461914,99083300
2024-12-20,88.52999877929688,88.91000366210938,88.29000091552734,88.30999755859375,83.61180114746094,45542400
2024-12-23,88.16000366210938,88.2300033569336,87.44000244140625,87.5,82.84490966796875,32764600
2024-12-24,87.04000091552734,87.88999938964844,86.9800033569336,87.87000274658203,83.1952133178711,22377600
2024-12-26,87.20999908447266,87.95999908447266,87.19999694824219,87.81999969482422,83.14787292480469,19981800
2024-12-27,87.4800033569336,87.77999877929688,87.05999755859375,87.0999984741211,82.4661865234375,27262300
2024-12-30,87.83000183105469,88.04000091552734,87.66999816894531,87.80000305175781,83.1289291381836,48519600
2024-12-31,88.12999725341797,88.27999877929688,87.26000213623047,87.33000183105469,82.6839370727539,31917300
2025-01-02,87.80000305175781,88.12000274658203,87.20999908447266,87.56999969482422,82.91116333007812,27841300
2025-01-03,87.72000122070312,87.87999725341797,87.18000030517578,87.29000091552734,82.64606475830078,21962200
2025-01-06,87.05000305175781,87.2300033569336,86.66999816894531,86.9000015258789,82.27682495117188,30231500
2025-01-07,86.5999984741211,86.7699966430664,85.79000091552734,85.91999816894531,81.34896087646484,41757200
2025-01-08,85.47000122070312,86.19999694824219,85.33999633789062,86.02999877929688,81.4531021118164,44590800
2025-01-10,85.27999877929688,85.8499984741211,85.16000366210938,85.45999908447266,80.91343688964844,47115800
2025-01-13,85.52999877929688,85.66000366210938,85.04000091552734,85.43000030517578,80.88504028320312,33258900
2025-01-14,85.2300033569336,85.36000061035156,84.88999938964844,85.29000091552734,80.7524642944336,33412900
2025-01-15,86.69999694824219,86.9800033569336,86.4000015258789,86.76000213623047,82.1442642211914,54120700
2025-01-16,86.63999938964844,87.4000015258789,86.27999877929688,87.04000091552734,82.40937042236328,34651100
2025-01-17,87.43000030517578,87.4800033569336,87.04000091552734,87.19000244140625,82.55140686035156,29875600
2025-01-21,87.88999938964844,88.16999816894531,87.62999725341797,87.97000122070312,83.2898941040039,30548600
2025-01-22,87.87000274658203,87.9800033569336,87.31999969482422,87.51000213623047,82.8543701171875,25278400
2025-01-23,86.63999938964844,86.98999786376953,86.52999877929688,86.83000183105469,82.21053314208984,31949000
2025-01-24,86.72000122070312,87.27999877929688,86.5999984741211,87.22000122070312,82.57980346679688,21110400
2025-01-27,88.16000366210938,88.43000030517578,87.8499984741211,88.25,83.55499267578125,42864200
2025-01-28,87.83999633789062,88.19999694824219,87.66000366210938,88.19000244140625,83.49820709228516,25519100
2025-01-29,88.43000030517578,88.62000274658203,87.62999725341797,88.01000213623047,83.32777404785156,25342800
2025-01-30,88.41000366210938,88.70999908447266,88.16999816894531,88.33999633789062,83.64022064208984,25094900
2025-01-31,88.37999725341797,88.66000366210938,87.43000030517578,87.76000213623047,83.09107208251953,48790100
2025-02-03,88.58000183105469,89.0999984741211,87.80000305175781,88.16000366210938,83.7676010131836,70657200
2025-02-04,87.55000305175781,88.44999694824219,87.4800033569336,88.43000030517578,84.0241470336914,33414000
2025-02-05,89.44999694824219,90.18000030517578,89.38999938964844,89.88999938964844,85.41138458251953,48331200
2025-02-06,89.86000061035156,90.1500015258789,89.55000305175781,89.8499984741211,85.3733901977539,22509900
2025-02-07,89.23999786376953,89.44999694824219,88.94000244140625,89.2699966430664,84.82229614257812,31171200
2025-02-10,89.26000213623047,89.52999877929688,88.8499984741211,89.0,84.56575012207031,22736100
2025-02-11,88.52999877929688,88.68000030517578,88.37999725341797,88.43000030517578,84.0241470336914,21513000
2025-02-12,87.29000091552734,87.5999984741211,86.86000061035156,87.2300033569336,82.88394165039062,48536200
2025-02-13,88.08999633789062,88.88999938964844,88.06999969482422,88.68000030517578,84.26168060302734,42718100
2025-02-14,89.37999725341797,89.68000030517578,89.12000274658203,89.1500015258789,84.7082748413086,27460700
2025-02-18,88.54000091552734,88.83999633789062,88.04000091552734,88.0999984741211,83.71060180664062,29429200
2025-02-19,87.94999694824219,88.44999694824219,87.88999938964844,88.20999908447266,83.81510162353516,20584300
2025-02-20,88.44999694824219,88.76000213623047,88.44999694824219,88.54000091552734,84.128662109375,27913400
2025-02-21,88.87000274658203,89.93000030517578,88.81999969482422,89.61000061035156,85.14533996582031,46912300
2025-02-24,89.33000183105469,90.05999755859375,89.26000213623047,89.87000274658203,85.39240264892578,26218000
2025-02-25,90.97000122070312,91.5,90.80000305175781,91.41999816894531,86.86517333984375,50125100
2025-02-26,91.41999816894531,92.05999755859375,91.19999694824219,91.95999908447266,87.37826538085938,32220200
2025-02-27,91.30999755859375,91.79000091552734,91.13999938964844,91.30999755859375,86.76066589355469,53373600
2025-02-28,91.8499984741211,92.4800033569336,91.47000122070312,92.43000030517578,87.82484436035156,49388600
2025-03-03,91.41000366210938,92.70999908447266,91.37000274658203,92.56999969482422,88.23472595214844,42904200
2025-03-04,92.44000244140625,92.79000091552734,91.2699966430664,91.43000030517578,87.14811706542969,56722000
2025-03-05,91.55999755859375,91.80000305175781,90.61000061035156,90.69999694824219,86.45227813720703,50215900
2025-03-06,90.4800033569336,90.80000305175781,89.7300033569336,90.4000015258789,86.16634368896484,42827500
2025-03-07,91.13999938964844,91.16000366210938,89.98999786376953,90.11000061035156,85.88993072509766,36903600
2025-03-10,91.08000183105469,91.62999725341797,90.91000366210938,91.05000305175781,86.78590393066406,41440800
2025-03-11,90.97000122070312,91.48999786376953,90.13999938964844,90.4000015258789,86.16634368896484,40555700
2025-03-12,90.0,90.37999725341797,89.77999877929688,89.86000061035156,85.6516342163086,32734600
2025-03-13,89.58000183105469,90.70999908447266,89.37999725341797,90.6500015258789,86.40462493896484,38675400
2025-03-14,90.01000213623047,90.41000366210938,89.86000061035156,90.16999816894531,85.94711303710938,24658000
2025-03-17,90.80000305175781,91.18000030517578,90.37999725341797,90.62000274658203,86.37603759765625,26700300
2025-03-18,90.13999938964844,91.0199966430664,90.12000274658203,90.70999908447266,86.46183013916016,23654700
2025-03-19,90.68000030517578,91.22000122070312,90.37999725341797,91.18000030517578,86.90982055664062,31378700
2025-03-20,92.19999694824219,92.23999786376953,91.16000366210938,91.23999786376953,86.96698760986328,35645800
2025-03-21,91.33000183105469,91.44000244140625,90.62000274658203,90.69999694824219,86.45227813720703,29192100
2025-03-24,90.19999694824219,90.26000213623047,89.69999694824219,89.7699966430664,85.56584167480469,27985600
2025-03-25,89.56999969482422,90.08000183105469,89.51000213623047,89.76000213623047,85.55631256103516,22333800
2025-03-26,89.38999938964844,89.5999984741211,89.08999633789062,89.16999816894531,84.99394226074219,25095600
2025-03-27,88.8499984741211,89.02999877929688,88.62999725341797,88.91000366210938,84.74613189697266,23674500
2025-03-28,89.87999725341797,90.33999633789062,89.80999755859375,90.13999938964844,85.91851043701172,39869400
2025-03-31,91.2300033569336,91.33999633789062,90.36000061035156,91.02999877929688,86.766845703125,38824300
2025-04-01,91.25,91.91000366210938,91.20999908447266,91.48999786376953,87.51871490478516,39800100
2025-04-02,92.37000274658203,92.37000274658203,90.66000366210938,91.43000030517578,87.46131896972656,43488400
2025-04-03,92.5199966430664,92.7300033569336,91.83999633789062,91.8499984741211,87.86309814453125,57467400
2025-04-04,93.6500015258789,94.08999633789062,92.81999969482422,92.8499984741211,88.8196792602539,92794200
2025-04-07,91.87999725341797,92.19000244140625,89.80000305175781,90.05000305175781,86.14122772216797,124987600
2025-04-08,89.27999877929688,90.19999694824219,88.22000122070312,88.3499984741211,84.51500701904297,73861900
2025-04-09,87.2699966430664,88.91000366210938,85.88999938964844,88.87000274658203,85.012451171875,131353500
2025-04-10,87.73999786376953,88.18000030517578,86.3499984741211,86.41999816894531,82.66880798339844,78592000
2025-04-11,85.87000274658203,87.30000305175781,85.0,86.88999938964844,83.1183853149414,94814100
2025-04-14,87.4000015258789,87.70999908447266,86.81999969482422,87.51000213623047,83.71148681640625,37596400
2025-04-15,87.1500015258789,88.19000244140625,87.04000091552734,87.81999969482422,84.00801849365234,22553900
2025-04-16,87.80000305175781,88.5,87.47000122070312,88.30999755859375,84.47675323486328,35607300
2025-04-17,88.04000091552734,88.19999694824219,87.2300033569336,87.52999877929688,83.7306137084961,31758400
2025-04-21,86.5999984741211,87.06999969482422,85.9800033569336,86.0,82.26702880859375,39343200
2025-04-22,86.81999969482422,87.0199966430664,86.4000015258789,86.4800033569336,82.7261962890625,32552100
2025-04-23,88.87999725341797,89.05999755859375,87.16999816894531,87.31999969482422,83.52971649169922,44082200
2025-04-24,88.02999877929688,88.3499984741211,87.76000213623047,88.23999786376953,84.40979766845703,24190800
2025-04-25,88.9000015258789,89.11000061035156,88.5999984741211,88.88999938964844,85.03157806396484,22513900
2025-04-28,88.66000366210938,89.52999877929688,88.61000061035156,89.44999694824219,85.5672607421875,20130500
2025-04-29,89.31999969482422,90.20999908447266,89.30000305175781,90.19999694824219,86.28471374511719,22129500
2025-04-30,89.77999877929688,90.05000305175781,89.33000183105469,89.47000122070312,85.58639526367188,42630600
2025-05-01,89.26000213623047,89.27999877929688,88.30000305175781,88.69000244140625,85.15243530273438,29932800
2025-05-02,87.70999908447266,88.06999969482422,87.54000091552734,87.7300033569336,84.2307357788086,32090400
2025-05-05,87.3499984741211,87.41000366210938,86.83000183105469,87.23999786376953,83.76026153564453,22862800
2025-05-06,86.80000305175781,87.52999877929688,86.63999938964844,87.52999877929688,84.0386962890625,21095200
2025-05-07,87.91999816894531,88.20999908447266,87.81999969482422,87.9000015258789,84.39393615722656,23161600
2025-05-08,88.0199966430664,88.05999755859375,86.88999938964844,86.91999816894531,83.45301818847656,25483700
2025-05-09,87.0,87.30999755859375,86.91999816894531,87.05000305175781,83.57785034179688,17007900
2025-05-12,86.37999725341797,86.77999877929688,86.19000244140625,86.23999786376953,82.8001480102539,32115000
2025-05-13,86.12999725341797,86.29000091552734,85.5,85.88999938964844,82.46411895751953,53912200
2025-05-14,85.75,85.87000274658203,85.19999694824219,85.31999969482422,81.9168472290039,42119800
2025-05-15,85.62999725341797,86.31999969482422,85.4800033569336,86.06999969482422,82.63693237304688,59448000
2025-05-16,86.87000274658203,86.88999938964844,86.19999694824219,86.30000305175781,82.85774993896484,31778200
2025-05-19,84.91000366210938,86.12000274658203,84.83000183105469,86.05000305175781,82.61774444580078,49361900
2025-05-20,85.43000030517578,85.5999984741211,85.05999755859375,85.43000030517578,82.0224609375,35493100
2025-05-21,84.68000030517578,85.05999755859375,83.76000213623047,83.97000122070312,80.62069702148438,77053100
2025-05-22,83.5199966430664,84.43000030517578,83.30000305175781,84.41000366210938,81.04314422607422,61747900
2025-05-23,84.7699966430664,84.81999969482422,84.30999755859375,84.55000305175781,81.17756652832031,47139200
2025-05-27,85.3499984741211,86.02999877929688,85.1500015258789,85.7300033569336,82.31048583984375,56773400
2025-05-28,85.41000366210938,85.54000091552734,84.97000122070312,85.36000061035156,81.95526123046875,34806800
2025-05-29,85.7699966430664,86.26000213623047,85.63999938964844,86.1500015258789,82.7137451171875,38933200
2025-05-30,86.08999633789062,86.47000122070312,85.87999725341797,86.27999877929688,82.83856964111328,49042100
2025-06-02,85.29000091552734,85.47000122070312,84.79000091552734,85.16000366210938,82.06758880615234,46213100
2025-06-03,85.44000244140625,85.73999786376953,84.88999938964844,85.01000213623047,81.92304992675781,33731300
2025-06-04,85.79000091552734,86.6500015258789,85.6500015258789,86.38999938964844,83.25294494628906,57441500
2025-06-05,86.68000030517578,86.93000030517578,86.22000122070312,86.44999694824219,83.31075286865234,37664700
2025-06-06,85.79000091552734,85.93000030517578,85.27999877929688,85.3499984741211,82.25070190429688,38130100
2025-06-09,85.04000091552734,85.63999938964844,85.04000091552734,85.44000244140625,82.33744049072266,26560800
2025-06-10,86.0999984741211,86.18000030517578,85.5199966430664,85.87999725341797,82.7614517211914,24857000
2025-06-11,85.80999755859375,86.4000015258789,85.70999908447266,86.13999938964844,83.01202392578125,36334800
2025-06-12,86.88999938964844,87.19999694824219,86.5999984741211,87.16999816894531,84.0046157836914,43017800
2025-06-13,86.7300033569336,86.87999725341797,85.77999877929688,86.33000183105469,83.19512176513672,49374000
2025-06-16,86.08000183105469,86.43000030517578,85.45999908447266,85.45999908447266,82.3567123413086,36496600
2025-06-17,86.0,86.66000366210938,85.75,86.5,83.35894775390625,34521600
2025-06-18,86.87999725341797,87.08999633789062,86.3499984741211,86.6500015258789,83.50350189208984,38589000
2025-06-20,86.13999938964844,86.79000091552734,85.94999694824219,86.48999786376953,83.34931945800781,26001900
2025-06-23,86.93000030517578,87.44000244140625,86.7699966430664,86.7699966430664,83.61913299560547,36851800
2025-06-24,86.47000122070312,87.58999633789062,86.43000030517578,87.4000015258789,84.22627258300781,32959100
2025-06-25,87.11000061035156,87.51000213623047,86.80000305175781,87.51000213623047,84.332275390625,26345300
2025-06-26,87.58999633789062,87.94999694824219,87.19999694824219,87.94999694824219,84.75629425048828,30467500
2025-06-27,87.56999969482422,88.16000366210938,87.23999786376953,87.38999938964844,84.21662902832031,74993500
2025-06-30,87.86000061035156,88.44000244140625,87.61000061035156,88.25,85.04540252685547,53695200
2025-07-01,88.12999725341797,88.30999755859375,87.66000366210938,88.13999938964844,85.25627136230469,38960600
2025-07-02,87.19000244140625,87.58999633789062,87.0999984741211,87.58000183105469,84.71459197998047,39382200
2025-07-03,87.16999816894531,87.29000091552734,86.8499984741211,86.97000122070312,84.12454986572266,26729100
2025-07-07,86.54000091552734,86.55999755859375,85.91999816894531,86.13999938964844,83.32170867919922,38314700
2025-07-08,85.56999969482422,86.04000091552734,85.44000244140625,86.02999877929688,83.21529388427734,31407000
2025-07-09,86.19000244140625,86.93000030517578,86.18000030517578,86.93000030517578,84.08586120605469,29821900
2025-07-10,86.83000183105469,87.05999755859375,86.48999786376953,86.98999786376953,84.14389038085938,24525500
2025-07-11,86.2300033569336,86.2699966430664,85.63999938964844,85.79000091552734,82.983154296875,40764800
2025-07-14,85.54000091552734,85.87999725341797,85.31999969482422,85.61000061035156,82.80905151367188,24609500
2025-07-15,85.88999938964844,85.91000366210938,84.9000015258789,85.01000213623047,82.22867584228516,40455000
2025-07-16,85.27999877929688,85.66000366210938,84.19000244140625,85.12999725341797,82.34473419189453,65987700
2025-07-17,85.22000122070312,85.48999786376953,84.98999786376953,85.11000061035156,82.32540130615234,31875500
2025-07-18,85.43000030517578,85.45999908447266,85.0999984741211,85.23999786376953,82.45114135742188,27534900
2025-07-21,86.22000122070312,86.51000213623047,85.95999908447266,86.0,83.18629455566406,40019500
2025-07-22,86.16999816894531,86.7699966430664,86.11000061035156,86.5199966430664,83.68926239013672,35190300
2025-07-23,86.05000305175781,86.19999694824219,85.79000091552734,86.04000091552734,83.2249755859375,31008500
2025-07-24,85.55000305175781,86.23999786376953,85.51000213623047,85.88999938964844,83.07987213134766,25164800
2025-07-25,85.80000305175781,86.44000244140625,85.72000122070312,86.43000030517578,83.60221862792969,27196200
2025-07-28,85.98999786376953,86.19999694824219,85.83000183105469,85.87000274658203,83.06053924560547,26812500
2025-07-29,86.2300033569336,87.33999633789062,86.19999694824219,87.31999969482422,84.46308898925781,47828300
2025-07-30,86.7699966430664,86.95999908447266,86.55999755859375,86.87000274658203,84.02781677246094,40670900
2025-07-31,87.12999725341797,87.41000366210938,86.83999633789062,86.91999816894531,84.07617950439453,49814100
2025-08-01,87.55999755859375,87.93000030517578,87.5199966430664,87.81999969482422,85.2714614868164,63434500
2025-08-04,87.95999908447266,88.1500015258789,87.6500015258789,88.05999755859375,85.5044937133789,36425200
2025-08-05,87.8499984741211,88.44999694824219,87.77999877929688,88.33000183105469,85.76665496826172,28586100
2025-08-06,87.83999633789062,88.05000305175781,86.91999816894531,87.81999969482422,85.2714614868164,42589300
2025-08-07,87.91999816894531,88.25,87.58999633789062,87.66999816894531,85.12580871582031,29213100
2025-08-08,87.36000061035156,87.38999938964844,87.1500015258789,87.29000091552734,84.7568359375,21596300
2025-08-11,87.54000091552734,87.66999816894531,87.27999877929688,87.38999938964844,84.85393524169922,20100900
2025-08-12,86.9000015258789,86.97000122070312,86.55000305175781,86.94999694824219,84.42669677734375,41052300
2025-08-13,87.44000244140625,87.80999755859375,87.43000030517578,87.66999816894531,85.12580871582031,30817500
2025-08-14,87.51000213623047,87.51000213623047,86.88999938964844,87.0199966430664,84.49466705322266,33397400
2025-08-15,86.66000366210938,86.77999877929688,86.25,86.4000015258789,83.8926773071289,36343600
2025-08-18,86.5,86.54000091552734,85.98999786376953,86.1500015258789,83.6499252319336,26777500
2025-08-19,86.44999694824219,86.75,86.44999694824219,86.6500015258789,84.13542175292969,28780600
2025-08-20,86.58999633789062,86.97000122070312,86.55999755859375,86.83999633789062,84.31989288330078,25912500
2025-08-21,86.55999755859375,86.68000030517578,86.11000061035156,86.41000366210938,83.90237426757812,28643900
2025-08-22,86.83000183105469,87.30000305175781,86.72000122070312,87.05000305175781,84.5238037109375,49871900
2025-08-25,86.7300033569336,87.05000305175781,86.6500015258789,86.80000305175781,84.28105163574219,27011900
2025-08-26,86.51000213623047,86.79000091552734,86.22000122070312,86.75,84.23250579833984,30259300
2025-08-27,86.11000061035156,86.66000366210938,86.0,86.6500015258789,84.13542175292969,38142800
2025-08-28,86.77999877929688,87.26000213623047,86.66000366210938,87.22000122070312,84.68887329101562,32205900
2025-08-29,86.76000213623047,86.86000061035156,86.44000244140625,86.5999984741211,84.08686828613281,41686400
2025-09-02,85.62999725341797,85.83999633789062,85.4800033569336,85.62999725341797,83.46112060546875,48760600
2025-09-03,85.93000030517578,86.80999755859375,85.88999938964844,86.56999969482422,84.37731170654297,52499500
2025-09-04,87.0199966430664,87.23999786376953,86.58000183105469,87.2300033569336,85.02059173583984,40501600
2025-09-05,88.22000122070312,88.61000061035156,88.13999938964844,88.55999755859375,86.31690979003906,69668000
2025-09-08,89.16999816894531,89.76000213623047,89.12000274658203,89.73999786376953,87.46702575683594,54538700
2025-09-09,89.4000015258789,89.55000305175781,88.98999786376953,89.2300033569336,86.96994018554688,37126400
2025-09-10,89.4000015258789,90.06999969482422,89.19000244140625,89.73999786376953,87.46702575683594,40713600
2025-09-11,89.91000366210938,90.4800033569336,89.9000015258789,90.33999633789062,88.05181884765625,46694400
2025-09-12,89.83000183105469,89.9800033569336,89.48999786376953,89.94999694824219,87.67170715332031,32968600
2025-09-15,90.1500015258789,90.45999908447266,90.06999969482422,90.16000366210938,87.87638092041016,24820100
2025-09-16,90.08999633789062,90.5,90.04000091552734,90.3499984741211,88.06156921386719,26794200
2025-09-17,90.70999908447266,91.04000091552734,89.87000274658203,90.12000274658203,87.83740234375,49121800
2025-09-18,89.26000213623047,89.47000122070312,88.9000015258789,89.19000244140625,86.93094635009766,55717900
2025-09-19,89.06999969482422,89.2300033569336,88.79000091552734,89.0199966430664,86.76525115966797,32509200
2025-09-22,88.81999969482422,88.91000366210938,88.54000091552734,88.69999694824219,86.45336151123047,24758200
2025-09-23,88.97000122070312,89.36000061035156,88.75,89.31999969482422,87.05765533447266,26689000
2025-09-24,89.08000183105469,89.16000366210938,88.69999694824219,88.9800033569336,86.72628021240234,28098000
2025-09-25,88.8499984741211,89.02999877929688,88.45999908447266,88.9800033569336,86.72628021240234,29882500
2025-09-26,88.98999786376953,89.47000122070312,88.69000244140625,88.9000015258789,86.64830017089844,30955100
2025-09-29,89.29000091552734,89.73999786376953,89.26000213623047,89.62999725341797,87.35980987548828,32286200
2025-09-30,89.66000366210938,90.04000091552734,89.20999908447266,89.37000274658203,87.10639953613281,38584000
2025-10-01,89.44999694824219,89.63999938964844,89.08999633789062,89.29000091552734,87.33135223388672,39408900
2025-10-02,89.30999755859375,89.69000244140625,89.19000244140625,89.55000305175781,87.58564758300781,23208300
2025-10-03,89.62999725341797,89.72000122070312,89.2699966430664,89.37999725341797,87.41936492919922,25884500
2025-10-06,88.70999908447266,89.16000366210938,88.6500015258789,88.66999816894531,86.72494506835938,28371000
2025-10-07,88.97000122070312,89.37999725341797,88.80999755859375,89.18000030517578,87.22376251220703,29103300
2025-10-08,89.5999984741211,89.62000274658203,89.12999725341797,89.25,87.29222869873047,22506200
2025-10-09,89.16999816894531,89.29000091552734,89.01000213623047,89.18000030517578,87.22376251220703,21578700
2025-10-10,89.9800033569336,90.72000122070312,89.9000015258789,90.62000274658203,88.63218688964844,59389400
2025-10-13,90.27999877929688,90.58000183105469,89.86000061035156,90.56999969482422,88.58326721191406,28035500
2025-10-14,90.6500015258789,90.91999816894531,90.43000030517578,90.86000061035156,88.86691284179688,29800000
2025-10-15,90.95999908447266,91.30000305175781,90.47000122070312,90.66000366210938,88.67129516601562,31333900
2025-10-16,90.5199966430664,91.5,90.44999694824219,91.33999633789062,89.33638000488281,39631200
2025-10-17,91.25,91.29000091552734,90.9000015258789,91.19999694824219,89.1994400024414,40240400
2025-10-20,91.45999908447266,91.55999755859375,91.27999877929688,91.55000305175781,89.5417709350586,28429300
2025-10-21,91.98999786376953,92.19000244140625,91.91000366210938,92.0,89.98190307617188,24514300
2025-10-22,91.98999786376953,92.18000030517578,91.81999969482422,92.05999755859375,90.04057312011719,30496200
2025-10-23,91.61000061035156,91.79000091552734,91.29000091552734,91.43000030517578,89.42440795898438,28275100
2025-10-24,91.58999633789062,91.5999984741211,91.16000366210938,91.47000122070312,89.46353912353516,28266000
2025-10-27,91.31999969482422,91.79000091552734,91.08999633789062,91.77999877929688,89.76673126220703,30033600
2025-10-28,91.8499984741211,92.18000030517578,91.80999755859375,92.0199966430664,90.00146484375,23564500
2025-10-29,91.87999725341797,91.88999938964844,91.0199966430664,91.08999633789062,89.09187316894531,39551600
2025-10-30,90.38999938964844,90.97000122070312,90.3499984741211,90.55999755859375,88.573486328125,42649200
2025-10-31,90.55999755859375,90.66000366210938,90.19999694824219,90.29000091552734,88.3094253540039,38247300
2025-11-03,89.62000274658203,89.81999969482422,89.41999816894531,89.73999786376953,88.08855438232422,40752300
2025-11-04,89.77999877929688,90.05999755859375,89.73999786376953,89.94000244140625,88.28487396240234,26383800
2025-11-05,89.51000213623047,89.55000305175781,88.87999725341797,88.95999908447266,87.32290649414062,44643400
2025-11-06,89.55999755859375,89.8499984741211,89.52999877929688,89.76000213623047,88.10819244384766,33027400
2025-11-07,89.36000061035156,89.87000274658203,89.36000061035156,89.56999969482422,87.92169189453125,28530100
2025-11-10,89.48999786376953,89.66999816894531,89.38999938964844,89.55000305175781,87.90205383300781,24093500
2025-11-11,89.94999694824219,90.06999969482422,89.77999877929688,89.95999908447266,88.30451202392578,18942300
2025-11-12,89.94999694824219,90.31999969482422,89.87999725341797,90.12000274658203,88.4615707397461,23594900
2025-11-13,89.80000305175781,89.94000244140625,89.37999725341797,89.37999725341797,87.73516845703125,33825900
2025-11-14,89.79000091552734,89.83999633789062,88.87000274658203,88.87000274658203,87.23456573486328,38550500
2025-11-17,89.08000183105469,89.30000305175781,88.9800033569336,89.08999633789062,87.45051574707031,25605800
2025-11-18,89.3499984741211,89.44999694824219,88.80000305175781,89.05999755859375,87.42107391357422,31967400
2025-11-19,89.2300033569336,89.30999755859375,88.8499984741211,88.87999725341797,87.244384765625,25782400
2025-11-20,88.98999786376953,89.41999816894531,88.98999786376953,89.2300033569336,87.58794403076172,32945000
2025-11-21,89.6500015258789,89.66999816894531,89.19999694824219,89.5,87.85297393798828,41938600
2025-11-24,89.94999694824219,90.06999969482422,89.77999877929688,90.01000213623047,88.35357666015625,30865700
2025-11-25,90.30999755859375,90.58999633789062,90.12999725341797,90.23999786376953,88.579345703125,36503300
2025-11-26,90.1500015258789,90.63999938964844,89.83000183105469,90.63999938964844,88.97200012207031,34099000
2025-11-28,90.45999908447266,90.52999877929688,89.94999694824219,90.20999908447266,88.5499038696289,40704300
2025-12-01,88.8499984741211,88.98999786376953,88.70999908447266,88.7699966430664,87.44757080078125,47086600
2025-12-02,88.58000183105469,88.95999908447266,88.45999908447266,88.80999755859375,87.48696899414062,27605700
2025-12-03,88.91999816894531,89.16000366210938,88.73999786376953,89.05999755859375,87.73324584960938,23278600
2025-12-04,88.91000366210938,88.93000030517578,88.4800033569336,88.58000183105469,87.2603988647461,25541500
2025-12-05,88.55000305175781,88.55000305175781,88.05000305175781,88.16999816894531,86.85651397705078,32808100
2025-12-08,88.19000244140625,88.19999694824219,87.55999755859375,87.87999725341797,86.5708236694336,32255200
2025-12-09,88.33999633789062,88.3499984741211,87.83999633789062,87.97000122070312,86.65949249267578,25771800
2025-12-10,88.0,88.5199966430664,87.86000061035156,88.30999755859375,86.99441528320312,46833500
2025-12-11,88.69000244140625,88.83000183105469,88.16000366210938,88.19000244140625,86.87621307373047,26778700
2025-12-12,87.37999725341797,87.5,87.19000244140625,87.33999633789062,86.03887176513672,47030100
2025-12-15,87.72000122070312,87.87999725341797,87.38999938964844,87.4000015258789,86.09798431396484,28611800
2025-12-16,87.19000244140625,87.91999816894531,87.16999816894531,87.87999725341797,86.5708236694336,41018700
2025-12-17,87.62999725341797,87.98999786376953,87.58000183105469,87.80000305175781,86.49202728271484,24668300
2025-12-18,88.12999725341797,88.37999725341797,88.06999969482422,88.22000122070312,86.90576934814453,39048900
2025-12-19,87.61000061035156,87.76000213623047,87.41000366210938,87.55000305175781,86.58140563964844,37858100
2025-12-22,87.41999816894531,87.45999908447266,87.25,87.36000061035156,86.39350128173828,25547100
2025-12-23,87.06999969482422,87.58000183105469,87.02999877929688,87.5,86.53194427490234,33624100
2025-12-24,87.76000213623047,88.08000183105469,87.6500015258789,88.02999877929688,87.05608367919922,25942000
2025-12-26,88.0999984741211,88.16999816894531,87.5999984741211,87.73999786376953,86.76929473876953,26522700
2025-12-29,87.94999694824219,88.06999969482422,87.79000091552734,88.06999969482422,87.09564208984375,29399800
2025-12-30,87.73999786376953,88.04000091552734,87.66999816894531,87.86000061035156,86.88796997070312,25106800
2025-12-31,87.68000030517578,87.91000366210938,87.12999725341797,87.16000366210938,86.19571685791016,36500000
