date,open,high,low,close,adj_close,volume
2014-01-02,106.44999694824219,106.56999969482422,106.43000030517578,106.5,76.92888641357422,1346600
2014-01-03,106.44999694824219,106.62999725341797,106.38999938964844,106.54000091552734,76.9577865600586,2293500
2014-01-06,106.52999877929688,106.68000030517578,106.52999877929688,106.68000030517578,77.05891418457031,4413900
2014-01-07,106.73999786376953,106.77999877929688,106.66999816894531,106.7300033569336,77.09500122070312,1255700
2014-01-08,106.56999969482422,106.62000274658203,106.4000015258789,106.41000366210938,76.86388397216797,1090800
2014-01-09,106.55999755859375,106.58000183105469,106.41999816894531,106.55999755859375,76.97220611572266,829400
2014-01-10,106.91999816894531,107.0999984741211,106.83999633789062,107.0999984741211,77.36225128173828,1484400
2014-01-13,107.1500015258789,107.30999755859375,107.13999938964844,107.19999694824219,77.43451690673828,1139500
2014-01-14,107.18000030517578,107.25,106.9800033569336,107.04000091552734,77.31896209716797,987500
2014-01-15,106.87999725341797,106.9800033569336,106.81999969482422,106.94999694824219,77.25393676757812,1664800
2014-01-16,107.12999725341797,107.20999908447266,107.06999969482422,107.19999694824219,77.43451690673828,3113700
2014-01-17,107.18000030517578,107.30000305175781,107.0999984741211,107.25,77.47064208984375,588700
2014-01-21,107.20999908447266,107.33999633789062,107.16999816894531,107.30000305175781,77.50675964355469,1777100
2014-01-22,107.11000061035156,107.23999786376953,107.0199966430664,107.06999969482422,77.34059143066406,892900
2014-01-23,107.2699966430664,107.5199966430664,107.26000213623047,107.3499984741211,77.54286193847656,1901200
2014-01-24,107.4800033569336,107.6500015258789,107.45999908447266,107.58000183105469,77.70902252197266,783200
2014-01-27,107.52999877929688,107.63999938964844,107.33999633789062,107.3499984741211,77.54286193847656,1335000
2014-01-28,107.45999908447266,107.55999755859375,107.38999938964844,107.52999877929688,77.67293548583984,1306400
2014-01-29,107.68000030517578,107.91999816894531,107.68000030517578,107.8499984741211,77.90408325195312,1116200
2014-01-30,107.76000213623047,107.87999725341797,107.70999908447266,107.87000274658203,77.91848754882812,3074400
2014-01-31,108.0,108.06999969482422,107.91000366210938,108.06999969482422,78.06297302246094,3195200
2014-02-03,107.77999877929688,108.2300033569336,107.70999908447266,108.2300033569336,78.32785034179688,1976100
2014-02-04,107.95999908447266,108.08000183105469,107.87999725341797,107.97000122070312,78.13971710205078,2289000
2014-02-05,107.87999725341797,107.91999816894531,107.69000244140625,107.69999694824219,77.94429016113281,1162000
2014-02-06,107.62000274658203,107.66999816894531,107.55000305175781,107.6500015258789,77.9080810546875,1127700
2014-02-07,107.68000030517578,107.9000015258789,107.6500015258789,107.81999969482422,78.0311050415039,611700
2014-02-10,107.86000061035156,107.97000122070312,107.80999755859375,107.93000030517578,78.11075592041016,1097200
2014-02-11,107.69999694824219,107.77999877929688,107.62999725341797,107.72000122070312,77.95879364013672,1493200
2014-02-12,107.58000183105469,107.61000061035156,107.44999694824219,107.54000091552734,77.8284912109375,714100
2014-02-13,107.75,107.81999969482422,107.69000244140625,107.7699966430664,77.99494171142578,777400
2014-02-14,107.75,107.77999877929688,107.66000366210938,107.7699966430664,77.99494171142578,708800
2014-02-18,107.76000213623047,107.94000244140625,107.73999786376953,107.83999633789062,78.04558563232422,940900
2014-02-19,107.97000122070312,108.05999755859375,107.7300033569336,107.76000213623047,77.98770904541016,902600
2014-02-20,107.70999908447266,107.76000213623047,107.56999969482422,107.69999694824219,77.94429016113281,894000
2014-02-21,107.62000274658203,107.80000305175781,107.61000061035156,107.80000305175781,78.0166244506836,395300
2014-02-24,107.80000305175781,107.80000305175781,107.68000030517578,107.69999694824219,77.94429016113281,838500
2014-02-25,107.8499984741211,108.0199966430664,107.8499984741211,107.98999786376953,78.15412902832031,542100
2014-02-26,108.04000091552734,108.22000122070312,108.0,108.22000122070312,78.32062530517578,617000
2014-02-27,108.25,108.37000274658203,108.2300033569336,108.33000183105469,78.40022277832031,628900
2014-02-28,108.23999786376953,108.31999969482422,108.12000274658203,108.2699966430664,78.3567886352539,1589500
2014-03-03,108.20999908447266,108.37999725341797,108.1500015258789,108.3499984741211,78.5597915649414,2533900
2014-03-04,108.25,108.25,107.91999816894531,107.94999694824219,78.2697982788086,953700
2014-03-05,107.83000183105469,108.0199966430664,107.80999755859375,108.01000213623047,78.31330108642578,2852300
2014-03-06,107.76000213623047,107.83000183105469,107.69000244140625,107.7699966430664,78.13927459716797,689200
2014-03-07,107.45999908447266,107.55999755859375,107.41999816894531,107.47000122070312,77.92172241210938,701700
2014-03-10,107.5,107.55999755859375,107.45999908447266,107.47000122070312,77.92172241210938,877800
2014-03-11,107.52999877929688,107.55999755859375,107.44000244140625,107.45999908447266,77.91451263427734,2060700
2014-03-12,107.66999816894531,107.72000122070312,107.5999984741211,107.69999694824219,78.08854675292969,943300
2014-03-13,107.56999969482422,108.05999755859375,107.55000305175781,107.9800033569336,78.29158020019531,660900
2014-03-14,108.12999725341797,108.16999816894531,107.93000030517578,107.93000030517578,78.25531005859375,741800
2014-03-17,107.91000366210938,107.9800033569336,107.83000183105469,107.87000274658203,78.2117691040039,590800
2014-03-18,107.87999725341797,108.0,107.8499984741211,108.0,78.30606842041016,568500
2014-03-19,107.9800033569336,107.9800033569336,107.41000366210938,107.5199966430664,77.95799255371094,702000
2014-03-20,107.44999694824219,107.52999877929688,107.38999938964844,107.44000244140625,77.90003204345703,1100600
2014-03-21,107.5199966430664,107.6500015258789,107.45999908447266,107.58999633789062,78.00880432128906,756600
2014-03-24,107.58000183105469,107.7699966430664,107.5,107.75,78.12480163574219,712800
2014-03-25,107.69000244140625,107.83000183105469,107.62999725341797,107.63999938964844,78.04502868652344,1377600
2014-03-26,107.75,107.9800033569336,107.72000122070312,107.9800033569336,78.29158020019531,593900
2014-03-27,107.87000274658203,108.08000183105469,107.8499984741211,108.05999755859375,78.34950256347656,1299200
2014-03-28,108.0999984741211,108.0999984741211,107.83999633789062,107.9000015258789,78.23350524902344,865600
2014-03-31,107.83000183105469,107.9800033569336,107.73999786376953,107.91000366210938,78.24078369140625,1452200
2014-04-01,107.66000366210938,107.66999816894531,107.54000091552734,107.54000091552734,78.12090301513672,760000
2014-04-02,107.3499984741211,107.48999786376953,107.33000183105469,107.36000061035156,77.99015045166016,1550700
2014-04-03,107.45999908447266,107.54000091552734,107.38999938964844,107.44000244140625,78.04830169677734,1126700
2014-04-04,107.66000366210938,107.8499984741211,107.6500015258789,107.77999877929688,78.29524993896484,1043600
2014-04-07,107.94000244140625,108.05999755859375,107.88999938964844,107.94000244140625,78.4114990234375,679500
2014-04-08,107.9800033569336,108.1500015258789,107.93000030517578,108.06999969482422,78.50593566894531,1435700
2014-04-09,108.0,108.20999908447266,107.93000030517578,108.08000183105469,78.5132064819336,1167100
2014-04-10,108.16999816894531,108.48999786376953,108.1500015258789,108.33000183105469,78.69477081298828,1033300
2014-04-11,108.58000183105469,108.58000183105469,108.41000366210938,108.43000030517578,78.76744079589844,1168700
2014-04-14,108.43000030517578,108.5,108.4000015258789,108.47000122070312,78.79650115966797,1002800
2014-04-15,108.44000244140625,108.62000274658203,108.38999938964844,108.4800033569336,78.80376434326172,1442100
2014-04-16,108.41000366210938,108.54000091552734,108.33999633789062,108.54000091552734,78.84737396240234,2245600
2014-04-17,108.52999877929688,108.52999877929688,108.0999984741211,108.19000244140625,78.59312438964844,1262900
2014-04-21,108.2699966430664,108.29000091552734,108.12999725341797,108.18000030517578,78.58583068847656,1018200
2014-04-22,108.0999984741211,108.16000366210938,108.05000305175781,108.16000366210938,78.57130432128906,1034800
2014-04-23,108.23999786376953,108.36000061035156,108.20999908447266,108.2699966430664,78.65117645263672,746000
2014-04-24,108.22000122070312,108.37000274658203,108.18000030517578,108.37000274658203,78.72386932373047,494000
2014-04-25,108.43000030517578,108.55000305175781,108.37999725341797,108.38999938964844,78.73838806152344,489700
2014-04-28,108.38999938964844,108.45999908447266,108.26000213623047,108.31999969482422,78.68755340576172,523300
2014-04-29,108.26000213623047,108.4000015258789,108.23999786376953,108.37000274658203,78.72386932373047,858600
2014-04-30,108.45999908447266,108.61000061035156,108.37999725341797,108.58999633789062,78.88365936279297,1313000
2014-05-01,108.37999725341797,108.69999694824219,108.37999725341797,108.55000305175781,78.9986343383789,1727500
2014-05-02,108.44999694824219,108.77999877929688,108.3499984741211,108.68000030517578,79.09324645996094,1075300
2014-05-05,108.72000122070312,108.73999786376953,108.55999755859375,108.63999938964844,79.06414794921875,1261100
2014-05-06,108.69000244140625,108.7300033569336,108.62000274658203,108.72000122070312,79.12240600585938,786800
2014-05-07,108.69999694824219,108.80000305175781,108.62000274658203,108.72000122070312,79.12240600585938,664900
2014-05-08,108.77999877929688,108.9000015258789,108.68000030517578,108.79000091552734,79.17330932617188,2023400
2014-05-09,108.75,108.81999969482422,108.66000366210938,108.69000244140625,79.10057830810547,812800
2014-05-12,108.63999938964844,108.6500015258789,108.54000091552734,108.5999984741211,79.03504180908203,472900
2014-05-13,108.76000213623047,108.80000305175781,108.72000122070312,108.77999877929688,79.16606903076172,577500
2014-05-14,108.91000366210938,109.1500015258789,108.91000366210938,109.08999633789062,79.39167022705078,1321600
2014-05-15,109.30000305175781,109.44999694824219,109.2300033569336,109.31999969482422,79.55901336669922,2408900
2014-05-16,109.22000122070312,109.3499984741211,109.16999816894531,109.19999694824219,79.47172546386719,558700
2014-05-19,109.33999633789062,109.38999938964844,109.1500015258789,109.16000366210938,79.44256591796875,945900
2014-05-20,109.16000366210938,109.30999755859375,109.16000366210938,109.20999908447266,79.47895812988281,1102200
2014-05-21,109.1500015258789,109.18000030517578,109.08000183105469,109.16999816894531,79.4499282836914,804400
2014-05-22,109.13999938964844,109.18000030517578,109.05999755859375,109.12000274658203,79.41345977783203,633900
2014-05-23,109.18000030517578,109.25,109.13999938964844,109.2300033569336,79.4935531616211,435500
2014-05-27,109.25,109.33000183105469,109.0999984741211,109.33000183105469,79.56634521484375,762600
2014-05-28,109.48999786376953,109.69000244140625,109.43000030517578,109.62999725341797,79.78462982177734,692300
2014-05-29,109.73999786376953,109.83000183105469,109.54000091552734,109.56999969482422,79.7409896850586,981400
2014-05-30,109.5199966430664,109.66999816894531,109.44999694824219,109.66999816894531,79.81375885009766,5554700
2014-06-02,109.29000091552734,109.36000061035156,109.08999633789062,109.12999725341797,79.57095336914062,2822900
2014-06-03,109.0199966430664,109.04000091552734,108.77999877929688,108.83999633789062,79.35952758789062,864600
2014-06-04,108.87999725341797,108.87999725341797,108.7300033569336,108.80000305175781,79.33037567138672,1445700
2014-06-05,108.81999969482422,108.9800033569336,108.7699966430664,108.94000244140625,79.43240356445312,643500
2014-06-06,109.0999984741211,109.12000274658203,108.87999725341797,108.87999725341797,79.3886489868164,839500
2014-06-09,108.83999633789062,108.87000274658203,108.76000213623047,108.77999877929688,79.31576538085938,1133400
2014-06-10,108.66000366210938,108.73999786376953,108.62000274658203,108.62000274658203,79.19908142089844,823300
2014-06-11,108.7300033569336,108.77999877929688,108.63999938964844,108.69999694824219,79.25739288330078,1171200
2014-06-12,108.73999786376953,109.0,108.68000030517578,108.91000366210938,79.41056823730469,1224200
2014-06-13,108.75,108.91000366210938,108.70999908447266,108.87999725341797,79.3886489868164,1040900
2014-06-16,108.87000274658203,108.95999908447266,108.80000305175781,108.81999969482422,79.34492492675781,1308900
2014-06-17,108.76000213623047,108.79000091552734,108.61000061035156,108.62000274658203,79.19908142089844,842300
2014-06-18,108.7300033569336,108.91000366210938,108.63999938964844,108.91000366210938,79.41056823730469,504400
2014-06-19,109.0,109.02999877929688,108.68000030517578,108.75,79.29388427734375,690000
2014-06-20,108.7300033569336,108.94000244140625,108.7300033569336,108.94000244140625,79.43240356445312,690600
2014-06-23,108.98999786376953,109.0199966430664,108.83999633789062,108.83999633789062,79.35952758789062,559700
2014-06-24,108.95999908447266,109.05000305175781,108.87999725341797,109.02999877929688,79.4980239868164,740800
2014-06-25,109.19999694824219,109.27999877929688,109.11000061035156,109.18000030517578,79.60737609863281,713700
2014-06-26,109.25,109.41000366210938,109.25,109.38999938964844,79.760498046875,673700
2014-06-27,109.44999694824219,109.5,109.3499984741211,109.38999938964844,79.760498046875,668200
2014-06-30,109.47000122070312,109.5,109.36000061035156,109.4000015258789,79.76780700683594,1046900
2014-07-01,109.11000061035156,109.18000030517578,109.05000305175781,109.06999969482422,79.66990661621094,1038500
2014-07-02,108.94000244140625,108.94000244140625,108.69000244140625,108.69000244140625,79.39239501953125,1381400
2014-07-03,108.55000305175781,108.66000366210938,108.47000122070312,108.62000274658203,79.34123992919922,634500
2014-07-07,108.68000030517578,108.75,108.62000274658203,108.6500015258789,79.36318969726562,1253300
2014-07-08,108.83999633789062,108.9800033569336,108.83999633789062,108.87000274658203,79.52385711669922,2024000
2014-07-09,108.87999725341797,109.04000091552734,108.77999877929688,108.95999908447266,79.58959197998047,785500
2014-07-10,109.18000030517578,109.19000244140625,109.01000213623047,109.01000213623047,79.6261215209961,791500
2014-07-11,109.16000366210938,109.2699966430664,109.13999938964844,109.16000366210938,79.7356948852539,606800
2014-07-14,109.11000061035156,109.12999725341797,109.0,109.06999969482422,79.66990661621094,710400
2014-07-15,108.98999786376953,109.16000366210938,108.9000015258789,108.93000030517578,79.56767272949219,660200
2014-07-16,109.01000213623047,109.05000305175781,108.95999908447266,109.0199966430664,79.63339233398438,725600
2014-07-17,109.22000122070312,109.37999725341797,109.12000274658203,109.33999633789062,79.86714935302734,1158400
2014-07-18,109.27999877929688,109.33000183105469,109.18000030517578,109.22000122070312,79.77949523925781,543600
2014-07-21,109.3499984741211,109.44999694824219,109.26000213623047,109.26000213623047,79.8087387084961,585700
2014-07-22,109.37999725341797,109.44999694824219,109.27999877929688,109.44000244140625,79.94019317626953,724700
2014-07-23,109.5,109.55000305175781,109.41000366210938,109.45999908447266,79.95477294921875,711800
2014-07-24,109.31999969482422,109.31999969482422,109.12000274658203,109.12000274658203,79.70647430419922,853400
2014-07-25,109.36000061035156,109.38999938964844,109.26000213623047,109.33000183105469,79.85987091064453,506200
2014-07-28,109.37000274658203,109.43000030517578,109.2699966430664,109.3499984741211,79.87446594238281,673000
2014-07-29,109.44999694824219,109.5199966430664,109.33999633789062,109.45999908447266,79.95477294921875,2977100
2014-07-30,109.25,109.29000091552734,109.0199966430664,109.06999969482422,79.66990661621094,1245000
2014-07-31,108.9000015258789,109.08999633789062,108.87999725341797,108.93000030517578,79.56767272949219,1066400
2014-08-01,108.88999938964844,109.19000244140625,108.76000213623047,109.13999938964844,79.86773681640625,1064400
2014-08-04,109.19999694824219,109.27999877929688,109.12000274658203,109.12000274658203,79.85308837890625,1496900
2014-08-05,109.12000274658203,109.19999694824219,108.94999694824219,109.12000274658203,79.85308837890625,1875100
2014-08-06,109.2699966430664,109.2699966430664,109.11000061035156,109.12999725341797,79.86040496826172,708800
2014-08-07,109.19000244140625,109.4000015258789,109.0999984741211,109.33999633789062,80.01408386230469,1246500
2014-08-08,109.47000122070312,109.62999725341797,109.3499984741211,109.37999725341797,80.0433578491211,1339200
2014-08-11,109.4000015258789,109.48999786376953,109.3499984741211,109.38999938964844,80.0506591796875,1632900
2014-08-12,109.44000244140625,109.44000244140625,109.30999755859375,109.33999633789062,80.01408386230469,876000
2014-08-13,109.44000244140625,109.56999969482422,109.38999938964844,109.55999755859375,80.17504119873047,3471700
2014-08-14,109.6500015258789,109.68000030517578,109.54000091552734,109.62000274658203,80.21894073486328,1072900
2014-08-15,109.69999694824219,110.12000274658203,109.5999984741211,109.88999938964844,80.41653442382812,2593200
2014-08-18,109.79000091552734,109.81999969482422,109.62000274658203,109.66000366210938,80.24823760986328,1424400
2014-08-19,109.76000213623047,109.80000305175781,109.48999786376953,109.51000213623047,80.13843536376953,1820700
2014-08-20,109.54000091552734,109.54000091552734,109.36000061035156,109.38999938964844,80.0506591796875,929500
2014-08-21,109.4800033569336,109.5999984741211,109.44999694824219,109.58000183105469,80.18972778320312,775600
2014-08-22,109.52999877929688,109.61000061035156,109.3499984741211,109.55999755859375,80.17504119873047,801900
2014-08-25,109.69000244140625,109.69000244140625,109.5199966430664,109.6500015258789,80.24095153808594,3473800
2014-08-26,109.7300033569336,109.7300033569336,109.61000061035156,109.66000366210938,80.24823760986328,543400
2014-08-27,109.7300033569336,109.8499984741211,109.69999694824219,109.80000305175781,80.3507080078125,866100
2014-08-28,109.95999908447266,110.05000305175781,109.88999938964844,110.0199966430664,80.51168823242188,1123700
2014-08-29,110.0,110.08999633789062,109.94000244140625,109.9800033569336,80.48240661621094,1473300
2014-09-02,109.55000305175781,109.62999725341797,109.44999694824219,109.44999694824219,80.23685455322266,1029300
2014-09-03,109.38999938964844,109.58000183105469,109.37000274658203,109.56999969482422,80.32478332519531,1311700
2014-09-04,109.44000244140625,109.54000091552734,109.30999755859375,109.43000030517578,80.2221450805664,1308900
2014-09-05,109.44000244140625,109.54000091552734,109.29000091552734,109.37000274658203,80.17816925048828,798500
2014-09-08,109.48999786376953,109.54000091552734,109.26000213623047,109.26000213623047,80.09759521484375,895300
2014-09-09,109.16999816894531,109.2300033569336,109.08999633789062,109.11000061035156,79.98758697509766,689500
2014-09-10,108.9800033569336,109.01000213623047,108.91000366210938,108.95999908447266,79.87762451171875,974400
2014-09-11,109.01000213623047,109.05999755859375,108.83000183105469,108.8499984741211,79.79698944091797,753500
2014-09-12,108.69000244140625,108.73999786376953,108.5999984741211,108.62999725341797,79.63570404052734,1327600
2014-09-15,108.7300033569336,108.76000213623047,108.58999633789062,108.61000061035156,79.62103271484375,1210800
2014-09-16,108.69999694824219,108.7699966430664,108.61000061035156,108.61000061035156,79.62103271484375,851000
2014-09-17,108.73999786376953,108.83999633789062,108.4800033569336,108.48999786376953,79.53307342529297,707200
2014-09-18,108.5,108.55000305175781,108.44999694824219,108.5,79.54039764404297,707600
2014-09-19,108.55999755859375,108.7300033569336,108.51000213623047,108.68000030517578,79.67236328125,929900
2014-09-22,108.86000061035156,108.91000366210938,108.76000213623047,108.83000183105469,79.78231048583984,592400
2014-09-23,108.91000366210938,108.94999694824219,108.83000183105469,108.93000030517578,79.8556137084961,705200
2014-09-24,109.08000183105469,109.08000183105469,108.83999633789062,108.86000061035156,79.8043441772461,836700
2014-09-25,108.9800033569336,109.0999984741211,108.9800033569336,109.06999969482422,79.95824432373047,1161900
2014-09-26,109.05999755859375,109.08999633789062,108.87999725341797,109.05999755859375,79.9509048461914,1729500
2014-09-29,109.16000366210938,109.23999786376953,109.05999755859375,109.18000030517578,80.03888702392578,7243700
2014-09-30,109.19000244140625,109.27999877929688,109.08999633789062,109.11000061035156,79.98758697509766,2335400
2014-10-01,109.19999694824219,109.54000091552734,109.19999694824219,109.52999877929688,80.43477630615234,6605200
2014-10-02,109.55999755859375,109.62999725341797,109.3499984741211,109.3499984741211,80.30259704589844,4826800
2014-10-03,109.30999755859375,109.36000061035156,109.19999694824219,109.30000305175781,80.26588439941406,2928900
2014-10-06,109.4000015258789,109.55000305175781,109.30999755859375,109.4000015258789,80.33938598632812,2145800
2014-10-07,109.61000061035156,109.8499984741211,109.55999755859375,109.81999969482422,80.64777374267578,2328400
2014-10-08,109.9000015258789,110.13999938964844,109.68000030517578,110.12999725341797,80.87545013427734,2477900
2014-10-09,110.06999969482422,110.06999969482422,109.87000274658203,109.91000366210938,80.71385955810547,1502800
2014-10-10,109.95999908447266,110.02999877929688,109.87000274658203,109.98999786376953,80.77262115478516,1734400
2014-10-13,110.1500015258789,110.33999633789062,110.04000091552734,110.30999755859375,81.00759887695312,1098500
2014-10-14,110.5,110.58000183105469,110.27999877929688,110.55999755859375,81.19121551513672,3518500
2014-10-15,111.19999694824219,112.08000183105469,110.62999725341797,110.76000213623047,81.33812713623047,2275400
2014-10-16,111.0,111.1500015258789,110.54000091552734,110.66999816894531,81.27197265625,1792900
2014-10-17,110.51000213623047,110.6500015258789,110.4000015258789,110.5199966430664,81.16183471679688,2065800
2014-10-20,110.69000244140625,110.7300033569336,110.56999969482422,110.6500015258789,81.25727081298828,1518300
2014-10-21,110.55000305175781,110.68000030517578,110.48999786376953,110.55000305175781,81.18390655517578,2625000
2014-10-22,110.5,110.54000091552734,110.4000015258789,110.48999786376953,81.13980102539062,3179200
2014-10-23,110.36000061035156,110.36000061035156,110.12999725341797,110.2300033569336,80.9488754272461,1863100
2014-10-24,110.2699966430664,110.3499984741211,110.1500015258789,110.2699966430664,80.97822570800781,1188900
2014-10-27,110.27999877929688,110.33000183105469,110.19000244140625,110.30999755859375,81.00759887695312,1073100
2014-10-28,110.20999908447266,110.25,110.0999984741211,110.13999938964844,80.88275909423828,1128600
2014-10-29,110.02999877929688,110.16000366210938,109.8499984741211,109.9000015258789,80.7065200805664,1591000
2014-10-30,110.05000305175781,110.19000244140625,110.02999877929688,110.08000183105469,80.83868408203125,2479500
2014-10-31,109.93000030517578,110.08000183105469,109.9000015258789,110.08000183105469,80.83868408203125,3145100
2014-11-03,109.83000183105469,109.8499984741211,109.55999755859375,109.68000030517578,80.68570709228516,2282400
2014-11-04,109.69999694824219,109.86000061035156,109.66999816894531,109.69000244140625,80.69304656982422,2346300
2014-11-05,109.6500015258789,109.73999786376953,109.58999633789062,109.7300033569336,80.72252655029297,2699600
2014-11-06,109.5199966430664,109.66999816894531,109.5,109.54000091552734,80.58269500732422,1391400
2014-11-07,109.61000061035156,109.91999816894531,109.5999984741211,109.91000366210938,80.85491180419922,1661400
2014-11-10,109.9000015258789,109.91000366210938,109.6500015258789,109.6500015258789,80.66361236572266,846900
2014-11-11,109.66000366210938,109.70999908447266,109.58999633789062,109.69999694824219,80.70043182373047,1138500
2014-11-12,109.73999786376953,109.87999725341797,109.66000366210938,109.70999908447266,80.70777893066406,1123700
2014-11-13,109.75,109.80000305175781,109.66000366210938,109.76000213623047,80.74456024169922,860800
2014-11-14,109.68000030517578,109.94000244140625,109.63999938964844,109.86000061035156,80.81805419921875,1073000
2014-11-17,109.95999908447266,109.95999908447266,109.72000122070312,109.7300033569336,80.72252655029297,1403000
2014-11-18,109.81999969482422,109.87999725341797,109.7699966430664,109.83000183105469,80.79601287841797,1318400
2014-11-19,109.68000030517578,109.83999633789062,109.55999755859375,109.56999969482422,80.60480499267578,1361800
2014-11-20,109.87000274658203,109.93000030517578,109.69000244140625,109.7699966430664,80.75186920166016,1155800
2014-11-21,109.91999816894531,109.95999908447266,109.83999633789062,109.9000015258789,80.8475112915039,1295000
2014-11-24,109.8499984741211,110.04000091552734,109.83999633789062,109.94000244140625,80.87696075439453,1355100
2014-11-25,109.95999908447266,110.22000122070312,109.95999908447266,110.18000030517578,81.05352020263672,3187700
2014-11-26,110.33000183105469,110.33999633789062,110.23999786376953,110.2699966430664,81.1197280883789,1205700
2014-11-28,110.43000030517578,110.62000274658203,110.4000015258789,110.61000061035156,81.36983489990234,2072800
2014-12-01,110.5999984741211,110.5999984741211,110.08000183105469,110.08000183105469,81.18695068359375,2811700
2014-12-02,109.98999786376953,109.98999786376953,109.80999755859375,109.86000061035156,81.0246810913086,1469400
2014-12-03,109.83000183105469,109.87000274658203,109.7300033569336,109.76000213623047,80.95093536376953,1998000
2014-12-04,109.8499984741211,110.11000061035156,109.77999877929688,110.08999633789062,81.19432067871094,3001700
2014-12-05,109.87000274658203,109.94000244140625,109.61000061035156,109.62000274658203,80.84768676757812,3477700
2014-12-08,109.80999755859375,110.0,109.55999755859375,109.88999938964844,81.04682159423828,984100
2014-12-09,110.13999938964844,110.2300033569336,109.94999694824219,110.05999755859375,81.17223358154297,1203000
2014-12-10,110.0,110.30999755859375,109.9800033569336,110.25,81.31233978271484,1208000
2014-12-11,110.1500015258789,110.2300033569336,110.0199966430664,110.20999908447266,81.28284454345703,1447700
2014-12-12,110.5,110.66000366210938,110.30999755859375,110.55999755859375,81.54093933105469,1714100
2014-12-15,110.37999725341797,110.54000091552734,110.25,110.26000213623047,81.3197021484375,2540700
2014-12-16,110.5999984741211,110.5999984741211,110.31999969482422,110.52999877929688,81.51882934570312,1411700
2014-12-17,110.5,110.68000030517578,110.27999877929688,110.38999938964844,81.41557312011719,2167500
2014-12-18,110.16999816894531,110.22000122070312,110.05999755859375,110.0999984741211,81.20169830322266,1865800
2014-12-19,110.08000183105469,110.37999725341797,110.08000183105469,110.27999877929688,81.33442687988281,1865000
2014-12-22,110.3499984741211,110.45999908447266,110.2699966430664,110.44999694824219,81.4598159790039,3827800
2014-12-23,110.30000305175781,110.38999938964844,109.9000015258789,109.94000244140625,81.08367156982422,2790800
2014-12-24,109.62999725341797,109.70999908447266,109.45999908447266,109.69000244140625,81.17170715332031,922100
2014-12-26,109.72000122070312,109.87000274658203,109.62000274658203,109.73999786376953,81.20875549316406,1124900
2014-12-29,109.94000244140625,110.05000305175781,109.83000183105469,109.97000122070312,81.37895202636719,2199200
2014-12-30,110.19999694824219,110.26000213623047,110.01000213623047,110.08999633789062,81.4677505493164,2069600
2014-12-31,110.13999938964844,110.26000213623047,110.0999984741211,110.12000274658203,81.48993682861328,2493900
2015-01-02,110.18000030517578,110.5,110.18000030517578,110.43000030517578,81.71932983398438,2090200
2015-01-05,110.55999755859375,110.76000213623047,110.4800033569336,110.66999816894531,81.89696502685547,3446200
2015-01-06,110.95999908447266,111.3499984741211,110.88999938964844,110.94999694824219,82.10420227050781,3688100
2015-01-07,111.0,111.04000091552734,110.73999786376953,110.93000030517578,82.08937072753906,3984400
2015-01-08,110.83999633789062,110.83999633789062,110.62999725341797,110.76000213623047,81.96359252929688,2212200
2015-01-09,110.88999938964844,111.13999938964844,110.7300033569336,111.02999877929688,82.16336822509766,1322600
2015-01-12,111.16000366210938,111.26000213623047,111.08000183105469,111.12000274658203,82.2299575805664,2185700
2015-01-13,111.1500015258789,111.33000183105469,111.02999877929688,111.1500015258789,82.25216674804688,5537000
2015-01-14,111.63999938964844,111.6500015258789,111.4000015258789,111.41999816894531,82.45199584960938,3043600
2015-01-15,111.48999786376953,111.94000244140625,111.48999786376953,111.93000030517578,82.82940673828125,2084000
2015-01-16,111.68000030517578,111.83000183105469,111.41999816894531,111.5,82.51116180419922,2744500
2015-01-20,111.75,111.83999633789062,111.55000305175781,111.69000244140625,82.65176391601562,2059400
2015-01-21,111.68000030517578,111.80999755859375,111.38999938964844,111.48999786376953,82.5037612915039,2020200
2015-01-22,111.72000122070312,111.72000122070312,111.29000091552734,111.43000030517578,82.45938873291016,2030400
2015-01-23,111.6500015258789,111.80999755859375,111.54000091552734,111.70999908447266,82.66655731201172,1535000
2015-01-26,111.79000091552734,111.79000091552734,111.44999694824219,111.66000366210938,82.62957763671875,2705200
2015-01-27,111.97000122070312,111.97000122070312,111.55000305175781,111.5999984741211,82.58516693115234,1635900
2015-01-28,111.69999694824219,112.22000122070312,111.66999816894531,112.06999969482422,82.9329833984375,1327800
2015-01-29,111.93000030517578,112.05999755859375,111.81999969482422,111.9800033569336,82.86637115478516,1752600
2015-01-30,112.3499984741211,112.5199966430664,112.23999786376953,112.37999725341797,83.1623764038086,6252800
2015-02-02,112.05999755859375,112.2300033569336,112.0,112.19999694824219,83.15941619873047,2792100
2015-02-03,112.0999984741211,112.0999984741211,111.76000213623047,111.7699966430664,82.84069061279297,1815400
2015-02-04,111.63999938964844,111.94999694824219,111.5,111.94000244140625,82.96672821044922,1953000
2015-02-05,111.79000091552734,111.8499984741211,111.56999969482422,111.70999908447266,82.79622650146484,2409600
2015-02-06,111.41000366210938,111.41000366210938,111.02999877929688,111.05999755859375,82.31451416015625,2531300
2015-02-09,111.30999755859375,111.30999755859375,111.04000091552734,111.04000091552734,82.2996597290039,1724900
2015-02-10,110.95999908447266,111.05999755859375,110.81999969482422,110.91999816894531,82.21070098876953,1272500
2015-02-11,110.87999725341797,110.98999786376953,110.73999786376953,110.87000274658203,82.17367553710938,1803400
2015-02-12,110.91000366210938,111.12000274658203,110.87000274658203,110.88999938964844,82.1884994506836,2123700
2015-02-13,110.94999694824219,110.97000122070312,110.70999908447266,110.76000213623047,82.09214782714844,1706200
2015-02-17,110.66999816894531,110.7300033569336,110.23999786376953,110.30999755859375,81.75857543945312,2043000
2015-02-18,110.38999938964844,110.75,110.30999755859375,110.62000274658203,81.98836517333984,1442400
2015-02-19,110.62000274658203,110.76000213623047,110.4800033569336,110.52999877929688,81.92164611816406,1443000
2015-02-20,110.68000030517578,110.87999725341797,110.37000274658203,110.55000305175781,81.93651580810547,2280700
2015-02-23,110.69000244140625,110.80999755859375,110.66000366210938,110.75,82.0847396850586,1688200
2015-02-24,110.73999786376953,111.2699966430664,110.55000305175781,111.23999786376953,82.44786834716797,1736700
2015-02-25,111.19999694824219,111.31999969482422,111.06999969482422,111.31999969482422,82.50716400146484,2319300
2015-02-26,111.20999908447266,111.27999877929688,110.86000061035156,110.91999816894531,82.21070098876953,1837300
2015-02-27,111.13999938964844,111.22000122070312,110.88999938964844,111.19999694824219,82.41824340820312,3816400
2015-03-02,110.98999786376953,110.98999786376953,110.44999694824219,110.44999694824219,81.99949645996094,7881900
2015-03-03,110.44000244140625,110.56999969482422,110.30999755859375,110.30999755859375,81.89558410644531,4228400
2015-03-04,110.44000244140625,110.51000213623047,110.27999877929688,110.37000274658203,81.94017028808594,1477100
2015-03-05,110.43000030517578,110.54000091552734,110.30000305175781,110.41999816894531,81.97724151611328,1053000
2015-03-06,110.08000183105469,110.08999633789062,109.5999984741211,109.69999694824219,81.4427261352539,1872900
2015-03-09,110.16999816894531,110.16999816894531,109.91000366210938,109.9800033569336,81.65059661865234,2724700
2015-03-10,110.2300033569336,110.36000061035156,110.1500015258789,110.23999786376953,81.8436050415039,1708100
2015-03-11,110.20999908447266,110.52999877929688,110.20999908447266,110.45999908447266,82.00694274902344,1171600
2015-03-12,110.69000244140625,110.72000122070312,110.41999816894531,110.55000305175781,82.07379150390625,1416600
2015-03-13,110.44000244140625,110.62999725341797,110.25,110.33999633789062,81.91778564453125,3235500
2015-03-16,110.62000274658203,110.66999816894531,110.41999816894531,110.58000183105469,82.0960464477539,1305800
2015-03-17,110.63999938964844,110.68000030517578,110.54000091552734,110.55999755859375,82.08122253417969,1423700
2015-03-18,110.79000091552734,111.38999938964844,110.58000183105469,111.37000274658203,82.68254089355469,1997800
2015-03-19,111.23999786376953,111.30000305175781,110.94000244140625,110.9800033569336,82.39302062988281,1929700
2015-03-20,111.2300033569336,111.33999633789062,111.18000030517578,111.31999969482422,82.64539337158203,3833600
2015-03-23,111.37000274658203,111.4000015258789,111.2300033569336,111.33999633789062,82.6602783203125,1120900
2015-03-24,111.4800033569336,111.66999816894531,111.37000274658203,111.63999938964844,82.88298797607422,2647300
2015-03-25,111.75,111.75,111.43000030517578,111.43000030517578,82.72708892822266,1612300
2015-03-26,111.30999755859375,111.36000061035156,111.0,111.02999877929688,82.43013000488281,1377600
2015-03-27,111.18000030517578,111.33999633789062,111.16000366210938,111.19000244140625,82.5489273071289,5610200
2015-03-30,111.33999633789062,111.33999633789062,111.16000366210938,111.23999786376953,82.58601379394531,1310700
2015-03-31,111.2699966430664,111.44999694824219,111.18000030517578,111.43000030517578,82.72708892822266,2958100
2015-04-01,111.41999816894531,111.62999725341797,111.30999755859375,111.58000183105469,82.99565124511719,1927300
2015-04-02,111.56999969482422,111.56999969482422,111.37999725341797,111.43000030517578,82.88406372070312,1761700
2015-04-06,111.77999877929688,111.77999877929688,111.37000274658203,111.5,82.93608856201172,1431000
2015-04-07,111.44999694824219,111.56999969482422,111.27999877929688,111.5199966430664,82.95098114013672,1415200
2015-04-08,111.55999755859375,111.58999633789062,111.36000061035156,111.52999877929688,82.95841217041016,903000
2015-04-09,111.55999755859375,111.55999755859375,111.16999816894531,111.25,82.75011444091797,1728500
2015-04-10,111.43000030517578,111.45999908447266,111.19999694824219,111.25,82.75011444091797,2055600
2015-04-13,111.25,111.37000274658203,111.25,111.37000274658203,82.83943176269531,951000
2015-04-14,111.69999694824219,111.79000091552734,111.48999786376953,111.48999786376953,82.92867279052734,1157400
2015-04-15,111.66000366210938,111.70999908447266,111.55000305175781,111.63999938964844,83.040283203125,1296800
2015-04-16,111.69999694824219,111.69999694824219,111.4000015258789,111.58000183105469,82.99565124511719,1000800
2015-04-17,111.52999877929688,111.80000305175781,111.45999908447266,111.66999816894531,83.06256866455078,1274300
2015-04-20,111.66999816894531,111.7300033569336,111.47000122070312,111.58999633789062,83.0030288696289,1289400
2015-04-21,111.56999969482422,111.5999984741211,111.44000244140625,111.47000122070312,82.91378021240234,1522700
2015-04-22,111.44000244140625,111.44000244140625,111.0999984741211,111.13999938964844,82.66835021972656,916400
2015-04-23,111.1500015258789,111.41999816894531,111.13999938964844,111.30999755859375,82.79481506347656,1483900
2015-04-24,111.4800033569336,111.56999969482422,111.41000366210938,111.5,82.93608856201172,837700
2015-04-27,111.51000213623047,111.55999755859375,111.33999633789062,111.54000091552734,82.96585083007812,1595600
2015-04-28,111.33999633789062,111.44000244140625,111.11000061035156,111.11000061035156,82.6460189819336,1602000
2015-04-29,110.88999938964844,110.97000122070312,110.69999694824219,110.86000061035156,82.46002960205078,1313200
2015-04-30,110.69000244140625,110.91999816894531,110.51000213623047,110.86000061035156,82.46002960205078,3328600
2015-05-01,110.5199966430664,110.52999877929688,110.25,110.33999633789062,82.2260513305664,1357200
2015-05-04,110.41999816894531,110.47000122070312,110.12000274658203,110.12999725341797,82.06956481933594,1651900
2015-05-05,110.19000244140625,110.22000122070312,109.83999633789062,110.02999877929688,81.99504852294922,1481200
2015-05-06,109.94999694824219,109.97000122070312,109.61000061035156,109.66000366210938,81.71930694580078,1566000
2015-05-07,109.8499984741211,110.04000091552734,109.76000213623047,109.93000030517578,81.9205551147461,1986200
2015-05-08,110.36000061035156,110.43000030517578,110.20999908447266,110.29000091552734,82.18878936767578,1933600
2015-05-11,110.0199966430664,110.05999755859375,109.56999969482422,109.58999633789062,81.66712951660156,2984900
2015-05-12,109.5,109.76000213623047,109.37999725341797,109.58000183105469,81.65968322753906,1394900
2015-05-13,109.91000366210938,109.91999816894531,109.44999694824219,109.56999969482422,81.6522445678711,2441600
2015-05-14,109.6500015258789,109.79000091552734,109.58000183105469,109.73999786376953,81.77893829345703,1796900
2015-05-15,109.95999908447266,110.22000122070312,109.87999725341797,110.19999694824219,82.12169647216797,1047500
2015-05-18,109.93000030517578,110.01000213623047,109.76000213623047,109.77999877929688,81.80875396728516,863900
2015-05-19,109.45999908447266,109.70999908447266,109.38999938964844,109.4000015258789,81.52555847167969,1664400
2015-05-20,109.58000183105469,109.69000244140625,109.45999908447266,109.56999969482422,81.6522445678711,1584100
2015-05-21,109.6500015258789,109.93000030517578,109.6500015258789,109.91000366210938,81.90562438964844,2652600
2015-05-22,109.8499984741211,109.86000061035156,109.62000274658203,109.79000091552734,81.81621551513672,1087000
2015-05-26,109.80000305175781,110.0999984741211,109.75,110.05999755859375,82.01740264892578,2775000
2015-05-27,110.05999755859375,110.19000244140625,109.9000015258789,110.16999816894531,82.09939575195312,888700
2015-05-28,110.13999938964844,110.22000122070312,110.05000305175781,110.12999725341797,82.06956481933594,1298900
2015-05-29,110.18000030517578,110.30000305175781,110.08000183105469,110.16999816894531,82.09939575195312,2780300
2015-06-01,109.94999694824219,109.98999786376953,109.55999755859375,109.66000366210938,81.87239837646484,4327300
2015-06-02,109.43000030517578,109.44999694824219,109.16999816894531,109.2300033569336,81.55133056640625,1830400
2015-06-03,108.9800033569336,109.01000213623047,108.66999816894531,108.80000305175781,81.23030090332031,3413100
2015-06-04,108.88999938964844,109.16999816894531,108.88999938964844,109.02999877929688,81.40203857421875,1907900
2015-06-05,108.62999725341797,108.79000091552734,108.51000213623047,108.55000305175781,81.04367065429688,1619000
2015-06-08,108.76000213623047,108.80000305175781,108.66000366210938,108.70999908447266,81.16315460205078,1289700
2015-06-09,108.6500015258789,108.6500015258789,108.31999969482422,108.4000015258789,80.93169403076172,1206700
2015-06-10,108.23999786376953,108.30000305175781,108.04000091552734,108.12999725341797,80.7301025390625,1491200
2015-06-11,108.33000183105469,108.70999908447266,108.27999877929688,108.70999908447266,81.16315460205078,1539600
2015-06-12,108.68000030517578,108.9000015258789,108.5199966430664,108.58000183105469,81.06603240966797,1365900
2015-06-15,108.95999908447266,108.95999908447266,108.62999725341797,108.70999908447266,81.16315460205078,1666600
2015-06-16,108.83000183105469,108.88999938964844,108.68000030517578,108.88999938964844,81.29754638671875,1309900
2015-06-17,108.83999633789062,108.9000015258789,108.44000244140625,108.9000015258789,81.30497741699219,1895700
2015-06-18,108.80999755859375,108.87000274658203,108.62000274658203,108.87000274658203,81.2825927734375,2917400
2015-06-19,109.0999984741211,109.26000213623047,109.04000091552734,109.20999908447266,81.53646087646484,2048500
2015-06-22,108.94999694824219,109.0,108.63999938964844,108.66999816894531,81.13325500488281,1173800
2015-06-23,108.41000366210938,108.63999938964844,108.3499984741211,108.41999816894531,80.94664001464844,1339000
2015-06-24,108.55000305175781,108.68000030517578,108.44999694824219,108.58999633789062,81.07353210449219,1527800
2015-06-25,108.58000183105469,108.5999984741211,108.38999938964844,108.47000122070312,80.98395538330078,1222000
2015-06-26,108.29000091552734,108.30999755859375,108.11000061035156,108.20999908447266,80.78984069824219,1054900
2015-06-29,108.5999984741211,108.94000244140625,108.37999725341797,108.8499984741211,81.2676773071289,3278900
2015-06-30,108.72000122070312,109.0,108.61000061035156,108.77999877929688,81.21540069580078,2159500
2015-07-01,108.33000183105469,108.37999725341797,108.1500015258789,108.29000091552734,81.01043701171875,6010300
2015-07-02,108.4800033569336,108.5999984741211,108.43000030517578,108.44000244140625,81.12266540527344,994600
2015-07-06,108.87999725341797,108.98999786376953,108.62999725341797,108.83000183105469,81.4144058227539,1108000
2015-07-07,109.12000274658203,109.37999725341797,108.95999908447266,108.9800033569336,81.526611328125,2502500
2015-07-08,109.16000366210938,109.36000061035156,109.02999877929688,109.23999786376953,81.72111511230469,2892900
2015-07-09,109.08999633789062,109.08999633789062,108.81999969482422,108.83999633789062,81.42184448242188,1932800
2015-07-10,108.47000122070312,108.58000183105469,108.27999877929688,108.37999725341797,81.07775115966797,2163700
2015-07-13,108.23999786376953,108.37000274658203,108.13999938964844,108.22000122070312,80.95804595947266,1938300
2015-07-14,108.43000030517578,108.5,108.31999969482422,108.4000015258789,81.09270477294922,1441400
2015-07-15,108.36000061035156,108.72000122070312,108.36000061035156,108.69000244140625,81.30963897705078,1781400
2015-07-16,108.54000091552734,108.79000091552734,108.5,108.77999877929688,81.37699127197266,1294800
2015-07-17,108.7300033569336,108.86000061035156,108.72000122070312,108.79000091552734,81.38445281982422,897600
2015-07-20,108.66999816894531,108.72000122070312,108.55000305175781,108.5999984741211,81.2423324584961,1245100
2015-07-21,108.54000091552734,108.8499984741211,108.51000213623047,108.77999877929688,81.37699127197266,1191500
2015-07-22,108.83000183105469,108.98999786376953,108.81999969482422,108.83000183105469,81.4144058227539,1100000
2015-07-23,108.83999633789062,109.1500015258789,108.80999755859375,109.13999938964844,81.64628601074219,1021400
2015-07-24,109.2300033569336,109.23999786376953,109.05999755859375,109.12000274658203,81.63136291503906,1192500
2015-07-27,109.25,109.3499984741211,109.20999908447266,109.26000213623047,81.73607635498047,2666000
2015-07-28,109.12999725341797,109.22000122070312,109.08999633789062,109.1500015258789,81.65377044677734,1873200
2015-07-29,109.08999633789062,109.12000274658203,108.94000244140625,109.05999755859375,81.58644104003906,2273500
2015-07-30,109.08000183105469,109.1500015258789,108.97000122070312,109.06999969482422,81.59394836425781,1959000
2015-07-31,109.44000244140625,109.51000213623047,109.3499984741211,109.5,81.91565704345703,2084300
2015-08-03,109.29000091552734,109.54000091552734,109.19000244140625,109.4000015258789,82.00028228759766,2563900
2015-08-04,109.3499984741211,109.43000030517578,109.06999969482422,109.08000183105469,81.76045989990234,1659900
2015-08-05,108.94000244140625,109.08000183105469,108.72000122070312,108.87999725341797,81.61055755615234,2346600
2015-08-06,108.93000030517578,109.0999984741211,108.9000015258789,109.01000213623047,81.70797729492188,1038100
2015-08-07,109.13999938964844,109.27999877929688,109.04000091552734,109.19999694824219,81.85041809082031,2154700
2015-08-10,109.1500015258789,109.16999816894531,108.8499984741211,109.05999755859375,81.74547576904297,1280200
2015-08-11,109.41999816894531,109.58000183105469,109.27999877929688,109.41999816894531,82.01526641845703,1537300
2015-08-12,109.55000305175781,109.70999908447266,109.3499984741211,109.3499984741211,81.96279907226562,1563900
2015-08-13,109.36000061035156,109.37000274658203,109.11000061035156,109.12000274658203,81.79045104980469,1571700
2015-08-14,109.12000274658203,109.23999786376953,109.0199966430664,109.06999969482422,81.75293731689453,1890500
2015-08-17,109.33000183105469,109.4000015258789,109.19999694824219,109.26000213623047,81.8953628540039,1387100
2015-08-18,109.19000244140625,109.23999786376953,109.04000091552734,109.05999755859375,81.74547576904297,785400
2015-08-19,109.04000091552734,109.4800033569336,108.95999908447266,109.4000015258789,82.00028228759766,2184900
2015-08-20,109.58000183105469,109.63999938964844,109.44999694824219,109.56999969482422,82.12770080566406,1075600
2015-08-21,109.68000030517578,109.87000274658203,109.56999969482422,109.76000213623047,82.2701644897461,2443400
2015-08-24,110.0,110.33999633789062,109.56999969482422,109.72000122070312,82.24015045166016,5440200
2015-08-25,109.69999694824219,109.69999694824219,109.12999725341797,109.45999908447266,82.0452651977539,4070000
2015-08-26,109.08000183105469,109.41000366210938,108.87999725341797,108.94999694824219,81.66302490234375,3994200
2015-08-27,108.94999694824219,109.19999694824219,108.93000030517578,109.0999984741211,81.77542877197266,4040500
2015-08-28,109.33999633789062,109.37000274658203,108.93000030517578,109.0,81.70049285888672,4774600
2015-08-31,109.27999877929688,109.37000274658203,108.9000015258789,108.91999816894531,81.64054870605469,4145600
2015-09-01,108.88999938964844,109.11000061035156,108.7699966430664,109.0199966430664,81.88239288330078,3386000
2015-09-02,108.91999816894531,109.05000305175781,108.80999755859375,108.87999725341797,81.77721405029297,3442000
2015-09-03,109.05999755859375,109.12000274658203,108.87000274658203,109.04000091552734,81.89735412597656,1935100
2015-09-04,109.19000244140625,109.33000183105469,109.0199966430664,109.2699966430664,82.0701675415039,1748100
2015-09-08,108.95999908447266,109.04000091552734,108.91000366210938,109.01000213623047,81.87484741210938,2130400
2015-09-09,108.77999877929688,109.08000183105469,108.69999694824219,109.05000305175781,81.90489959716797,2891400
2015-09-10,109.0,109.01000213623047,108.80999755859375,108.93000030517578,81.81478881835938,2564400
2015-09-11,109.05000305175781,109.16999816894531,109.01000213623047,109.05999755859375,81.91239929199219,2001600
2015-09-14,109.18000030517578,109.19999694824219,109.04000091552734,109.08999633789062,81.93497467041016,1543600
2015-09-15,109.0,109.0,108.5,108.5999984741211,81.56689453125,1541200
2015-09-16,108.58999633789062,108.66000366210938,108.41000366210938,108.51000213623047,81.49929809570312,1810100
2015-09-17,108.4800033569336,109.19000244140625,108.4000015258789,109.19000244140625,82.01001739501953,1955400
2015-09-18,109.26000213623047,109.38999938964844,109.1500015258789,109.27999877929688,82.07763671875,4510600
2015-09-21,109.16999816894531,109.16999816894531,108.87999725341797,108.98999786376953,81.85984802246094,2325800
2015-09-22,109.19000244140625,109.38999938964844,109.12000274658203,109.25,82.05516815185547,2044800
2015-09-23,109.29000091552734,109.29000091552734,109.0999984741211,109.16000366210938,81.98751068115234,1562100
2015-09-24,109.48999786376953,109.51000213623047,109.23999786376953,109.30000305175781,82.09266662597656,2700000
2015-09-25,109.16000366210938,109.2300033569336,109.02999877929688,109.11000061035156,81.94998168945312,1225500
2015-09-28,109.19000244140625,109.41000366210938,109.11000061035156,109.37000274658203,82.145263671875,1884400
2015-09-29,109.44000244140625,109.5999984741211,109.37000274658203,109.54000091552734,82.27291870117188,1506800
2015-09-30,109.47000122070312,109.62999725341797,109.44000244140625,109.58000183105469,82.30299377441406,3121600
2015-10-01,109.4800033569336,109.6500015258789,109.44999694824219,109.45999908447266,82.36693572998047,4274900
2015-10-02,109.8499984741211,110.1500015258789,109.69999694824219,109.79000091552734,82.61524963378906,3553300
2015-10-05,109.62999725341797,109.68000030517578,109.37000274658203,109.37999725341797,82.30675506591797,4604500
2015-10-06,109.47000122070312,109.69000244140625,109.37000274658203,109.6500015258789,82.50992584228516,5013800
2015-10-07,109.55000305175781,109.68000030517578,109.4800033569336,109.56999969482422,82.44969940185547,1983200
2015-10-08,109.69999694824219,109.69999694824219,109.30000305175781,109.41999816894531,82.33680725097656,2038700
2015-10-09,109.31999969482422,109.47000122070312,109.23999786376953,109.33000183105469,82.26911926269531,3235500
2015-10-12,109.4800033569336,109.6500015258789,109.33000183105469,109.61000061035156,82.4797592163086,1268800
2015-10-13,109.75,109.75,109.48999786376953,109.62000274658203,82.48731231689453,1500200
2015-10-14,109.83000183105469,110.05000305175781,109.7300033569336,110.02999877929688,82.79582214355469,3912000
2015-10-15,109.93000030517578,110.05000305175781,109.79000091552734,109.87999725341797,82.6830062866211,2044800
2015-10-16,109.9000015258789,109.94000244140625,109.7699966430664,109.7699966430664,82.60015106201172,1630000
2015-10-19,109.77999877929688,109.9000015258789,109.6500015258789,109.87999725341797,82.6830062866211,1534900
2015-10-20,109.77999877929688,109.77999877929688,109.55000305175781,109.66000366210938,82.51741790771484,1805400
2015-10-21,109.7300033569336,109.94999694824219,109.7300033569336,109.91999816894531,82.71306610107422,1278200
2015-10-22,109.9000015258789,110.05000305175781,109.83000183105469,109.94000244140625,82.7281494140625,2276300
2015-10-23,109.79000091552734,109.79000091552734,109.69000244140625,109.75,82.58516693115234,2237400
2015-10-26,109.8499984741211,109.9000015258789,109.73999786376953,109.80000305175781,82.622802734375,1541300
2015-10-27,110.02999877929688,110.02999877929688,109.87999725341797,109.95999908447266,82.74319458007812,2021900
2015-10-28,109.9800033569336,110.05000305175781,109.56999969482422,109.62999725341797,82.49483489990234,1661300
2015-10-29,109.33999633789062,109.41999816894531,109.12999725341797,109.16000366210938,82.14117431640625,2333200
2015-10-30,109.19000244140625,109.45999908447266,109.1500015258789,109.44999694824219,82.35939025878906,10577000
2015-11-02,109.08000183105469,109.19000244140625,108.9800033569336,109.0199966430664,82.19731140136719,8049400
2015-11-03,108.94999694824219,109.0,108.79000091552734,108.81999969482422,82.04650115966797,3033400
2015-11-04,108.91000366210938,108.98999786376953,108.70999908447266,108.81999969482422,82.04650115966797,3542500
2015-11-05,108.87000274658203,108.88999938964844,108.5999984741211,108.7699966430664,82.0088119506836,2185900
2015-11-06,108.36000061035156,108.38999938964844,108.19000244140625,108.25,81.61673736572266,1829500
2015-11-09,108.05999755859375,108.36000061035156,108.04000091552734,108.18000030517578,81.56396484375,12843200
2015-11-10,108.29000091552734,108.4800033569336,108.19999694824219,108.37999725341797,81.71476745605469,5233200
2015-11-11,108.31999969482422,108.37000274658203,108.23999786376953,108.23999786376953,81.60918426513672,1603400
2015-11-12,108.3499984741211,108.44999694824219,108.20999908447266,108.33999633789062,81.6845932006836,3448700
2015-11-13,108.4800033569336,108.58999633789062,108.44999694824219,108.55000305175781,81.84295654296875,3784100
2015-11-16,108.62999725341797,108.69999694824219,108.55999755859375,108.63999938964844,81.91079711914062,3326000
2015-11-17,108.48999786376953,108.77999877929688,108.41999816894531,108.72000122070312,81.97111511230469,2461300
2015-11-18,108.6500015258789,108.70999908447266,108.54000091552734,108.63999938964844,81.91079711914062,1952100
2015-11-19,108.9000015258789,108.9000015258789,108.68000030517578,108.69000244140625,81.94849395751953,4232700
2015-11-20,108.7699966430664,108.81999969482422,108.5999984741211,108.62000274658203,81.895751953125,2034400
2015-11-23,108.6500015258789,108.76000213623047,108.56999969482422,108.6500015258789,81.9183349609375,1976000
2015-11-24,108.75,108.80000305175781,108.66000366210938,108.75,81.99371337890625,1335300
2015-11-25,108.7699966430664,108.83999633789062,108.69000244140625,108.80000305175781,82.03141784667969,1169300
2015-11-27,108.8499984741211,108.87000274658203,108.7699966430664,108.7699966430664,82.0088119506836,946100
2015-11-30,108.83000183105469,108.87000274658203,108.7699966430664,108.80999755859375,82.03898620605469,2397000
2015-12-01,108.54000091552734,108.83999633789062,108.43000030517578,108.81999969482422,82.32649230957031,4260000
2015-12-02,108.7300033569336,108.77999877929688,108.61000061035156,108.69000244140625,82.22811889648438,2462800
2015-12-03,108.41000366210938,108.41000366210938,107.80999755859375,107.88999938964844,81.6229019165039,4634100
2015-12-04,108.05000305175781,108.30000305175781,108.0,108.23999786376953,81.88764953613281,2181300
2015-12-07,108.30000305175781,108.58000183105469,108.2300033569336,108.4000015258789,82.00872802734375,2143800
2015-12-08,108.58999633789062,108.5999984741211,108.37000274658203,108.44000244140625,82.03899383544922,2311800
2015-12-09,108.33999633789062,108.58000183105469,108.20999908447266,108.44000244140625,82.03899383544922,2791000
2015-12-10,108.51000213623047,108.51000213623047,108.36000061035156,108.41999816894531,82.02388000488281,2001500
2015-12-11,108.69999694824219,108.86000061035156,108.56999969482422,108.69000244140625,82.22811889648438,2321400
2015-12-14,108.52999877929688,108.58000183105469,108.16999816894531,108.18000030517578,81.84232330322266,3351900
2015-12-15,108.08000183105469,108.19000244140625,107.91000366210938,108.19000244140625,81.84980773925781,2955900
2015-12-16,108.12000274658203,108.2699966430664,107.93000030517578,108.0,81.70614624023438,2946800
2015-12-17,108.23999786376953,108.30000305175781,108.0199966430664,108.1500015258789,81.81958770751953,5407800
2015-12-18,108.3499984741211,108.45999908447266,108.25,108.37999725341797,81.9935302734375,4006400
2015-12-21,108.48999786376953,108.54000091552734,108.23999786376953,108.27999877929688,81.91790008544922,3233500
2015-12-22,108.2699966430664,108.27999877929688,108.12000274658203,108.19999694824219,81.85741424560547,4507600
2015-12-23,108.01000213623047,108.19000244140625,108.0,108.18000030517578,81.84232330322266,3599600
2015-12-24,107.94999694824219,108.05000305175781,107.91999816894531,108.01000213623047,81.88167572021484,1248800
2015-12-28,108.02999877929688,108.12999725341797,107.98999786376953,108.01000213623047,81.88167572021484,3736400
2015-12-29,107.91999816894531,107.9800033569336,107.62000274658203,107.73999786376953,81.67704772949219,3094500
2015-12-30,107.63999938964844,107.77999877929688,107.5999984741211,107.72000122070312,81.6618881225586,3731400
2015-12-31,107.87000274658203,108.02999877929688,107.81999969482422,108.01000213623047,81.88167572021484,3406100
2016-01-04,108.08999633789062,108.29000091552734,107.93000030517578,107.97000122070312,81.85138702392578,3691000
2016-01-05,107.87000274658203,108.12000274658203,107.87000274658203,108.0199966430664,81.88931274414062,2732900
2016-01-06,108.33999633789062,108.45999908447266,108.22000122070312,108.43000030517578,82.20011901855469,2915800
2016-01-07,108.4000015258789,108.47000122070312,108.20999908447266,108.41999816894531,82.19254302978516,2469000
2016-01-08,108.56999969482422,108.70999908447266,108.3499984741211,108.66000366210938,82.37447357177734,4016900
2016-01-11,108.38999938964844,108.58999633789062,108.33999633789062,108.3499984741211,82.13943481445312,2820200
2016-01-12,108.44000244140625,108.81999969482422,108.36000061035156,108.58999633789062,82.32136535644531,3318400
2016-01-13,108.5999984741211,108.93000030517578,108.55000305175781,108.83999633789062,82.51091766357422,3011500
2016-01-14,108.79000091552734,108.88999938964844,108.58000183105469,108.80000305175781,82.48059844970703,5322700
2016-01-15,109.08000183105469,109.12000274658203,108.83000183105469,108.93000030517578,82.57913970947266,3348900
2016-01-19,108.8499984741211,108.95999908447266,108.72000122070312,108.81999969482422,82.49577331542969,4209800
2016-01-20,109.0999984741211,109.18000030517578,108.87000274658203,108.91000366210938,82.56398010253906,4349900
2016-01-21,109.08000183105469,109.08000183105469,108.73999786376953,108.76000213623047,82.45025634765625,7256000
2016-01-22,108.72000122070312,108.8499984741211,108.58999633789062,108.83999633789062,82.51091766357422,3258700
2016-01-25,108.94999694824219,108.9800033569336,108.7699966430664,108.77999877929688,82.46542358398438,3285000
2016-01-26,108.9000015258789,109.0,108.7699966430664,108.91999816894531,82.57158660888672,2604100
2016-01-27,108.91000366210938,109.01000213623047,108.72000122070312,108.94000244140625,82.58673858642578,1645300
2016-01-28,108.98999786376953,109.0999984741211,108.81999969482422,109.02999877929688,82.65493774414062,2390600
2016-01-29,109.41000366210938,109.4800033569336,109.25,109.3499984741211,82.89752960205078,8633000
2016-02-01,109.0999984741211,109.25,108.83999633789062,108.98999786376953,82.79727172851562,4512300
2016-02-02,109.2300033569336,109.37999725341797,109.12999725341797,109.31999969482422,83.04794311523438,4835100
2016-02-03,109.26000213623047,109.63999938964844,109.19999694824219,109.30999755859375,83.04035186767578,3700300
2016-02-04,109.33999633789062,109.45999908447266,109.23999786376953,109.41999816894531,83.12390899658203,1880300
2016-02-05,109.23999786376953,109.44000244140625,109.1500015258789,109.31999969482422,83.04794311523438,2155500
2016-02-08,109.58999633789062,109.87000274658203,109.5,109.73999786376953,83.36701965332031,2818600
2016-02-09,109.91999816894531,109.93000030517578,109.66000366210938,109.7300033569336,83.35945129394531,3023800
2016-02-10,109.81999969482422,110.0,109.5999984741211,110.0,83.56455993652344,2319000
2016-02-11,110.41000366210938,110.5,110.01000213623047,110.06999969482422,83.61772155761719,2928000
2016-02-12,109.91999816894531,109.95999908447266,109.55000305175781,109.7699966430664,83.38981628417969,2968800
2016-02-16,109.54000091552734,109.61000061035156,109.43000030517578,109.5,83.18470764160156,2356200
2016-02-17,109.43000030517578,109.45999908447266,109.22000122070312,109.44000244140625,83.13909912109375,2446600
2016-02-18,109.5,109.80999755859375,109.44999694824219,109.7699966430664,83.38981628417969,2844400
2016-02-19,109.80000305175781,109.8499984741211,109.63999938964844,109.79000091552734,83.405029296875,2278800
2016-02-22,109.7699966430664,109.87999725341797,109.72000122070312,109.81999969482422,83.42780303955078,2421800
2016-02-23,109.62999725341797,110.0,109.5199966430664,109.83999633789062,83.4429931640625,2337800
2016-02-24,110.12000274658203,110.31999969482422,109.83999633789062,109.87999725341797,83.473388671875,2473200
2016-02-25,110.08999633789062,110.30999755859375,110.0,110.16000366210938,83.68608093261719,2335700
2016-02-26,109.9000015258789,109.97000122070312,109.80000305175781,109.95999908447266,83.53417205810547,2068100
2016-02-29,109.94000244140625,110.0999984741211,109.91000366210938,110.08999633789062,83.63291931152344,3694200
2016-03-01,109.93000030517578,110.05000305175781,109.4000015258789,109.54000091552734,83.38249206542969,3984500
2016-03-02,109.44999694824219,109.4800033569336,109.31999969482422,109.41999816894531,83.2911148071289,2624500
2016-03-03,109.47000122070312,109.61000061035156,109.37000274658203,109.55000305175781,83.39006805419922,3632800
2016-03-04,109.5,109.58000183105469,109.27999877929688,109.37999725341797,83.26065063476562,4461100
2016-03-07,109.38999938964844,109.38999938964844,109.20999908447266,109.3499984741211,83.23784637451172,2823200
2016-03-08,109.7300033569336,109.83000183105469,109.55999755859375,109.62000274658203,83.44336700439453,1984400
2016-03-09,109.55999755859375,109.66000366210938,109.44999694824219,109.56999969482422,83.40528869628906,1468700
2016-03-10,109.6500015258789,109.73999786376953,109.37999725341797,109.62000274658203,83.44336700439453,2828700
2016-03-11,109.6500015258789,109.70999908447266,109.38999938964844,109.41999816894531,83.2911148071289,2065000
2016-03-14,109.48999786376953,109.5999984741211,109.44999694824219,109.4800033569336,83.33683013916016,2186900
2016-03-15,109.68000030517578,109.69999694824219,109.37999725341797,109.37999725341797,83.26065063476562,1746100
2016-03-16,109.38999938964844,109.86000061035156,109.29000091552734,109.8499984741211,83.61844635009766,1888200
2016-03-17,109.94999694824219,110.12999725341797,109.9000015258789,110.08000183105469,83.79348754882812,4116500
2016-03-18,110.19000244140625,110.29000091552734,110.12000274658203,110.16999816894531,83.86202239990234,1909600
2016-03-21,110.05999755859375,110.12999725341797,109.91000366210938,109.93000030517578,83.6793441772461,2152300
2016-03-22,110.2699966430664,110.2699966430664,109.83000183105469,109.86000061035156,83.62600708007812,2023000
2016-03-23,109.95999908447266,110.13999938964844,109.86000061035156,110.0999984741211,83.80873107910156,2885000
2016-03-24,110.29000091552734,110.29000091552734,110.02999877929688,110.11000061035156,83.81634521484375,2846400
2016-03-28,110.1500015258789,110.30000305175781,110.08000183105469,110.19000244140625,83.87726593017578,2918100
2016-03-29,110.3499984741211,110.56999969482422,110.20999908447266,110.5199966430664,84.1284408569336,1885900
2016-03-30,110.48999786376953,110.55999755859375,110.30999755859375,110.4800033569336,84.0980224609375,2764500
2016-03-31,110.5199966430664,110.8499984741211,110.5199966430664,110.83000183105469,84.36442565917969,7003600
2016-04-01,110.52999877929688,110.66000366210938,110.3499984741211,110.51000213623047,84.2896957397461,5374200
2016-04-04,110.5999984741211,110.66999816894531,110.51000213623047,110.62000274658203,84.37360382080078,3176200
2016-04-05,110.94999694824219,110.9800033569336,110.70999908447266,110.7699966430664,84.48797607421875,2954100
2016-04-06,110.80000305175781,110.80000305175781,110.62000274658203,110.75,84.47274780273438,2027400
2016-04-07,110.9800033569336,111.05000305175781,110.7699966430664,110.98999786376953,84.65579986572266,1876100
2016-04-08,111.0,111.0,110.80999755859375,110.87999725341797,84.57195281982422,2318300
2016-04-11,110.87000274658203,110.95999908447266,110.76000213623047,110.95999908447266,84.6329116821289,1718400
2016-04-12,110.8499984741211,110.86000061035156,110.6500015258789,110.77999877929688,84.49561309814453,1984500
2016-04-13,110.73999786376953,110.91999816894531,110.68000030517578,110.83000183105469,84.53373718261719,1769000
2016-04-14,110.76000213623047,110.80999755859375,110.63999938964844,110.63999938964844,84.38880920410156,3596400
2016-04-15,110.80000305175781,110.9800033569336,110.75,110.94999694824219,84.62528228759766,1579500
2016-04-18,110.91000366210938,110.94999694824219,110.79000091552734,110.94000244140625,84.61763763427734,2146600
2016-04-19,110.94000244140625,111.0,110.7699966430664,110.93000030517578,84.61002349853516,2019200
2016-04-20,111.0199966430664,111.02999877929688,110.5999984741211,110.66000366210938,84.40411376953125,2376000
2016-04-21,110.5199966430664,110.62000274658203,110.44999694824219,110.51000213623047,84.2896957397461,2692800
2016-04-22,110.6500015258789,110.72000122070312,110.5199966430664,110.5199966430664,84.29730987548828,3795600
2016-04-25,110.5199966430664,110.58999633789062,110.38999938964844,110.4000015258789,84.20576477050781,3118800
2016-04-26,110.4800033569336,110.4800033569336,110.2300033569336,110.3499984741211,84.16763305664062,2326100
2016-04-27,110.52999877929688,110.69000244140625,110.33000183105469,110.68000030517578,84.41936492919922,2337100
2016-04-28,110.68000030517578,110.94999694824219,110.58999633789062,110.9000015258789,84.587158203125,9405200
2016-04-29,110.81999969482422,110.93000030517578,110.75,110.88999938964844,84.57950592041016,5112900
2016-05-02,110.73999786376953,110.73999786376953,110.5199966430664,110.61000061035156,84.52217864990234,3553900
2016-05-03,110.88999938964844,110.94999694824219,110.75,110.80999755859375,84.67501068115234,3044900
2016-05-04,110.91000366210938,110.93000030517578,110.76000213623047,110.86000061035156,84.71320343017578,2920200
2016-05-05,110.91999816894531,111.16000366210938,110.80000305175781,111.13999938964844,84.92723083496094,3008100
2016-05-06,111.12000274658203,111.12000274658203,110.97000122070312,110.97000122070312,84.79731750488281,2718500
2016-05-09,111.11000061035156,111.13999938964844,111.01000213623047,111.04000091552734,84.85076904296875,2173500
2016-05-10,111.05999755859375,111.0999984741211,110.98999786376953,111.08999633789062,84.88896942138672,2103800
2016-05-11,111.05999755859375,111.26000213623047,111.0199966430664,111.08999633789062,84.88896942138672,2507000
2016-05-12,110.91999816894531,111.0999984741211,110.91999816894531,110.98999786376953,84.81254577636719,1938800
2016-05-13,111.08000183105469,111.2300033569336,111.02999877929688,111.19999694824219,84.97303771972656,1511400
2016-05-16,111.19000244140625,111.19000244140625,110.9800033569336,111.01000213623047,84.82786560058594,3134400
2016-05-17,111.02999877929688,111.05000305175781,110.86000061035156,110.86000061035156,84.71320343017578,1769700
2016-05-18,110.77999877929688,110.80000305175781,110.31999969482422,110.4000015258789,84.36172485351562,1900800
2016-05-19,110.47000122070312,110.55999755859375,110.4000015258789,110.47000122070312,84.4152603149414,3461900
2016-05-20,110.54000091552734,110.62000274658203,110.44000244140625,110.54000091552734,84.46873474121094,2655700
2016-05-23,110.54000091552734,110.5999984741211,110.43000030517578,110.5199966430664,84.45343017578125,2244300
2016-05-24,110.55999755859375,110.55999755859375,110.33999633789062,110.45999908447266,84.40758514404297,1759800
2016-05-25,110.54000091552734,110.55000305175781,110.38999938964844,110.4800033569336,84.42286682128906,2735700
2016-05-26,110.63999938964844,110.7300033569336,110.55999755859375,110.6500015258789,84.55280303955078,1614800
2016-05-27,110.68000030517578,110.69999694824219,110.4800033569336,110.62999725341797,84.53750610351562,2164800
2016-05-31,110.41000366210938,110.76000213623047,110.36000061035156,110.69999694824219,84.59100341796875,3368800
2016-06-01,110.58999633789062,110.6500015258789,110.41000366210938,110.41999816894531,84.54352569580078,2941300
2016-06-02,110.55999755859375,110.73999786376953,110.55999755859375,110.69999694824219,84.75789642333984,2013900
2016-06-03,111.1500015258789,111.30000305175781,111.12000274658203,111.30000305175781,85.21726989746094,2210500
2016-06-06,111.16999816894531,111.2300033569336,111.06999969482422,111.1500015258789,85.10240173339844,3278900
2016-06-07,111.23999786376953,111.30999755859375,111.19999694824219,111.25,85.1789779663086,2157100
2016-06-08,111.30000305175781,111.33999633789062,111.22000122070312,111.29000091552734,85.20957946777344,2148000
2016-06-09,111.5,111.5,111.36000061035156,111.37000274658203,85.27088165283203,1543600
2016-06-10,111.54000091552734,111.66000366210938,111.44999694824219,111.5199966430664,85.3857192993164,1368300
2016-06-13,111.56999969482422,111.66999816894531,111.52999877929688,111.61000061035156,85.45465087890625,1661400
2016-06-14,111.68000030517578,111.7300033569336,111.55000305175781,111.55999755859375,85.4163818359375,1871500
2016-06-15,111.66999816894531,111.93000030517578,111.63999938964844,111.80000305175781,85.60012817382812,1732100
2016-06-16,111.91999816894531,112.06999969482422,111.77999877929688,111.87000274658203,85.65373992919922,2533000
2016-06-17,111.86000061035156,111.87000274658203,111.66000366210938,111.79000091552734,85.59242248535156,2730900
2016-06-20,111.56999969482422,111.58000183105469,111.44999694824219,111.4800033569336,85.35508728027344,2043800
2016-06-21,111.55000305175781,111.56999969482422,111.3499984741211,111.4000015258789,85.2938461303711,1882500
2016-06-22,111.44000244140625,111.51000213623047,111.3499984741211,111.47000122070312,85.34745788574219,1734300
2016-06-23,111.33000183105469,111.43000030517578,111.25,111.27999877929688,85.20199584960938,1721100
2016-06-24,112.11000061035156,112.1500015258789,111.79000091552734,111.87999725341797,85.66136169433594,4081200
2016-06-27,112.33000183105469,112.48999786376953,112.30999755859375,112.33000183105469,86.00588989257812,3018800
2016-06-28,112.54000091552734,112.54000091552734,112.37000274658203,112.47000122070312,86.11312103271484,2951700
2016-06-29,112.52999877929688,112.5999984741211,112.33999633789062,112.38999938964844,86.05181121826172,2745800
2016-06-30,112.51000213623047,112.69000244140625,112.4000015258789,112.62000274658203,86.22792053222656,4154300
2016-07-01,112.72000122070312,112.7699966430664,112.5199966430664,112.6500015258789,86.41357421875,5235200
2016-07-05,113.02999877929688,113.12000274658203,112.87000274658203,112.94999694824219,86.64371490478516,4740000
2016-07-06,113.08999633789062,113.16999816894531,112.94000244140625,113.16000366210938,86.80481719970703,3150500
2016-07-07,113.0,113.16999816894531,112.91999816894531,113.08000183105469,86.74344635009766,3122200
2016-07-08,113.08000183105469,113.2699966430664,113.0,113.25,86.87384796142578,2910500
2016-07-11,113.19000244140625,113.23999786376953,112.93000030517578,112.94999694824219,86.64371490478516,4424000
2016-07-12,112.80999755859375,112.80999755859375,112.48999786376953,112.61000061035156,86.3829116821289,1970600
2016-07-13,112.81999969482422,112.87999725341797,112.73999786376953,112.7699966430664,86.50562286376953,2363300
2016-07-14,112.51000213623047,112.69999694824219,112.5,112.66999816894531,86.428955078125,3345200
2016-07-15,112.58000183105469,112.58000183105469,112.22000122070312,112.26000213623047,86.11442565917969,3612200
2016-07-18,112.48999786376953,112.48999786376953,112.19999694824219,112.27999877929688,86.1297378540039,1547300
2016-07-19,112.4800033569336,112.5199966430664,112.37000274658203,112.51000213623047,86.30619049072266,1786900
2016-07-20,112.41999816894531,112.44000244140625,112.30000305175781,112.41000366210938,86.22949981689453,1808800
2016-07-21,112.2699966430664,112.54000091552734,112.19999694824219,112.51000213623047,86.30619049072266,3043500
2016-07-22,112.37999725341797,112.61000061035156,112.3499984741211,112.52999877929688,86.32152557373047,2315900
2016-07-25,112.58000183105469,112.58000183105469,112.4000015258789,112.4000015258789,86.22179412841797,1680800
2016-07-26,112.58000183105469,112.58000183105469,112.30999755859375,112.4000015258789,86.22179412841797,3540000
2016-07-27,112.5199966430664,112.73999786376953,112.44000244140625,112.7300033569336,86.4749755859375,3047200
2016-07-28,112.63999938964844,112.76000213623047,112.55999755859375,112.72000122070312,86.46725463867188,2640600
2016-07-29,112.87999725341797,113.02999877929688,112.76000213623047,113.0199966430664,86.69743347167969,3671000
2016-08-01,112.5,112.68000030517578,112.47000122070312,112.55000305175781,86.49529266357422,3149300
2016-08-02,112.36000061035156,112.45999908447266,112.19000244140625,112.22000122070312,86.24170684814453,3643900
2016-08-03,112.30999755859375,112.36000061035156,112.0999984741211,112.33999633789062,86.33392333984375,3777800
2016-08-04,112.54000091552734,112.66000366210938,112.5,112.55000305175781,86.49529266357422,2002800
2016-08-05,112.54000091552734,112.54000091552734,112.13999938964844,112.16999816894531,86.20325469970703,2474600
2016-08-08,112.16000366210938,112.31999969482422,112.02999877929688,112.23999786376953,86.2570571899414,2604000
2016-08-09,112.4000015258789,112.54000091552734,112.30000305175781,112.52999877929688,86.47991943359375,2981100
2016-08-10,112.61000061035156,112.7300033569336,112.54000091552734,112.66000366210938,86.57978820800781,3185800
2016-08-11,112.7300033569336,112.7300033569336,112.30999755859375,112.36000061035156,86.34928894042969,1807200
2016-08-12,112.72000122070312,112.83000183105469,112.62999725341797,112.62999725341797,86.55680084228516,1889600
2016-08-15,112.56999969482422,112.62000274658203,112.41999816894531,112.43000030517578,86.4030990600586,1950500
2016-08-16,112.48999786376953,112.5199966430664,112.36000061035156,112.36000061035156,86.34928894042969,6250200
2016-08-17,112.44999694824219,112.66000366210938,112.36000061035156,112.56999969482422,86.51067352294922,5210700
2016-08-18,112.63999938964844,112.77999877929688,112.54000091552734,112.7300033569336,86.63365936279297,1962900
2016-08-19,112.52999877929688,112.62000274658203,112.38999938964844,112.4800033569336,86.44149017333984,3287600
2016-08-22,112.66000366210938,112.73999786376953,112.55999755859375,112.6500015258789,86.5721435546875,1808500
2016-08-23,112.77999877929688,112.83000183105469,112.62999725341797,112.68000030517578,86.59520721435547,2583000
2016-08-24,112.79000091552734,112.80000305175781,112.62999725341797,112.63999938964844,86.56446838378906,2312800
2016-08-25,112.55000305175781,112.66999816894531,112.5199966430664,112.5199966430664,86.47222137451172,1613500
2016-08-26,112.69000244140625,112.86000061035156,112.27999877929688,112.33999633789062,86.33392333984375,2513700
2016-08-29,112.55000305175781,112.68000030517578,112.45999908447266,112.6500015258789,86.5721435546875,2156400
2016-08-30,112.70999908447266,112.70999908447266,112.55000305175781,112.58999633789062,86.52599334716797,1712300
2016-08-31,112.63999938964844,112.70999908447266,112.51000213623047,112.56999969482422,86.51067352294922,3025000
2016-09-01,112.0999984741211,112.5,112.05000305175781,112.45999908447266,86.5861587524414,3777100
2016-09-02,112.44000244140625,112.44000244140625,112.18000030517578,112.30999755859375,86.47061920166016,1730900
2016-09-06,112.36000061035156,112.68000030517578,112.29000091552734,112.55000305175781,86.65540313720703,3745800
2016-09-07,112.76000213623047,112.76000213623047,112.58999633789062,112.61000061035156,86.70162200927734,1839600
2016-09-08,112.5,112.55999755859375,112.13999938964844,112.22000122070312,86.40135955810547,2605500
2016-09-09,111.95999908447266,111.98999786376953,111.7300033569336,111.7300033569336,86.02408599853516,2763900
2016-09-12,111.76000213623047,111.88999938964844,111.6500015258789,111.81999969482422,86.09339141845703,2358200
2016-09-13,111.93000030517578,111.93000030517578,111.33999633789062,111.51000213623047,85.85469818115234,3005400
2016-09-14,111.47000122070312,111.75,111.47000122070312,111.6500015258789,85.96247863769531,2089700
2016-09-15,111.5999984741211,111.76000213623047,111.48999786376953,111.72000122070312,86.01641082763672,2253800
2016-09-16,111.75,111.87000274658203,111.69999694824219,111.80000305175781,86.07796478271484,1701000
2016-09-19,111.7300033569336,111.8499984741211,111.69000244140625,111.70999908447266,86.0086669921875,2026900
2016-09-20,111.9000015258789,111.94000244140625,111.73999786376953,111.75,86.0394515991211,2078500
2016-09-21,111.69000244140625,112.02999877929688,111.6500015258789,112.02999877929688,86.2550277709961,1899500
2016-09-22,112.0999984741211,112.3499984741211,112.0999984741211,112.26000213623047,86.4321517944336,2017200
2016-09-23,112.30999755859375,112.3499984741211,112.20999908447266,112.2300033569336,86.40898895263672,3415700
2016-09-26,112.27999877929688,112.44999694824219,112.27999877929688,112.37000274658203,86.51683807373047,2326900
2016-09-27,112.56999969482422,112.61000061035156,112.41000366210938,112.51000213623047,86.62458801269531,2881300
2016-09-28,112.58000183105469,112.61000061035156,112.47000122070312,112.54000091552734,86.647705078125,2853900
2016-09-29,112.41000366210938,112.63999938964844,112.37000274658203,112.54000091552734,86.647705078125,1668000
2016-09-30,112.56999969482422,112.6500015258789,112.2699966430664,112.41999816894531,86.55534362792969,3679800
2016-10-03,112.20999908447266,112.25,112.06999969482422,112.08999633789062,86.45732879638672,9372900
2016-10-04,112.08999633789062,112.08999633789062,111.69999694824219,111.70999908447266,86.16427612304688,5022400
2016-10-05,111.69000244140625,111.73999786376953,111.51000213623047,111.55999755859375,86.0485610961914,3368700
2016-10-06,111.56999969482422,111.66999816894531,111.44999694824219,111.55999755859375,86.0485610961914,2059400
2016-10-07,111.63999938964844,111.66999816894531,111.41000366210938,111.58000183105469,86.06405639648438,1867600
2016-10-10,111.58000183105469,111.58000183105469,111.38999938964844,111.52999877929688,86.0254135131836,1295400
2016-10-11,111.48999786376953,111.54000091552734,111.3499984741211,111.36000061035156,85.89427185058594,2753300
2016-10-12,111.38999938964844,111.43000030517578,111.26000213623047,111.4000015258789,85.92516326904297,1668500
2016-10-13,111.5999984741211,111.68000030517578,111.52999877929688,111.55999755859375,86.0485610961914,1964600
2016-10-14,111.47000122070312,111.61000061035156,111.33000183105469,111.37000274658203,85.90199279785156,2471500
2016-10-17,111.44999694824219,111.61000061035156,111.38999938964844,111.55999755859375,86.0485610961914,1556800
2016-10-18,111.54000091552734,111.73999786376953,111.47000122070312,111.73999786376953,86.18740844726562,1582900
2016-10-19,111.68000030517578,111.83000183105469,111.63999938964844,111.80000305175781,86.23369598388672,1550000
2016-10-20,111.83999633789062,111.9000015258789,111.7300033569336,111.76000213623047,86.20286560058594,1420800
2016-10-21,111.80000305175781,111.9000015258789,111.69000244140625,111.83000183105469,86.25682830810547,1776900
2016-10-24,111.80999755859375,111.83000183105469,111.5999984741211,111.66000366210938,86.12571716308594,1385600
2016-10-25,111.58000183105469,111.80000305175781,111.58000183105469,111.66000366210938,86.12571716308594,2344400
2016-10-26,111.56999969482422,111.56999969482422,111.43000030517578,111.44000244140625,85.95597076416016,2684000
2016-10-27,111.27999877929688,111.27999877929688,111.04000091552734,111.16000366210938,85.74004364013672,2330700
2016-10-28,111.11000061035156,111.26000213623047,111.08000183105469,111.16000366210938,85.74004364013672,1713800
2016-10-31,111.30000305175781,111.33000183105469,111.20999908447266,111.30000305175781,85.84800720214844,3260300
2016-11-01,110.87999725341797,111.12999725341797,110.81999969482422,111.02999877929688,85.8016357421875,4725000
2016-11-02,111.12000274658203,111.31999969482422,111.05999755859375,111.16000366210938,85.90209197998047,2572600
2016-11-03,111.02999877929688,111.16000366210938,111.01000213623047,111.01000213623047,85.78620147705078,3254500
2016-11-04,111.1500015258789,111.31999969482422,111.12999725341797,111.23999786376953,85.96392822265625,2013300
2016-11-07,111.13999938964844,111.18000030517578,111.06999969482422,111.11000061035156,85.86347961425781,2031000
2016-11-08,111.12999725341797,111.16000366210938,110.87000274658203,110.93000030517578,85.72437286376953,2107400
2016-11-09,110.52999877929688,110.56999969482422,109.77999877929688,109.9000015258789,84.92841339111328,3657200
2016-11-10,109.66000366210938,109.87999725341797,109.41999816894531,109.44999694824219,84.58068084716797,4179200
2016-11-11,109.45999908447266,109.5,109.22000122070312,109.25,84.42609405517578,2804600
2016-11-14,108.63999938964844,109.05999755859375,108.63999938964844,108.80999755859375,84.08609771728516,3054900
2016-11-15,109.0,109.06999969482422,108.87000274658203,108.88999938964844,84.14791870117188,2252200
2016-11-16,109.01000213623047,109.12999725341797,108.91999816894531,109.12999725341797,84.33338928222656,2164800
2016-11-17,109.01000213623047,109.0199966430664,108.66999816894531,108.72000122070312,84.01656341552734,1903700
2016-11-18,108.80999755859375,108.81999969482422,108.36000061035156,108.37000274658203,83.7460708618164,2767000
2016-11-21,108.55999755859375,108.56999969482422,108.37000274658203,108.45999908447266,83.81563568115234,1705600
2016-11-22,108.58999633789062,108.66000366210938,108.45999908447266,108.55999755859375,83.89289093017578,3465300
2016-11-23,108.18000030517578,108.33000183105469,107.91999816894531,108.18000030517578,83.59925079345703,2497600
2016-11-25,108.30000305175781,108.37000274658203,108.08999633789062,108.16999816894531,83.59151458740234,1071500
2016-11-28,108.37999725341797,108.56999969482422,108.33000183105469,108.55000305175781,83.88516998291016,2476800
2016-11-29,108.5,108.72000122070312,108.43000030517578,108.66999816894531,83.97792053222656,2178600
2016-11-30,108.2300033569336,108.43000030517578,108.12999725341797,108.23999786376953,83.64559936523438,4627500
2016-12-01,107.75,107.79000091552734,107.47000122070312,107.68000030517578,83.36997985839844,4691900
2016-12-02,107.93000030517578,108.19999694824219,107.8499984741211,108.0199966430664,83.63321685791016,4269200
2016-12-05,107.94000244140625,108.26000213623047,107.77999877929688,108.11000061035156,83.7029037475586,3398000
2016-12-06,108.13999938964844,108.18000030517578,108.04000091552734,108.08999633789062,83.68736267089844,3306900
2016-12-07,108.22000122070312,108.37999725341797,108.19999694824219,108.37000274658203,83.90420532226562,3796800
2016-12-08,108.18000030517578,108.22000122070312,108.05000305175781,108.16999816894531,83.74938201904297,2822600
2016-12-09,108.08000183105469,108.18000030517578,107.72000122070312,107.83999633789062,83.493896484375,4530900
2016-12-12,107.69999694824219,107.81999969482422,107.61000061035156,107.73999786376953,83.41646575927734,3074200
2016-12-13,107.87000274658203,107.94000244140625,107.70999908447266,107.87999725341797,83.52479553222656,3665900
2016-12-14,108.06999969482422,108.12000274658203,107.29000091552734,107.29000091552734,83.06800079345703,3544100
2016-12-15,107.37000274658203,107.41999816894531,107.1500015258789,107.16000366210938,82.96736907958984,4619100
2016-12-16,107.16000366210938,107.38999938964844,107.05999755859375,107.2300033569336,83.0215835571289,2981600
2016-12-19,107.4000015258789,107.55000305175781,107.3499984741211,107.51000213623047,83.23837280273438,3202500
2016-12-20,107.30000305175781,107.44000244140625,107.2699966430664,107.41000366210938,83.16092681884766,2871900
2016-12-21,107.5,107.66000366210938,107.43000030517578,107.63999938964844,83.3390121459961,4066900
2016-12-22,107.33999633789062,107.45999908447266,107.23999786376953,107.38999938964844,83.33820343017578,4110200
2016-12-23,107.54000091552734,107.54000091552734,107.38999938964844,107.41999816894531,83.36152648925781,3821100
2016-12-27,107.19000244140625,107.33999633789062,107.19000244140625,107.33999633789062,83.29942321777344,2661500
2016-12-28,107.33000183105469,107.5999984741211,107.30000305175781,107.51000213623047,83.4313735961914,5609600
2016-12-29,107.7300033569336,107.87999725341797,107.6500015258789,107.83999633789062,83.68749237060547,3649600
2016-12-30,107.87999725341797,108.12000274658203,107.8499984741211,108.05999755859375,83.858154296875,3690100
2017-01-03,107.7300033569336,108.22000122070312,107.7300033569336,108.16999816894531,83.94354248046875,5079200
2017-01-04,108.16000366210938,108.20999908447266,108.02999877929688,108.19999694824219,83.96678161621094,3297100
2017-01-05,108.37000274658203,108.68000030517578,108.22000122070312,108.6500015258789,84.31603240966797,5165900
2017-01-06,108.43000030517578,108.5,108.26000213623047,108.29000091552734,84.03669738769531,2910100
2017-01-09,108.54000091552734,108.54000091552734,108.43000030517578,108.47000122070312,84.17633819580078,3030500
2017-01-10,108.44999694824219,108.55000305175781,108.41999816894531,108.44000244140625,84.1530532836914,2396300
2017-01-11,108.52999877929688,108.93000030517578,108.41999816894531,108.56999969482422,84.25393676757812,4465500
2017-01-12,108.77999877929688,108.9000015258789,108.61000061035156,108.61000061035156,84.28497314453125,3036600
2017-01-13,108.5,108.55000305175781,108.26000213623047,108.41999816894531,84.13756561279297,3293600
2017-01-17,108.80999755859375,108.87000274658203,108.6500015258789,108.79000091552734,84.42466735839844,3685700
2017-01-18,108.5999984741211,108.66999816894531,108.23999786376953,108.31999969482422,84.0599136352539,3115600
2017-01-19,108.05999755859375,108.16000366210938,107.93000030517578,108.04000091552734,83.84270477294922,2388000
2017-01-20,107.94000244140625,108.12000274658203,107.83000183105469,108.08000183105469,83.87370300292969,3525000
2017-01-23,108.22000122070312,108.56999969482422,108.0999984741211,108.37999725341797,84.10649108886719,3063400
2017-01-24,108.33000183105469,108.4000015258789,108.0999984741211,108.20999908447266,83.97452545166016,2049500
2017-01-25,107.9800033569336,108.04000091552734,107.83000183105469,107.91999816894531,83.74954986572266,2912900
2017-01-26,107.86000061035156,108.02999877929688,107.70999908447266,107.98999786376953,83.80384063720703,2046300
2017-01-27,108.02999877929688,108.16000366210938,108.0199966430664,108.08000183105469,83.87370300292969,3096800
2017-01-30,108.16000366210938,108.20999908447266,108.02999877929688,108.02999877929688,83.8348617553711,2946200
2017-01-31,108.08000183105469,108.37000274658203,108.08000183105469,108.29000091552734,84.03669738769531,7552700
2017-02-01,107.7699966430664,108.01000213623047,107.69000244140625,107.91999816894531,83.9184799194336,2994200
2017-02-02,108.05999755859375,108.18000030517578,107.94999694824219,107.9800033569336,83.96514129638672,3490700
2017-02-03,108.12000274658203,108.27999877929688,107.86000061035156,108.01000213623047,83.98844909667969,2728400
2017-02-06,108.22000122070312,108.37999725341797,108.0999984741211,108.31999969482422,84.22948455810547,1827000
2017-02-07,108.30000305175781,108.58000183105469,108.25,108.43000030517578,84.31501770019531,2659100
2017-02-08,108.61000061035156,108.83000183105469,108.61000061035156,108.73999786376953,84.55606842041016,3873200
2017-02-09,108.61000061035156,108.66999816894531,108.43000030517578,108.4800033569336,84.3539047241211,2736000
2017-02-10,108.26000213623047,108.47000122070312,108.26000213623047,108.45999908447266,84.33836364746094,2365300
2017-02-13,108.33999633789062,108.3499984741211,108.2300033569336,108.30000305175781,84.21392059326172,2189800
2017-02-14,108.30000305175781,108.30000305175781,107.91000366210938,108.05999755859375,84.02729797363281,2809500
2017-02-15,107.91999816894531,108.0,107.86000061035156,107.88999938964844,83.8951644897461,2138900
2017-02-16,108.01000213623047,108.27999877929688,108.01000213623047,108.12000274658203,84.07392120361328,5257400
2017-02-17,108.37000274658203,108.44999694824219,108.31999969482422,108.36000061035156,84.26058197021484,2228100
2017-02-21,108.23999786376953,108.44999694824219,108.22000122070312,108.3499984741211,84.25282287597656,1980300
2017-02-22,108.54000091552734,108.55000305175781,108.19999694824219,108.41999816894531,84.30726623535156,2655500
2017-02-23,108.55999755859375,108.6500015258789,108.52999877929688,108.5999984741211,84.44721221923828,2169000
2017-02-24,108.87999725341797,109.05999755859375,108.81999969482422,109.0,84.75826263427734,2670900
2017-02-27,108.94999694824219,108.9800033569336,108.7699966430664,108.80000305175781,84.6027603149414,1998200
2017-02-28,108.80000305175781,108.94000244140625,108.75,108.7699966430664,84.57938385009766,3840100
2017-03-01,108.12000274658203,108.13999938964844,107.9800033569336,108.04000091552734,84.18207550048828,3280200
2017-03-02,107.93000030517578,107.98999786376953,107.75,107.83999633789062,84.02621459960938,2299700
2017-03-03,107.91999816894531,107.97000122070312,107.73999786376953,107.91999816894531,84.08853149414062,4293900
2017-03-06,107.94000244140625,107.98999786376953,107.81999969482422,107.87000274658203,84.04956817626953,3678300
2017-03-07,107.80000305175781,107.83999633789062,107.69000244140625,107.7300033569336,83.94049072265625,2237900
2017-03-08,107.38999938964844,107.5,107.33999633789062,107.47000122070312,83.73790740966797,2834700
2017-03-09,107.31999969482422,107.33999633789062,107.12000274658203,107.13999938964844,83.4807357788086,3527300
2017-03-10,107.2300033569336,107.31999969482422,107.16000366210938,107.30000305175781,83.60548400878906,1906000
2017-03-13,107.20999908447266,107.27999877929688,107.0999984741211,107.12000274658203,83.46519470214844,1658500
2017-03-14,107.08000183105469,107.23999786376953,107.08000183105469,107.16000366210938,83.49639129638672,2639200
2017-03-15,107.25,107.79000091552734,107.19999694824219,107.77999877929688,83.97946166992188,2162900
2017-03-16,107.68000030517578,107.75,107.62000274658203,107.66000366210938,83.88597106933594,2369700
2017-03-17,107.72000122070312,107.91000366210938,107.69000244140625,107.88999938964844,84.065185546875,2368800
2017-03-20,107.86000061035156,108.05000305175781,107.83999633789062,108.05000305175781,84.18985748291016,1635200
2017-03-21,107.93000030517578,108.2699966430664,107.93000030517578,108.2699966430664,84.36127471923828,2049700
2017-03-22,108.44000244140625,108.54000091552734,108.36000061035156,108.41999816894531,84.47811126708984,2643600
2017-03-23,108.44000244140625,108.51000213623047,108.26000213623047,108.44999694824219,84.50154113769531,2071400
2017-03-24,108.3499984741211,108.51000213623047,108.30999755859375,108.36000061035156,84.43135833740234,3374900
2017-03-27,108.6500015258789,108.70999908447266,108.52999877929688,108.62000274658203,84.63398742675781,1977300
2017-03-28,108.62999725341797,108.68000030517578,108.3499984741211,108.37000274658203,84.43917846679688,2016100
2017-03-29,108.4800033569336,108.62000274658203,108.45999908447266,108.61000061035156,84.62614440917969,1965600
2017-03-30,108.5199966430664,108.58000183105469,108.37999725341797,108.41000366210938,84.47034454345703,1733900
2017-03-31,108.44000244140625,108.52999877929688,108.41999816894531,108.48999786376953,84.53266906738281,3717700
2017-04-03,108.30999755859375,108.68000030517578,108.30000305175781,108.66999816894531,84.84654235839844,5197800
2017-04-04,108.61000061035156,108.6500015258789,108.5199966430664,108.56999969482422,84.76847076416016,1627500
2017-04-05,108.4800033569336,108.73999786376953,108.44999694824219,108.69000244140625,84.86216735839844,2304100
2017-04-06,108.63999938964844,108.70999908447266,108.4800033569336,108.68000030517578,84.8543701171875,1725300
2017-04-07,108.80000305175781,108.88999938964844,108.41999816894531,108.44000244140625,84.66695404052734,1783600
2017-04-10,108.52999877929688,108.6500015258789,108.48999786376953,108.58000183105469,84.77625274658203,1903800
2017-04-11,108.76000213623047,108.9800033569336,108.75,108.88999938964844,85.01828002929688,2200800
2017-04-12,108.93000030517578,109.19999694824219,108.88999938964844,109.12999725341797,85.2056884765625,2433000
2017-04-13,109.25,109.38999938964844,109.12999725341797,109.2699966430664,85.31497955322266,2339900
2017-04-17,109.30000305175781,109.4000015258789,109.18000030517578,109.20999908447266,85.26814270019531,1646100
2017-04-18,109.41000366210938,109.69999694824219,109.38999938964844,109.6500015258789,85.61165618896484,2369500
2017-04-19,109.47000122070312,109.55999755859375,109.38999938964844,109.4800033569336,85.47894287109375,2148500
2017-04-20,109.30999755859375,109.4000015258789,109.19999694824219,109.30999755859375,85.34622192382812,1867800
2017-04-21,109.4000015258789,109.48999786376953,109.30000305175781,109.33999633789062,85.36964416503906,1539300
2017-04-24,109.05000305175781,109.22000122070312,109.0,109.18000030517578,85.24472045898438,2745400
2017-04-25,108.98999786376953,109.05000305175781,108.7699966430664,108.81999969482422,84.96365356445312,1888500
2017-04-26,108.8499984741211,108.97000122070312,108.7699966430664,108.95999908447266,85.072998046875,2893700
2017-04-27,108.94000244140625,109.0999984741211,108.91000366210938,109.05999755859375,85.1510238647461,1660900
2017-04-28,108.9800033569336,109.25,108.91000366210938,109.25,85.29938507080078,5774800
2017-05-01,108.86000061035156,108.95999908447266,108.62000274658203,108.7300033569336,85.07949829101562,2510000
2017-05-02,108.68000030517578,108.94000244140625,108.68000030517578,108.87999725341797,85.19686126708984,2841400
2017-05-03,108.97000122070312,108.98999786376953,108.7699966430664,108.7699966430664,85.11079406738281,1923400
2017-05-04,108.55000305175781,108.69999694824219,108.55000305175781,108.68000030517578,85.04039001464844,1897900
2017-05-05,108.72000122070312,108.73999786376953,108.56999969482422,108.69999694824219,85.05604553222656,1421800
2017-05-08,108.62999725341797,108.66999816894531,108.48999786376953,108.48999786376953,84.8917007446289,3568400
2017-05-09,108.43000030517578,108.51000213623047,108.4000015258789,108.5,84.89952850341797,3084900
2017-05-10,108.5999984741211,108.66000366210938,108.44000244140625,108.52999877929688,84.92302703857422,1653400
2017-05-11,108.3499984741211,108.54000091552734,108.33999633789062,108.5199966430664,84.9151840209961,2331000
2017-05-12,108.80999755859375,108.94000244140625,108.77999877929688,108.91999816894531,85.22821807861328,1329700
2017-05-15,108.8499984741211,108.94000244140625,108.81999969482422,108.87999725341797,85.19686126708984,1771000
2017-05-16,108.87999725341797,109.0999984741211,108.87999725341797,109.0199966430664,85.30642700195312,2051800
2017-05-17,109.3499984741211,109.5999984741211,109.27999877929688,109.58000183105469,85.74466705322266,2464500
2017-05-18,109.54000091552734,109.62999725341797,109.44000244140625,109.5199966430664,85.6976547241211,2107000
2017-05-19,109.51000213623047,109.54000091552734,109.3499984741211,109.5199966430664,85.6976547241211,1504000
2017-05-22,109.43000030517578,109.4800033569336,109.4000015258789,109.44999694824219,85.64289093017578,1642700
2017-05-23,109.5,109.52999877929688,109.20999908447266,109.23999786376953,85.47856903076172,1334500
2017-05-24,109.25,109.5,109.20999908447266,109.43000030517578,85.62725067138672,2719200
2017-05-25,109.44999694824219,109.48999786376953,109.37000274658203,109.4800033569336,85.6663589477539,1558100
2017-05-26,109.45999908447266,109.54000091552734,109.44000244140625,109.44000244140625,85.63507080078125,955300
2017-05-30,109.58000183105469,109.66000366210938,109.54000091552734,109.6500015258789,85.79936218261719,2093200
2017-05-31,109.63999938964844,109.80999755859375,109.63999938964844,109.76000213623047,85.885498046875,2416500
2017-06-01,109.36000061035156,109.5,109.33999633789062,109.4800033569336,85.84624481201172,2454500
2017-06-02,109.73999786376953,109.88999938964844,109.69000244140625,109.83999633789062,86.1285171508789,1507400
2017-06-05,109.66000366210938,109.73999786376953,109.5999984741211,109.66999816894531,85.99525451660156,2450600
2017-06-06,109.87000274658203,109.94999694824219,109.80999755859375,109.88999938964844,86.16777038574219,1607700
2017-06-07,109.80999755859375,109.87000274658203,109.69999694824219,109.76000213623047,86.06581115722656,1903500
2017-06-08,109.69999694824219,109.69999694824219,109.51000213623047,109.6500015258789,85.97957611083984,1532700
2017-06-09,109.51000213623047,109.62999725341797,109.45999908447266,109.55999755859375,85.90898132324219,1616800
2017-06-12,109.51000213623047,109.69999694824219,109.47000122070312,109.55999755859375,85.90898132324219,1394800
2017-06-13,109.43000030517578,109.5999984741211,109.43000030517578,109.58999633789062,85.93248748779297,1474300
2017-06-14,110.0,110.18000030517578,109.8499984741211,109.94000244140625,86.20697784423828,2627500
2017-06-15,109.9000015258789,109.9000015258789,109.77999877929688,109.87000274658203,86.1520767211914,2233900
2017-06-16,109.86000061035156,109.97000122070312,109.8499984741211,109.94000244140625,86.20697784423828,2216600
2017-06-19,109.87000274658203,109.9000015258789,109.73999786376953,109.79000091552734,86.08934783935547,1610400
2017-06-20,109.8499984741211,110.02999877929688,109.80000305175781,109.95999908447266,86.2226333618164,2195100
2017-06-21,109.87999725341797,110.02999877929688,109.87999725341797,109.9800033569336,86.23829650878906,1217400
2017-06-22,110.05999755859375,110.08999633789062,109.94999694824219,110.02999877929688,86.27753448486328,1427400
2017-06-23,110.01000213623047,110.11000061035156,109.9800033569336,110.05000305175781,86.29325103759766,1259100
2017-06-26,110.19000244140625,110.23999786376953,110.12999725341797,110.1500015258789,86.37166595458984,1914400
2017-06-27,109.93000030517578,109.9800033569336,109.79000091552734,109.81999969482422,86.11286926269531,3072300
2017-06-28,109.8499984741211,109.87999725341797,109.68000030517578,109.86000061035156,86.14422607421875,12184400
2017-06-29,109.52999877929688,109.68000030517578,109.47000122070312,109.6500015258789,85.97957611083984,3377200
2017-06-30,109.62000274658203,109.62999725341797,109.45999908447266,109.51000213623047,85.86979675292969,2626900
2017-07-03,109.30000305175781,109.30000305175781,109.01000213623047,109.08999633789062,85.71659088134766,1817300
2017-07-05,109.08000183105469,109.18000030517578,109.0,109.1500015258789,85.76372528076172,4288600
2017-07-06,108.94999694824219,109.0,108.81999969482422,108.94000244140625,85.59870147705078,2284900
2017-07-07,108.88999938964844,108.94999694824219,108.83000183105469,108.9000015258789,85.56731414794922,2727400
2017-07-10,108.97000122070312,109.0199966430664,108.88999938964844,108.94999694824219,85.60657501220703,2386400
2017-07-11,108.97000122070312,109.0999984741211,108.93000030517578,109.05000305175781,85.68511199951172,1969100
2017-07-12,109.37999725341797,109.43000030517578,109.26000213623047,109.37999725341797,85.94446563720703,2129900
2017-07-13,109.29000091552734,109.30999755859375,109.12999725341797,109.26000213623047,85.85013580322266,1568300
2017-07-14,109.54000091552734,109.55999755859375,109.29000091552734,109.37000274658203,85.93658447265625,1916600
2017-07-17,109.4000015258789,109.4800033569336,109.31999969482422,109.41999816894531,85.97586059570312,4078500
2017-07-18,109.63999938964844,109.70999908447266,109.58000183105469,109.66999816894531,86.17230987548828,2878400
2017-07-19,109.72000122070312,109.75,109.62999725341797,109.69999694824219,86.19586944580078,1577700
2017-07-20,109.8499984741211,109.87999725341797,109.69999694824219,109.7300033569336,86.2194595336914,1802600
2017-07-21,109.87999725341797,109.95999908447266,109.83000183105469,109.91999816894531,86.36874389648438,1531700
2017-07-24,109.83999633789062,109.91999816894531,109.76000213623047,109.81999969482422,86.29014587402344,1946000
2017-07-25,109.5999984741211,109.62999725341797,109.38999938964844,109.43000030517578,85.98373413085938,2601700
2017-07-26,109.37000274658203,109.70999908447266,109.3499984741211,109.63999938964844,86.14874267578125,2249800
2017-07-27,109.51000213623047,109.58999633789062,109.43000030517578,109.4800033569336,86.02300262451172,1868600
2017-07-28,109.54000091552734,109.69999694824219,109.48999786376953,109.69999694824219,86.19586944580078,1894200
2017-07-31,109.69000244140625,109.7300033569336,109.58000183105469,109.6500015258789,86.15657806396484,2363000
2017-08-01,109.37999725341797,109.72000122070312,109.36000061035156,109.72000122070312,86.39279174804688,2338900
2017-08-02,109.70999908447266,109.7699966430664,109.63999938964844,109.63999938964844,86.32982635498047,2253300
2017-08-03,109.7699966430664,109.94000244140625,109.73999786376953,109.86000061035156,86.50303649902344,1485200
2017-08-04,109.69999694824219,109.72000122070312,109.54000091552734,109.68000030517578,86.361328125,2300900
2017-08-07,109.69000244140625,109.72000122070312,109.61000061035156,109.66999816894531,86.35345458984375,2359800
2017-08-08,109.66999816894531,109.69000244140625,109.5,109.56999969482422,86.27474212646484,2570800
2017-08-09,109.87000274658203,109.87000274658203,109.66000366210938,109.66999816894531,86.35345458984375,2308900
2017-08-10,109.69999694824219,109.8499984741211,109.66999816894531,109.77999877929688,86.44002532958984,2004200
2017-08-11,109.75,109.94000244140625,109.68000030517578,109.87000274658203,86.51094818115234,1913300
2017-08-14,109.83999633789062,109.9000015258789,109.73999786376953,109.81999969482422,86.47152709960938,2293900
2017-08-15,109.55999755859375,109.72000122070312,109.55999755859375,109.66000366210938,86.34557342529297,2177400
2017-08-16,109.54000091552734,109.93000030517578,109.54000091552734,109.86000061035156,86.50303649902344,1956500
2017-08-17,109.83000183105469,110.0199966430664,109.77999877929688,110.0199966430664,86.62898254394531,5403500
2017-08-18,110.05000305175781,110.13999938964844,109.88999938964844,109.94999694824219,86.57390594482422,1564800
2017-08-21,110.01000213623047,110.08999633789062,109.97000122070312,110.02999877929688,86.63690948486328,1717600
2017-08-22,109.98999786376953,110.0199966430664,109.87000274658203,109.93000030517578,86.55817413330078,1992300
2017-08-23,110.08000183105469,110.19000244140625,110.01000213623047,110.18000030517578,86.7550277709961,1894900
2017-08-24,110.06999969482422,110.16000366210938,109.98999786376953,110.04000091552734,86.6447525024414,2102100
2017-08-25,110.05000305175781,110.19000244140625,110.01000213623047,110.12000274658203,86.707763671875,2326800
2017-08-28,110.16999816894531,110.23999786376953,110.0999984741211,110.16000366210938,86.73922729492188,4476000
2017-08-29,110.4800033569336,110.48999786376953,110.26000213623047,110.31999969482422,86.86524200439453,2092200
2017-08-30,110.2699966430664,110.33000183105469,110.23999786376953,110.30000305175781,86.84950256347656,1505700
2017-08-31,110.30999755859375,110.45999908447266,110.30999755859375,110.44999694824219,86.9676284790039,5308300
2017-09-01,110.19000244140625,110.22000122070312,109.91000366210938,109.97000122070312,86.77034759521484,2824200
2017-09-05,110.2699966430664,110.5,110.20999908447266,110.41999816894531,87.1253890991211,2257000
2017-09-06,110.41999816894531,110.5199966430664,110.2300033569336,110.30000305175781,87.0307388305664,2720200
2017-09-07,110.43000030517578,110.66000366210938,110.41999816894531,110.56999969482422,87.24375915527344,1648800
2017-09-08,110.54000091552734,110.58000183105469,110.43000030517578,110.44000244140625,87.14114379882812,2363200
2017-09-11,110.2699966430664,110.29000091552734,110.0999984741211,110.13999938964844,86.90447998046875,2492700
2017-09-12,110.04000091552734,110.05999755859375,109.91999816894531,109.9800033569336,86.77822875976562,2403600
2017-09-13,110.0,110.04000091552734,109.86000061035156,109.87000274658203,86.69147491455078,1304100
2017-09-14,109.80999755859375,109.97000122070312,109.80999755859375,109.93000030517578,86.73880767822266,1704200
2017-09-15,110.0,110.04000091552734,109.86000061035156,109.91000366210938,86.72303009033203,2818000
2017-09-18,109.86000061035156,109.9000015258789,109.7699966430664,109.86000061035156,86.68354034423828,1946300
2017-09-19,109.91000366210938,109.95999908447266,109.79000091552734,109.80000305175781,86.63621520996094,1407200
2017-09-20,109.83999633789062,109.91999816894531,109.58999633789062,109.70999908447266,86.5652084350586,1356800
2017-09-21,109.81999969482422,109.8499984741211,109.68000030517578,109.69000244140625,86.54942321777344,2210900
2017-09-22,109.86000061035156,109.9000015258789,109.75,109.7699966430664,86.61257934570312,1461800
2017-09-25,109.8499984741211,110.04000091552734,109.81999969482422,110.02999877929688,86.81768035888672,3937600
2017-09-26,109.94999694824219,110.0199966430664,109.87999725341797,109.98999786376953,86.78609466552734,2749900
2017-09-27,109.66999816894531,109.75,109.5999984741211,109.66999816894531,86.53363800048828,3042800
2017-09-28,109.58000183105469,109.72000122070312,109.51000213623047,109.68000030517578,86.54154205322266,1702500
2017-09-29,109.73999786376953,109.7699966430664,109.54000091552734,109.58999633789062,86.47052764892578,5770800
2017-10-02,109.43000030517578,109.51000213623047,109.33000183105469,109.43000030517578,86.52344512939453,5692200
2017-10-03,109.45999908447266,109.54000091552734,109.4000015258789,109.5199966430664,86.59465026855469,2462200
2017-10-04,109.55999755859375,109.56999969482422,109.41000366210938,109.48999786376953,86.57093048095703,2673200
2017-10-05,109.54000091552734,109.54000091552734,109.37000274658203,109.44000244140625,86.5313949584961,1909900
2017-10-06,109.22000122070312,109.41999816894531,109.1500015258789,109.27999877929688,86.40486145019531,1824000
2017-10-09,109.3499984741211,109.43000030517578,109.30000305175781,109.43000030517578,86.52344512939453,1131500
2017-10-10,109.47000122070312,109.61000061035156,109.4000015258789,109.44000244140625,86.5313949584961,1635800
2017-10-11,109.47000122070312,109.52999877929688,109.41999816894531,109.45999908447266,86.5472183227539,1866400
2017-10-12,109.55999755859375,109.61000061035156,109.4800033569336,109.58999633789062,86.6500244140625,1933400
2017-10-13,109.81999969482422,109.87000274658203,109.69000244140625,109.86000061035156,86.86346435546875,1743800
2017-10-16,109.75,109.80999755859375,109.66000366210938,109.75,86.7765121459961,3788100
2017-10-17,109.62000274658203,109.73999786376953,109.55000305175781,109.70999908447266,86.744873046875,1764400
2017-10-18,109.51000213623047,109.55999755859375,109.45999908447266,109.54000091552734,86.61045837402344,1663800
2017-10-19,109.70999908447266,109.75,109.54000091552734,109.62000274658203,86.67374420166016,1877000
2017-10-20,109.31999969482422,109.41000366210938,109.26000213623047,109.30000305175781,86.42073822021484,2014200
2017-10-23,109.4000015258789,109.47000122070312,109.36000061035156,109.41999816894531,86.51556396484375,2000800
2017-10-24,109.2300033569336,109.29000091552734,109.16999816894531,109.19000244140625,86.33370208740234,1722300
2017-10-25,108.95999908447266,109.12999725341797,108.94999694824219,109.12000274658203,86.2784194946289,2945400
2017-10-26,109.19999694824219,109.2300033569336,108.9800033569336,109.0,86.1834716796875,2163500
2017-10-27,109.06999969482422,109.26000213623047,109.04000091552734,109.23999786376953,86.37326049804688,1902500
2017-10-30,109.43000030517578,109.55999755859375,109.36000061035156,109.54000091552734,86.61045837402344,2384800
2017-10-31,109.5199966430664,109.55000305175781,109.44000244140625,109.47000122070312,86.55509185791016,3719900
2017-11-01,109.16999816894531,109.41000366210938,109.16999816894531,109.29000091552734,86.59312438964844,2959400
2017-11-02,109.3499984741211,109.5,109.33000183105469,109.3499984741211,86.64070129394531,2160500
2017-11-03,109.4800033569336,109.4800033569336,109.29000091552734,109.44999694824219,86.71988677978516,1781200
2017-11-06,109.55999755859375,109.58999633789062,109.45999908447266,109.55000305175781,86.79915618896484,1293000
2017-11-07,109.58000183105469,109.61000061035156,109.48999786376953,109.58000183105469,86.82290649414062,2015500
2017-11-08,109.54000091552734,109.5999984741211,109.45999908447266,109.51000213623047,86.7674789428711,2742600
2017-11-09,109.38999938964844,109.45999908447266,109.30000305175781,109.43000030517578,86.70401000976562,2479800
2017-11-10,109.05999755859375,109.1500015258789,108.97000122070312,108.98999786376953,86.35546112060547,1751100
2017-11-13,109.11000061035156,109.11000061035156,108.95999908447266,108.98999786376953,86.35546112060547,1891600
2017-11-14,109.01000213623047,109.12000274658203,109.0,109.0999984741211,86.44258117675781,2799900
2017-11-15,109.26000213623047,109.37999725341797,109.13999938964844,109.30999755859375,86.60900115966797,2495700
2017-11-16,109.22000122070312,109.31999969482422,109.18000030517578,109.19000244140625,86.51394653320312,1912600
2017-11-17,109.33000183105469,109.38999938964844,109.26000213623047,109.30999755859375,86.60900115966797,3544600
2017-11-20,109.2300033569336,109.30000305175781,109.18000030517578,109.25,86.56144714355469,2639100
2017-11-21,109.38999938964844,109.43000030517578,109.22000122070312,109.36000061035156,86.64860534667969,2297400
2017-11-22,109.4000015258789,109.55999755859375,109.37999725341797,109.55000305175781,86.79915618896484,6104100
2017-11-24,109.5,109.55999755859375,109.4800033569336,109.52999877929688,86.78334045410156,1693500
2017-11-27,109.52999877929688,109.58000183105469,109.44000244140625,109.52999877929688,86.78334045410156,2653300
2017-11-28,109.58999633789062,109.62999725341797,109.47000122070312,109.52999877929688,86.78334045410156,5126900
2017-11-29,109.2699966430664,109.31999969482422,109.18000030517578,109.26000213623047,86.56939697265625,2423700
2017-11-30,109.25,109.30000305175781,109.0199966430664,109.08000183105469,86.42674255371094,4011300
2017-12-01,109.0199966430664,109.4800033569336,108.8499984741211,109.16000366210938,86.67367553710938,3410200
2017-12-04,109.02999877929688,109.16999816894531,109.0,109.1500015258789,86.6657943725586,2652800
2017-12-05,109.26000213623047,109.26000213623047,109.08000183105469,109.26000213623047,86.75310516357422,2995500
2017-12-06,109.44000244140625,109.5199966430664,109.37000274658203,109.37000274658203,86.84046936035156,2965800
2017-12-07,109.37999725341797,109.45999908447266,109.1500015258789,109.2300033569336,86.729248046875,2584100
2017-12-08,109.20999908447266,109.29000091552734,109.1500015258789,109.19000244140625,86.69755554199219,1685000
2017-12-11,109.13999938964844,109.31999969482422,109.12999725341797,109.1500015258789,86.6657943725586,2612400
2017-12-12,109.0999984741211,109.11000061035156,108.94999694824219,109.0999984741211,86.62603759765625,3142400
2017-12-13,109.2300033569336,109.55000305175781,109.13999938964844,109.41000366210938,86.87220764160156,3109500
2017-12-14,109.30999755859375,109.51000213623047,109.2300033569336,109.44000244140625,86.89603424072266,4126100
2017-12-15,109.41999816894531,109.55000305175781,109.31999969482422,109.47000122070312,86.9198226928711,2403700
2017-12-18,109.47000122070312,109.47000122070312,109.25,109.33000183105469,86.80867004394531,4474300
2017-12-19,109.13999938964844,109.16000366210938,108.88999938964844,109.01000213623047,86.55458068847656,2820900
2017-12-20,108.75,108.87999725341797,108.70999908447266,108.76000213623047,86.35610961914062,4002500
2017-12-21,108.76000213623047,108.87000274658203,108.7300033569336,108.81999969482422,86.4323501586914,2374500
2017-12-22,108.81999969482422,108.88999938964844,108.80999755859375,108.87000274658203,86.47210693359375,3292800
2017-12-26,108.91000366210938,109.01000213623047,108.87000274658203,108.95999908447266,86.54351806640625,1873400
2017-12-27,109.0199966430664,109.33000183105469,109.0199966430664,109.30000305175781,86.81360626220703,2046900
2017-12-28,109.22000122070312,109.26000213623047,109.13999938964844,109.22000122070312,86.75006866455078,2895400
2017-12-29,109.27999877929688,109.38999938964844,109.23999786376953,109.33000183105469,86.83744049072266,2813400
2018-01-02,109.26000213623047,109.30999755859375,108.97000122070312,109.16999816894531,86.7103271484375,8850900
2018-01-03,109.25,109.25,109.08999633789062,109.18000030517578,86.71824645996094,2441700
2018-01-04,109.0199966430664,109.1500015258789,108.97000122070312,109.11000061035156,86.66271209716797,2945400
2018-01-05,109.1500015258789,109.1500015258789,108.94999694824219,109.04000091552734,86.60706329345703,4322900
2018-01-08,109.11000061035156,109.11000061035156,108.94999694824219,109.01000213623047,86.58323669433594,3394500
2018-01-09,108.91000366210938,108.91000366210938,108.69000244140625,108.70999908447266,86.34498596191406,2301300
2018-01-10,108.4800033569336,108.72000122070312,108.43000030517578,108.70999908447266,86.34498596191406,4194300
2018-01-11,108.66000366210938,108.86000061035156,108.61000061035156,108.76000213623047,86.38465118408203,3470400
2018-01-12,108.63999938964844,108.83000183105469,108.62999725341797,108.73999786376953,86.36882019042969,3605900
2018-01-16,108.87000274658203,108.9800033569336,108.72000122070312,108.7699966430664,86.39260864257812,6794400
2018-01-17,108.7300033569336,108.83999633789062,108.62000274658203,108.6500015258789,86.29730224609375,3146300
2018-01-18,108.43000030517578,108.52999877929688,108.3499984741211,108.41000366210938,86.1067123413086,2896500
2018-01-19,108.4000015258789,108.4000015258789,108.13999938964844,108.18000030517578,85.92400360107422,2933800
2018-01-22,108.22000122070312,108.30000305175781,108.11000061035156,108.13999938964844,85.89225006103516,3983200
2018-01-23,108.33000183105469,108.44000244140625,108.29000091552734,108.4000015258789,86.09871673583984,4775600
2018-01-24,108.25,108.31999969482422,108.1500015258789,108.29000091552734,86.01138305664062,2362300
2018-01-25,108.26000213623047,108.56999969482422,108.19000244140625,108.56999969482422,86.23377227783203,9851600
2018-01-26,108.51000213623047,108.51000213623047,108.2699966430664,108.37000274658203,86.07489776611328,3808000
2018-01-29,108.13999938964844,108.25,108.0199966430664,108.18000030517578,85.92400360107422,3974900
2018-01-30,108.12000274658203,108.12000274658203,107.91999816894531,108.01000213623047,85.78897094726562,3659500
2018-01-31,108.19999694824219,108.20999908447266,107.87999725341797,108.0999984741211,85.86048889160156,8066500
2018-02-01,107.75,107.83000183105469,107.4800033569336,107.5199966430664,85.59140014648438,9678700
2018-02-02,107.25,107.3499984741211,107.0999984741211,107.19999694824219,85.3366470336914,4779300
2018-02-05,107.12999725341797,107.80999755859375,107.0,107.62999725341797,85.67897033691406,5991700
2018-02-06,107.45999908447266,107.55999755859375,107.27999877929688,107.31999969482422,85.43221282958984,6031400
2018-02-07,107.43000030517578,107.44000244140625,107.0,107.08000183105469,85.24116516113281,4115600
2018-02-08,106.83999633789062,107.13999938964844,106.7699966430664,106.9000015258789,85.09784698486328,4761600
2018-02-09,106.72000122070312,107.06999969482422,106.69999694824219,106.76000213623047,84.9864273071289,5926100
2018-02-12,106.73999786376953,106.94999694824219,106.66000366210938,106.79000091552734,85.01029205322266,5421400
2018-02-13,106.79000091552734,106.91000366210938,106.69999694824219,106.81999969482422,85.03421020507812,4256200
2018-02-14,106.56999969482422,106.66000366210938,106.4000015258789,106.45999908447266,84.74755096435547,4317000
2018-02-15,106.55999755859375,106.7300033569336,106.52999877929688,106.58999633789062,84.85105895996094,2878900
2018-02-16,106.8499984741211,106.87999725341797,106.70999908447266,106.80000305175781,85.01822662353516,3648900
2018-02-20,106.69000244140625,106.70999908447266,106.55000305175781,106.69000244140625,84.93069458007812,2907400
2018-02-21,106.7699966430664,106.80000305175781,106.26000213623047,106.3499984741211,84.65998077392578,3223800
2018-02-22,106.48999786376953,106.55999755859375,106.36000061035156,106.36000061035156,84.66798400878906,2485400
2018-02-23,106.61000061035156,106.76000213623047,106.56999969482422,106.62999725341797,84.8829116821289,2398100
2018-02-26,106.87999725341797,106.94999694824219,106.69000244140625,106.70999908447266,84.94656372070312,4617300
2018-02-27,106.77999877929688,106.81999969482422,106.37999725341797,106.4800033569336,84.76348114013672,5704700
2018-02-28,106.58999633789062,106.7699966430664,106.54000091552734,106.7699966430664,84.99435424804688,9614100
2018-03-01,106.54000091552734,106.72000122070312,106.37999725341797,106.62999725341797,85.07015228271484,7335500
2018-03-02,106.47000122070312,106.55000305175781,106.36000061035156,106.45999908447266,84.93450164794922,3717300
2018-03-05,106.5999984741211,106.6500015258789,106.27999877929688,106.4000015258789,84.88667297363281,3307200
2018-03-06,106.44999694824219,106.55999755859375,106.37999725341797,106.41999816894531,84.90261840820312,1932100
2018-03-07,106.51000213623047,106.55000305175781,106.37000274658203,106.4000015258789,84.88667297363281,3448700
2018-03-08,106.41999816894531,106.62999725341797,106.41999816894531,106.56999969482422,85.02228546142578,2396200
2018-03-09,106.43000030517578,106.45999908447266,106.30000305175781,106.37000274658203,84.86275482177734,3669400
2018-03-12,106.43000030517578,106.48999786376953,106.37000274658203,106.43000030517578,84.91059875488281,4149500
2018-03-13,106.58999633789062,106.5999984741211,106.44999694824219,106.56999969482422,85.02228546142578,2727500
2018-03-14,106.54000091552734,106.8499984741211,106.5199966430664,106.75,85.16590118408203,3126400
2018-03-15,106.7300033569336,106.80999755859375,106.63999938964844,106.76000213623047,85.17389678955078,3045500
2018-03-16,106.62000274658203,106.72000122070312,106.5999984741211,106.69999694824219,85.1259994506836,2552700
2018-03-19,106.55999755859375,106.73999786376953,106.52999877929688,106.58999633789062,85.03823852539062,2263200
2018-03-20,106.44000244140625,106.51000213623047,106.4000015258789,106.41999816894531,84.90261840820312,3000700
2018-03-21,106.31999969482422,106.4800033569336,106.08000183105469,106.41000366210938,84.89466094970703,2994400
2018-03-22,106.66999816894531,106.80000305175781,106.48999786376953,106.61000061035156,85.0541763305664,3334400
2018-03-23,106.45999908447266,106.69999694824219,106.45999908447266,106.61000061035156,85.0541763305664,3618700
2018-03-26,106.63999938964844,106.70999908447266,106.47000122070312,106.56999969482422,85.02228546142578,4546500
2018-03-27,106.62999725341797,106.94999694824219,106.61000061035156,106.87999725341797,85.26956939697266,4537700
2018-03-28,107.05000305175781,107.0999984741211,106.87999725341797,106.94000244140625,85.31745147705078,5617200
2018-03-29,106.94999694824219,107.26000213623047,106.94999694824219,107.25,85.56478881835938,8300000
2018-04-02,106.9000015258789,107.04000091552734,106.81999969482422,106.9000015258789,85.47923278808594,7280300
2018-04-03,106.81999969482422,106.87000274658203,106.73999786376953,106.77999877929688,85.38328552246094,9916100
2018-04-04,106.9000015258789,106.93000030517578,106.79000091552734,106.81999969482422,85.41529846191406,6200900
2018-04-05,106.70999908447266,106.76000213623047,106.62999725341797,106.66999816894531,85.2953109741211,2592500
2018-04-06,106.88999938964844,106.9800033569336,106.79000091552734,106.91000366210938,85.48722076416016,2814800
2018-04-09,106.83000183105469,107.0,106.77999877929688,107.0,85.55917358398438,3746500
2018-04-10,106.94999694824219,106.98999786376953,106.83000183105469,106.91999816894531,85.49522399902344,2941900
2018-04-11,107.05000305175781,107.05999755859375,106.93000030517578,107.01000213623047,85.56722259521484,8598800
2018-04-12,106.91000366210938,106.93000030517578,106.76000213623047,106.7699966430664,85.37525939941406,3899000
2018-04-13,106.69000244140625,106.83999633789062,106.66999816894531,106.80000305175781,85.39925384521484,2764800
2018-04-16,106.63999938964844,106.83999633789062,106.61000061035156,106.81999969482422,85.41529846191406,3860800
2018-04-17,106.80999755859375,106.88999938964844,106.75,106.8499984741211,85.43922424316406,2363000
2018-04-18,106.73999786376953,106.75,106.54000091552734,106.55000305175781,85.19937133789062,2231700
2018-04-19,106.33999633789062,106.38999938964844,106.23999786376953,106.29000091552734,84.99148559570312,10985100
2018-04-20,106.1500015258789,106.23999786376953,106.0,106.0,84.75960540771484,2766000
2018-04-23,105.9800033569336,106.01000213623047,105.9000015258789,105.94999694824219,84.71955871582031,2620800
2018-04-24,105.8499984741211,105.91999816894531,105.77999877929688,105.80999755859375,84.60765838623047,3442300
2018-04-25,105.72000122070312,105.73999786376953,105.5999984741211,105.66999816894531,84.49567413330078,3785000
2018-04-26,105.83000183105469,105.9000015258789,105.76000213623047,105.8499984741211,84.63965606689453,4870300
2018-04-27,105.95999908447266,106.04000091552734,105.94000244140625,105.9800033569336,84.74357604980469,3806400
2018-04-30,106.01000213623047,106.12000274658203,105.98999786376953,106.0,84.75960540771484,4692600
2018-05-01,105.7300033569336,105.79000091552734,105.5999984741211,105.66999816894531,84.68743896484375,3027000
2018-05-02,105.69999694824219,105.77999877929688,105.62000274658203,105.66999816894531,84.68743896484375,2560800
2018-05-03,105.81999969482422,105.94999694824219,105.77999877929688,105.79000091552734,84.78361511230469,4499200
2018-05-04,105.91999816894531,105.93000030517578,105.70999908447266,105.86000061035156,84.83970642089844,2317100
2018-05-07,105.87999725341797,105.87999725341797,105.7699966430664,105.80999755859375,84.79966735839844,1533400
2018-05-08,105.66000366210938,105.75,105.5999984741211,105.69000244140625,84.7034912109375,2591700
2018-05-09,105.55999755859375,105.63999938964844,105.5199966430664,105.56999969482422,84.6072998046875,2507500
2018-05-10,105.75,105.81999969482422,105.69000244140625,105.80999755859375,84.79966735839844,2096700
2018-05-11,105.9000015258789,105.9000015258789,105.76000213623047,105.86000061035156,84.83970642089844,2034100
2018-05-14,105.79000091552734,105.8499984741211,105.73999786376953,105.76000213623047,84.75958251953125,2183500
2018-05-15,105.48999786376953,105.48999786376953,105.19000244140625,105.29000091552734,84.38287353515625,2166400
2018-05-16,105.36000061035156,105.41999816894531,105.1500015258789,105.16999816894531,84.28675079345703,2477500
2018-05-17,105.19000244140625,105.20999908447266,105.0,105.02999877929688,84.17449188232422,2789000
2018-05-18,105.16000366210938,105.31999969482422,105.16000366210938,105.30000305175781,84.39092254638672,2151100
2018-05-21,105.27999877929688,105.37000274658203,105.23999786376953,105.30999755859375,84.39891815185547,1952200
2018-05-22,105.31999969482422,105.37000274658203,105.27999877929688,105.30999755859375,84.39891815185547,2246400
2018-05-23,105.5,105.6500015258789,105.4800033569336,105.5999984741211,84.63133239746094,6061900
2018-05-24,105.81999969482422,105.95999908447266,105.81999969482422,105.88999938964844,84.86372375488281,2903300
2018-05-25,106.0999984741211,106.18000030517578,106.02999877929688,106.12000274658203,85.04808807373047,2508100
2018-05-29,106.37000274658203,107.0,106.31999969482422,106.81999969482422,85.60910034179688,3494200
2018-05-30,106.54000091552734,106.66999816894531,106.4000015258789,106.55000305175781,85.39269256591797,3158200
2018-05-31,106.5199966430664,106.66999816894531,106.38999938964844,106.45999908447266,85.32056427001953,5157400
2018-06-01,105.94999694824219,106.12999725341797,105.91000366210938,106.08000183105469,85.21538543701172,6206800
2018-06-04,106.0,106.01000213623047,105.79000091552734,105.83000183105469,85.01448822021484,4288100
2018-06-05,105.98999786376953,106.04000091552734,105.8499984741211,105.91000366210938,85.07879638671875,1848300
2018-06-06,105.70999908447266,105.75,105.58000183105469,105.66999816894531,84.88597869873047,2705800
2018-06-07,105.63999938964844,106.12000274658203,105.62000274658203,105.9000015258789,85.07074737548828,2724800
2018-06-08,105.75,105.9000015258789,105.73999786376953,105.75,84.95025634765625,3416800
2018-06-11,105.6500015258789,105.73999786376953,105.56999969482422,105.63999938964844,84.86190795898438,4330800
2018-06-12,105.55999755859375,105.69000244140625,105.55999755859375,105.66999816894531,84.88597869873047,3546500
2018-06-13,105.68000030517578,105.75,105.37999725341797,105.56999969482422,84.80561828613281,3627200
2018-06-14,105.75,105.86000061035156,105.69000244140625,105.83999633789062,85.0225601196289,4689600
2018-06-15,106.01000213623047,106.08999633789062,105.86000061035156,105.87999725341797,85.0546875,2361800
2018-06-18,105.93000030517578,105.93000030517578,105.80000305175781,105.9000015258789,85.07074737548828,2359300
2018-06-19,106.05000305175781,106.11000061035156,105.9800033569336,106.01000213623047,85.15910339355469,2184200
2018-06-20,106.05999755859375,106.05999755859375,105.79000091552734,105.80999755859375,84.99847412109375,2403700
2018-06-21,105.87999725341797,105.95999908447266,105.80999755859375,105.83999633789062,85.0225601196289,2895500
2018-06-22,105.81999969482422,105.94000244140625,105.80000305175781,105.94000244140625,85.10286712646484,1846000
2018-06-25,105.94999694824219,106.04000091552734,105.86000061035156,105.87999725341797,85.0546875,5522900
2018-06-26,105.98999786376953,106.05000305175781,105.94000244140625,106.05000305175781,85.19124603271484,2665200
2018-06-27,106.2300033569336,106.30999755859375,106.16000366210938,106.23999786376953,85.34387969970703,3001300
2018-06-28,106.27999877929688,106.29000091552734,106.16000366210938,106.2300033569336,85.33585357666016,1798900
2018-06-29,106.30000305175781,106.41999816894531,106.25,106.31999969482422,85.40815734863281,7117300
2018-07-02,106.0999984741211,106.12999725341797,105.98999786376953,105.98999786376953,85.32683563232422,7159900
2018-07-03,106.02999877929688,106.20999908447266,106.02999877929688,106.20999908447266,85.50395965576172,2425100
2018-07-05,106.22000122070312,106.33999633789062,106.20999908447266,106.30999755859375,85.58445739746094,2739900
2018-07-06,106.41000366210938,106.44999694824219,106.31999969482422,106.41999816894531,85.67300415039062,2598700
2018-07-09,106.29000091552734,106.33999633789062,106.25,106.31999969482422,85.59248352050781,1926000
2018-07-10,106.27999877929688,106.30000305175781,106.19000244140625,106.23999786376953,85.52809143066406,2489700
2018-07-11,106.33000183105469,106.3499984741211,106.22000122070312,106.27999877929688,85.56031799316406,5385000
2018-07-12,106.26000213623047,106.41999816894531,106.26000213623047,106.41000366210938,85.66496276855469,2145800
2018-07-13,106.44000244140625,106.5199966430664,106.44000244140625,106.51000213623047,85.74543762207031,2126900
2018-07-16,106.3499984741211,106.4000015258789,106.23999786376953,106.38999938964844,85.64888000488281,2116500
2018-07-17,106.4000015258789,106.44999694824219,106.29000091552734,106.3499984741211,85.61663055419922,2964100
2018-07-18,106.36000061035156,106.38999938964844,106.2699966430664,106.31999969482422,85.59248352050781,1760900
2018-07-19,106.33999633789062,106.55000305175781,106.30999755859375,106.4800033569336,85.72130584716797,2163200
2018-07-20,106.37999725341797,106.44000244140625,106.19999694824219,106.2699966430664,85.55226135253906,2920200
2018-07-23,106.16999816894531,106.19000244140625,105.88999938964844,105.9000015258789,85.25439453125,1848500
2018-07-24,105.91999816894531,106.06999969482422,105.9000015258789,106.05000305175781,85.37512969970703,3590200
2018-07-25,106.12000274658203,106.16999816894531,105.94999694824219,106.05999755859375,85.38318634033203,3318300
2018-07-26,106.0999984741211,106.1500015258789,105.94999694824219,106.0,85.33488464355469,2245000
2018-07-27,106.12999725341797,106.16000366210938,106.04000091552734,106.08000183105469,85.39930725097656,2637400
2018-07-30,105.94000244140625,106.05000305175781,105.91000366210938,105.97000122070312,85.3106689453125,5518200
2018-07-31,106.11000061035156,106.18000030517578,106.05000305175781,106.05999755859375,85.38318634033203,5928100
2018-08-01,105.55000305175781,105.76000213623047,105.51000213623047,105.69999694824219,85.29521942138672,4534100
2018-08-02,105.76000213623047,105.76000213623047,105.6500015258789,105.73999786376953,85.3274917602539,3671900
2018-08-03,105.80999755859375,105.9800033569336,105.80999755859375,105.97000122070312,85.51313018798828,2542900
2018-08-06,106.02999877929688,106.11000061035156,106.0,106.04000091552734,85.56961059570312,4120000
2018-08-07,105.97000122070312,105.97000122070312,105.83000183105469,105.8499984741211,85.41627502441406,2532800
2018-08-08,105.83000183105469,105.91000366210938,105.80000305175781,105.8499984741211,85.41627502441406,1937500
2018-08-09,105.97000122070312,106.04000091552734,105.93000030517578,106.0,85.53728485107422,2386400
2018-08-10,106.11000061035156,106.36000061035156,106.11000061035156,106.2300033569336,85.7229232788086,4136300
2018-08-13,106.16000366210938,106.30000305175781,106.1500015258789,106.29000091552734,85.77133178710938,2786300
2018-08-14,106.30000305175781,106.33000183105469,106.16000366210938,106.19000244140625,85.69062805175781,6087400
2018-08-15,106.29000091552734,106.44000244140625,106.25,106.33999633789062,85.8116683959961,4652700
2018-08-16,106.37999725341797,106.41999816894531,106.23999786376953,106.4000015258789,85.86011505126953,2658200
2018-08-17,106.43000030517578,106.55000305175781,106.37999725341797,106.45999908447266,85.90851593017578,2071100
2018-08-20,106.58999633789062,106.68000030517578,106.52999877929688,106.66999816894531,86.0780258178711,2355500
2018-08-21,106.58000183105469,106.62000274658203,106.51000213623047,106.58000183105469,86.00534057617188,2835000
2018-08-22,106.66000366210938,106.70999908447266,106.56999969482422,106.66999816894531,86.0780258178711,2190000
2018-08-23,106.66999816894531,106.70999908447266,106.61000061035156,106.61000061035156,86.02952575683594,1568600
2018-08-24,106.5,106.7300033569336,106.48999786376953,106.7300033569336,86.12635803222656,3649700
2018-08-27,106.58999633789062,106.66000366210938,106.55999755859375,106.58999633789062,86.01339721679688,3233500
2018-08-28,106.44999694824219,106.48999786376953,106.36000061035156,106.38999938964844,85.85204315185547,2558100
2018-08-29,106.37999725341797,106.41000366210938,106.29000091552734,106.37000274658203,85.83589172363281,2792400
2018-08-30,106.47000122070312,106.5,106.37999725341797,106.41999816894531,85.87628173828125,2803200
2018-08-31,106.58000183105469,106.5999984741211,106.41000366210938,106.41000366210938,85.86817932128906,3308700
2018-09-04,106.0199966430664,106.12000274658203,105.9800033569336,106.05999755859375,85.7727279663086,3164000
2018-09-05,106.05000305175781,106.08000183105469,105.95999908447266,106.01000213623047,85.73234558105469,2788300
2018-09-06,106.08999633789062,106.2699966430664,106.08999633789062,106.19000244140625,85.87783813476562,2248500
2018-09-07,105.91999816894531,105.94000244140625,105.80999755859375,105.80999755859375,85.57054901123047,2571600
2018-09-10,105.8499984741211,105.94999694824219,105.8499984741211,105.91000366210938,85.65140533447266,3305700
2018-09-11,105.77999877929688,105.83999633789062,105.69999694824219,105.7300033569336,85.5058364868164,4919000
2018-09-12,105.80999755859375,105.88999938964844,105.80000305175781,105.80000305175781,85.5624771118164,4168900
2018-09-13,105.95999908447266,106.0,105.8499984741211,105.87000274658203,85.61907958984375,2280200
2018-09-14,105.72000122070312,105.79000091552734,105.66000366210938,105.66999816894531,85.45733642578125,2693000
2018-09-17,105.6500015258789,105.77999877929688,105.5999984741211,105.66999816894531,85.45733642578125,5721700
2018-09-18,105.58999633789062,105.5999984741211,105.38999938964844,105.44000244140625,85.27132415771484,2206000
2018-09-19,105.41999816894531,105.43000030517578,105.22000122070312,105.23999786376953,85.10958099365234,2700600
2018-09-20,105.2300033569336,105.44999694824219,105.2300033569336,105.37999725341797,85.22278594970703,2897700
2018-09-21,105.33999633789062,105.47000122070312,105.31999969482422,105.45999908447266,85.28751373291016,2792600
2018-09-24,105.33000183105469,105.45999908447266,105.30999755859375,105.36000061035156,85.20664978027344,1895000
2018-09-25,105.25,105.30999755859375,105.18000030517578,105.30999755859375,85.16620635986328,2059400
2018-09-26,105.37000274658203,105.5999984741211,105.33999633789062,105.55999755859375,85.36841583251953,2912100
2018-09-27,105.5,105.63999938964844,105.5,105.62999725341797,85.42497253417969,2528100
2018-09-28,105.69000244140625,105.70999908447266,105.51000213623047,105.5199966430664,85.3360366821289,4883900
2018-10-01,105.3499984741211,105.3499984741211,105.19999694824219,105.23999786376953,85.31330871582031,3518400
2018-10-02,105.31999969482422,105.45999908447266,105.25,105.36000061035156,85.4106216430664,6912600
2018-10-03,105.22000122070312,105.23999786376953,104.75,104.86000061035156,85.00529479980469,2540500
2018-10-04,104.6500015258789,104.72000122070312,104.47000122070312,104.55999755859375,84.7620849609375,5268200
2018-10-05,104.45999908447266,104.4800033569336,104.19000244140625,104.33000183105469,84.57559204101562,3460500
2018-10-08,104.37999725341797,104.4000015258789,104.29000091552734,104.29000091552734,84.54322052001953,2268000
2018-10-09,104.38999938964844,104.51000213623047,104.31999969482422,104.44000244140625,84.66481018066406,21903200
2018-10-10,104.33999633789062,104.45999908447266,104.2300033569336,104.41000366210938,84.64051055908203,3834800
2018-10-11,104.58999633789062,104.86000061035156,104.51000213623047,104.72000122070312,84.89179229736328,7053900
2018-10-12,104.70999908447266,104.87000274658203,104.68000030517578,104.75,84.9161148071289,5017400
2018-10-15,104.7300033569336,104.77999877929688,104.62000274658203,104.68000030517578,84.8593521118164,3047700
2018-10-16,104.69000244140625,104.73999786376953,104.58000183105469,104.73999786376953,84.90801239013672,5750100
2018-10-17,104.70999908447266,104.7699966430664,104.5199966430664,104.52999877929688,84.73774719238281,2844200
2018-10-18,104.38999938964844,104.62000274658203,104.37999725341797,104.45999908447266,84.68102264404297,3158200
2018-10-19,104.47000122070312,104.55000305175781,104.33999633789062,104.37000274658203,84.60804748535156,2985800
2018-10-22,104.47000122070312,104.5199966430664,104.33999633789062,104.3499984741211,84.59182739257812,2807300
2018-10-23,104.66999816894531,104.73999786376953,104.4800033569336,104.4800033569336,84.69725036621094,3524300
2018-10-24,104.69000244140625,104.80999755859375,104.66999816894531,104.75,84.9161148071289,4465100
2018-10-25,104.70999908447266,104.7699966430664,104.61000061035156,104.66000366210938,84.84314727783203,8290200
2018-10-26,104.87999725341797,105.05000305175781,104.87000274658203,104.9000015258789,85.0377426147461,5811400
2018-10-29,104.86000061035156,104.88999938964844,104.72000122070312,104.79000091552734,84.94853973388672,5075100
2018-10-30,104.68000030517578,104.77999877929688,104.63999938964844,104.63999938964844,84.82695007324219,2552000
2018-10-31,104.5,104.69999694824219,104.5,104.58999633789062,84.78639221191406,14880500
2018-11-01,104.22000122070312,104.41000366210938,104.20999908447266,104.33999633789062,85.00068664550781,7919000
2018-11-02,104.25,104.29000091552734,103.94000244140625,104.02999877929688,84.74812316894531,4491500
2018-11-05,104.13999938964844,104.16999816894531,104.06999969482422,104.0999984741211,84.80511474609375,3412600
2018-11-06,104.08999633789062,104.16999816894531,104.05999755859375,104.11000061035156,84.81332397460938,2619900
2018-11-07,104.25,104.36000061035156,104.13999938964844,104.19999694824219,84.88661193847656,4677200
2018-11-08,104.19000244140625,104.22000122070312,104.0,104.01000213623047,84.7318344116211,3489200
2018-11-09,104.06999969482422,104.25,104.06999969482422,104.13999938964844,84.83773040771484,2901900
2018-11-12,104.30999755859375,104.3499984741211,104.25,104.30999755859375,84.97622680664062,2779700
2018-11-13,104.30000305175781,104.37000274658203,104.20999908447266,104.3499984741211,85.00879669189453,2977100
2018-11-14,104.22000122070312,104.5,104.19999694824219,104.36000061035156,85.0169677734375,3395900
2018-11-15,104.4800033569336,104.51000213623047,104.30999755859375,104.48999786376953,85.12285614013672,3861300
2018-11-16,104.55000305175781,104.70999908447266,104.51000213623047,104.66000366210938,85.26134490966797,3332600
2018-11-19,104.61000061035156,104.7300033569336,104.61000061035156,104.6500015258789,85.253173828125,4673200
2018-11-20,104.66999816894531,104.72000122070312,104.61000061035156,104.61000061035156,85.22062683105469,3162700
2018-11-21,104.5999984741211,104.69000244140625,104.58000183105469,104.68000030517578,85.27763366699219,5701700
2018-11-23,104.83999633789062,104.83999633789062,104.6500015258789,104.6500015258789,85.253173828125,1665900
2018-11-26,104.66999816894531,104.66999816894531,104.58999633789062,104.62999725341797,85.2369155883789,4326100
2018-11-27,104.58000183105469,104.73999786376953,104.58000183105469,104.66000366210938,85.26134490966797,4107700
2018-11-28,104.62999725341797,104.91000366210938,104.56999969482422,104.86000061035156,85.42430114746094,8513900
2018-11-29,104.91999816894531,104.98999786376953,104.83999633789062,104.91000366210938,85.46501159667969,5922600
2018-11-30,104.93000030517578,104.95999908447266,104.81999969482422,104.87999725341797,85.4405746459961,6126200
2018-12-03,104.69000244140625,104.86000061035156,104.62999725341797,104.80000305175781,85.5802001953125,14037900
2018-12-04,104.9800033569336,105.27999877929688,104.94000244140625,105.08000183105469,85.80886840820312,5365200
2018-12-06,105.29000091552734,105.54000091552734,105.27999877929688,105.33999633789062,86.02118682861328,7396800
2018-12-07,105.38999938964844,105.55000305175781,105.27999877929688,105.4800033569336,86.1355209350586,5440200
2018-12-10,105.55000305175781,105.62999725341797,105.43000030517578,105.55000305175781,86.1926498413086,6096000
2018-12-11,105.62999725341797,105.72000122070312,105.51000213623047,105.58000183105469,86.21717071533203,8086200
2018-12-12,105.4800033569336,105.56999969482422,105.45999908447266,105.5,86.15184020996094,8089000
2018-12-13,105.58999633789062,105.6500015258789,105.52999877929688,105.52999877929688,86.17630767822266,5762500
2018-12-14,105.68000030517578,105.68000030517578,105.55999755859375,105.55999755859375,86.20083618164062,6265000
2018-12-17,105.66000366210938,105.77999877929688,105.61000061035156,105.73999786376953,86.34780883789062,7630500
2018-12-18,105.62999725341797,105.83999633789062,105.62999725341797,105.83999633789062,86.60144805908203,6626100
2018-12-19,105.87999725341797,106.16999816894531,105.79000091552734,105.94000244140625,86.68330383300781,7264800
2018-12-20,106.0999984741211,106.12000274658203,105.80999755859375,105.83999633789062,86.60144805908203,7695000
2018-12-21,105.94000244140625,105.95999908447266,105.76000213623047,105.79000091552734,86.56053924560547,10381200
2018-12-24,105.94999694824219,106.0,105.80999755859375,105.86000061035156,86.61786651611328,7196100
2018-12-26,105.91999816894531,106.0,105.62999725341797,105.66000366210938,86.45417022705078,8606900
2018-12-27,105.94999694824219,106.05999755859375,105.7699966430664,105.83000183105469,86.5932846069336,10562200
2018-12-28,105.97000122070312,106.22000122070312,105.94000244140625,106.22000122070312,86.91234588623047,7019600
2018-12-31,106.12000274658203,106.51000213623047,106.11000061035156,106.48999786376953,87.1333236694336,9671800
2019-01-02,106.55000305175781,106.61000061035156,106.47000122070312,106.56999969482422,87.19878387451172,11200700
2019-01-03,106.56999969482422,107.08000183105469,106.56999969482422,107.01000213623047,87.5588150024414,6497000
2019-01-04,106.66000366210938,106.72000122070312,106.55000305175781,106.69000244140625,87.2969970703125,8149000
2019-01-07,106.72000122070312,106.79000091552734,106.45999908447266,106.51000213623047,87.1496810913086,7433700
2019-01-08,106.4000015258789,106.52999877929688,106.37999725341797,106.43000030517578,87.084228515625,4395600
2019-01-09,106.41999816894531,106.56999969482422,106.4000015258789,106.5199966430664,87.15785217285156,5458100
2019-01-10,106.5199966430664,106.55999755859375,106.33000183105469,106.4000015258789,87.05970001220703,3532500
2019-01-11,106.58000183105469,106.66000366210938,106.5,106.55000305175781,87.18240356445312,5759000
2019-01-14,106.56999969482422,106.61000061035156,106.4000015258789,106.4000015258789,87.05970001220703,7544300
2019-01-15,106.54000091552734,106.55000305175781,106.33000183105469,106.41999816894531,87.0760498046875,3690200
2019-01-16,106.33000183105469,106.5199966430664,106.30999755859375,106.51000213623047,87.1496810913086,4007800
2019-01-17,106.52999877929688,106.52999877929688,106.33999633789062,106.43000030517578,87.084228515625,5547000
2019-01-18,106.37000274658203,106.4800033569336,106.27999877929688,106.3499984741211,87.01875305175781,5643400
2019-01-22,106.44000244140625,106.62000274658203,106.44000244140625,106.44000244140625,87.0923843383789,6824000
2019-01-23,106.37999725341797,106.58999633789062,106.37000274658203,106.55000305175781,87.18240356445312,3222800
2019-01-24,106.72000122070312,106.83999633789062,106.66999816894531,106.7300033569336,87.32966613769531,7308900
2019-01-25,106.63999938964844,106.69999694824219,106.55999755859375,106.68000030517578,87.28876495361328,3469500
2019-01-28,106.62000274658203,106.75,106.58000183105469,106.62000274658203,87.23969268798828,7365700
2019-01-29,106.7300033569336,106.93000030517578,106.69000244140625,106.9000015258789,87.46879577636719,6158600
2019-01-30,106.79000091552734,107.1500015258789,106.79000091552734,107.13999938964844,87.66521453857422,6350400
2019-01-31,107.30000305175781,107.52999877929688,107.29000091552734,107.45999908447266,87.92700958251953,14766500
2019-02-01,107.08999633789062,107.1500015258789,106.87999725341797,106.97000122070312,87.74491119384766,7227900
2019-02-04,106.83000183105469,106.9000015258789,106.7699966430664,106.87999725341797,87.67106628417969,14227700
2019-02-05,106.94999694824219,107.13999938964844,106.94999694824219,107.11000061035156,87.85972595214844,8913500
2019-02-06,107.19999694824219,107.22000122070312,106.98999786376953,107.05000305175781,87.8105697631836,6449600
2019-02-07,107.1500015258789,107.19999694824219,107.02999877929688,107.0999984741211,87.8515625,3938900
2019-02-08,107.16999816894531,107.37999725341797,107.16999816894531,107.33999633789062,88.04842376708984,4288600
2019-02-11,107.2300033569336,107.27999877929688,107.1500015258789,107.2300033569336,87.95819091796875,3521000
2019-02-12,107.22000122070312,107.26000213623047,107.12000274658203,107.25,87.97461700439453,3136700
2019-02-13,107.08000183105469,107.13999938964844,107.01000213623047,107.05999755859375,87.81873321533203,2526100
2019-02-14,107.33000183105469,107.3499984741211,107.16999816894531,107.22000122070312,87.94998168945312,2908500
2019-02-15,107.25,107.30999755859375,107.19000244140625,107.30000305175781,88.01557922363281,2413900
2019-02-19,107.43000030517578,107.44999694824219,107.27999877929688,107.36000061035156,88.06480407714844,6235500
2019-02-20,107.37000274658203,107.38999938964844,107.27999877929688,107.37000274658203,88.07300567626953,3231100
2019-02-21,107.16000366210938,107.18000030517578,107.0999984741211,107.12999725341797,87.87610626220703,3677000
2019-02-22,107.25,107.5199966430664,107.22000122070312,107.4000015258789,88.09762573242188,2731500
2019-02-25,107.3499984741211,107.4000015258789,107.30000305175781,107.37000274658203,88.07300567626953,3645400
2019-02-26,107.52999877929688,107.56999969482422,107.43000030517578,107.48999786376953,88.17146301269531,4759400
2019-02-27,107.4000015258789,107.4000015258789,107.20999908447266,107.26000213623047,87.9827651977539,2988300
2019-02-28,107.26000213623047,107.29000091552734,107.02999877929688,107.06999969482422,87.82691192626953,11872100
2019-03-01,106.7699966430664,106.83999633789062,106.61000061035156,106.62999725341797,87.68465423583984,5527000
2019-03-04,106.73999786376953,106.83999633789062,106.69000244140625,106.76000213623047,87.79154968261719,3837200
2019-03-05,106.7300033569336,106.83999633789062,106.66999816894531,106.83000183105469,87.84909057617188,5835800
2019-03-06,106.87999725341797,107.06999969482422,106.8499984741211,106.98999786376953,87.98066711425781,4834000
2019-03-07,107.16000366210938,107.3499984741211,107.12000274658203,107.29000091552734,88.2273941040039,6089100
2019-03-08,107.30999755859375,107.47000122070312,107.23999786376953,107.43000030517578,88.34253692626953,4943100
2019-03-11,107.44000244140625,107.47000122070312,107.3499984741211,107.44000244140625,88.35075378417969,5638300
2019-03-12,107.5,107.66999816894531,107.43000030517578,107.63999938964844,88.51519775390625,5243400
2019-03-13,107.55999755859375,107.61000061035156,107.51000213623047,107.58999633789062,88.47412872314453,2608800
2019-03-14,107.56999969482422,107.58000183105469,107.38999938964844,107.43000030517578,88.34253692626953,2955400
2019-03-15,107.6500015258789,107.73999786376953,107.56999969482422,107.69999694824219,88.56455993652344,2756900
2019-03-18,107.66999816894531,107.69999694824219,107.62999725341797,107.68000030517578,88.54811096191406,2295500
2019-03-19,107.58000183105469,107.70999908447266,107.52999877929688,107.62000274658203,88.49878692626953,2928300
2019-03-20,107.70999908447266,108.08999633789062,107.66999816894531,108.05999755859375,88.86058807373047,4236200
2019-03-21,108.12999725341797,108.18000030517578,108.05000305175781,108.08000183105469,88.87705993652344,4192700
2019-03-22,108.45999908447266,108.76000213623047,108.37000274658203,108.62000274658203,89.32109069824219,2464100
2019-03-25,108.62999725341797,108.98999786376953,108.5999984741211,108.81999969482422,89.48551940917969,4971300
2019-03-26,108.76000213623047,108.93000030517578,108.70999908447266,108.83999633789062,89.50202178955078,3120500
2019-03-27,109.0,109.18000030517578,108.98999786376953,109.06999969482422,89.691162109375,3719600
2019-03-28,109.05999755859375,109.13999938964844,108.95999908447266,109.08000183105469,89.69935607910156,6071000
2019-03-29,108.8499984741211,109.06999969482422,108.83000183105469,109.06999969482422,89.691162109375,5988300
2019-04-01,108.62000274658203,108.62000274658203,108.27999877929688,108.30999755859375,89.2806396484375,11261700
2019-04-02,108.38999938964844,108.45999908447266,108.31999969482422,108.43000030517578,89.37954711914062,8080100
2019-04-03,108.23999786376953,108.31999969482422,108.19000244140625,108.2300033569336,89.21468353271484,3731100
2019-04-04,108.25,108.31999969482422,108.19999694824219,108.30999755859375,89.2806396484375,3676900
2019-04-05,108.2699966430664,108.41000366210938,108.2300033569336,108.38999938964844,89.3465347290039,2236600
2019-04-08,108.38999938964844,108.4000015258789,108.30000305175781,108.33999633789062,89.30535888671875,9485300
2019-04-09,108.47000122070312,108.5199966430664,108.38999938964844,108.4000015258789,89.3548583984375,3753800
2019-04-10,108.55000305175781,108.63999938964844,108.5,108.61000061035156,89.52790069580078,4682000
2019-04-11,108.52999877929688,108.52999877929688,108.41999816894531,108.4800033569336,89.4207763671875,2827700
2019-04-12,108.26000213623047,108.3499984741211,108.22000122070312,108.2699966430664,89.24766540527344,2390600
2019-04-15,108.20999908447266,108.30000305175781,108.20999908447266,108.25,89.2311782836914,2546200
2019-04-16,108.12000274658203,108.20999908447266,108.0199966430664,108.05999755859375,89.07456970214844,4093900
2019-04-17,108.08999633789062,108.19000244140625,108.05000305175781,108.05000305175781,89.0663070678711,3390200
2019-04-18,108.2300033569336,108.29000091552734,108.16000366210938,108.19000244140625,89.18167877197266,2217200
2019-04-22,108.12999725341797,108.16000366210938,108.05000305175781,108.05999755859375,89.07456970214844,5725600
2019-04-23,108.18000030517578,108.27999877929688,108.1500015258789,108.25,89.2311782836914,3422700
2019-04-24,108.41999816894531,108.52999877929688,108.41999816894531,108.5,89.43724822998047,3000000
2019-04-25,108.47000122070312,108.55000305175781,108.41999816894531,108.48999786376953,89.42902374267578,2648100
2019-04-26,108.73999786376953,108.75,108.66000366210938,108.70999908447266,89.61034393310547,2299900
2019-04-29,108.55999755859375,108.62000274658203,108.48999786376953,108.5199966430664,89.4537582397461,2782600
2019-04-30,108.55999755859375,108.68000030517578,108.51000213623047,108.58999633789062,89.51144409179688,7491500
2019-05-01,108.47000122070312,108.76000213623047,108.31999969482422,108.4000015258789,89.5693130493164,6387900
2019-05-02,108.33000183105469,108.33000183105469,108.0999984741211,108.16000366210938,89.37095642089844,3379400
2019-05-03,108.31999969482422,108.41999816894531,108.27999877929688,108.33999633789062,89.51969146728516,2326300
2019-05-06,108.55999755859375,108.56999969482422,108.44000244140625,108.4800033569336,89.63538360595703,4609100
2019-05-07,108.62999725341797,108.69999694824219,108.58999633789062,108.61000061035156,89.74279022216797,3051400
2019-05-08,108.73999786376953,108.80999755859375,108.55000305175781,108.58999633789062,89.72631072998047,5946400
2019-05-09,108.77999877929688,108.80999755859375,108.55000305175781,108.6500015258789,89.77584075927734,4847600
2019-05-10,108.73999786376953,108.81999969482422,108.62999725341797,108.66999816894531,89.79235076904297,5257500
2019-05-13,108.83000183105469,108.9800033569336,108.81999969482422,108.8499984741211,89.94110107421875,6733800
2019-05-14,108.9000015258789,108.97000122070312,108.87000274658203,108.94000244140625,90.01545715332031,6217000
2019-05-15,109.16000366210938,109.18000030517578,109.0,109.12999725341797,90.17247009277344,2666500
2019-05-16,109.04000091552734,109.04000091552734,108.94999694824219,109.0,90.06507110595703,2757000
2019-05-17,109.12000274658203,109.1500015258789,108.94000244140625,109.02999877929688,90.08981323242188,2090800
2019-05-20,108.9800033569336,109.05999755859375,108.86000061035156,108.87999725341797,89.96590423583984,2035000
2019-05-21,108.86000061035156,108.91000366210938,108.80999755859375,108.87000274658203,89.95762634277344,2029800
2019-05-22,108.94999694824219,109.08999633789062,108.91999816894531,109.05000305175781,90.1063461303711,3509900
2019-05-23,109.18000030517578,109.5,109.13999938964844,109.37000274658203,90.37078094482422,4922500
2019-05-24,109.37000274658203,109.44999694824219,109.33000183105469,109.41000366210938,90.40382385253906,2010300
2019-05-28,109.56999969482422,109.6500015258789,109.5,109.56999969482422,90.53604125976562,6270100
2019-05-29,109.7300033569336,109.8499984741211,109.5999984741211,109.5999984741211,90.56080627441406,5634400
2019-05-30,109.7699966430664,109.94000244140625,109.6500015258789,109.88999938964844,90.80044555664062,3305200
2019-05-31,110.01000213623047,110.63999938964844,110.0,110.4000015258789,91.2218246459961,9204100
2019-06-03,110.26000213623047,110.5199966430664,110.16999816894531,110.4000015258789,91.43716430664062,7137500
2019-06-04,110.27999877929688,110.37999725341797,110.12999725341797,110.30000305175781,91.35435485839844,5131700
2019-06-05,110.36000061035156,110.47000122070312,110.2300033569336,110.23999786376953,91.30467987060547,3253500
2019-06-06,110.33999633789062,110.41999816894531,110.16000366210938,110.22000122070312,91.28807067871094,2660400
2019-06-07,110.63999938964844,110.66999816894531,110.44999694824219,110.52999877929688,91.54486846923828,3697100
2019-06-10,110.36000061035156,110.36000061035156,110.22000122070312,110.23999786376953,91.30467987060547,3992900
2019-06-11,110.20999908447266,110.25,110.16999816894531,110.22000122070312,91.28807067871094,4374600
2019-06-12,110.27999877929688,110.41000366210938,110.26000213623047,110.36000061035156,91.40404510498047,2797600
2019-06-13,110.43000030517578,110.62000274658203,110.4000015258789,110.5999984741211,91.60284423828125,2293200
2019-06-14,110.51000213623047,110.62999725341797,110.4800033569336,110.56999969482422,91.5780029296875,1901200
2019-06-17,110.5199966430664,110.5999984741211,110.45999908447266,110.54000091552734,91.5531234741211,3312600
2019-06-18,110.94000244140625,110.97000122070312,110.70999908447266,110.83999633789062,91.80162811279297,3640300
2019-06-19,110.70999908447266,111.22000122070312,110.6500015258789,111.22000122070312,92.11634063720703,2895900
2019-06-20,111.38999938964844,111.56999969482422,111.33999633789062,111.41000366210938,92.27372741699219,4224300
2019-06-21,111.22000122070312,111.26000213623047,111.04000091552734,111.12000274658203,92.03353881835938,4640200
2019-06-24,111.2300033569336,111.37999725341797,111.22000122070312,111.31999969482422,92.19917297363281,3079800
2019-06-25,111.36000061035156,111.44000244140625,111.22000122070312,111.33999633789062,92.21572875976562,3111100
2019-06-26,111.29000091552734,111.30999755859375,111.05999755859375,111.08999633789062,92.00862884521484,3703200
2019-06-27,111.25,111.41000366210938,111.16000366210938,111.4000015258789,92.2654037475586,2963600
2019-06-28,111.36000061035156,111.47000122070312,111.31999969482422,111.3499984741211,92.22403717041016,9887800
2019-07-01,111.25,111.2699966430664,111.01000213623047,111.18000030517578,92.29206848144531,4186800
2019-07-02,111.19999694824219,111.41000366210938,111.13999938964844,111.37999725341797,92.45812225341797,5765400
2019-07-03,111.44000244140625,111.5999984741211,111.43000030517578,111.55999755859375,92.60752868652344,1324800
2019-07-05,111.20999908447266,111.20999908447266,110.91000366210938,111.08999633789062,92.21734619140625,2461200
2019-07-08,111.2300033569336,111.26000213623047,111.02999877929688,111.02999877929688,92.16752624511719,3041400
2019-07-09,111.04000091552734,111.05999755859375,110.94999694824219,111.0,92.1426773071289,2525800
2019-07-10,111.13999938964844,111.16000366210938,110.97000122070312,111.08000183105469,92.20912170410156,4589800
2019-07-11,111.05999755859375,111.05999755859375,110.66999816894531,110.66999816894531,91.86869812011719,3303700
2019-07-12,110.66999816894531,110.8499984741211,110.66999816894531,110.79000091552734,91.96831512451172,3836300
2019-07-15,110.87000274658203,110.95999908447266,110.8499984741211,110.94999694824219,92.10114288330078,3619000
2019-07-16,110.75,110.83000183105469,110.63999938964844,110.83000183105469,92.0015640258789,2149100
2019-07-17,110.93000030517578,111.13999938964844,110.91000366210938,111.12000274658203,92.2422866821289,2985600
2019-07-18,111.0999984741211,111.33000183105469,111.05999755859375,111.30000305175781,92.3917007446289,5982200
2019-07-19,111.22000122070312,111.29000091552734,111.13999938964844,111.16999816894531,92.2837905883789,3150800
2019-07-22,111.41000366210938,111.41000366210938,111.30000305175781,111.30999755859375,92.4000015258789,2855100
2019-07-23,111.2699966430664,111.31999969482422,111.16000366210938,111.19999694824219,92.30867004394531,2659300
2019-07-24,111.33000183105469,111.41000366210938,111.30000305175781,111.36000061035156,92.4415054321289,2783300
2019-07-25,111.33000183105469,111.33000183105469,111.05000305175781,111.19000244140625,92.30039978027344,2976800
2019-07-26,111.31999969482422,111.31999969482422,111.13999938964844,111.20999908447266,92.31697082519531,4669000
2019-07-29,111.30000305175781,111.3499984741211,111.22000122070312,111.26000213623047,92.35846710205078,4167100
2019-07-30,111.2699966430664,111.33000183105469,111.16000366210938,111.25,92.35021209716797,2409300
2019-07-31,111.30000305175781,111.58999633789062,111.06999969482422,111.30000305175781,92.3917007446289,10034500
2019-08-01,111.33999633789062,111.94999694824219,111.26000213623047,111.91000366210938,93.11559295654297,5709100
2019-08-02,111.93000030517578,112.04000091552734,111.81999969482422,111.94999694824219,93.14886474609375,3293700
2019-08-05,112.27999877929688,112.58000183105469,112.25,112.44000244140625,93.55656433105469,7626600
2019-08-06,112.47000122070312,112.76000213623047,112.4000015258789,112.73999786376953,93.8061752319336,5151800
2019-08-07,113.16999816894531,113.29000091552734,112.61000061035156,112.68000030517578,93.75623321533203,9156600
2019-08-08,112.51000213623047,112.81999969482422,112.33000183105469,112.79000091552734,93.8477783203125,3707200
2019-08-09,112.86000061035156,112.94999694824219,112.58000183105469,112.63999938964844,93.7229995727539,2432300
2019-08-12,112.93000030517578,113.19000244140625,112.87000274658203,113.05000305175781,94.06411743164062,2474900
2019-08-13,113.1500015258789,113.1500015258789,112.79000091552734,112.88999938964844,93.93099975585938,3048200
2019-08-14,113.27999877929688,113.37999725341797,113.20999908447266,113.23999786376953,94.22222137451172,2829900
2019-08-15,113.38999938964844,113.91000366210938,113.37000274658203,113.76000213623047,94.65491485595703,2815600
2019-08-16,113.56999969482422,113.69000244140625,113.36000061035156,113.66999816894531,94.58003234863281,5209000
2019-08-19,113.33999633789062,113.45999908447266,113.2699966430664,113.37000274658203,94.33040618896484,2900800
2019-08-20,113.66999816894531,113.69999694824219,113.55999755859375,113.68000030517578,94.58831024169922,2253600
2019-08-21,113.51000213623047,113.83000183105469,113.51000213623047,113.62000274658203,94.53839111328125,3815400
2019-08-22,113.51000213623047,113.68000030517578,113.30000305175781,113.31999969482422,94.28880310058594,6294900
2019-08-23,113.33999633789062,113.91000366210938,113.30999755859375,113.77999877929688,94.67156219482422,3772100
2019-08-26,113.83999633789062,113.94999694824219,113.66999816894531,113.7300033569336,94.62993621826172,5127200
2019-08-27,113.91000366210938,114.12000274658203,113.87000274658203,114.08999633789062,94.9294662475586,3473400
2019-08-28,114.30000305175781,114.30000305175781,114.04000091552734,114.0999984741211,94.93780517578125,5102500
2019-08-29,114.08000183105469,114.08000183105469,113.83999633789062,114.02999877929688,94.87954711914062,2671000
2019-08-30,113.9000015258789,114.1500015258789,113.88999938964844,114.12999725341797,94.96276092529297,4661600
2019-09-03,113.86000061035156,114.12000274658203,113.69000244140625,113.83999633789062,94.94023132324219,6197400
2019-09-04,113.81999969482422,114.08000183105469,113.81999969482422,114.04000091552734,95.10704040527344,3814300
2019-09-05,113.61000061035156,113.66999816894531,113.30000305175781,113.55000305175781,94.69837951660156,5336500
2019-09-06,113.66000366210938,113.72000122070312,113.55999755859375,113.66999816894531,94.7984390258789,3675200
2019-09-09,113.38999938964844,113.38999938964844,113.18000030517578,113.19000244140625,94.39815521240234,2747400
2019-09-10,113.0999984741211,113.12999725341797,112.58000183105469,112.58000183105469,93.88946533203125,3119300
2019-09-11,112.58000183105469,112.70999908447266,112.55999755859375,112.5999984741211,93.9061279296875,2646900
2019-09-12,112.91000366210938,112.91000366210938,112.33999633789062,112.41999816894531,93.75596618652344,4069600
2019-09-13,112.1500015258789,112.2699966430664,111.75,111.75,93.1972427368164,2506400
2019-09-16,112.05000305175781,112.1500015258789,111.88999938964844,112.05000305175781,93.44740295410156,2923500
2019-09-17,112.11000061035156,112.37000274658203,112.0199966430664,112.22000122070312,93.58920288085938,2614200
2019-09-18,112.5,112.69999694824219,112.29000091552734,112.3499984741211,93.6976089477539,2291300
2019-09-19,112.63999938964844,112.66000366210938,112.44999694824219,112.51000213623047,93.83106231689453,2280000
2019-09-20,112.63999938964844,112.94000244140625,112.58999633789062,112.91999816894531,94.1729965209961,2048300
2019-09-23,113.0199966430664,113.23999786376953,112.94000244140625,112.97000122070312,94.21467590332031,3412000
2019-09-24,113.02999877929688,113.36000061035156,113.02999877929688,113.27999877929688,94.47322845458984,2602500
2019-09-25,113.20999908447266,113.2300033569336,112.73999786376953,112.80999755859375,94.08129119873047,3813800
2019-09-26,113.0,113.0999984741211,112.94000244140625,113.0,94.23966979980469,4869400
2019-09-27,113.0,113.16999816894531,113.0,113.13999938964844,94.3564453125,4652500
2019-09-30,112.93000030517578,113.2699966430664,112.91999816894531,113.16999816894531,94.38150787353516,6359800
2019-10-01,112.70999908447266,113.25,112.62999725341797,113.12000274658203,94.55286407470703,5980200
2019-10-02,113.19000244140625,113.30999755859375,113.08999633789062,113.19999694824219,94.61970520019531,8637000
2019-10-03,113.33999633789062,113.73999786376953,113.31999969482422,113.63999938964844,94.98747253417969,4219100
2019-10-04,113.68000030517578,113.83000183105469,113.62999725341797,113.81999969482422,95.1379165649414,3331200
2019-10-07,113.63999938964844,113.70999908447266,113.51000213623047,113.51000213623047,94.87877655029297,2493000
2019-10-08,113.81999969482422,113.81999969482422,113.48999786376953,113.55000305175781,94.91226196289062,3055700
2019-10-09,113.55000305175781,113.55999755859375,113.36000061035156,113.48999786376953,94.86209869384766,3332800
2019-10-10,113.2699966430664,113.33000183105469,113.02999877929688,113.0999984741211,94.53609466552734,4312400
2019-10-11,112.83999633789062,112.8499984741211,112.58999633789062,112.7300033569336,94.22682189941406,3568600
2019-10-14,112.93000030517578,112.93000030517578,112.81999969482422,112.91999816894531,94.38567352294922,1716600
2019-10-15,112.9000015258789,112.91999816894531,112.55000305175781,112.55000305175781,94.07637023925781,4168600
2019-10-16,112.68000030517578,112.79000091552734,112.62000274658203,112.75,94.24356079101562,2430600
2019-10-17,112.66999816894531,112.86000061035156,112.62000274658203,112.72000122070312,94.21849822998047,2316400
2019-10-18,112.76000213623047,112.91000366210938,112.7300033569336,112.80000305175781,94.28533935546875,1454200
2019-10-21,112.62000274658203,112.70999908447266,112.48999786376953,112.48999786376953,94.02623748779297,4241600
2019-10-22,112.6500015258789,112.73999786376953,112.51000213623047,112.66000366210938,94.16830444335938,2147400
2019-10-23,112.81999969482422,112.87999725341797,112.7300033569336,112.75,94.24356079101562,1887800
2019-10-24,112.83999633789062,112.94999694824219,112.75,112.77999877929688,94.2686538696289,1725800
2019-10-25,112.83999633789062,112.8499984741211,112.5199966430664,112.62000274658203,94.13491821289062,2486600
2019-10-28,112.41999816894531,112.44000244140625,112.30999755859375,112.37999725341797,93.93431091308594,2948300
2019-10-29,112.4800033569336,112.5,112.3499984741211,112.38999938964844,93.942626953125,2384700
2019-10-30,112.44999694824219,112.75,112.43000030517578,112.70999908447266,94.21009826660156,2381400
2019-10-31,112.9800033569336,113.30000305175781,112.88999938964844,113.1500015258789,94.57785034179688,5399100
2019-11-01,112.9800033569336,113.11000061035156,112.80999755859375,112.93000030517578,94.60388946533203,3988300
2019-11-04,112.70999908447266,112.72000122070312,112.58999633789062,112.6500015258789,94.36931610107422,2662700
2019-11-05,112.3499984741211,112.37999725341797,112.1500015258789,112.2300033569336,94.0174789428711,3205500
2019-11-06,112.4000015258789,112.51000213623047,112.26000213623047,112.4000015258789,94.15987396240234,3840500
2019-11-07,112.12000274658203,112.12000274658203,111.63999938964844,111.87000274658203,93.71585083007812,4022400
2019-11-08,111.87000274658203,112.0999984741211,111.80999755859375,111.80999755859375,93.66563415527344,3866100
2019-11-11,111.95999908447266,111.95999908447266,111.77999877929688,111.83000183105469,93.68240356445312,1559900
2019-11-12,111.91999816894531,112.02999877929688,111.80000305175781,111.94999694824219,93.78289031982422,2032800
2019-11-13,112.19999694824219,112.2300033569336,112.08000183105469,112.1500015258789,93.9504165649414,2570200
2019-11-14,112.5,112.56999969482422,112.43000030517578,112.47000122070312,94.21851348876953,2901000
2019-11-15,112.45999908447266,112.45999908447266,112.37999725341797,112.41000366210938,94.16824340820312,4400400
2019-11-18,112.55999755859375,112.6500015258789,112.5199966430664,112.62000274658203,94.34417724609375,5757900
2019-11-19,112.62999725341797,112.76000213623047,112.5999984741211,112.69999694824219,94.41119384765625,2210700
2019-11-20,112.83000183105469,112.9800033569336,112.80999755859375,112.97000122070312,94.63737487792969,3474400
2019-11-21,112.80000305175781,112.88999938964844,112.72000122070312,112.80999755859375,94.50337219238281,6522800
2019-11-22,112.88999938964844,112.9000015258789,112.76000213623047,112.87000274658203,94.5536117553711,2507000
2019-11-25,112.91000366210938,113.01000213623047,112.88999938964844,112.9800033569336,94.645751953125,4251200
2019-11-26,113.08999633789062,113.16000366210938,113.08000183105469,113.13999938964844,94.7798080444336,2382200
2019-11-27,113.02999877929688,113.06999969482422,112.95999908447266,113.0,94.66251373291016,3437300
2019-11-29,113.01000213623047,113.0199966430664,112.8499984741211,112.86000061035156,94.54525756835938,4059000
2019-12-02,112.30999755859375,112.51000213623047,112.29000091552734,112.48999786376953,94.44113159179688,9325100
2019-12-03,112.80000305175781,113.12999725341797,112.76000213623047,113.0,94.86931610107422,5283800
2019-12-04,112.87000274658203,112.94999694824219,112.68000030517578,112.80999755859375,94.70978546142578,5806500
2019-12-05,112.58000183105469,112.73999786376953,112.52999877929688,112.68000030517578,94.60065460205078,4374700
2019-12-06,112.47000122070312,112.68000030517578,112.41000366210938,112.5199966430664,94.46634674072266,4648200
2019-12-09,112.69000244140625,112.72000122070312,112.56999969482422,112.58000183105469,94.51669311523438,7398300
2019-12-10,112.66999816894531,112.66999816894531,112.48999786376953,112.54000091552734,94.48311614990234,3761100
2019-12-11,112.66999816894531,112.9000015258789,112.61000061035156,112.83999633789062,94.7349853515625,3764500
2019-12-12,112.79000091552734,112.79000091552734,112.22000122070312,112.36000061035156,94.33200073242188,5080100
2019-12-13,112.58000183105469,112.86000061035156,112.4000015258789,112.80999755859375,94.70978546142578,5911000
2019-12-16,112.68000030517578,112.69000244140625,112.5,112.58000183105469,94.51669311523438,5012100
2019-12-17,112.69000244140625,112.69999694824219,112.5199966430664,112.58999633789062,94.52507781982422,3016300
2019-12-18,112.55000305175781,112.55999755859375,112.36000061035156,112.37000274658203,94.34037780761719,6516300
2019-12-19,112.19000244140625,112.36000061035156,112.12999725341797,112.30000305175781,94.44214630126953,5613800
2019-12-20,112.20999908447266,112.33000183105469,112.1500015258789,112.31999969482422,94.4589614868164,8809200
2019-12-23,112.37999725341797,112.38999938964844,112.18000030517578,112.23999786376953,94.39167022705078,3148600
2019-12-24,112.16999816894531,112.4000015258789,112.12999725341797,112.37999725341797,94.50941467285156,1887800
2019-12-26,112.41999816894531,112.48999786376953,112.31999969482422,112.4800033569336,94.59349060058594,6072100
2019-12-27,112.5999984741211,112.63999938964844,112.58000183105469,112.62999725341797,94.71964263916016,4733800
2019-12-30,112.41999816894531,112.6500015258789,112.33999633789062,112.62999725341797,94.71964263916016,3979100
2019-12-31,112.54000091552734,112.54000091552734,112.37000274658203,112.37000274658203,94.5009994506836,6807600
2020-01-02,112.68000030517578,112.80000305175781,112.55999755859375,112.68000030517578,94.76171112060547,6791400
2020-01-03,112.88999938964844,113.05000305175781,112.77999877929688,113.01000213623047,95.03924560546875,3664300
2020-01-06,113.12999725341797,113.12999725341797,112.83999633789062,112.91999816894531,94.96355438232422,8131600
2020-01-07,112.91999816894531,112.91999816894531,112.77999877929688,112.80000305175781,94.86263275146484,2883000
2020-01-08,112.8499984741211,112.94000244140625,112.55000305175781,112.66999816894531,94.75330352783203,7323100
2020-01-09,112.48999786376953,112.79000091552734,112.45999908447266,112.79000091552734,94.85419464111328,9110900
2020-01-10,112.9000015258789,112.98999786376953,112.81999969482422,112.9800033569336,95.01399230957031,4198100
2020-01-13,112.88999938964844,112.94000244140625,112.83000183105469,112.91000366210938,94.95513916015625,4465300
2020-01-14,112.97000122070312,113.0199966430664,112.93000030517578,113.01000213623047,95.03924560546875,3625400
2020-01-15,113.18000030517578,113.19000244140625,113.06999969482422,113.18000030517578,95.18219757080078,3896300
2020-01-16,113.16000366210938,113.20999908447266,113.05000305175781,113.18000030517578,95.18219757080078,2801400
2020-01-17,113.0199966430664,113.0999984741211,112.97000122070312,113.05000305175781,95.07289123535156,3003300
2020-01-21,113.25,113.41000366210938,113.22000122070312,113.37000274658203,95.34199523925781,4672100
2020-01-22,113.44000244140625,113.48999786376953,113.38999938964844,113.43000030517578,95.39246368408203,3627200
2020-01-23,113.63999938964844,113.69999694824219,113.58000183105469,113.58000183105469,95.51861572265625,3429500
2020-01-24,113.68000030517578,113.88999938964844,113.66999816894531,113.79000091552734,95.69517517089844,4199800
2020-01-27,114.13999938964844,114.16000366210938,114.05000305175781,114.13999938964844,95.9895248413086,4790000
2020-01-28,114.0999984741211,114.16000366210938,113.94999694824219,114.04000091552734,95.90546417236328,4463800
2020-01-29,114.12999725341797,114.3499984741211,114.11000061035156,114.30000305175781,96.12409973144531,2890200
2020-01-30,114.27999877929688,114.54000091552734,114.23999786376953,114.30999755859375,96.13253021240234,6885600
2020-01-31,114.4800033569336,114.66999816894531,114.37999725341797,114.6500015258789,96.41845703125,5281900
2020-02-03,114.19999694824219,114.41000366210938,114.08000183105469,114.37000274658203,96.38727569580078,7214200
2020-02-04,114.0999984741211,114.0999984741211,113.88999938964844,113.98999786376953,96.0670166015625,5290800
2020-02-05,113.81999969482422,113.87000274658203,113.76000213623047,113.81999969482422,95.92375183105469,6066900
2020-02-06,113.81999969482422,113.93000030517578,113.7699966430664,113.88999938964844,95.98275756835938,6838700
2020-02-07,114.19999694824219,114.27999877929688,114.0999984741211,114.22000122070312,96.26082611083984,5224200
2020-02-10,114.44000244140625,114.44000244140625,114.29000091552734,114.3499984741211,96.37039184570312,8187800
2020-02-11,114.3499984741211,114.3499984741211,114.19000244140625,114.20999908447266,96.2524185180664,5633400
2020-02-12,114.12000274658203,114.13999938964844,114.02999877929688,114.08999633789062,96.15129089355469,6373700
2020-02-13,114.11000061035156,114.23999786376953,114.0999984741211,114.16999816894531,96.21868896484375,5214400
2020-02-14,114.3499984741211,114.37999725341797,114.2699966430664,114.29000091552734,96.31981658935547,4004900
2020-02-18,114.4800033569336,114.55999755859375,114.33999633789062,114.44000244140625,96.44627380371094,4874800
2020-02-19,114.4000015258789,114.47000122070312,114.33000183105469,114.41000366210938,96.42096710205078,3692200
2020-02-20,114.52999877929688,114.68000030517578,114.48999786376953,114.66999816894531,96.64008331298828,4056000
2020-02-21,114.86000061035156,115.0999984741211,114.83999633789062,114.9000015258789,96.83391571044922,4492700
2020-02-24,115.43000030517578,115.43000030517578,115.2300033569336,115.2699966430664,97.1457290649414,7490100
2020-02-25,115.27999877929688,115.58000183105469,115.2699966430664,115.47000122070312,97.31428527832031,7474600
2020-02-26,115.31999969482422,115.61000061035156,115.26000213623047,115.3499984741211,97.2131576538086,4763000
2020-02-27,115.75,115.75,115.3499984741211,115.37000274658203,97.23002624511719,11606400
2020-02-28,115.87999725341797,116.33999633789062,115.76000213623047,116.22000122070312,97.94636535644531,17243000
2020-03-02,116.29000091552734,116.44000244140625,115.88999938964844,115.94000244140625,97.9117660522461,13198200
2020-03-03,116.05000305175781,117.26000213623047,116.01000213623047,116.7300033569336,98.57893371582031,12541000
2020-03-04,116.83000183105469,117.12000274658203,116.52999877929688,116.63999938964844,98.50291442871094,6285300
2020-03-05,116.98999786376953,117.2300033569336,116.93000030517578,117.0,98.80689239501953,6802800
2020-03-06,118.18000030517578,118.2699966430664,117.5,117.86000061035156,99.53321838378906,17456400
2020-03-09,119.2699966430664,119.2699966430664,117.0,117.70999908447266,99.40653991699219,13666700
2020-03-10,117.41000366210938,117.68000030517578,116.16999816894531,116.37999725341797,98.28335571289062,18694100
2020-03-11,116.69999694824219,116.79000091552734,114.55000305175781,114.72000122070312,96.88145446777344,13053300
2020-03-12,113.9800033569336,114.75,109.05999755859375,110.12999725341797,93.00521850585938,18684800
2020-03-13,111.52999877929688,112.45999908447266,110.25,111.86000061035156,94.46615600585938,24960500
2020-03-16,111.37000274658203,113.94999694824219,110.45999908447266,113.7300033569336,96.0453872680664,12310300
2020-03-17,112.88999938964844,113.91999816894531,110.58999633789062,110.79000091552734,93.56254577636719,15737200
2020-03-18,109.36000061035156,110.56999969482422,105.7699966430664,106.56999969482422,89.9987564086914,17061700
2020-03-19,106.47000122070312,109.22000122070312,105.55999755859375,108.94999694824219,92.00868225097656,11720200
2020-03-20,108.45999908447266,110.23999786376953,108.45999908447266,110.02999877929688,92.92073822021484,16503700
2020-03-23,109.9000015258789,112.94000244140625,109.0,112.63999938964844,95.1249008178711,12572200
2020-03-24,111.5199966430664,113.56999969482422,111.08000183105469,113.56999969482422,95.91028594970703,10253600
2020-03-25,114.0,114.75,113.69999694824219,114.7300033569336,96.88987731933594,10999700
2020-03-26,114.19999694824219,115.38999938964844,114.19999694824219,115.08000183105469,97.18546295166016,16611400
2020-03-27,114.77999877929688,115.58000183105469,114.52999877929688,115.56999969482422,97.59925079345703,10841600
2020-03-30,115.7699966430664,116.26000213623047,115.62000274658203,115.68000030517578,97.69218444824219,13340200
2020-03-31,115.70999908447266,115.9800033569336,115.2300033569336,115.37000274658203,97.43036651611328,14018600
2020-04-01,115.37999725341797,115.4000015258789,114.6500015258789,114.7300033569336,97.09945678710938,14192100
2020-04-02,115.0199966430664,115.22000122070312,114.69999694824219,114.9000015258789,97.24333190917969,11565400
2020-04-03,114.94999694824219,115.12999725341797,114.27999877929688,114.9800033569336,97.3110122680664,9786700
2020-04-06,115.0199966430664,115.61000061035156,115.0199966430664,115.54000091552734,97.78498840332031,8457700
2020-04-07,115.61000061035156,115.73999786376953,115.36000061035156,115.69999694824219,97.92041778564453,7743900
2020-04-08,115.69999694824219,115.97000122070312,115.55000305175781,115.80999755859375,98.01351165771484,4674200
2020-04-09,116.5,117.25,116.16999816894531,117.25,99.23221588134766,5584100
2020-04-13,117.08999633789062,117.16999816894531,116.52999877929688,116.69999694824219,98.76673889160156,5738300
2020-04-14,116.98999786376953,117.0,116.58999633789062,116.76000213623047,98.8175277709961,5506700
2020-04-15,117.02999877929688,117.30999755859375,116.70999908447266,117.23999786376953,99.22377014160156,4367400
2020-04-16,117.19000244140625,117.52999877929688,117.19000244140625,117.38999938964844,99.35073852539062,4744700
2020-04-17,117.5199966430664,117.62000274658203,117.04000091552734,117.25,99.23221588134766,4949800
2020-04-20,117.1500015258789,117.27999877929688,116.94000244140625,117.08000183105469,99.0883560180664,3847900
2020-04-21,117.43000030517578,117.44000244140625,117.06999969482422,117.13999938964844,99.13916015625,4660500
2020-04-22,117.16000366210938,117.23999786376953,116.94000244140625,117.13999938964844,99.13916015625,4647200
2020-04-23,117.33000183105469,117.44999694824219,117.19000244140625,117.41999816894531,99.37609100341797,4331100
2020-04-24,117.22000122070312,117.38999938964844,117.19999694824219,117.36000061035156,99.3252944946289,3161600
2020-04-27,117.20999908447266,117.36000061035156,116.81999969482422,116.81999969482422,98.86830139160156,5576300
2020-04-28,117.2699966430664,117.44999694824219,117.12000274658203,117.27999877929688,99.2575912475586,5889800
2020-04-29,117.29000091552734,117.4800033569336,117.19999694824219,117.36000061035156,99.3252944946289,4653100
2020-04-30,117.37999725341797,117.48999786376953,117.06999969482422,117.0999984741211,99.10526275634766,10487500
2020-05-01,116.97000122070312,117.0999984741211,116.68000030517578,116.87000274658203,99.11036682128906,6099500
2020-05-04,116.88999938964844,117.08999633789062,116.87000274658203,116.97000122070312,99.19520568847656,3684100
2020-05-05,116.95999908447266,116.97000122070312,116.80999755859375,116.87999725341797,99.11885833740234,4611500
2020-05-06,116.44000244140625,116.70999908447266,116.30000305175781,116.41000366210938,98.72026824951172,6394900
2020-05-07,116.61000061035156,116.7699966430664,116.41999816894531,116.7699966430664,99.02555084228516,3786700
2020-05-08,116.68000030517578,116.76000213623047,116.3499984741211,116.45999908447266,98.76268005371094,3241500
2020-05-11,116.4000015258789,116.43000030517578,116.06999969482422,116.11000061035156,98.46585083007812,5249500
2020-05-12,116.45999908447266,116.5999984741211,116.2300033569336,116.41000366210938,98.72026824951172,6161500
2020-05-13,116.62999725341797,116.76000213623047,116.44999694824219,116.5999984741211,98.8813705444336,4425900
2020-05-14,116.91000366210938,116.97000122070312,116.72000122070312,116.95999908447266,99.18669128417969,5698900
2020-05-15,117.04000091552734,117.08999633789062,116.9000015258789,117.02999877929688,99.24605560302734,5897900
2020-05-18,116.97000122070312,117.08999633789062,116.66000366210938,116.86000061035156,99.10189056396484,5037100
2020-05-19,116.91000366210938,117.02999877929688,116.80999755859375,116.98999786376953,99.2121353149414,4929500
2020-05-20,117.02999877929688,117.33999633789062,117.0,117.29000091552734,99.46656799316406,4579200
2020-05-21,117.3499984741211,117.4800033569336,117.31999969482422,117.37999725341797,99.54283905029297,5143700
2020-05-22,117.5999984741211,117.5999984741211,117.38999938964844,117.44000244140625,99.59373474121094,2794000
2020-05-26,117.37999725341797,117.44000244140625,117.23999786376953,117.25,99.4325942993164,6164700
2020-05-27,117.5,117.54000091552734,117.30000305175781,117.41999816894531,99.57681274414062,4772900
2020-05-28,117.13999938964844,117.3499984741211,117.13999938964844,117.33999633789062,99.50894165039062,11140200
2020-05-29,117.43000030517578,117.70999908447266,117.31999969482422,117.6500015258789,99.77184295654297,9228700
2020-06-01,117.3499984741211,117.4000015258789,117.23999786376953,117.37000274658203,99.71573638916016,5580000
2020-06-02,117.37999725341797,117.47000122070312,117.30999755859375,117.47000122070312,99.80072784423828,4286800
2020-06-03,117.26000213623047,117.41000366210938,117.05999755859375,117.18000030517578,99.5543441772461,6077600
2020-06-04,117.2699966430664,117.30000305175781,116.81999969482422,116.83000183105469,99.2569808959961,5002700
2020-06-05,116.75,116.91000366210938,116.4800033569336,116.9000015258789,99.31645965576172,5166300
2020-06-08,116.80999755859375,117.11000061035156,116.75,117.02999877929688,99.4269027709961,8551800
2020-06-09,117.30999755859375,117.33000183105469,117.18000030517578,117.18000030517578,99.5543441772461,5512300
2020-06-10,117.25,117.68000030517578,117.19000244140625,117.66000366210938,99.962158203125,4680800
2020-06-11,117.7300033569336,117.80000305175781,117.44000244140625,117.45999908447266,99.792236328125,7438800
2020-06-12,117.5999984741211,117.69999694824219,117.44000244140625,117.58000183105469,99.8941879272461,4571800
2020-06-15,117.72000122070312,117.9800033569336,117.61000061035156,117.97000122070312,100.22551727294922,5870000
2020-06-16,117.9800033569336,118.0,117.58999633789062,117.73999786376953,100.03010559082031,5327400
2020-06-17,117.73999786376953,117.76000213623047,117.47000122070312,117.63999938964844,99.94512176513672,3696000
2020-06-18,117.87999725341797,117.87999725341797,117.63999938964844,117.76000213623047,100.04710388183594,3356800
2020-06-19,117.80000305175781,117.97000122070312,117.73999786376953,117.80000305175781,100.0810546875,2917400
2020-06-22,118.0,118.0,117.7300033569336,117.7699966430664,100.05561065673828,3445700
2020-06-23,117.79000091552734,117.83000183105469,117.69000244140625,117.75,100.03861999511719,3991400
2020-06-24,117.69999694824219,117.83999633789062,117.61000061035156,117.7300033569336,100.02159881591797,5040100
2020-06-25,117.94000244140625,117.94999694824219,117.80000305175781,117.87000274658203,100.14058685302734,4723300
2020-06-26,117.98999786376953,118.08000183105469,117.8499984741211,118.01000213623047,100.25947570800781,5683400
2020-06-29,118.01000213623047,118.11000061035156,117.94999694824219,118.11000061035156,100.34445190429688,3517200
2020-06-30,118.27999877929688,118.31999969482422,117.9800033569336,118.20999908447266,100.42940521240234,7451100
2020-07-01,117.9000015258789,118.06999969482422,117.76000213623047,118.05000305175781,100.48301696777344,6746500
2020-07-02,118.05000305175781,118.20999908447266,117.98999786376953,118.19000244140625,100.60224914550781,3614300
2020-07-06,118.18000030517578,118.20999908447266,118.0,118.18000030517578,100.5937271118164,5945100
2020-07-07,118.2300033569336,118.37999725341797,118.05999755859375,118.36000061035156,100.74691009521484,5454700
2020-07-08,118.3499984741211,118.44999694824219,118.22000122070312,118.31999969482422,100.71286010742188,5026800
2020-07-09,118.4000015258789,118.69999694824219,118.36000061035156,118.62999725341797,100.97673797607422,3804000
2020-07-10,118.83000183105469,118.83000183105469,118.44999694824219,118.48999786376953,100.8575668334961,3133900
2020-07-13,118.45999908447266,118.52999877929688,118.37000274658203,118.4800033569336,100.84902954101562,4803200
2020-07-14,118.58000183105469,118.73999786376953,118.58000183105469,118.66999816894531,101.01078033447266,3986700
2020-07-15,118.5,118.69999694824219,118.5,118.68000030517578,101.01930236816406,3403600
2020-07-16,118.83000183105469,118.88999938964844,118.73999786376953,118.76000213623047,101.08737182617188,3526900
2020-07-17,118.94000244140625,118.98999786376953,118.7699966430664,118.87999725341797,101.18952178955078,2549100
2020-07-20,119.02999877929688,119.05999755859375,118.91000366210938,119.01000213623047,101.30016326904297,3989200
2020-07-21,119.0999984741211,119.0999984741211,119.01000213623047,119.08000183105469,101.35980987548828,6098200
2020-07-22,119.22000122070312,119.2699966430664,119.11000061035156,119.18000030517578,101.44490814208984,6296600
2020-07-23,119.3499984741211,119.38999938964844,119.25,119.31999969482422,101.56402587890625,12117200
2020-07-24,119.26000213623047,119.41000366210938,119.19000244140625,119.27999877929688,101.52999114990234,11071700
2020-07-27,119.4000015258789,119.41999816894531,119.1500015258789,119.19999694824219,101.46187591552734,5606100
2020-07-28,119.30000305175781,119.3499984741211,119.22000122070312,119.27999877929688,101.52999114990234,6080700
2020-07-29,119.30000305175781,119.43000030517578,119.23999786376953,119.41999816894531,101.64917755126953,9727900
2020-07-30,119.51000213623047,119.54000091552734,119.44999694824219,119.51000213623047,101.72577667236328,3052800
2020-07-31,119.44999694824219,119.62999725341797,119.4000015258789,119.55999755859375,101.76832580566406,5277900
2020-08-03,119.37000274658203,119.4000015258789,119.19000244140625,119.4000015258789,101.80841064453125,13013600
2020-08-04,119.41999816894531,119.62999725341797,119.41999816894531,119.62999725341797,102.00453186035156,10935200
2020-08-05,119.38999938964844,119.48999786376953,119.30999755859375,119.4000015258789,101.80841064453125,17345700
2020-08-06,119.62000274658203,119.7300033569336,119.52999877929688,119.56999969482422,101.95335388183594,4608600
2020-08-07,119.66000366210938,119.7300033569336,119.4000015258789,119.43000030517578,101.83396911621094,5559100
2020-08-10,119.62000274658203,119.63999938964844,119.27999877929688,119.31999969482422,101.74017333984375,5152700
2020-08-11,119.11000061035156,119.20999908447266,118.83999633789062,118.98999786376953,101.45880126953125,7809900
2020-08-12,118.7300033569336,118.88999938964844,118.6500015258789,118.75,101.25415802001953,5524500
2020-08-13,118.77999877929688,118.77999877929688,118.23999786376953,118.30999755859375,100.87899017333984,8023700
2020-08-14,118.43000030517578,118.48999786376953,118.19999694824219,118.19999694824219,100.78522491455078,4556500
2020-08-17,118.37999725341797,118.47000122070312,118.30999755859375,118.36000061035156,100.92163848876953,4523900
2020-08-18,118.43000030517578,118.5999984741211,118.41999816894531,118.52999877929688,101.06655883789062,4765800
2020-08-19,118.6500015258789,118.69999694824219,118.33999633789062,118.3499984741211,100.9131088256836,4541000
2020-08-20,118.58000183105469,118.70999908447266,118.55999755859375,118.55999755859375,101.09213256835938,4487500
2020-08-21,118.73999786376953,118.76000213623047,118.55000305175781,118.68000030517578,101.19450378417969,6373300
2020-08-24,118.72000122070312,118.81999969482422,118.5999984741211,118.62999725341797,101.15186309814453,4620900
2020-08-25,118.3499984741211,118.45999908447266,118.18000030517578,118.37999725341797,100.9386978149414,4002300
2020-08-26,118.3499984741211,118.41999816894531,118.20999908447266,118.36000061035156,100.92163848876953,5139800
2020-08-27,118.55000305175781,118.55999755859375,117.94999694824219,117.94999694824219,100.57201385498047,5609400
2020-08-28,118.08000183105469,118.16000366210938,117.98999786376953,118.11000061035156,100.70844268798828,6467400
2020-08-31,118.13999938964844,118.51000213623047,118.13999938964844,118.37000274658203,100.93018341064453,10894500
2020-09-01,118.12000274658203,118.44000244140625,118.0,118.41999816894531,101.13939666748047,9843200
2020-09-02,118.41999816894531,118.70999908447266,118.33999633789062,118.66000366210938,101.34442901611328,4838500
2020-09-03,118.7300033569336,118.87000274658203,118.62000274658203,118.69000244140625,101.3700180053711,6856700
2020-09-04,118.41000366210938,118.5199966430664,118.08000183105469,118.0999984741211,100.86610412597656,5366800
2020-09-08,118.33999633789062,118.45999908447266,118.19999694824219,118.2300033569336,100.97716522216797,8894000
2020-09-09,118.38999938964844,118.38999938964844,118.04000091552734,118.22000122070312,100.96858215332031,7824800
2020-09-10,118.1500015258789,118.29000091552734,118.0199966430664,118.2300033569336,100.97716522216797,4932600
2020-09-11,118.41999816894531,118.48999786376953,118.23999786376953,118.37000274658203,101.09671020507812,8200400
2020-09-14,118.47000122070312,118.48999786376953,118.30999755859375,118.37999725341797,101.10523223876953,6394200
2020-09-15,118.29000091552734,118.43000030517578,118.29000091552734,118.38999938964844,101.11377716064453,4163000
2020-09-16,118.52999877929688,118.52999877929688,118.19999694824219,118.33000183105469,101.06253051757812,6452500
2020-09-17,118.5,118.5199966430664,118.33000183105469,118.36000061035156,101.08818054199219,4882200
2020-09-18,118.44000244140625,118.44000244140625,118.18000030517578,118.22000122070312,100.96858215332031,5149400
2020-09-21,118.41000366210938,118.41999816894531,118.23999786376953,118.23999786376953,100.98570251464844,6191900
2020-09-22,118.25,118.37999725341797,118.23999786376953,118.33000183105469,101.06253051757812,4390200
2020-09-23,118.3499984741211,118.3499984741211,118.06999969482422,118.08000183105469,100.84904479980469,5392900
2020-09-24,118.01000213623047,118.16000366210938,118.01000213623047,118.08999633789062,100.85755920410156,4145000
2020-09-25,118.12000274658203,118.16999816894531,118.05000305175781,118.12999725341797,100.89173126220703,5138200
2020-09-28,118.18000030517578,118.2300033569336,118.11000061035156,118.2300033569336,100.97716522216797,5830400
2020-09-29,118.27999877929688,118.33000183105469,118.20999908447266,118.25,100.99421691894531,5301700
2020-09-30,118.26000213623047,118.26000213623047,117.94999694824219,118.05999755859375,100.83193969726562,6090800
2020-10-01,117.80999755859375,118.04000091552734,117.75,118.0199966430664,100.97056579589844,9741800
2020-10-02,118.02999877929688,118.04000091552734,117.80999755859375,117.9000015258789,100.86787414550781,5599500
2020-10-05,117.73999786376953,117.73999786376953,117.5199966430664,117.5199966430664,100.54278564453125,4890800
2020-10-06,117.5999984741211,117.83999633789062,117.48999786376953,117.62000274658203,100.62828826904297,4338600
2020-10-07,117.52999877929688,117.66000366210938,117.44999694824219,117.54000091552734,100.55986022949219,4801700
2020-10-08,117.66999816894531,117.70999908447266,117.58999633789062,117.69000244140625,100.68824768066406,4236000
2020-10-09,117.6500015258789,117.73999786376953,117.5,117.72000122070312,100.71388244628906,2909300
2020-10-12,117.8499984741211,117.94999694824219,117.7699966430664,117.94999694824219,100.91063690185547,2999300
2020-10-13,118.01000213623047,118.06999969482422,117.93000030517578,117.9800033569336,100.93632507324219,3421700
2020-10-14,118.0999984741211,118.11000061035156,117.98999786376953,118.05000305175781,100.9961929321289,4919700
2020-10-15,118.1500015258789,118.1500015258789,117.94999694824219,117.94999694824219,100.91063690185547,5459200
2020-10-16,117.98999786376953,118.08000183105469,117.87999725341797,117.88999938964844,100.85933685302734,3931500
2020-10-19,117.80999755859375,117.87000274658203,117.72000122070312,117.75,100.73956298828125,4685000
2020-10-20,117.69999694824219,117.70999908447266,117.58000183105469,117.6500015258789,100.65400695800781,4013600
2020-10-21,117.58999633789062,117.63999938964844,117.4800033569336,117.51000213623047,100.53422546386719,3688300
2020-10-22,117.51000213623047,117.54000091552734,117.30000305175781,117.30000305175781,100.35456085205078,4801000
2020-10-23,117.30000305175781,117.5199966430664,117.30000305175781,117.47000122070312,100.4999771118164,3878700
2020-10-26,117.6500015258789,117.72000122070312,117.58999633789062,117.62999725341797,100.63687133789062,4962500
2020-10-27,117.80000305175781,117.91000366210938,117.7300033569336,117.9000015258789,100.86787414550781,5694100
2020-10-28,117.80999755859375,117.95999908447266,117.72000122070312,117.7300033569336,100.7224349975586,7329200
2020-10-29,117.76000213623047,117.7699966430664,117.4000015258789,117.5199966430664,100.54278564453125,11775800
2020-10-30,117.44999694824219,117.5199966430664,117.19999694824219,117.19999694824219,100.26902770996094,10610000
2020-11-02,117.2699966430664,117.3499984741211,117.18000030517578,117.22000122070312,100.45067596435547,6667900
2020-11-03,117.22000122070312,117.22000122070312,117.05000305175781,117.16999816894531,100.40782165527344,7519700
2020-11-04,117.9000015258789,118.04000091552734,117.83000183105469,117.94999694824219,101.07624053955078,5308700
2020-11-05,118.08999633789062,118.12000274658203,117.91000366210938,118.05999755859375,101.17050170898438,5293900
2020-11-06,117.80999755859375,117.86000061035156,117.66999816894531,117.80000305175781,100.9477310180664,5929700
2020-11-09,117.4000015258789,117.47000122070312,117.05999755859375,117.25,100.47636413574219,6625300
2020-11-10,117.05000305175781,117.2300033569336,117.02999877929688,117.05999755859375,100.31356048583984,5146300
2020-11-11,117.05999755859375,117.18000030517578,117.0199966430664,117.12999725341797,100.37356567382812,3044300
2020-11-12,117.37000274658203,117.62999725341797,117.33000183105469,117.62000274658203,100.79344177246094,7740800
2020-11-13,117.5199966430664,117.69000244140625,117.5199966430664,117.63999938964844,100.81057739257812,5125300
2020-11-16,117.61000061035156,117.66999816894531,117.58000183105469,117.62999725341797,100.80201721191406,7951400
2020-11-17,117.75,117.9000015258789,117.75,117.87000274658203,101.0076675415039,4650100
2020-11-18,117.94999694824219,117.98999786376953,117.88999938964844,117.94999694824219,101.07624053955078,6191100
2020-11-19,118.08000183105469,118.26000213623047,118.02999877929688,118.16999816894531,101.26476287841797,6680800
2020-11-20,118.19000244140625,118.33999633789062,118.12999725341797,118.29000091552734,101.36758422851562,7217400
2020-11-23,118.27999877929688,118.30000305175781,118.16999816894531,118.26000213623047,101.34187316894531,4739000
2020-11-24,118.23999786376953,118.27999877929688,118.06999969482422,118.0999984741211,101.20477294921875,4696800
2020-11-25,118.1500015258789,118.20999908447266,118.0199966430664,118.05999755859375,101.17050170898438,4125000
2020-11-27,118.25,118.29000091552734,118.22000122070312,118.26000213623047,101.34187316894531,3436200
2020-11-30,118.31999969482422,118.44999694824219,118.25,118.41999816894531,101.47900390625,8688500
2020-12-01,118.02999877929688,118.0999984741211,117.7300033569336,117.83999633789062,101.15794372558594,5190800
2020-12-02,117.80999755859375,117.80999755859375,117.54000091552734,117.70999908447266,101.04634094238281,6121000
2020-12-03,117.91999816894531,117.9800033569336,117.7699966430664,117.91000366210938,101.21802520751953,5198400
2020-12-04,117.9000015258789,117.9000015258789,117.51000213623047,117.58999633789062,100.94332885742188,5896100
2020-12-07,117.76000213623047,117.83000183105469,117.69000244140625,117.7699966430664,101.09784698486328,6127800
2020-12-08,117.87999725341797,117.95999908447266,117.75,117.77999877929688,101.1064453125,6807000
2020-12-09,117.7300033569336,117.77999877929688,117.5199966430664,117.61000061035156,100.96050262451172,6975700
2020-12-10,117.73999786376953,117.93000030517578,117.69000244140625,117.9000015258789,101.20948791503906,6192200
2020-12-11,118.01000213623047,118.08999633789062,117.94999694824219,118.02999877929688,101.32107543945312,5636100
2020-12-14,117.86000061035156,118.02999877929688,117.80000305175781,117.95999908447266,101.26092529296875,4705600
2020-12-15,117.94999694824219,118.02999877929688,117.9000015258789,118.02999877929688,101.32107543945312,4217800
2020-12-16,117.83000183105469,118.02999877929688,117.76000213623047,117.9800033569336,101.27812194824219,4467900
2020-12-17,118.01000213623047,118.05999755859375,117.7300033569336,117.8499984741211,101.2738265991211,6610400
2020-12-18,117.97000122070312,117.97000122070312,117.76000213623047,117.79000091552734,101.22227478027344,3874700
2020-12-21,117.91999816894531,117.95999908447266,117.75,117.79000091552734,101.22227478027344,4818300
2020-12-22,117.87999725341797,117.9800033569336,117.83000183105469,117.95999908447266,101.36830139160156,4516500
2020-12-23,117.80999755859375,117.87999725341797,117.62999725341797,117.87999725341797,101.29963684082031,4157700
2020-12-24,117.94000244140625,118.05000305175781,117.93000030517578,117.98999786376953,101.39412689208984,2214500
2020-12-28,117.97000122070312,118.05000305175781,117.83000183105469,118.01000213623047,101.41129302978516,4567200
2020-12-29,118.05999755859375,118.05999755859375,117.91999816894531,118.02999877929688,101.42852020263672,4300100
2020-12-30,118.08999633789062,118.12000274658203,117.9800033569336,118.0999984741211,101.48865509033203,2762200
2020-12-31,118.18000030517578,118.23999786376953,118.12000274658203,118.19000244140625,101.56600952148438,4834700
2021-01-04,118.08000183105469,118.13999938964844,117.98999786376953,118.04000091552734,101.43708801269531,6414100
2021-01-05,118.05999755859375,118.05999755859375,117.75,117.91999816894531,101.33393859863281,7477900
2021-01-06,117.9000015258789,117.9000015258789,117.1500015258789,117.33999633789062,100.8355484008789,10687200
2021-01-07,117.12999725341797,117.26000213623047,117.06999969482422,117.22000122070312,100.73245239257812,6639400
2021-01-08,117.18000030517578,117.33999633789062,116.9800033569336,117.08000183105469,100.61215209960938,7335700
2021-01-11,117.0199966430664,117.05000305175781,116.88999938964844,116.88999938964844,100.4488754272461,8610100
2021-01-12,116.81999969482422,116.98999786376953,116.68000030517578,116.98999786376953,100.53478240966797,7269600
2021-01-13,117.62999725341797,117.62999725341797,117.08000183105469,117.36000061035156,100.85275268554688,6788500
2021-01-14,117.37000274658203,117.44999694824219,117.08000183105469,117.12999725341797,100.65509796142578,6610500
2021-01-15,117.33999633789062,117.36000061035156,117.18000030517578,117.25,100.7582015991211,6447700
2021-01-19,117.2699966430664,117.41999816894531,117.22000122070312,117.41000366210938,100.89571380615234,7601100
2021-01-20,117.3499984741211,117.43000030517578,117.30999755859375,117.41999816894531,100.90430450439453,6229100
2021-01-21,117.22000122070312,117.30000305175781,117.13999938964844,117.25,100.7582015991211,8301000
2021-01-22,117.29000091552734,117.31999969482422,117.19000244140625,117.25,100.7582015991211,3513700
2021-01-25,117.38999938964844,117.55999755859375,117.36000061035156,117.55000305175781,101.01602172851562,4049000
2021-01-26,117.45999908447266,117.58999633789062,117.43000030517578,117.51000213623047,100.9816665649414,3639500
2021-01-27,117.61000061035156,117.66999816894531,117.04000091552734,117.5199966430664,100.99024963378906,3619100
2021-01-28,117.4800033569336,117.48999786376953,117.29000091552734,117.44000244140625,100.92151641845703,6176500
2021-01-29,117.16000366210938,117.4000015258789,116.55999755859375,117.30999755859375,100.80976867675781,12164800
2021-02-01,117.19999694824219,117.26000213623047,117.08999633789062,117.2300033569336,100.90620422363281,6621900
2021-02-02,116.98999786376953,117.08999633789062,116.97000122070312,117.05000305175781,100.75123596191406,7323400
2021-02-03,116.97000122070312,116.98999786376953,116.87000274658203,116.91000366210938,100.63075256347656,5492400
2021-02-04,116.75,116.88999938964844,116.69000244140625,116.86000061035156,100.58773040771484,5287400
2021-02-05,116.91000366210938,116.95999908447266,116.69999694824219,116.70999908447266,100.45857238769531,3446600
2021-02-08,116.75,116.93000030517578,116.72000122070312,116.83000183105469,100.56190490722656,4704200
2021-02-09,116.94000244140625,116.97000122070312,116.81999969482422,116.87999725341797,100.60494232177734,4533400
2021-02-10,116.97000122070312,117.01000213623047,116.91999816894531,116.98999786376953,100.69959259033203,4378300
2021-02-11,117.02999877929688,117.02999877929688,116.80000305175781,116.8499984741211,100.57909393310547,3470800
2021-02-12,116.66999816894531,116.73999786376953,116.54000091552734,116.58000183105469,100.3466796875,3284900
2021-02-16,116.22000122070312,116.2300033569336,116.0199966430664,116.02999877929688,99.87326049804688,5682700
2021-02-17,116.22000122070312,116.29000091552734,116.1500015258789,116.26000213623047,100.07123565673828,6304100
2021-02-18,116.13999938964844,116.27999877929688,116.02999877929688,116.19999694824219,100.01959228515625,5333500
2021-02-19,116.0199966430664,116.05999755859375,115.75,115.83999633789062,99.7097396850586,4673100
2021-02-22,115.76000213623047,115.87000274658203,115.4800033569336,115.4800033569336,99.3998794555664,4894200
2021-02-23,115.75,115.75,115.2699966430664,115.51000213623047,99.4256820678711,6035200
2021-02-24,115.05999755859375,115.5,115.01000213623047,115.47000122070312,99.39128875732422,6232300
2021-02-25,115.01000213623047,115.29000091552734,114.19999694824219,114.41000366210938,98.47888946533203,14926900
2021-02-26,114.95999908447266,115.38999938964844,114.58999633789062,115.33999633789062,99.27933502197266,11333400
2021-03-01,114.97000122070312,115.58999633789062,114.88999938964844,115.08999633789062,99.22762298583984,13018100
2021-03-02,115.04000091552734,115.12000274658203,114.94999694824219,115.11000061035156,99.24486541748047,10111300
2021-03-03,114.80000305175781,114.83000183105469,114.5999984741211,114.69000244140625,98.88275146484375,10317500
2021-03-04,114.79000091552734,114.80000305175781,114.26000213623047,114.36000061035156,98.59825134277344,5953600
2021-03-05,114.16999816894531,114.31999969482422,114.05000305175781,114.27999877929688,98.52926635742188,8675700
2021-03-08,114.19999694824219,114.2300033569336,113.83000183105469,113.83000183105469,98.14128875732422,5639400
2021-03-09,114.19999694824219,114.30999755859375,114.0,114.26000213623047,98.51201629638672,5676800
2021-03-10,114.30000305175781,114.5,114.27999877929688,114.44999694824219,98.67585754394531,6936900
2021-03-11,114.47000122070312,114.54000091552734,114.30000305175781,114.44000244140625,98.6672134399414,8827800
2021-03-12,113.87999725341797,113.91000366210938,113.70999908447266,113.79000091552734,98.10679626464844,5066800
2021-03-15,113.5999984741211,114.01000213623047,113.5999984741211,113.91000366210938,98.21025848388672,5000500
2021-03-16,113.97000122070312,114.02999877929688,113.77999877929688,113.87000274658203,98.17578125,3990900
2021-03-17,113.55000305175781,113.9800033569336,113.4800033569336,113.86000061035156,98.16716766357422,6229800
2021-03-18,113.31999969482422,113.55000305175781,113.19999694824219,113.41999816894531,97.7878189086914,6222200
2021-03-19,113.4000015258789,113.54000091552734,113.33000183105469,113.51000213623047,97.86538696289062,4701400
2021-03-22,113.69999694824219,113.80000305175781,113.5999984741211,113.7300033569336,98.0550765991211,5468600
2021-03-23,113.88999938964844,114.04000091552734,113.7699966430664,114.0199966430664,98.30506896972656,5524900
2021-03-24,113.9000015258789,114.19999694824219,113.86000061035156,114.16000366210938,98.42579650878906,6352600
2021-03-25,114.23999786376953,114.29000091552734,113.98999786376953,114.0999984741211,98.37407684326172,5178000
2021-03-26,113.91000366210938,114.08000183105469,113.86000061035156,113.91000366210938,98.21025848388672,4333900
2021-03-29,113.5199966430664,114.0,113.5199966430664,113.72000122070312,98.04645538330078,7630800
2021-03-30,113.63999938964844,113.8499984741211,113.52999877929688,113.80999755859375,98.1240463256836,4996900
2021-03-31,113.83999633789062,113.9800033569336,113.70999908447266,113.83000183105469,98.14128875732422,6309200
2021-04-01,113.93000030517578,114.05000305175781,113.83000183105469,114.04000091552734,98.4711685180664,10767200
2021-04-05,113.77999877929688,113.88999938964844,113.69000244140625,113.80999755859375,98.27252960205078,9230100
2021-04-06,113.9800033569336,114.22000122070312,113.94999694824219,114.20999908447266,98.61795043945312,4864100
2021-04-07,114.12000274658203,114.30000305175781,114.02999877929688,114.02999877929688,98.4625015258789,4505600
2021-04-08,114.18000030517578,114.30999755859375,114.12999725341797,114.30999755859375,98.70426940917969,4932100
2021-04-09,114.11000061035156,114.33000183105469,114.04000091552734,114.18000030517578,98.59203338623047,7467100
2021-04-12,114.16999816894531,114.16999816894531,114.0,114.1500015258789,98.56613159179688,3844900
2021-04-13,114.12000274658203,114.4800033569336,114.11000061035156,114.4800033569336,98.85106658935547,4040500
2021-04-14,114.41000366210938,114.44000244140625,114.27999877929688,114.38999938964844,98.77336883544922,3620500
2021-04-15,113.77999877929688,114.9800033569336,113.77999877929688,114.83999633789062,99.16191864013672,6753200
2021-04-16,114.55999755859375,114.66999816894531,114.5,114.54000091552734,98.90288543701172,3663600
2021-04-19,114.0,114.5,114.0,114.44999694824219,98.82518005371094,5072800
2021-04-20,114.41999816894531,114.66999816894531,114.38999938964844,114.62999725341797,98.98059844970703,4322200
2021-04-21,114.5999984741211,114.73999786376953,114.52999877929688,114.73999786376953,99.0755386352539,5511300
2021-04-22,114.73999786376953,114.80000305175781,114.58999633789062,114.7699966430664,99.10147094726562,4570700
2021-04-23,114.80999755859375,115.08999633789062,114.63999938964844,114.75,99.08418273925781,3620700
2021-04-26,114.73999786376953,114.80000305175781,114.6500015258789,114.6500015258789,98.9978256225586,3480300
2021-04-27,115.12999725341797,115.12999725341797,114.37000274658203,114.37000274658203,98.7560806274414,3823300
2021-04-28,114.44999694824219,114.47000122070312,114.19999694824219,114.43000030517578,98.80789947509766,7078600
2021-04-29,114.13999938964844,114.37000274658203,114.08999633789062,114.37000274658203,98.7560806274414,6254100
2021-04-30,114.41000366210938,114.5199966430664,114.33000183105469,114.48999786376953,98.85971069335938,6469500
2021-05-03,114.4000015258789,114.58999633789062,114.33000183105469,114.38999938964844,98.92289733886719,5939500
2021-05-04,114.55000305175781,114.69999694824219,114.41000366210938,114.52999877929688,99.04389190673828,6291300
2021-05-05,114.44999694824219,114.62000274658203,114.44999694824219,114.62000274658203,99.12175750732422,3329000
2021-05-06,114.55000305175781,114.70999908447266,114.52999877929688,114.63999938964844,99.13903045654297,4739400
2021-05-07,114.8499984741211,114.97000122070312,114.56999969482422,114.61000061035156,99.11307525634766,7005200
2021-05-10,114.61000061035156,114.72000122070312,114.4000015258789,114.43000030517578,98.95743560791016,5576500
2021-05-11,114.2300033569336,114.37999725341797,114.12999725341797,114.18000030517578,98.74121856689453,6161400
2021-05-12,113.9800033569336,114.01000213623047,113.77999877929688,113.77999877929688,98.39532470703125,7000800
2021-05-13,113.9000015258789,114.05999755859375,113.77999877929688,114.04000091552734,98.62017822265625,6772300
2021-05-14,114.22000122070312,114.30000305175781,114.12000274658203,114.30000305175781,98.844970703125,3985500
2021-05-17,114.20999908447266,114.25,114.1500015258789,114.19999694824219,98.75852966308594,4926600
2021-05-18,114.11000061035156,114.11000061035156,114.02999877929688,114.05999755859375,98.637451171875,3674600
2021-05-19,114.62000274658203,114.62000274658203,113.79000091552734,113.9000015258789,98.49910736083984,6892400
2021-05-20,114.08000183105469,114.30000305175781,114.08000183105469,114.29000091552734,98.83634185791016,6243300
2021-05-21,114.36000061035156,114.4000015258789,114.2300033569336,114.33999633789062,98.87960815429688,3873200
2021-05-24,114.5,114.51000213623047,114.37999725341797,114.44999694824219,98.9747314453125,3867700
2021-05-25,114.58000183105469,114.75,114.02999877929688,114.7300033569336,99.21685028076172,6351700
2021-05-26,114.12999725341797,114.80000305175781,114.12999725341797,114.69000244140625,99.18228912353516,3969400
2021-05-27,114.61000061035156,114.62000274658203,114.44999694824219,114.55000305175781,99.06118774414062,5072300
2021-05-28,114.55000305175781,114.68000030517578,114.5,114.55000305175781,99.06118774414062,6768200
2021-06-01,114.36000061035156,114.4000015258789,114.16000366210938,114.33000183105469,99.01531219482422,6209800
2021-06-02,114.44999694824219,114.51000213623047,114.30000305175781,114.4800033569336,99.14521026611328,6103900
2021-06-03,114.30999755859375,114.45999908447266,114.20999908447266,114.20999908447266,98.91136169433594,3464300
2021-06-04,114.38999938964844,114.68000030517578,114.22000122070312,114.68000030517578,99.31840515136719,4535800
2021-06-07,113.97000122070312,114.63999938964844,113.97000122070312,114.5999984741211,99.2491226196289,3728400
2021-06-08,114.83999633789062,114.87000274658203,114.77999877929688,114.80999755859375,99.43098449707031,4395100
2021-06-09,115.43000030517578,115.43000030517578,114.97000122070312,115.04000091552734,99.63019561767578,3643100
2021-06-10,115.30000305175781,115.30999755859375,114.86000061035156,115.27999877929688,99.83805084228516,4021900
2021-06-11,115.30999755859375,115.31999969482422,115.16000366210938,115.2300033569336,99.79473876953125,3781900
2021-06-14,115.18000030517578,115.18000030517578,114.94000244140625,114.94000244140625,99.54360961914062,3270800
2021-06-15,114.9000015258789,115.0199966430664,114.87000274658203,114.98999786376953,99.5868911743164,8230400
2021-06-16,115.06999969482422,115.12999725341797,114.51000213623047,114.62000274658203,99.2664794921875,8654200
2021-06-17,114.79000091552734,115.25,114.79000091552734,114.9800033569336,99.57825469970703,7641700
2021-06-18,115.05000305175781,115.38999938964844,114.91000366210938,115.29000091552734,99.84671020507812,5690400
2021-06-21,115.05999755859375,115.12000274658203,114.91999816894531,114.98999786376953,99.5868911743164,6875500
2021-06-22,114.83000183105469,115.13999938964844,114.83000183105469,115.11000061035156,99.69084167480469,6485100
2021-06-23,115.05999755859375,115.13999938964844,114.98999786376953,115.05000305175781,99.63887023925781,5070500
2021-06-24,115.0999984741211,115.16999816894531,115.05000305175781,115.08999633789062,99.67350006103516,8357900
2021-06-25,115.11000061035156,115.12999725341797,114.75,114.86000061035156,99.47431945800781,6496600
2021-06-28,115.04000091552734,115.2300033569336,115.04000091552734,115.19000244140625,99.76009368896484,5739000
2021-06-29,115.05999755859375,115.25,115.05000305175781,115.25,99.81204986572266,5097100
2021-06-30,115.36000061035156,115.44999694824219,115.30000305175781,115.33000183105469,99.88131713867188,6653100
2021-07-01,115.1500015258789,115.19000244140625,115.01000213623047,115.11000061035156,99.82582092285156,4744900
2021-07-02,115.2300033569336,115.37000274658203,115.16999816894531,115.36000061035156,100.04265594482422,4312800
2021-07-06,115.51000213623047,115.83000183105469,115.51000213623047,115.7300033569336,100.36351013183594,7372900
2021-07-07,115.83000183105469,116.0199966430664,115.75,115.93000030517578,100.53694915771484,7786400
2021-07-08,116.04000091552734,116.18000030517578,115.95999908447266,116.05999755859375,100.64969635009766,6538400
2021-07-09,115.73999786376953,115.76000213623047,115.68000030517578,115.68000030517578,100.32015228271484,4750800
2021-07-12,115.80000305175781,115.80999755859375,115.5999984741211,115.61000061035156,100.25946807861328,4266600
2021-07-13,115.6500015258789,115.76000213623047,115.30000305175781,115.36000061035156,100.04265594482422,5145200
2021-07-14,115.58999633789062,115.76000213623047,115.56999969482422,115.75,100.38088989257812,4977400
2021-07-15,115.94000244140625,116.0199966430664,115.72000122070312,116.0,100.5976791381836,4480900
2021-07-16,115.7699966430664,115.95999908447266,115.76000213623047,115.9000015258789,100.51094818115234,3869500
2021-07-19,116.38999938964844,116.61000061035156,116.3499984741211,116.51000213623047,101.03996276855469,6688100
2021-07-20,116.77999877929688,116.81999969482422,116.31999969482422,116.4000015258789,100.94454193115234,8474800
2021-07-21,116.08000183105469,116.1500015258789,115.91999816894531,116.0199966430664,100.614990234375,9686100
2021-07-22,116.02999877929688,116.3499984741211,116.02999877929688,116.29000091552734,100.84913635253906,8176300
2021-07-23,116.02999877929688,116.22000122070312,116.02999877929688,116.20999908447266,100.77978515625,4441000
2021-07-26,116.30000305175781,116.33000183105469,116.08999633789062,116.11000061035156,100.69305419921875,7127400
2021-07-27,116.3499984741211,116.4000015258789,116.2699966430664,116.37999725341797,100.92723083496094,5423800
2021-07-28,116.23999786376953,116.48999786376953,116.13999938964844,116.48999786376953,101.02261352539062,5463600
2021-07-29,116.29000091552734,116.36000061035156,116.2300033569336,116.30000305175781,100.85784149169922,6629500
2021-07-30,116.36000061035156,116.48999786376953,116.3499984741211,116.45999908447266,100.99658966064453,5552100
2021-08-02,116.36000061035156,116.68000030517578,116.30999755859375,116.54000091552734,101.21109771728516,5753800
2021-08-03,116.55999755859375,116.69000244140625,116.52999877929688,116.58000183105469,101.245849609375,3715300
2021-08-04,116.7699966430664,116.83000183105469,116.30000305175781,116.56999969482422,101.23715209960938,4654300
2021-08-05,116.45999908447266,116.4800033569336,116.27999877929688,116.30999755859375,101.0113754272461,3283100
2021-08-06,115.93000030517578,116.0199966430664,115.77999877929688,115.79000091552734,100.55976104736328,3812000
2021-08-09,115.88999938964844,115.95999908447266,115.58000183105469,115.58000183105469,100.37735748291016,5298600
2021-08-10,115.6500015258789,115.6500015258789,115.43000030517578,115.43000030517578,100.24712371826172,7332100
2021-08-11,115.45999908447266,115.69999694824219,115.33999633789062,115.54000091552734,100.34264373779297,6674600
2021-08-12,115.48999786376953,115.58000183105469,115.4000015258789,115.55000305175781,100.35132598876953,5017300
2021-08-13,115.6500015258789,115.97000122070312,115.63999938964844,115.97000122070312,100.71607208251953,4599800
2021-08-16,116.13999938964844,116.2699966430664,116.02999877929688,116.02999877929688,100.76819610595703,3693600
2021-08-17,115.9800033569336,116.08999633789062,115.93000030517578,115.94000244140625,100.69002532958984,5469200
2021-08-18,115.94000244140625,116.02999877929688,115.80000305175781,115.94999694824219,100.69872283935547,3981900
2021-08-19,116.12000274658203,116.16000366210938,116.0199966430664,116.1500015258789,100.87240600585938,4581300
2021-08-20,116.18000030517578,116.20999908447266,116.08000183105469,116.16000366210938,100.881103515625,2897800
2021-08-23,116.08999633789062,116.18000030517578,116.04000091552734,116.16000366210938,100.881103515625,6585300
2021-08-24,116.08000183105469,116.13999938964844,115.95999908447266,115.98999786376953,100.73345184326172,5875400
2021-08-25,115.98999786376953,116.01000213623047,115.68000030517578,115.7699966430664,100.54238891601562,5452000
2021-08-26,115.76000213623047,115.79000091552734,115.63999938964844,115.77999877929688,100.55106353759766,4879200
2021-08-27,115.80999755859375,116.0999984741211,115.70999908447266,116.0999984741211,100.82896423339844,5545600
2021-08-30,116.0199966430664,116.2300033569336,116.0,116.2300033569336,100.94187927246094,3706000
2021-08-31,116.18000030517578,116.29000091552734,116.0199966430664,116.05999755859375,100.79423522949219,6763900
2021-09-01,116.0199966430664,116.0199966430664,115.80999755859375,115.93000030517578,100.82640075683594,4154000
2021-09-02,116.0199966430664,116.05999755859375,115.91999816894531,116.05000305175781,100.9307861328125,5427300
2021-09-03,115.83999633789062,115.88999938964844,115.7699966430664,115.8499984741211,100.7568588256836,5274300
2021-09-07,115.63999938964844,115.6500015258789,115.47000122070312,115.54000091552734,100.48722076416016,3579900
2021-09-08,115.69999694824219,115.81999969482422,115.62000274658203,115.7300033569336,100.65245819091797,3417500
2021-09-09,115.83999633789062,116.1500015258789,115.76000213623047,116.0999984741211,100.97425079345703,3332600
2021-09-10,115.98999786376953,116.01000213623047,115.77999877929688,115.87000274658203,100.77423858642578,3957300
2021-09-13,116.0,116.08000183105469,115.95999908447266,116.0199966430664,100.90471649169922,3954100
2021-09-14,116.06999969482422,116.37999725341797,116.06999969482422,116.27999877929688,101.13085174560547,4183600
2021-09-15,116.29000091552734,116.29000091552734,116.08999633789062,116.16999816894531,101.03516387939453,3448500
2021-09-16,115.94999694824219,116.11000061035156,115.91000366210938,115.97000122070312,100.86124420166016,4265500
2021-09-17,115.80000305175781,115.87999725341797,115.73999786376953,115.87000274658203,100.77423858642578,5742500
2021-09-20,116.0199966430664,116.16999816894531,115.9800033569336,116.08999633789062,100.96556854248047,5464700
2021-09-21,116.12999725341797,116.16999816894531,116.05000305175781,116.13999938964844,101.00907897949219,5225200
2021-09-22,116.11000061035156,116.25,116.01000213623047,116.18000030517578,101.0438461303711,7139900
2021-09-23,115.93000030517578,115.94000244140625,115.56999969482422,115.61000061035156,100.5481185913086,8265000
2021-09-24,115.5,115.51000213623047,115.31999969482422,115.41000366210938,100.37417602539062,4461900
2021-09-27,115.20999908447266,115.37999725341797,115.19000244140625,115.25,100.23501586914062,5630600
2021-09-28,114.9000015258789,115.0,114.69999694824219,114.7699966430664,99.8175277709961,7017100
2021-09-29,114.97000122070312,115.05999755859375,114.72000122070312,114.8499984741211,99.88713836669922,6161300
2021-09-30,114.7699966430664,114.86000061035156,114.69000244140625,114.83000183105469,99.8697509765625,5348800
2021-10-01,114.81999969482422,115.05999755859375,114.79000091552734,115.0,100.17463684082031,7064500
2021-10-04,114.91999816894531,115.02999877929688,114.80000305175781,114.91999816894531,100.10494232177734,4180600
2021-10-05,114.81999969482422,114.87000274658203,114.61000061035156,114.6500015258789,99.86973571777344,7421900
2021-10-06,114.68000030517578,114.7300033569336,114.58999633789062,114.69999694824219,99.91327667236328,4893400
2021-10-07,114.45999908447266,114.5,114.33999633789062,114.37999725341797,99.63455200195312,4456100
2021-10-08,114.30999755859375,114.3499984741211,114.06999969482422,114.12999725341797,99.41676330566406,4581900
2021-10-11,114.01000213623047,114.06999969482422,113.94000244140625,113.94999694824219,99.25997161865234,2178400
2021-10-12,114.16999816894531,114.37999725341797,114.11000061035156,114.37000274658203,99.62580108642578,3688400
2021-10-13,114.43000030517578,114.63999938964844,114.41999816894531,114.62999725341797,99.85232543945312,5522700
2021-10-14,114.69999694824219,114.8499984741211,114.62999725341797,114.8499984741211,100.0439682006836,4094500
2021-10-15,114.61000061035156,114.62999725341797,114.51000213623047,114.56999969482422,99.80006408691406,4644800
2021-10-18,114.33000183105469,114.55999755859375,114.25,114.48999786376953,99.7303466796875,5575100
2021-10-19,114.37000274658203,114.37000274658203,114.16000366210938,114.16000366210938,99.44291687011719,5041000
2021-10-20,114.16999816894531,114.29000091552734,114.05999755859375,114.08000183105469,99.37320709228516,6183700
2021-10-21,114.01000213623047,114.04000091552734,113.83999633789062,113.83999633789062,99.16413879394531,5228300
2021-10-22,113.97000122070312,114.13999938964844,113.9000015258789,114.05999755859375,99.35576629638672,3528600
2021-10-25,114.05999755859375,114.2699966430664,114.05999755859375,114.16999816894531,99.4516372680664,8569600
2021-10-26,114.25,114.37999725341797,114.11000061035156,114.37999725341797,99.63455200195312,5429800
2021-10-27,114.66000366210938,114.91999816894531,114.43000030517578,114.76000213623047,99.96553802490234,8048500
2021-10-28,114.70999908447266,114.83000183105469,114.56999969482422,114.66999816894531,99.88716888427734,5916000
2021-10-29,114.3499984741211,114.77999877929688,114.3499984741211,114.63999938964844,99.86103057861328,10047900
2021-11-01,114.16000366210938,114.41999816894531,114.13999938964844,114.38999938964844,99.79995727539062,6197900
2021-11-02,114.43000030517578,114.69000244140625,114.43000030517578,114.62000274658203,100.00060272216797,5317000
2021-11-03,114.6500015258789,114.69000244140625,114.25,114.38999938964844,99.79995727539062,6421700
2021-11-04,114.51000213623047,114.83999633789062,114.4800033569336,114.7699966430664,100.1314697265625,6618100
2021-11-05,114.98999786376953,115.31999969482422,114.9000015258789,115.22000122070312,100.52409362792969,7283100
2021-11-08,115.13999938964844,115.1500015258789,114.94999694824219,115.01000213623047,100.34088134765625,4922800
2021-11-09,115.37999725341797,115.5,115.29000091552734,115.33000183105469,100.62004852294922,8960500
2021-11-10,115.11000061035156,115.13999938964844,114.4000015258789,114.55000305175781,99.93954467773438,11620300
2021-11-11,114.51000213623047,114.56999969482422,114.30000305175781,114.33999633789062,99.75633239746094,3937100
2021-11-12,114.5,114.58999633789062,114.26000213623047,114.31999969482422,99.73887634277344,4554700
2021-11-15,114.30000305175781,114.30999755859375,113.9000015258789,113.9000015258789,99.37245178222656,6405000
2021-11-16,113.91999816894531,114.11000061035156,113.83999633789062,113.86000061035156,99.33757019042969,7484000
2021-11-17,113.79000091552734,114.12999725341797,113.7699966430664,114.12999725341797,99.57311248779297,7173100
2021-11-18,114.05000305175781,114.27999877929688,114.02999877929688,114.2300033569336,99.66038513183594,4226900
2021-11-19,114.48999786376953,114.58999633789062,114.41999816894531,114.44999694824219,99.85230255126953,5685900
2021-11-22,114.13999938964844,114.2300033569336,113.81999969482422,113.9000015258789,99.37245178222656,6995300
2021-11-23,113.70999908447266,113.7699966430664,113.44999694824219,113.44999694824219,98.97982788085938,6268600
2021-11-24,113.47000122070312,113.7300033569336,113.38999938964844,113.70999908447266,99.20667266845703,8472400
2021-11-26,114.33000183105469,114.58000183105469,114.19999694824219,114.5199966430664,99.91336822509766,3258900
2021-11-29,114.1500015258789,114.5999984741211,114.12999725341797,114.58000183105469,99.96571350097656,8982800
2021-11-30,114.87000274658203,115.11000061035156,114.5,114.7699966430664,100.1314697265625,13109000
2021-12-01,114.2699966430664,114.63999938964844,114.20999908447266,114.62999725341797,100.15070343017578,12772700
2021-12-02,114.66999816894531,114.79000091552734,114.4000015258789,114.61000061035156,100.13322448730469,7759700
2021-12-03,114.5,115.23999786376953,114.45999908447266,115.06999969482422,100.53512573242188,7600800
2021-12-06,114.9800033569336,115.04000091552734,114.62000274658203,114.66999816894531,100.18566131591797,9416700
2021-12-07,114.5199966430664,114.70999908447266,114.44999694824219,114.48999786376953,100.02838134765625,6786900
2021-12-08,114.37000274658203,114.37000274658203,114.05000305175781,114.19000244140625,99.76628875732422,8050100
2021-12-09,114.27999877929688,114.38999938964844,114.12000274658203,114.19999694824219,99.77501678466797,8646500
2021-12-10,114.37000274658203,114.51000213623047,114.22000122070312,114.2300033569336,99.80123138427734,6501300
2021-12-13,114.51000213623047,114.70999908447266,114.45999908447266,114.62999725341797,100.15070343017578,8659300
2021-12-14,114.45999908447266,114.54000091552734,114.26000213623047,114.41000366210938,99.95848083496094,7503600
2021-12-15,114.2300033569336,114.44999694824219,114.11000061035156,114.31999969482422,99.87985229492188,7459100
2021-12-16,114.26000213623047,114.4800033569336,114.26000213623047,114.36000061035156,100.0171890258789,7566600
2021-12-17,114.55000305175781,114.68000030517578,114.47000122070312,114.5,100.13961029052734,7428000
2021-12-20,114.56999969482422,114.61000061035156,114.31999969482422,114.33000183105469,99.99093627929688,7382600
2021-12-21,114.06999969482422,114.31999969482422,113.97000122070312,114.23999786376953,99.91222381591797,12970200
2021-12-22,114.33000183105469,114.3499984741211,114.16999816894531,114.33999633789062,99.99968719482422,6171700
2021-12-23,114.29000091552734,114.30999755859375,114.06999969482422,114.19999694824219,99.87723541259766,5506700
2021-12-27,114.1500015258789,114.30000305175781,114.12999725341797,114.26000213623047,99.9297103881836,5436800
2021-12-28,114.43000030517578,114.44999694824219,114.16999816894531,114.20999908447266,99.88599395751953,5253800
2021-12-29,113.98999786376953,114.05000305175781,113.80999755859375,113.87000274658203,99.588623046875,5933800
2021-12-30,113.98999786376953,114.12999725341797,113.83000183105469,114.12000274658203,99.80724334716797,5455400
2021-12-31,114.1500015258789,114.30999755859375,114.05999755859375,114.08000183105469,99.77230834960938,7989500
2022-01-03,113.66999816894531,113.68000030517578,113.30000305175781,113.30000305175781,99.09013366699219,9399200
2022-01-04,113.22000122070312,113.30000305175781,113.08000183105469,113.29000091552734,99.08135223388672,7772100
2022-01-05,113.33999633789062,113.36000061035156,112.9000015258789,112.94000244140625,98.77526092529297,8530900
2022-01-06,112.75,112.83999633789062,112.66000366210938,112.81999969482422,98.67032623291016,8866500
2022-01-07,112.69000244140625,112.70999908447266,112.33999633789062,112.48999786376953,98.38172149658203,9018900
2022-01-10,112.2300033569336,112.41999816894531,112.13999938964844,112.38999938964844,98.29424285888672,8074900
2022-01-11,112.33000183105469,112.62999725341797,112.2699966430664,112.5999984741211,98.4778823852539,6728600
2022-01-12,112.72000122070312,112.79000091552734,112.58000183105469,112.5999984741211,98.4778823852539,6713200
2022-01-13,112.5999984741211,112.80000305175781,112.51000213623047,112.80000305175781,98.65281677246094,8454300
2022-01-14,112.52999877929688,112.55000305175781,112.1500015258789,112.16999816894531,98.10184478759766,9113400
2022-01-18,111.80999755859375,111.86000061035156,111.47000122070312,111.48999786376953,97.50711822509766,7943800
2022-01-19,111.69999694824219,111.88999938964844,111.6500015258789,111.7300033569336,97.7170181274414,8321000
2022-01-20,111.83999633789062,111.9000015258789,111.75,111.79000091552734,97.76949310302734,7186400
2022-01-21,112.19000244140625,112.3499984741211,112.11000061035156,112.2300033569336,98.15430450439453,8679600
2022-01-24,112.37999725341797,112.41999816894531,112.0999984741211,112.0999984741211,98.04060363769531,12131400
2022-01-25,112.18000030517578,112.30000305175781,111.95999908447266,111.98999786376953,97.94441986083984,9541000
2022-01-26,112.05999755859375,112.12999725341797,111.36000061035156,111.36000061035156,97.39341735839844,10729400
2022-01-27,111.62000274658203,111.87999725341797,111.62000274658203,111.7300033569336,97.7170181274414,6146800
2022-01-28,111.45999908447266,111.86000061035156,111.44000244140625,111.80999755859375,97.7869873046875,10855600
2022-01-31,111.63999938964844,111.88999938964844,111.5999984741211,111.80000305175781,97.77825164794922,12837400
2022-02-01,111.66000366210938,111.68000030517578,111.37999725341797,111.5999984741211,97.74407958984375,10356000
2022-02-02,111.69999694824219,111.97000122070312,111.66999816894531,111.72000122070312,97.84919738769531,7967900
2022-02-03,111.26000213623047,111.37000274658203,111.12999725341797,111.2699966430664,97.4550552368164,10290400
2022-02-04,110.75,110.75,110.47000122070312,110.56999969482422,96.84195709228516,6967200
2022-02-07,110.56999969482422,110.70999908447266,110.47000122070312,110.66999816894531,96.9295425415039,6723400
2022-02-08,110.44000244140625,110.4800033569336,110.31999969482422,110.33000183105469,96.6317367553711,7987000
2022-02-09,110.51000213623047,110.68000030517578,110.38999938964844,110.4000015258789,96.69304656982422,9194400
2022-02-10,109.97000122070312,110.05999755859375,109.37999725341797,109.37999725341797,95.7997055053711,10761200
2022-02-11,109.73999786376953,110.16000366210938,109.33999633789062,110.0999984741211,96.4303207397461,13868300
2022-02-14,109.66000366210938,109.76000213623047,109.4000015258789,109.45999908447266,95.86976623535156,8843700
2022-02-15,109.36000061035156,109.51000213623047,109.23999786376953,109.27999877929688,95.71210479736328,5820200
2022-02-16,109.44000244140625,109.4800033569336,109.0999984741211,109.41000366210938,95.82599639892578,8116000
2022-02-17,109.58000183105469,109.80999755859375,109.51000213623047,109.63999938964844,96.02741241455078,10217000
2022-02-18,109.83000183105469,109.87999725341797,109.70999908447266,109.87000274658203,96.22886657714844,7110900
2022-02-22,109.68000030517578,109.77999877929688,109.55999755859375,109.75,96.12377166748047,7604400
2022-02-23,109.5199966430664,109.55000305175781,109.2300033569336,109.26000213623047,95.6946029663086,11732100
2022-02-24,109.66999816894531,109.7699966430664,109.16999816894531,109.45999908447266,95.86976623535156,12372100
2022-02-25,109.44999694824219,109.58000183105469,109.33000183105469,109.56999969482422,95.96612548828125,10089100
2022-02-28,110.02999877929688,110.43000030517578,110.0199966430664,110.36000061035156,96.6580581665039,16594600
2022-03-01,110.5999984741211,111.16999816894531,110.56999969482422,110.81999969482422,97.20272064208984,14355100
2022-03-02,110.30000305175781,110.37999725341797,109.45999908447266,109.48999786376953,96.0361328125,9028800
2022-03-03,109.79000091552734,110.0,109.6500015258789,109.86000061035156,96.36068725585938,15802600
2022-03-04,110.4000015258789,110.55000305175781,110.2300033569336,110.30000305175781,96.74662017822266,7838500
2022-03-07,109.87000274658203,110.13999938964844,109.63999938964844,109.66000366210938,96.18524932861328,12740600
2022-03-08,109.25,109.33000183105469,109.12000274658203,109.2699966430664,95.84318542480469,9933700
2022-03-09,109.0999984741211,109.20999908447266,108.93000030517578,109.04000091552734,95.64144897460938,11192300
2022-03-10,108.66000366210938,108.68000030517578,108.25,108.43000030517578,95.10643005371094,16234900
2022-03-11,108.44000244140625,108.55000305175781,108.33999633789062,108.41000366210938,95.08885955810547,11997800
2022-03-14,107.79000091552734,107.81999969482422,107.36000061035156,107.36000061035156,94.1678695678711,10961600
2022-03-15,107.83999633789062,107.91999816894531,107.43000030517578,107.5999984741211,94.37837982177734,14001200
2022-03-16,107.62999725341797,107.7300033569336,107.0,107.68000030517578,94.44854736328125,16805400
2022-03-17,107.8499984741211,108.05999755859375,107.7300033569336,107.86000061035156,94.6064453125,8035400
2022-03-18,107.93000030517578,108.13999938964844,107.91999816894531,108.0999984741211,94.8169174194336,7864100
2022-03-21,107.58000183105469,107.6500015258789,106.9800033569336,107.04000091552734,93.88719177246094,8024800
2022-03-22,106.73999786376953,106.87999725341797,106.61000061035156,106.75,93.63282775878906,16120500
2022-03-23,106.95999908447266,107.20999908447266,106.70999908447266,107.19000244140625,94.0187759399414,9060700
2022-03-24,106.72000122070312,107.04000091552734,106.6500015258789,106.94999694824219,93.80828094482422,7480500
2022-03-25,106.56999969482422,106.6500015258789,105.9800033569336,106.0999984741211,93.06271362304688,10538700
2022-03-28,106.25,106.52999877929688,106.16000366210938,106.36000061035156,93.29075622558594,8540500
2022-03-29,106.61000061035156,106.88999938964844,106.45999908447266,106.86000061035156,93.72932434082031,11396500
2022-03-30,106.5999984741211,107.1500015258789,106.58999633789062,107.1500015258789,93.98368072509766,11544400
2022-03-31,107.16999816894531,107.37999725341797,107.05999755859375,107.0999984741211,93.93980407714844,13799100
2022-04-01,106.3499984741211,106.94999694824219,106.25,106.75,93.77291870117188,11581600
2022-04-04,106.83999633789062,106.87000274658203,106.55999755859375,106.83999633789062,93.85200500488281,9956400
2022-04-05,106.58000183105469,106.62999725341797,105.73999786376953,105.76000213623047,92.9032974243164,11028300
2022-04-06,105.20999908447266,105.80999755859375,105.12000274658203,105.48999786376953,92.66610717773438,13116000
2022-04-07,105.37999725341797,105.51000213623047,105.12999725341797,105.26000213623047,92.46408081054688,7922500
2022-04-08,104.81999969482422,105.01000213623047,104.62000274658203,104.7300033569336,91.99848937988281,6503200
2022-04-11,104.44000244140625,104.51000213623047,104.16999816894531,104.27999877929688,91.60321807861328,8381800
2022-04-12,104.80000305175781,104.91999816894531,104.58000183105469,104.61000061035156,91.8930892944336,8498700
2022-04-13,104.7699966430664,105.08999633789062,104.73999786376953,104.81999969482422,92.07754516601562,6801000
2022-04-14,104.7300033569336,104.73999786376953,103.93000030517578,103.97000122070312,91.33088684082031,8510100
2022-04-18,103.97000122070312,104.0199966430664,103.61000061035156,103.6500015258789,91.04977416992188,8633000
2022-04-19,103.26000213623047,103.43000030517578,102.97000122070312,103.0199966430664,90.4963607788086,7847500
2022-04-20,103.36000061035156,103.73999786376953,103.30000305175781,103.61000061035156,91.01466369628906,8460900
2022-04-21,103.44000244140625,103.47000122070312,102.79000091552734,103.04000091552734,90.513916015625,11395800
2022-04-22,102.7300033569336,103.18000030517578,102.66999816894531,102.94000244140625,90.42609405517578,9159000
2022-04-25,103.47000122070312,103.93000030517578,103.47000122070312,103.62999725341797,91.03221130371094,8777500
2022-04-26,104.12999725341797,104.12999725341797,103.80000305175781,103.94999694824219,91.31330108642578,8535100
2022-04-27,103.91000366210938,104.01000213623047,103.52999877929688,103.52999877929688,90.94436645507812,11185400
2022-04-28,103.33000183105469,103.51000213623047,103.16999816894531,103.48999786376953,90.90923309326172,10372200
2022-04-29,102.91999816894531,103.2699966430664,102.81999969482422,102.87000274658203,90.36461639404297,9924100
2022-05-02,102.31999969482422,102.36000061035156,102.0,102.12999725341797,89.87269592285156,12729000
2022-05-03,102.70999908447266,102.79000091552734,102.29000091552734,102.36000061035156,90.07506561279297,12165300
2022-05-04,102.31999969482422,103.05000305175781,102.12000274658203,103.0199966430664,90.65587615966797,14656400
2022-05-05,102.4800033569336,102.5199966430664,101.58999633789062,102.0,89.75828552246094,17474400
2022-05-06,101.66000366210938,101.94999694824219,101.48999786376953,101.56999969482422,89.3799057006836,8314100
2022-05-09,101.54000091552734,102.0999984741211,101.4800033569336,102.06999969482422,89.81990051269531,8640900
2022-05-10,102.5199966430664,102.72000122070312,102.31999969482422,102.37999725341797,90.09269714355469,18465000
2022-05-11,102.06999969482422,102.79000091552734,101.95999908447266,102.76000213623047,90.42706298828125,16462000
2022-05-12,102.94000244140625,103.13999938964844,102.87000274658203,102.94999694824219,90.59429168701172,9015300
2022-05-13,102.75,102.77999877929688,102.4800033569336,102.51000213623047,90.20709228515625,6715600
2022-05-16,102.70999908447266,102.97000122070312,102.69000244140625,102.73999786376953,90.40947723388672,7239200
2022-05-17,102.2699966430664,102.43000030517578,102.13999938964844,102.18000030517578,89.91668701171875,6559000
2022-05-18,102.11000061035156,102.63999938964844,102.08000183105469,102.58999633789062,90.2774887084961,6093800
2022-05-19,103.19999694824219,103.22000122070312,102.75,102.8499984741211,90.50627136230469,10504300
2022-05-20,102.94999694824219,103.20999908447266,102.87999725341797,103.16000366210938,90.7790756225586,6731400
2022-05-23,103.01000213623047,103.19999694824219,102.7300033569336,102.81999969482422,90.4798583984375,8007200
2022-05-24,103.13999938964844,103.73999786376953,103.12999725341797,103.61000061035156,91.17508697509766,10332300
2022-05-25,103.93000030517578,104.06999969482422,103.7699966430664,104.04000091552734,91.553466796875,7718100
2022-05-26,104.06999969482422,104.19000244140625,103.80000305175781,103.95999908447266,91.48307037353516,5720000
2022-05-27,104.08999633789062,104.30999755859375,104.0199966430664,104.12999725341797,91.63267517089844,5496300
2022-05-31,103.52999877929688,103.63999938964844,103.29000091552734,103.47000122070312,91.05186462402344,10491700
2022-06-01,103.38999938964844,103.52999877929688,102.75,102.86000061035156,90.67810821533203,8056700
2022-06-02,103.05999755859375,103.08999633789062,102.7300033569336,102.98999786376953,90.7927017211914,7456800
2022-06-03,102.66999816894531,102.91000366210938,102.63999938964844,102.81999969482422,90.64279174804688,6561100
2022-06-06,102.66999816894531,102.7699966430664,102.16000366210938,102.19000244140625,90.08744049072266,5144500
2022-06-07,102.41999816894531,102.76000213623047,102.4000015258789,102.58000183105469,90.4312515258789,5620200
2022-06-08,102.41999816894531,102.55999755859375,102.16000366210938,102.16000366210938,90.06100463867188,4150800
2022-06-09,102.06999969482422,102.22000122070312,101.97000122070312,102.05000305175781,89.96402740478516,5423500
2022-06-10,101.66999816894531,101.72000122070312,101.02999877929688,101.26000213623047,89.26760864257812,7830000
2022-06-13,100.0999984741211,100.3499984741211,99.12999725341797,99.5999984741211,87.80419921875,9479000
2022-06-14,99.83999633789062,99.94000244140625,98.86000061035156,99.01000213623047,87.2840576171875,10943400
2022-06-15,99.69000244140625,100.16000366210938,99.18000030517578,100.11000061035156,88.25379180908203,10979000
2022-06-16,99.23999786376953,100.36000061035156,99.13999938964844,100.3499984741211,88.46536254882812,9329900
2022-06-17,100.41999816894531,100.56999969482422,99.9800033569336,100.33999633789062,88.45653533935547,9892200
2022-06-21,100.0199966430664,100.26000213623047,99.79000091552734,99.94000244140625,88.1039047241211,9022500
2022-06-22,100.66999816894531,100.93000030517578,100.66999816894531,100.79000091552734,88.85323333740234,9437000
2022-06-23,101.25,101.76000213623047,101.12999725341797,101.20999908447266,89.22349548339844,7773900
2022-06-24,101.11000061035156,101.47000122070312,101.0,101.05000305175781,89.08245086669922,7389600
2022-06-27,100.66999816894531,100.94999694824219,100.4800033569336,100.5999984741211,88.68571472167969,8319700
2022-06-28,100.52999877929688,100.66000366210938,100.4000015258789,100.63999938964844,88.72098541259766,6540000
2022-06-29,100.80000305175781,101.23999786376953,100.68000030517578,101.22000122070312,89.23230743408203,7326500
2022-06-30,101.5999984741211,101.95999908447266,101.58000183105469,101.68000030517578,89.63785552978516,7521300
2022-07-01,102.20999908447266,102.79000091552734,102.08999633789062,102.33999633789062,90.38501739501953,7393100
2022-07-05,102.54000091552734,102.69999694824219,102.3499984741211,102.52999877929688,90.55280303955078,6813100
2022-07-06,102.77999877929688,102.80000305175781,101.83999633789062,101.83999633789062,89.94342803955078,6647700
2022-07-07,101.94000244140625,101.9800033569336,101.5199966430664,101.61000061035156,89.74028015136719,8226500
2022-07-08,101.3499984741211,101.44999694824219,101.16000366210938,101.2300033569336,89.40469360351562,5270100
2022-07-11,101.66999816894531,101.91999816894531,101.5999984741211,101.69999694824219,89.81976318359375,5758400
2022-07-12,102.0199966430664,102.19000244140625,101.81999969482422,101.83999633789062,89.94342803955078,6690500
2022-07-13,101.2300033569336,102.23999786376953,101.19000244140625,102.20999908447266,90.27019500732422,6534700
2022-07-14,101.51000213623047,101.9800033569336,101.33000183105469,101.8499984741211,89.95226287841797,6233300
2022-07-15,101.94000244140625,102.3499984741211,101.9000015258789,102.25,90.30552673339844,8640400
2022-07-18,102.0,102.02999877929688,101.72000122070312,101.91999816894531,90.01407623291016,6006400
2022-07-19,101.94999694824219,101.98999786376953,101.66000366210938,101.77999877929688,89.89041900634766,5936200
2022-07-20,102.16000366210938,102.16999816894531,101.66999816894531,101.70999908447266,89.82861328125,6124000
2022-07-21,101.95999908447266,102.58000183105469,101.95999908447266,102.55999755859375,90.57930755615234,5920000
2022-07-22,103.26000213623047,103.5999984741211,103.12000274658203,103.36000061035156,91.28588104248047,7323100
2022-07-25,102.9000015258789,103.08999633789062,102.87000274658203,102.9800033569336,90.95024108886719,3729500
2022-07-26,103.44000244140625,103.51000213623047,102.95999908447266,102.95999908447266,90.9325942993164,6312200
2022-07-27,103.19000244140625,103.63999938964844,103.18000030517578,103.31999969482422,91.25053405761719,5431400
2022-07-28,104.08999633789062,104.20999908447266,103.83999633789062,104.05999755859375,91.90406036376953,6473800
2022-07-29,103.94000244140625,104.4000015258789,103.83000183105469,104.06999969482422,91.91290283203125,7674600
2022-08-01,103.98999786376953,104.30999755859375,103.91000366210938,104.2300033569336,92.23151397705078,7733700
2022-08-02,104.2699966430664,104.3499984741211,103.13999938964844,103.16000366210938,91.28463745117188,6869400
2022-08-03,103.02999877929688,103.63999938964844,102.72000122070312,103.62000274658203,91.69171142578125,6261700
2022-08-04,103.66999816894531,103.88999938964844,103.56999969482422,103.87000274658203,91.91289520263672,5199700
2022-08-05,102.80999755859375,102.83000183105469,102.5199966430664,102.70999908447266,90.88643646240234,4847100
2022-08-08,103.0999984741211,103.29000091552734,103.04000091552734,103.18000030517578,91.30233001708984,3425000
2022-08-09,102.91999816894531,103.05000305175781,102.83999633789062,102.94999694824219,91.09880828857422,3854000
2022-08-10,103.43000030517578,103.68000030517578,103.11000061035156,103.20999908447266,91.32888793945312,7156200
2022-08-11,103.37999725341797,103.62999725341797,102.62000274658203,102.66000366210938,90.84220886230469,8518200
2022-08-12,102.97000122070312,103.12000274658203,102.72000122070312,103.12000274658203,91.2492446899414,3643400
2022-08-15,103.37000274658203,103.44999694824219,103.23999786376953,103.25,91.36427307128906,3782900
2022-08-16,103.12999725341797,103.12999725341797,102.79000091552734,103.0999984741211,91.23155212402344,4976100
2022-08-17,102.63999938964844,102.73999786376953,102.33999633789062,102.48999786376953,90.6917724609375,7222300
2022-08-18,102.69999694824219,102.93000030517578,102.63999938964844,102.70999908447266,90.88643646240234,4260600
2022-08-19,102.12999725341797,102.12999725341797,101.8499984741211,101.98999786376953,90.24932098388672,4575500
2022-08-22,101.81999969482422,101.88999938964844,101.5199966430664,101.55000305175781,89.85999298095703,7133200
2022-08-23,101.54000091552734,101.97000122070312,101.4000015258789,101.51000213623047,89.82457733154297,7369600
2022-08-24,101.3499984741211,101.4000015258789,101.1500015258789,101.23999786376953,89.585693359375,6318900
2022-08-25,101.33000183105469,101.87000274658203,101.23999786376953,101.80000305175781,90.08121490478516,8217300
2022-08-26,101.66999816894531,101.8499984741211,101.41999816894531,101.61000061035156,89.91307067871094,5584800
2022-08-29,101.2699966430664,101.27999877929688,101.05999755859375,101.12000274658203,89.4794921875,7509000
2022-08-30,101.26000213623047,101.44999694824219,100.93000030517578,101.25,89.59452819824219,6573600
2022-08-31,101.04000091552734,101.2300033569336,100.63999938964844,100.70999908447266,89.11666107177734,6116500
2022-09-01,100.06999969482422,100.1500015258789,99.66000366210938,100.06999969482422,88.7300796508789,8961600
2022-09-02,100.37000274658203,100.66999816894531,100.12999725341797,100.36000061035156,88.98722076416016,5966800
2022-09-06,99.95999908447266,99.97000122070312,99.41000366210938,99.41999816894531,88.15374755859375,5341300
2022-09-07,99.7300033569336,100.12999725341797,99.72000122070312,100.11000061035156,88.76557159423828,3607100
2022-09-08,100.0,100.18000030517578,99.79000091552734,99.79000091552734,88.4818344116211,5546200
2022-09-09,99.98999786376953,100.12999725341797,99.7300033569336,99.77999877929688,88.4729232788086,7496100
2022-09-12,100.0,100.08999633789062,99.51000213623047,99.62999725341797,88.3399429321289,8535500
2022-09-13,98.91000366210938,99.19000244140625,98.9000015258789,99.06999969482422,87.84341430664062,4957400
2022-09-14,99.0,99.3499984741211,98.97000122070312,99.19999694824219,87.95869445800781,7557300
2022-09-15,99.04000091552734,99.11000061035156,98.83999633789062,98.9000015258789,87.69268035888672,6016600
2022-09-16,98.66000366210938,99.01000213623047,98.61000061035156,98.83000183105469,87.63063049316406,6965400
2022-09-19,98.52999877929688,98.83999633789062,98.4800033569336,98.68000030517578,87.49759674072266,5982200
2022-09-20,98.20999908447266,98.4000015258789,98.08000183105469,98.23999786376953,87.10745239257812,11271700
2022-09-21,98.4000015258789,98.5999984741211,97.86000061035156,98.55000305175781,87.38232421875,7094400
2022-09-22,97.9000015258789,97.91999816894531,97.4000015258789,97.5,86.45133209228516,7092400
2022-09-23,97.4000015258789,97.44999694824219,96.88999938964844,97.19999694824219,86.18529510498047,11059300
2022-09-26,96.87000274658203,96.91000366210938,95.87000274658203,95.94999694824219,85.07694244384766,9009900
2022-09-27,95.97000122070312,96.08000183105469,95.37999725341797,95.54000091552734,84.71343231201172,11440200
2022-09-28,96.47000122070312,97.12999725341797,96.2699966430664,97.08000183105469,86.07892608642578,10539800
2022-09-29,96.4800033569336,96.80000305175781,96.29000091552734,96.56999969482422,85.62670135498047,8666100
2022-09-30,96.86000061035156,97.08999633789062,96.19000244140625,96.33999633789062,85.42276000976562,14376300
2022-10-03,96.88999938964844,97.4800033569336,96.63999938964844,96.91000366210938,86.11679077148438,9617900
2022-10-04,97.20999908447266,97.55000305175781,97.08000183105469,97.16999816894531,86.34785461425781,6964200
2022-10-05,96.69000244140625,96.98999786376953,96.2699966430664,96.66000366210938,85.89462280273438,9512800
2022-10-06,96.58999633789062,96.70999908447266,96.20999908447266,96.27999877929688,85.55693817138672,5625100
2022-10-07,95.80999755859375,96.01000213623047,95.68000030517578,95.7699966430664,85.103759765625,6149600
2022-10-10,95.7300033569336,95.75,95.1500015258789,95.33999633789062,84.7216567993164,4074700
2022-10-11,95.62999725341797,95.83000183105469,95.2699966430664,95.4000015258789,84.77496337890625,8892800
2022-10-12,95.25,95.61000061035156,95.2300033569336,95.4800033569336,84.84605407714844,5651200
2022-10-13,94.2300033569336,95.44000244140625,94.18000030517578,95.18000030517578,84.57946014404297,6254400
2022-10-14,95.62999725341797,95.62999725341797,94.61000061035156,94.66000366210938,84.11736297607422,8580700
2022-10-17,95.25,95.4000015258789,94.83000183105469,94.86000061035156,84.29510498046875,5460600
2022-10-18,95.11000061035156,95.18000030517578,94.63999938964844,95.0199966430664,84.43727111816406,6389100
2022-10-19,94.41000366210938,94.55999755859375,94.1500015258789,94.19999694824219,83.70860290527344,6316100
2022-10-20,94.05999755859375,94.26000213623047,93.55999755859375,93.62999725341797,83.20207214355469,9012900
2022-10-21,93.2699966430664,93.87000274658203,93.19999694824219,93.7699966430664,83.3265151977539,8371100
2022-10-24,93.7699966430664,94.02999877929688,93.44999694824219,93.63999938964844,83.21097564697266,6090400
2022-10-25,94.38999938964844,94.70999908447266,94.36000061035156,94.55999755859375,84.02853393554688,11710400
2022-10-26,94.77999877929688,95.16999816894531,94.76000213623047,94.9800033569336,84.4017333984375,7884100
2022-10-27,95.20999908447266,95.62000274658203,94.98999786376953,95.45999908447266,84.8282699584961,6913500
2022-10-28,95.01000213623047,95.45999908447266,94.9800033569336,95.22000122070312,84.61503601074219,6229200
2022-10-31,95.01000213623047,95.05999755859375,94.5999984741211,94.9000015258789,84.33065795898438,10946400
2022-11-01,95.25,95.3499984741211,94.6500015258789,94.86000061035156,84.4874038696289,8096800
2022-11-02,94.9800033569336,95.51000213623047,94.52999877929688,94.69999694824219,84.34487915039062,8584100
2022-11-03,93.97000122070312,94.51000213623047,93.93000030517578,94.3499984741211,84.03317260742188,9314800
2022-11-04,94.43000030517578,94.63999938964844,94.16999816894531,94.33999633789062,84.02425384521484,6918300
2022-11-07,94.41000366210938,94.45999908447266,94.02999877929688,94.04000091552734,83.75708770751953,7597200
2022-11-08,94.23999786376953,94.61000061035156,94.22000122070312,94.44000244140625,84.11334228515625,5834900
2022-11-09,94.38999938964844,94.69999694824219,94.25,94.55000305175781,84.21131896972656,6694200
2022-11-10,95.9800033569336,96.58000183105469,95.79000091552734,96.58000183105469,86.01933288574219,8494800
2022-11-11,96.2300033569336,96.61000061035156,96.2300033569336,96.51000213623047,85.95698547363281,4953100
2022-11-14,96.43000030517578,96.44999694824219,96.18000030517578,96.23999786376953,85.71651458740234,7457600
2022-11-15,96.80000305175781,96.94999694824219,96.61000061035156,96.94999694824219,86.34886169433594,7962000
2022-11-16,97.25,97.62999725341797,97.13999938964844,97.55000305175781,86.88324737548828,11075000
2022-11-17,97.02999877929688,97.16999816894531,96.8499984741211,97.13999938964844,86.51808166503906,6889000
2022-11-18,97.22000122070312,97.33000183105469,96.91000366210938,97.0,86.39339447021484,4714900
2022-11-21,97.2699966430664,97.33999633789062,96.91000366210938,96.94000244140625,86.3399429321289,6829100
2022-11-22,97.18000030517578,97.5,97.18000030517578,97.44000244140625,86.7853012084961,8039000
2022-11-23,97.58000183105469,98.0199966430664,97.58000183105469,98.0199966430664,87.3018569946289,5885600
2022-11-25,97.80999755859375,98.04000091552734,97.80999755859375,98.04000091552734,87.3196792602539,2718600
2022-11-28,98.13999938964844,98.19000244140625,97.83999633789062,97.87999725341797,87.17719268798828,7920700
2022-11-29,97.54000091552734,97.79000091552734,97.48999786376953,97.52999877929688,86.86544799804688,6643300
2022-11-30,97.4800033569336,98.31999969482422,97.29000091552734,98.29000091552734,87.5423583984375,8963500
2022-12-01,98.30000305175781,98.88999938964844,98.16999816894531,98.87999725341797,88.2707748413086,12471300
2022-12-02,98.48999786376953,99.30000305175781,98.30000305175781,99.29000091552734,88.6368179321289,6368000
2022-12-05,98.81999969482422,99.29000091552734,98.30000305175781,98.51000213623047,87.94048309326172,8072500
2022-12-06,98.70999908447266,98.91999816894531,98.58999633789062,98.80000305175781,88.19937133789062,7660100
2022-12-07,99.29000091552734,99.7300033569336,99.16999816894531,99.68000030517578,88.9849624633789,6752900
2022-12-08,99.38999938964844,99.5999984741211,99.23999786376953,99.37999725341797,88.7171630859375,6307200
2022-12-09,99.12000274658203,99.20999908447266,98.7699966430664,98.79000091552734,88.19043731689453,8994400
2022-12-12,99.19000244140625,99.23999786376953,98.62999725341797,98.80999755859375,88.20828247070312,10384200
2022-12-13,100.18000030517578,100.18000030517578,99.4000015258789,99.47000122070312,88.79749298095703,9120600
2022-12-14,99.5199966430664,99.79000091552734,99.16999816894531,99.69000244140625,88.99390411376953,10624000
2022-12-15,99.56999969482422,99.69999694824219,99.37000274658203,99.61000061035156,89.12451171875,9423900
2022-12-16,98.95999908447266,99.5199966430664,98.94000244140625,99.3499984741211,88.8918685913086,7546100
2022-12-19,98.9000015258789,98.93000030517578,98.61000061035156,98.73999786376953,88.34609985351562,10351000
2022-12-20,98.0999984741211,98.26000213623047,97.9800033569336,98.06999969482422,87.74662017822266,10282200
2022-12-21,98.48999786376953,98.54000091552734,98.19000244140625,98.33999633789062,87.9881820678711,8489300
2022-12-22,98.31999969482422,98.47000122070312,98.22000122070312,98.30999755859375,87.96136474609375,8267800
2022-12-23,98.05000305175781,98.11000061035156,97.9000015258789,97.97000122070312,87.65716552734375,4823400
2022-12-27,97.45999908447266,97.62000274658203,97.20999908447266,97.26000213623047,87.02188873291016,7925700
2022-12-28,97.47000122070312,97.5,97.08000183105469,97.08999633789062,86.86978149414062,12131200
2022-12-29,97.20999908447266,97.47000122070312,97.18000030517578,97.44999694824219,87.19187927246094,7763300
2022-12-30,97.25,97.36000061035156,96.97000122070312,96.98999786376953,86.78030395507812,8469000
2023-01-03,97.97000122070312,97.97000122070312,97.37000274658203,97.55999755859375,87.2903060913086,19930800
2023-01-04,98.16999816894531,98.25,97.88999938964844,98.0999984741211,87.77346801757812,10080100
2023-01-05,97.63999938964844,98.05999755859375,97.56999969482422,98.0199966430664,87.7018814086914,9682000
2023-01-06,98.12999725341797,99.1500015258789,98.04000091552734,99.08999633789062,88.65924835205078,8503000
2023-01-09,99.05999755859375,99.5,99.0,99.33999633789062,88.88294219970703,7849600
2023-01-10,99.0199966430664,99.1500015258789,98.73999786376953,98.95999908447266,88.54293823242188,7291300
2023-01-11,99.27999877929688,99.56999969482422,99.26000213623047,99.56999969482422,89.08872985839844,6102900
2023-01-12,99.83999633789062,100.52999877929688,99.48999786376953,100.29000091552734,89.73292541503906,8342700
2023-01-13,100.0199966430664,100.26000213623047,99.83000183105469,99.91999816894531,89.40188598632812,6719000
2023-01-17,99.73999786376953,99.95999908447266,99.6500015258789,99.73999786376953,89.24083709716797,8174700
2023-01-18,100.76000213623047,100.87999725341797,100.37000274658203,100.7300033569336,90.12661743164062,7779300
2023-01-19,100.7300033569336,100.7300033569336,100.33000183105469,100.5,89.92080688476562,8633700
2023-01-20,100.16999816894531,100.26000213623047,99.88999938964844,100.08999633789062,89.55399322509766,6095800
2023-01-23,99.80000305175781,100.05999755859375,99.77999877929688,99.83999633789062,89.33029174804688,6573200
2023-01-24,99.83999633789062,100.31999969482422,99.68000030517578,100.27999877929688,89.72396850585938,6538600
2023-01-25,100.26000213623047,100.47000122070312,100.0999984741211,100.4000015258789,89.83133697509766,5431000
2023-01-26,100.33000183105469,100.45999908447266,100.06999969482422,100.2300033569336,89.67921447753906,5399100
2023-01-27,99.95999908447266,100.13999938964844,99.91000366210938,100.08000183105469,89.54505157470703,5123100
2023-01-30,99.9000015258789,100.08999633789062,99.80000305175781,99.80999755859375,89.303466796875,6822000
2023-01-31,100.16000366210938,100.33999633789062,99.83000183105469,100.22000122070312,89.67030334472656,12083600
2023-02-01,100.19000244140625,100.77999877929688,99.86000061035156,100.68000030517578,90.30264282226562,11593300
2023-02-02,101.04000091552734,101.1500015258789,100.73999786376953,100.79000091552734,90.40130615234375,9197800
2023-02-03,99.94999694824219,100.12999725341797,99.5199966430664,99.81999969482422,89.53126525878906,9083000
2023-02-06,99.30999755859375,99.41999816894531,99.2300033569336,99.2699966430664,89.03797912597656,9198900
2023-02-07,99.1500015258789,99.56999969482422,99.05999755859375,99.0999984741211,88.88549041748047,6224800
2023-02-08,99.13999938964844,99.43000030517578,98.94999694824219,99.23999786376953,89.01106262207031,4900600
2023-02-09,99.54000091552734,99.55999755859375,98.83000183105469,98.8499984741211,88.6612777709961,5594800
2023-02-10,98.81999969482422,98.83000183105469,98.4000015258789,98.41999816894531,88.27556610107422,5068200
2023-02-13,98.48999786376953,98.72000122070312,98.45999908447266,98.72000122070312,88.54466247558594,6832700
2023-02-14,98.66999816894531,98.76000213623047,98.11000061035156,98.37000274658203,88.23075103759766,9559500
2023-02-15,98.23999786376953,98.36000061035156,98.02999877929688,98.18000030517578,88.06031036376953,6486500
2023-02-16,97.87999725341797,98.02999877929688,97.69000244140625,97.7699966430664,87.69258880615234,5235600
2023-02-17,97.52999877929688,98.01000213623047,97.52999877929688,98.0,87.89886474609375,5956300
2023-02-21,97.36000061035156,97.45999908447266,97.08000183105469,97.08000183105469,87.0737075805664,8369600
2023-02-22,97.4000015258789,97.58999633789062,97.30000305175781,97.33999633789062,87.30690002441406,5862300
2023-02-23,97.4000015258789,97.72000122070312,97.37000274658203,97.69000244140625,87.62081909179688,8527200
2023-02-24,97.22000122070312,97.26000213623047,96.97000122070312,97.12999725341797,87.11854553222656,4866800
2023-02-27,97.41000366210938,97.48999786376953,97.22000122070312,97.31999969482422,87.2889633178711,5040000
2023-02-28,96.98999786376953,97.37000274658203,96.93000030517578,97.30999755859375,87.27997589111328,8575000
2023-03-01,96.83000183105469,97.04000091552734,96.5,96.5199966430664,86.78008270263672,9125300
2023-03-02,96.1500015258789,96.3499984741211,96.11000061035156,96.31999969482422,86.60028839111328,9247400
2023-03-03,96.8499984741211,97.08000183105469,96.58999633789062,97.08000183105469,87.2835922241211,7267000
2023-03-06,97.2699966430664,97.29000091552734,96.80999755859375,96.83999633789062,87.06779479980469,4188500
2023-03-07,96.9800033569336,97.02999877929688,96.56999969482422,96.70999908447266,86.95095825195312,6013200
2023-03-08,96.9000015258789,97.08000183105469,96.4800033569336,96.61000061035156,86.86103057861328,8044000
2023-03-09,96.76000213623047,97.1500015258789,96.69999694824219,96.95999908447266,87.17571258544922,7054400
2023-03-10,97.79000091552734,98.31999969482422,97.76000213623047,98.08999633789062,88.1916732788086,7515700
2023-03-13,99.05000305175781,99.6500015258789,98.62000274658203,98.87000274658203,88.89295959472656,10343900
2023-03-14,98.7699966430664,98.81999969482422,98.08999633789062,98.29000091552734,88.37149810791016,8159800
2023-03-15,99.43000030517578,99.69999694824219,98.80999755859375,99.2699966430664,89.25260162353516,11133700
2023-03-16,99.52999877929688,99.72000122070312,98.68000030517578,98.87999725341797,88.9019546508789,15217800
2023-03-17,99.29000091552734,99.80000305175781,99.20999908447266,99.5,89.45939636230469,8277500
2023-03-20,99.7300033569336,99.7300033569336,99.0199966430664,99.0999984741211,89.09974670410156,6346400
2023-03-21,98.87999725341797,99.02999877929688,98.69999694824219,98.80000305175781,88.83002471923828,5499100
2023-03-22,98.80000305175781,99.81999969482422,98.63999938964844,99.75,89.68417358398438,7585400
2023-03-23,99.68000030517578,100.05000305175781,99.51000213623047,99.98999786376953,89.89994812011719,9949700
2023-03-24,100.27999877929688,100.48999786376953,99.94999694824219,100.16000366210938,90.05276489257812,6217700
2023-03-27,99.38999938964844,99.5199966430664,99.06999969482422,99.08000183105469,89.08174133300781,6823400
2023-03-28,98.9800033569336,99.05000305175781,98.81999969482422,98.93000030517578,88.9468994140625,6356200
2023-03-29,98.73999786376953,99.11000061035156,98.72000122070312,99.05000305175781,89.0547866821289,5111300
2023-03-30,99.02999877929688,99.2300033569336,98.94999694824219,99.16000366210938,89.15369415283203,4251900
2023-03-31,99.38999938964844,99.69000244140625,99.16000366210938,99.63999938964844,89.58525085449219,8521600
2023-04-03,99.27999877929688,99.86000061035156,99.20999908447266,99.81999969482422,89.97462463378906,7567100
2023-04-04,99.55000305175781,100.30000305175781,99.5,100.19000244140625,90.30816650390625,8925200
2023-04-05,100.5,100.9800033569336,100.41000366210938,100.52999877929688,90.6146240234375,9883500
2023-04-06,100.55999755859375,100.69000244140625,100.44000244140625,100.44000244140625,90.53350830078125,6105200
2023-04-10,99.88999938964844,99.91000366210938,99.5999984741211,99.75,89.91156768798828,4478000
2023-04-11,99.80999755859375,99.87999725341797,99.58999633789062,99.80999755859375,89.96562194824219,4543800
2023-04-12,100.16999816894531,100.19999694824219,99.61000061035156,99.93000030517578,90.07379150390625,7226000
2023-04-13,100.16000366210938,100.2699966430664,99.80999755859375,99.88999938964844,90.03775024414062,3964800
2023-04-14,99.55999755859375,99.58999633789062,99.31999969482422,99.4000015258789,89.59605407714844,4794100
2023-04-17,99.12999725341797,99.18000030517578,98.87999725341797,98.9000015258789,89.14540100097656,4441300
2023-04-18,98.91000366210938,99.16000366210938,98.91000366210938,99.04000091552734,89.27159118652344,4753000
2023-04-19,98.88999938964844,98.93000030517578,98.70999908447266,98.88999938964844,89.13639831542969,3592900
2023-04-20,99.20999908447266,99.36000061035156,99.19000244140625,99.33999633789062,89.54200744628906,5092400
2023-04-21,99.51000213623047,99.55999755859375,99.11000061035156,99.16999816894531,89.38874816894531,5367300
2023-04-24,99.41999816894531,99.58999633789062,99.36000061035156,99.55999755859375,89.74028015136719,3256900
2023-04-25,99.97000122070312,100.25,99.95999908447266,100.18000030517578,90.2991714477539,5065400
2023-04-26,100.16000366210938,100.22000122070312,99.72000122070312,99.80999755859375,89.96562194824219,3723600
2023-04-27,99.61000061035156,99.62999725341797,99.38999938964844,99.44999694824219,89.64112091064453,4018300
2023-04-28,99.98999786376953,99.98999786376953,99.72000122070312,99.95999908447266,90.1008529663086,5469900
2023-05-01,99.3499984741211,99.41000366210938,98.5999984741211,98.69000244140625,89.17823791503906,10631600
2023-05-02,98.95999908447266,99.66999816894531,98.93000030517578,99.6500015258789,90.04573059082031,6085800
2023-05-03,99.88999938964844,100.12999725341797,99.69000244140625,100.08999633789062,90.44330596923828,5637200
2023-05-04,99.7699966430664,100.41999816894531,99.75,99.97000122070312,90.33488464355469,5262200
2023-05-05,99.63999938964844,99.72000122070312,99.44999694824219,99.6500015258789,90.04573059082031,4003000
2023-05-08,99.20999908447266,99.3499984741211,99.08000183105469,99.0999984741211,89.54873657226562,5481300
2023-05-09,99.11000061035156,99.19000244140625,99.01000213623047,99.01000213623047,89.4673843383789,5712200
2023-05-10,99.43000030517578,99.68000030517578,99.38999938964844,99.6500015258789,90.04573059082031,4803000
2023-05-11,100.11000061035156,100.19000244140625,99.87999725341797,99.94999694824219,90.31680297851562,7703800
2023-05-12,99.88999938964844,99.94999694824219,99.38999938964844,99.38999938964844,89.81078338623047,4285900
2023-05-15,99.20999908447266,99.22000122070312,99.0999984741211,99.13999938964844,89.58485412597656,8532600
2023-05-16,98.88999938964844,98.94999694824219,98.73999786376953,98.91000366210938,89.37703704833984,6728500
2023-05-17,98.98999786376953,99.02999877929688,98.68000030517578,98.76000213623047,89.24150085449219,6318700
2023-05-18,98.48999786376953,98.51000213623047,98.2699966430664,98.30000305175781,88.82582092285156,4811300
2023-05-19,98.12999725341797,98.44000244140625,98.0,98.08000183105469,88.62702941894531,10285900
2023-05-22,98.13999938964844,98.33000183105469,97.97000122070312,97.98999786376953,88.54570770263672,8551100
2023-05-23,97.91999816894531,98.20999908447266,97.80999755859375,98.0999984741211,88.64511108398438,7641200
2023-05-24,98.16999816894531,98.19000244140625,97.81999969482422,97.8499984741211,88.41920471191406,7719200
2023-05-25,97.73999786376953,97.80000305175781,97.44000244140625,97.48999786376953,88.09387969970703,5941300
2023-05-26,97.36000061035156,97.58999633789062,97.23999786376953,97.56999969482422,88.16619110107422,3889800
2023-05-30,97.9000015258789,98.23999786376953,97.8499984741211,98.22000122070312,88.75353240966797,7349900
2023-05-31,98.22000122070312,98.72000122070312,98.20999908447266,98.56999969482422,89.06981658935547,10559900
2023-06-01,98.5999984741211,98.80000305175781,98.4800033569336,98.61000061035156,89.33980560302734,9029800
2023-06-02,98.54000091552734,98.58000183105469,98.08000183105469,98.08999633789062,88.8686752319336,6877200
2023-06-05,97.8499984741211,98.31999969482422,97.7699966430664,98.08000183105469,88.85961151123047,7246200
2023-06-06,98.12000274658203,98.20999908447266,97.88999938964844,98.19999694824219,88.96833038330078,3816000
2023-06-07,98.1500015258789,98.22000122070312,97.58999633789062,97.68000030517578,88.49720001220703,5131500
2023-06-08,97.80000305175781,98.20999908447266,97.7699966430664,98.19999694824219,88.96833038330078,5041900
2023-06-09,97.91000366210938,98.05000305175781,97.79000091552734,97.97000122070312,88.75996398925781,7140700
2023-06-12,98.08999633789062,98.16000366210938,97.7300033569336,98.13999938964844,88.91397094726562,5436300
2023-06-13,98.4800033569336,98.4800033569336,97.5999984741211,97.68000030517578,88.49720001220703,9568100
2023-06-14,97.87999725341797,97.98999786376953,97.44999694824219,97.7699966430664,88.57874298095703,8360100
2023-06-15,98.29000091552734,98.45999908447266,98.12999725341797,98.44999694824219,89.19483184814453,7472000
2023-06-16,98.08999633789062,98.27999877929688,97.91000366210938,98.13999938964844,88.91397094726562,5653700
2023-06-20,98.27999877929688,98.51000213623047,98.16999816894531,98.31999969482422,89.07705688476562,6694200
2023-06-21,98.08999633789062,98.52999877929688,97.9800033569336,98.4800033569336,89.2220230102539,5579900
2023-06-22,98.16999816894531,98.33000183105469,97.91999816894531,97.97000122070312,88.75996398925781,7147600
2023-06-23,98.48999786376953,98.5,98.0999984741211,98.26000213623047,89.0226821899414,4792900
2023-06-26,98.5,98.51000213623047,98.30999755859375,98.37999725341797,89.13140106201172,10632300
2023-06-27,98.44999694824219,98.58999633789062,98.0999984741211,98.19000244140625,88.95927429199219,7803300
2023-06-28,98.33999633789062,98.54000091552734,98.19999694824219,98.4800033569336,89.2220230102539,8622900
2023-06-29,97.80000305175781,97.87000274658203,97.61000061035156,97.72000122070312,88.533447265625,8877500
2023-06-30,97.86000061035156,98.0999984741211,97.73999786376953,97.94999694824219,88.74182891845703,13417300
2023-07-03,97.81999969482422,98.04000091552734,97.54000091552734,97.58000183105469,88.63737487792969,3691600
2023-07-05,97.51000213623047,97.52999877929688,97.05000305175781,97.13999938964844,88.2376937866211,6046200
2023-07-06,96.55999755859375,96.63999938964844,96.27999877929688,96.51000213623047,87.66545867919922,9534200
2023-07-07,96.41999816894531,96.75,96.41999816894531,96.52999877929688,87.68360137939453,8311000
2023-07-10,96.56999969482422,96.94000244140625,96.55000305175781,96.80000305175781,87.92887115478516,8827400
2023-07-11,96.94000244140625,97.0999984741211,96.86000061035156,97.01000213623047,88.11963653564453,5978500
2023-07-12,97.51000213623047,97.8499984741211,97.44999694824219,97.80000305175781,88.83722686767578,7189100
2023-07-13,98.18000030517578,98.44000244140625,98.12000274658203,98.41000366210938,89.39131927490234,7458500
2023-07-14,98.2300033569336,98.30999755859375,97.91999816894531,97.94000244140625,88.96440887451172,7208400
2023-07-17,97.94999694824219,98.0999984741211,97.8499984741211,98.05000305175781,89.0643081665039,4689500
2023-07-18,98.33000183105469,98.41000366210938,98.12999725341797,98.12999725341797,89.13697814941406,5593200
2023-07-19,98.3499984741211,98.4800033569336,98.19000244140625,98.43000030517578,89.40946960449219,7467900
2023-07-20,98.05999755859375,98.08000183105469,97.7300033569336,97.91999816894531,88.94622802734375,12562400
2023-07-21,98.11000061035156,98.1500015258789,97.94000244140625,97.98999786376953,89.00982666015625,7605200
2023-07-24,98.0999984741211,98.16000366210938,97.79000091552734,97.80999755859375,88.8462905883789,6656600
2023-07-25,97.58000183105469,97.79000091552734,97.56999969482422,97.69999694824219,88.74639129638672,5794800
2023-07-26,97.93000030517578,98.06999969482422,97.68000030517578,98.0199966430664,89.03704833984375,5907400
2023-07-27,97.83999633789062,97.93000030517578,97.11000061035156,97.18000030517578,88.27403259277344,6937900
2023-07-28,97.38999938964844,97.58999633789062,97.30999755859375,97.55999755859375,88.61920928955078,9233600
2023-07-31,97.52999877929688,97.80000305175781,97.5199966430664,97.68000030517578,88.72819519042969,11079100
2023-08-01,97.01000213623047,97.08999633789062,96.70999908447266,96.7699966430664,88.1407241821289,8810400
2023-08-02,96.4800033569336,96.55999755859375,96.2300033569336,96.54000091552734,87.9312515258789,8551900
2023-08-03,95.93000030517578,96.0199966430664,95.80000305175781,95.88999938964844,87.33920288085938,7532700
2023-08-04,96.25,96.75,96.25,96.68000030517578,88.05873107910156,6400400
2023-08-07,96.63999938964844,96.69999694824219,96.4800033569336,96.69999694824219,88.07693481445312,9732600
2023-08-08,96.94000244140625,97.11000061035156,96.83999633789062,96.93000030517578,88.28646087646484,6867300
2023-08-09,97.01000213623047,97.12000274658203,96.91000366210938,97.0,88.3502197265625,5634700
2023-08-10,97.05999755859375,97.22000122070312,96.37000274658203,96.37000274658203,87.77640533447266,15516100
2023-08-11,96.12000274658203,96.41999816894531,96.06999969482422,96.06999969482422,87.50314331054688,9016700
2023-08-14,95.9800033569336,96.22000122070312,95.83000183105469,96.0,87.43941497802734,7901300
2023-08-15,95.80999755859375,96.06999969482422,95.73999786376953,95.73999786376953,87.20257568359375,6522500
2023-08-16,95.76000213623047,95.93000030517578,95.44999694824219,95.51000213623047,86.99308776855469,8964600
2023-08-17,95.5,95.55000305175781,95.20999908447266,95.41000366210938,86.9020004272461,8162300
2023-08-18,95.47000122070312,95.75,95.43000030517578,95.62000274658203,87.09329986572266,6154600
2023-08-21,95.26000213623047,95.30000305175781,95.04000091552734,95.13999938964844,86.65608215332031,13362300
2023-08-22,95.16999816894531,95.31999969482422,95.05999755859375,95.23999786376953,86.74718475341797,6156200
2023-08-23,95.75,96.1500015258789,95.7300033569336,96.1500015258789,87.5760269165039,7831600
2023-08-24,95.98999786376953,96.12000274658203,95.8499984741211,95.93000030517578,87.37565612792969,8247700
2023-08-25,95.81999969482422,96.08000183105469,95.5999984741211,95.87000274658203,87.32099151611328,7917900
2023-08-28,96.0999984741211,96.11000061035156,95.93000030517578,96.08000183105469,87.51226043701172,6544500
2023-08-29,95.91000366210938,96.70999908447266,95.91000366210938,96.69999694824219,88.07693481445312,7386300
2023-08-30,96.77999877929688,96.83000183105469,96.62000274658203,96.66000366210938,88.04053497314453,8752300
2023-08-31,96.77999877929688,96.95999908447266,96.72000122070312,96.80000305175781,88.16804504394531,7230100
2023-09-01,96.54000091552734,96.56999969482422,95.9800033569336,96.04000091552734,87.71142578125,8132400
2023-09-05,95.8499984741211,95.87000274658203,95.5199966430664,95.5199966430664,87.23651123046875,6111400
2023-09-06,95.62999725341797,95.63999938964844,95.30999755859375,95.43000030517578,87.15430450439453,8379200
2023-09-07,95.58999633789062,95.73999786376953,95.48999786376953,95.7300033569336,87.42831420898438,5077800
2023-09-08,95.93000030517578,96.0199966430664,95.76000213623047,95.77999877929688,87.47396850585938,4774200
2023-09-11,95.66000366210938,95.7300033569336,95.56999969482422,95.66999816894531,87.3735122680664,4077200
2023-09-12,95.70999908447266,95.7300033569336,95.56999969482422,95.69999694824219,87.4009017944336,4583400
2023-09-13,95.61000061035156,95.94999694824219,95.58999633789062,95.83999633789062,87.52876281738281,5953600
2023-09-14,95.95999908447266,95.9800033569336,95.68000030517578,95.70999908447266,87.4100341796875,5952800
2023-09-15,95.63999938964844,95.69999694824219,95.4800033569336,95.48999786376953,87.20911407470703,5667700
2023-09-18,95.37000274658203,95.63999938964844,95.36000061035156,95.62999725341797,87.33696746826172,6066200
2023-09-19,95.54000091552734,95.58999633789062,95.3499984741211,95.3499984741211,87.08126831054688,5327900
2023-09-20,95.56999969482422,95.69999694824219,95.30000305175781,95.30000305175781,87.03560638427734,6282700
2023-09-21,94.80000305175781,94.80999755859375,94.63999938964844,94.6500015258789,86.44196319580078,8028900
2023-09-22,94.77999877929688,95.08999633789062,94.7300033569336,95.05000305175781,86.80726623535156,7294200
2023-09-25,94.48999786376953,94.62000274658203,94.29000091552734,94.30000305175781,86.122314453125,7485000
2023-09-26,94.47000122070312,94.51000213623047,94.1500015258789,94.18000030517578,86.01270294189453,15549200
2023-09-27,94.47000122070312,94.51000213623047,93.66000366210938,93.8499984741211,85.7113265991211,14560500
2023-09-28,93.69999694824219,94.16000366210938,93.52999877929688,94.12999725341797,85.967041015625,13334200
2023-09-29,94.5,94.56999969482422,93.97000122070312,94.04000091552734,85.8848648071289,13483500
2023-10-02,93.43000030517578,93.51000213623047,93.0999984741211,93.12999725341797,85.28681945800781,8880000
2023-10-03,92.98999786376953,93.08999633789062,92.37000274658203,92.4000015258789,84.61833190917969,12058400
2023-10-04,92.7699966430664,93.05000305175781,92.55000305175781,93.05000305175781,85.2136001586914,14097800
2023-10-05,93.16999816894531,93.22000122070312,92.98999786376953,93.11000061035156,85.2685317993164,7129400
2023-10-06,92.45999908447266,92.9800033569336,92.37000274658203,92.75,84.9388427734375,9569500
2023-10-09,93.22000122070312,93.72000122070312,93.1500015258789,93.70999908447266,85.81800842285156,4353100
2023-10-10,93.38999938964844,93.80999755859375,93.26000213623047,93.62000274658203,85.73558807373047,14553600
2023-10-11,93.94000244140625,94.05000305175781,93.76000213623047,94.05000305175781,86.12939453125,15347000
2023-10-12,93.87000274658203,93.91000366210938,93.16999816894531,93.23999786376953,85.38758087158203,11189800
2023-10-13,93.68000030517578,93.79000091552734,93.5199966430664,93.63999938964844,85.75389099121094,7515500
2023-10-16,93.31999969482422,93.41000366210938,93.0999984741211,93.12000274658203,85.2776870727539,6332700
2023-10-17,92.51000213623047,92.69000244140625,92.3499984741211,92.44999694824219,84.66410827636719,8198300
2023-10-18,92.29000091552734,92.37999725341797,91.94000244140625,92.0199966430664,84.27033996582031,9352700
2023-10-19,91.88999938964844,92.16999816894531,91.61000061035156,91.66999816894531,83.94979858398438,11552700
2023-10-20,91.94000244140625,92.13999938964844,91.9000015258789,92.0,84.25200653076172,6629800
2023-10-23,91.69999694824219,92.5,91.58000183105469,92.36000061035156,84.58169555664062,12885800
2023-10-24,92.43000030517578,92.69000244140625,92.27999877929688,92.69000244140625,84.8839111328125,9165100
2023-10-25,92.33000183105469,92.3499984741211,91.91999816894531,92.0,84.25200653076172,8904400
2023-10-26,92.12000274658203,92.63999938964844,92.11000061035156,92.62000274658203,84.81979370117188,11574400
2023-10-27,92.55999755859375,92.63999938964844,92.37000274658203,92.58999633789062,84.7923355102539,7650000
2023-10-30,92.29000091552734,92.51000213623047,92.1500015258789,92.37000274658203,84.59086608886719,8166700
2023-10-31,92.44999694824219,92.62999725341797,92.30999755859375,92.30999755859375,84.53590393066406,12343600
2023-11-01,92.2300033569336,93.05000305175781,92.2300033569336,93.05000305175781,85.47006225585938,14404600
2023-11-02,93.68000030517578,93.76000213623047,93.37000274658203,93.61000061035156,85.98443603515625,11166700
2023-11-03,94.54000091552734,94.69000244140625,94.13999938964844,94.18000030517578,86.50799560546875,11890300
2023-11-06,93.93000030517578,93.98999786376953,93.62999725341797,93.70999908447266,86.0763168334961,8521600
2023-11-07,93.94000244140625,94.36000061035156,93.91000366210938,94.20999908447266,86.53555297851562,7306900
2023-11-08,94.2699966430664,94.62000274658203,94.25,94.52999877929688,86.82950592041016,6932200
2023-11-09,94.41999816894531,94.44000244140625,93.7300033569336,93.73999786376953,86.1038589477539,9163200
2023-11-10,94.19000244140625,94.22000122070312,93.87999725341797,93.95999908447266,86.30594635009766,6102000
2023-11-13,93.63999938964844,93.97000122070312,93.52999877929688,93.94999694824219,86.2967529296875,9679500
2023-11-14,95.02999877929688,95.19999694824219,94.93000030517578,95.12999725341797,87.38062286376953,12149600
2023-11-15,94.69999694824219,94.72000122070312,94.45999908447266,94.54000091552734,86.83869171142578,10956800
2023-11-16,94.8499984741211,95.19999694824219,94.8499984741211,95.05999755859375,87.31633758544922,10145400
2023-11-17,95.20999908447266,95.36000061035156,95.02999877929688,95.25,87.4908676147461,9244000
2023-11-20,95.06999969482422,95.41999816894531,95.06999969482422,95.4000015258789,87.6286392211914,10051600
2023-11-21,95.44999694824219,95.56999969482422,95.27999877929688,95.5,87.72047424316406,7393800
2023-11-22,95.68000030517578,95.75,95.37000274658203,95.58999633789062,87.80314636230469,6329900
2023-11-24,95.23999786376953,95.31999969482422,95.12000274658203,95.1500015258789,87.39900970458984,2944300
2023-11-27,95.36000061035156,95.72000122070312,95.33000183105469,95.69000244140625,87.89498138427734,8854500
2023-11-28,95.61000061035156,96.12999725341797,95.56999969482422,96.11000061035156,88.28079223632812,9749400
2023-11-29,96.41999816894531,96.66999816894531,96.33999633789062,96.58000183105469,88.71249389648438,8006800
2023-11-30,96.37999725341797,96.41000366210938,96.12999725341797,96.26000213623047,88.4185562133789,8889100
2023-12-01,96.0,96.87000274658203,95.97000122070312,96.83000183105469,89.19603729248047,11774300
2023-12-04,96.58000183105469,96.66999816894531,96.30999755859375,96.45999908447266,88.85519409179688,9440200
2023-12-05,96.8499984741211,97.1500015258789,96.79000091552734,97.0999984741211,89.44476318359375,8850600
2023-12-06,97.23999786376953,97.48999786376953,97.1500015258789,97.3499984741211,89.67503356933594,11111200
2023-12-07,97.22000122070312,97.55999755859375,97.22000122070312,97.37999725341797,89.70265197753906,7157900
2023-12-08,96.98999786376953,97.06999969482422,96.72000122070312,96.88999938964844,89.2513198852539,6696600
2023-12-11,96.80000305175781,96.94999694824219,96.5999984741211,96.9000015258789,89.26052856445312,15008700
2023-12-12,96.94000244140625,97.19000244140625,96.81999969482422,97.19000244140625,89.52767181396484,11711400
2023-12-13,97.38999938964844,98.44999694824219,97.33000183105469,98.41000366210938,90.65148162841797,11194400
2023-12-14,98.68000030517578,99.04000091552734,98.61000061035156,98.91999816894531,91.38314056396484,12651200
2023-12-15,98.80000305175781,98.87999725341797,98.58999633789062,98.69000244140625,91.17063903808594,10079100
2023-12-18,98.58000183105469,98.58000183105469,98.41999816894531,98.48999786376953,90.98590087890625,11521000
2023-12-19,98.62999725341797,98.77999877929688,98.58999633789062,98.61000061035156,91.09674835205078,13787100
2023-12-20,98.87000274658203,99.04000091552734,98.69000244140625,98.97000122070312,91.42931365966797,9994100
2023-12-21,99.22000122070312,99.26000213623047,98.83000183105469,98.95999908447266,91.4200668334961,9099100
2023-12-22,99.12999725341797,99.13999938964844,98.80999755859375,98.83000183105469,91.29998016357422,13234700
2023-12-26,98.93000030517578,99.08000183105469,98.88999938964844,99.02999877929688,91.48474884033203,5418500
2023-12-27,99.4000015258789,99.69999694824219,99.30999755859375,99.66000366210938,92.06673431396484,6919900
2023-12-28,99.54000091552734,99.6500015258789,99.30999755859375,99.44000244140625,91.86348724365234,7172200
2023-12-29,99.19999694824219,99.43000030517578,99.12999725341797,99.25,91.68798828125,7327600
2024-01-02,98.83999633789062,98.97000122070312,98.7300033569336,98.77999877929688,91.25377655029297,9754400
2024-01-03,98.44999694824219,98.94000244140625,98.30999755859375,98.83000183105469,91.29998016357422,10002100
2024-01-04,98.41999816894531,98.55000305175781,98.33000183105469,98.43000030517578,90.93045043945312,9896600
2024-01-05,98.12999725341797,98.69000244140625,98.06999969482422,98.19999694824219,90.71796417236328,9038700
2024-01-08,98.23999786376953,98.70999908447266,98.20999908447266,98.56999969482422,91.0597915649414,7946500
2024-01-09,98.38999938964844,98.66000366210938,98.38999938964844,98.55000305175781,91.0412826538086,7157400
2024-01-10,98.73999786376953,98.80000305175781,98.36000061035156,98.36000061035156,90.86579132080078,7679400
2024-01-11,98.52999877929688,98.95999908447266,98.41000366210938,98.91999816894531,91.38314056396484,7275900
2024-01-12,99.13999938964844,99.36000061035156,98.95999908447266,99.0999984741211,91.54939270019531,6359400
2024-01-16,98.72000122070312,98.8499984741211,98.2699966430664,98.36000061035156,90.86579132080078,14489800
2024-01-17,98.16000366210938,98.20999908447266,97.94000244140625,98.08999633789062,90.6163558959961,8977500
2024-01-18,98.16000366210938,98.19999694824219,97.88999938964844,98.0,90.53323364257812,10575100
2024-01-19,97.88999938964844,98.0199966430664,97.66999816894531,98.0199966430664,90.55168914794922,9126000
2024-01-22,98.26000213623047,98.36000061035156,98.0999984741211,98.19999694824219,90.71796417236328,8712600
2024-01-23,97.98999786376953,98.0,97.81999969482422,97.95999908447266,90.49626922607422,5642800
2024-01-24,98.29000091552734,98.33000183105469,97.69999694824219,97.73999786376953,90.29300689697266,11278500
2024-01-25,98.01000213623047,98.19999694824219,97.95999908447266,98.18000030517578,90.69951629638672,16521600
2024-01-26,98.19999694824219,98.19999694824219,97.9800033569336,98.06999969482422,90.59788513183594,5022800
2024-01-29,98.30000305175781,98.52999877929688,98.19000244140625,98.45999908447266,90.95818328857422,6423600
2024-01-30,98.63999938964844,98.69000244140625,98.29000091552734,98.6500015258789,91.13368225097656,6740000
2024-01-31,99.0,99.26000213623047,98.80999755859375,99.0999984741211,91.54939270019531,10829000
2024-02-01,99.19999694824219,99.56999969482422,99.0199966430664,99.37000274658203,92.07106018066406,11937400
2024-02-02,98.48999786376953,98.62000274658203,98.26000213623047,98.45999908447266,91.22789764404297,8422500
2024-02-05,97.88999938964844,97.91000366210938,97.55999755859375,97.6500015258789,90.47738647460938,7656800
2024-02-06,97.79000091552734,98.19999694824219,97.77999877929688,98.16000366210938,90.9499282836914,6608400
2024-02-07,97.98999786376953,98.27999877929688,97.94000244140625,97.95999908447266,90.7646484375,8785200
2024-02-08,97.77999877929688,97.83999633789062,97.62000274658203,97.66000366210938,90.48664855957031,12446900
2024-02-09,97.54000091552734,97.62999725341797,97.5,97.62999725341797,90.45885467529297,7120500
2024-02-12,97.69999694824219,97.75,97.5199966430664,97.6500015258789,90.47738647460938,5696300
2024-02-13,97.04000091552734,97.0999984741211,96.75,96.75,89.64350891113281,15872600
2024-02-14,96.83999633789062,97.22000122070312,96.83999633789062,97.18000030517578,90.04192352294922,8776900
2024-02-15,97.48999786376953,97.55000305175781,97.2300033569336,97.41000366210938,90.2550277709961,7194500
2024-02-16,96.94999694824219,97.0999984741211,96.9000015258789,97.0999984741211,89.96778106689453,7723700
2024-02-20,97.2300033569336,97.36000061035156,97.16000366210938,97.19000244140625,90.05119323730469,8735700
2024-02-21,97.27999877929688,97.27999877929688,96.87000274658203,96.9000015258789,89.78248596191406,7785100
2024-02-22,96.93000030517578,97.08999633789062,96.83999633789062,96.9800033569336,89.85659790039062,7538200
2024-02-23,96.98999786376953,97.38999938964844,96.98999786376953,97.33999633789062,90.190185546875,7737900
2024-02-26,97.33999633789062,97.3499984741211,96.97000122070312,97.12999725341797,89.99557495117188,9374600
2024-02-27,97.0999984741211,97.22000122070312,96.94000244140625,97.0,89.87512969970703,9065300
2024-02-28,97.06999969482422,97.2300033569336,97.01000213623047,97.19000244140625,90.05119323730469,7942500
2024-02-29,97.37999725341797,97.55999755859375,97.29000091552734,97.3499984741211,90.19943237304688,16774100
2024-03-01,96.98999786376953,97.55000305175781,96.80999755859375,97.52999877929688,90.63247680664062,8994800
2024-03-04,97.26000213623047,97.37999725341797,97.2300033569336,97.29000091552734,90.40946197509766,7428200
2024-03-05,97.69000244140625,97.91999816894531,97.5999984741211,97.81999969482422,90.9019546508789,6815500
2024-03-06,97.94999694824219,98.16000366210938,97.91000366210938,97.97000122070312,91.04134368896484,16536100
2024-03-07,98.22000122070312,98.23999786376953,97.97000122070312,98.18000030517578,91.23650360107422,7726600
2024-03-08,98.33999633789062,98.41000366210938,98.19000244140625,98.2699966430664,91.32013702392578,7168700
2024-03-11,98.27999877929688,98.30999755859375,98.08999633789062,98.16000366210938,91.21791076660156,11354600
2024-03-12,98.0199966430664,98.04000091552734,97.80000305175781,97.91000366210938,90.9856185913086,7471900
2024-03-13,97.81999969482422,97.93000030517578,97.7300033569336,97.7300033569336,90.81831359863281,5846600
2024-03-14,97.4800033569336,97.4800033569336,97.0999984741211,97.11000061035156,90.2421875,10541000
2024-03-15,97.1500015258789,97.19999694824219,97.0199966430664,97.0999984741211,90.23289489746094,5756800
2024-03-18,97.06999969482422,97.12000274658203,96.91999816894531,97.0,90.13996887207031,5227200
2024-03-19,97.1500015258789,97.33999633789062,97.11000061035156,97.23999786376953,90.36298370361328,5076600
2024-03-20,97.29000091552734,97.62999725341797,97.12999725341797,97.44000244140625,90.54884338378906,8681200
2024-03-21,97.62000274658203,97.68000030517578,97.41000366210938,97.51000213623047,90.6138916015625,10100300
2024-03-22,97.91000366210938,97.91000366210938,97.73999786376953,97.81999969482422,90.9019546508789,8359200
2024-03-25,97.76000213623047,97.76000213623047,97.56999969482422,97.63999938964844,90.73468780517578,11037700
2024-03-26,97.66000366210938,97.76000213623047,97.5199966430664,97.73999786376953,90.8276138305664,8830500
2024-03-27,97.80000305175781,98.08000183105469,97.79000091552734,98.05999755859375,91.12496185302734,9366800
2024-03-28,97.93000030517578,98.08000183105469,97.8499984741211,97.94000244140625,91.01346588134766,8863300
2024-04-01,97.31999969482422,97.33999633789062,96.88999938964844,96.94000244140625,90.35173034667969,8667400
2024-04-02,96.66000366210938,96.88999938964844,96.54000091552734,96.87000274658203,90.28649139404297,10624600
2024-04-03,96.58000183105469,96.94999694824219,96.48999786376953,96.93000030517578,90.34239959716797,6919300
2024-04-04,97.11000061035156,97.16999816894531,96.91999816894531,97.16000366210938,90.55677795410156,9327500
2024-04-05,96.76000213623047,97.0,96.68000030517578,96.68000030517578,90.10939025878906,12343600
2024-04-08,96.55999755859375,96.69999694824219,96.5,96.58999633789062,90.02550506591797,11457100
2024-04-09,96.83000183105469,96.9800033569336,96.83000183105469,96.91999816894531,90.33309173583984,5736500
2024-04-10,96.22000122070312,96.2699966430664,95.73999786376953,95.76000213623047,89.25192260742188,11248700
2024-04-11,95.9800033569336,96.02999877929688,95.58999633789062,95.77999877929688,89.27058410644531,16217600
2024-04-12,96.08000183105469,96.19999694824219,95.95999908447266,95.95999908447266,89.43831634521484,17284600
2024-04-15,95.47000122070312,95.52999877929688,95.20999908447266,95.37999725341797,88.89774322509766,11705300
2024-04-16,95.01000213623047,95.18000030517578,94.9000015258789,95.11000061035156,88.6460952758789,17565900
2024-04-17,95.4000015258789,95.61000061035156,95.25,95.55000305175781,89.05620574951172,7567800
2024-04-18,95.55000305175781,95.56999969482422,95.22000122070312,95.27999877929688,88.8045425415039,7717500
2024-04-19,95.52999877929688,95.55000305175781,95.33000183105469,95.37999725341797,88.89774322509766,9121700
2024-04-22,95.33000183105469,95.52999877929688,95.31999969482422,95.44000244140625,88.95367431640625,9029000
2024-04-23,95.37999725341797,95.83999633789062,95.30000305175781,95.63999938964844,89.14007568359375,10837100
2024-04-24,95.37999725341797,95.47000122070312,95.19999694824219,95.38999938964844,88.90706634521484,7961000
2024-04-25,94.94000244140625,95.13999938964844,94.8499984741211,95.12000274658203,88.65542602539062,6758100
2024-04-26,95.31999969482422,95.47000122070312,95.30000305175781,95.33000183105469,88.85116577148438,8442500
2024-04-29,95.5999984741211,95.66999816894531,95.44999694824219,95.62000274658203,89.1214370727539,7384600
2024-04-30,95.31999969482422,95.5,95.1500015258789,95.2300033569336,88.75794219970703,11228300
2024-05-01,95.19999694824219,95.58000183105469,94.98999786376953,95.2699966430664,89.0711441040039,11017700
2024-05-02,95.2699966430664,95.7300033569336,95.22000122070312,95.69999694824219,89.47317504882812,7607300
2024-05-03,96.31999969482422,96.45999908447266,95.93000030517578,96.19000244140625,89.93128967285156,9146700
2024-05-06,96.20999908447266,96.33000183105469,96.1500015258789,96.26000213623047,89.99671936035156,10155500
2024-05-07,96.52999877929688,96.66999816894531,96.37999725341797,96.45999908447266,90.18372344970703,7687000
2024-05-08,96.25,96.3499984741211,96.2300033569336,96.26000213623047,89.99671936035156,4587200
2024-05-09,96.19999694824219,96.52999877929688,96.19000244140625,96.44000244140625,90.1650161743164,6732500
2024-05-10,96.26000213623047,96.33000183105469,96.16000366210938,96.23999786376953,89.97802734375,5326400
2024-05-13,96.44000244140625,96.47000122070312,96.27999877929688,96.29000091552734,90.02478790283203,5263200
2024-05-14,96.5,96.63999938964844,96.41999816894531,96.55000305175781,90.26786041259766,5243300
2024-05-15,97.11000061035156,97.27999877929688,96.9800033569336,97.19000244140625,90.86622619628906,5846300
2024-05-16,97.2300033569336,97.2699966430664,97.01000213623047,97.08000183105469,90.76338195800781,7894400
2024-05-17,96.91999816894531,97.0,96.7699966430664,96.7699966430664,90.47355651855469,5267100
2024-05-20,96.70999908447266,96.76000213623047,96.66999816894531,96.68000030517578,90.38939666748047,5263000
2024-05-21,96.91999816894531,96.94999694824219,96.83000183105469,96.86000061035156,90.55770111083984,5227900
2024-05-22,96.66000366210938,96.88999938964844,96.6500015258789,96.73999786376953,90.44549560546875,3823600
2024-05-23,96.83000183105469,96.83000183105469,96.37000274658203,96.47000122070312,90.19304656982422,5094900
2024-05-24,96.43000030517578,96.62000274658203,96.38999938964844,96.58000183105469,90.2958984375,3072100
2024-05-28,96.66999816894531,96.69000244140625,96.12000274658203,96.12999725341797,89.87517547607422,6046100
2024-05-29,95.91000366210938,95.93000030517578,95.62999725341797,95.76000213623047,89.52926635742188,8249100
2024-05-30,96.08000183105469,96.2300033569336,96.0199966430664,96.20999908447266,89.94998168945312,5568800
2024-05-31,96.45999908447266,96.58999633789062,96.41000366210938,96.5199966430664,90.23981475830078,8762900
2024-06-03,96.4000015258789,96.80000305175781,96.37999725341797,96.80000305175781,90.78565979003906,6095500
2024-06-04,97.0,97.23999786376953,96.94000244140625,97.1500015258789,91.1139144897461,3979100
2024-06-05,97.29000091552734,97.44999694824219,97.04000091552734,97.44999694824219,91.39527130126953,4602500
2024-06-06,97.30999755859375,97.5,97.30999755859375,97.4800033569336,91.42340850830078,6568700
2024-06-07,96.81999969482422,96.81999969482422,96.62000274658203,96.62000274658203,90.61685180664062,5365000
2024-06-10,96.5199966430664,96.58999633789062,96.43000030517578,96.54000091552734,90.54181671142578,8235900
2024-06-11,96.63999938964844,96.93000030517578,96.55999755859375,96.87000274658203,90.85130310058594,4650200
2024-06-12,97.5999984741211,97.80999755859375,97.30999755859375,97.33000183105469,91.28271484375,7627000
2024-06-13,97.69999694824219,97.93000030517578,97.58000183105469,97.81999969482422,91.7422866821289,7094800
2024-06-14,97.8499984741211,98.05000305175781,97.8499984741211,97.91999816894531,91.8360824584961,6239500
2024-06-17,97.56999969482422,97.5999984741211,97.44999694824219,97.56999969482422,91.50780487060547,5265000
2024-06-18,97.69999694824219,98.04000091552734,97.68000030517578,97.91999816894531,91.8360824584961,7030700
2024-06-20,97.55000305175781,97.7699966430664,97.5199966430664,97.75,91.67662048339844,5621600
2024-06-21,97.88999938964844,97.9800033569336,97.6500015258789,97.76000213623047,91.68599700927734,4715000
2024-06-24,97.81999969482422,97.86000061035156,97.72000122070312,97.83999633789062,91.7610092163086,5017300
2024-06-25,97.77999877929688,97.87999725341797,97.70999908447266,97.83000183105469,91.75166320800781,5701300
2024-06-26,97.43000030517578,97.48999786376953,97.37000274658203,97.38999938964844,91.33898162841797,4964100
2024-06-27,97.55999755859375,97.66999816894531,97.54000091552734,97.55000305175781,91.48905944824219,5276500
2024-06-28,97.7699966430664,97.80000305175781,97.06999969482422,97.06999969482422,91.03888702392578,12781500
2024-07-01,96.43000030517578,96.66000366210938,96.22000122070312,96.25,90.55059051513672,12238900
2024-07-02,96.63999938964844,96.66999816894531,96.44000244140625,96.56999969482422,90.8516616821289,5441900
2024-07-03,96.80000305175781,97.16999816894531,96.7699966430664,97.08999633789062,91.34085083007812,4061100
2024-07-05,97.44999694824219,97.62999725341797,97.30999755859375,97.58000183105469,91.80186462402344,3489900
2024-07-08,97.58999633789062,97.6500015258789,97.44999694824219,97.61000061035156,91.83007049560547,4602900
2024-07-09,97.51000213623047,97.61000061035156,97.33999633789062,97.5199966430664,91.74539947509766,5004600
2024-07-10,97.61000061035156,97.66999816894531,97.48999786376953,97.62000274658203,91.83948516845703,4586000
2024-07-11,98.18000030517578,98.30999755859375,98.08999633789062,98.12000274658203,92.30988311767578,3789000
2024-07-12,98.16999816894531,98.38999938964844,98.12999725341797,98.38999938964844,92.56389617919922,6329000
2024-07-15,98.1500015258789,98.27999877929688,98.02999877929688,98.05000305175781,92.24402618408203,6984700
2024-07-16,98.18000030517578,98.44999694824219,98.13999938964844,98.44999694824219,92.6203384399414,8936100
2024-07-17,98.26000213623047,98.56999969482422,98.2300033569336,98.5199966430664,92.68618774414062,5680400
2024-07-18,98.37000274658203,98.55999755859375,98.20999908447266,98.25,92.43218231201172,10584200
2024-07-19,98.04000091552734,98.0999984741211,97.97000122070312,98.05000305175781,92.24402618408203,7735700
2024-07-22,98.12000274658203,98.19999694824219,97.86000061035156,98.01000213623047,92.20641326904297,11657500
2024-07-23,98.0999984741211,98.18000030517578,97.9800033569336,98.0,92.1969985961914,7225900
2024-07-24,97.81999969482422,98.19000244140625,97.69999694824219,97.69999694824219,91.91474914550781,6578500
2024-07-25,97.83999633789062,98.13999938964844,97.81999969482422,97.97000122070312,92.16876220703125,12766200
2024-07-26,98.29000091552734,98.36000061035156,98.18000030517578,98.31999969482422,92.498046875,4243800
2024-07-29,98.54000091552734,98.54000091552734,98.37000274658203,98.4800033569336,92.64855194091797,6822600
2024-07-30,98.5199966430664,98.63999938964844,98.37999725341797,98.58000183105469,92.7426528930664,5845800
2024-07-31,98.80999755859375,99.12000274658203,98.6500015258789,99.11000061035156,93.24124908447266,11725100
2024-08-01,99.01000213623047,99.31999969482422,99.01000213623047,99.22000122070312,93.63195037841797,9642700
2024-08-02,99.87999725341797,100.37000274658203,99.80000305175781,100.33000183105469,94.67945098876953,9397500
2024-08-05,100.81999969482422,100.88999938964844,100.0199966430664,100.25,94.60391998291016,12066100
2024-08-06,100.13999938964844,100.16000366210938,99.62999725341797,99.6500015258789,94.03775024414062,10945200
2024-08-07,99.51000213623047,99.61000061035156,99.23999786376953,99.3499984741211,93.75462341308594,8085200
2024-08-08,99.11000061035156,99.27999877929688,99.06999969482422,99.19999694824219,93.61306762695312,5558000
2024-08-09,99.63999938964844,99.69999694824219,99.4800033569336,99.55000305175781,93.94336700439453,3879200
2024-08-12,99.47000122070312,99.77999877929688,99.41000366210938,99.72000122070312,94.10379791259766,7300600
2024-08-13,100.04000091552734,100.12000274658203,99.93000030517578,100.12000274658203,94.48126983642578,3925500
2024-08-14,100.1500015258789,100.4000015258789,100.13999938964844,100.30000305175781,94.65111541748047,9871500
2024-08-15,99.69999694824219,99.9000015258789,99.6500015258789,99.87999725341797,94.25476837158203,8628400
2024-08-16,100.02999877929688,100.12000274658203,99.8499984741211,100.12000274658203,94.48126983642578,6507900
2024-08-19,100.06999969482422,100.33999633789062,100.04000091552734,100.2300033569336,94.58505249023438,4690300
2024-08-20,100.41000366210938,100.55999755859375,100.33000183105469,100.52999877929688,94.86815643310547,5516700
2024-08-21,100.61000061035156,100.9000015258789,100.43000030517578,100.72000122070312,95.04745483398438,6366700
2024-08-22,100.54000091552734,100.56999969482422,100.2300033569336,100.30999755859375,94.66056060791016,7893700
2024-08-23,100.5199966430664,100.80999755859375,100.43000030517578,100.7699966430664,95.09464263916016,6179500
2024-08-26,100.91999816894531,100.91999816894531,100.66000366210938,100.68000030517578,95.00970458984375,6653200
2024-08-27,100.4800033569336,100.73999786376953,100.43000030517578,100.70999908447266,95.03801727294922,7965400
2024-08-28,100.70999908447266,100.7699966430664,100.5999984741211,100.62000274658203,94.95310974121094,6960300
2024-08-29,100.44999694824219,100.55000305175781,100.3499984741211,100.48999786376953,94.83042907714844,6912700
2024-08-30,100.51000213623047,100.63999938964844,100.22000122070312,100.25,94.60391998291016,7213200
2024-09-03,100.31999969482422,100.52999877929688,100.2300033569336,100.36000061035156,95.00341033935547,6837200
2024-09-04,100.43000030517578,100.8499984741211,100.4000015258789,100.80000305175781,95.41992950439453,10867700
2024-09-05,101.0199966430664,101.12000274658203,100.75,101.05999755859375,95.66605377197266,11921900
2024-09-06,101.12999725341797,101.5999984741211,100.97000122070312,101.19000244140625,95.78912353515625,8830200
2024-09-09,101.1500015258789,101.43000030517578,101.05000305175781,101.33999633789062,95.93109130859375,7569300
2024-09-10,101.33999633789062,101.69999694824219,101.30999755859375,101.6500015258789,96.22455596923828,5979300
2024-09-11,101.51000213623047,101.8499984741211,101.45999908447266,101.62000274658203,96.1961441040039,4184400
2024-09-12,101.55999755859375,101.6500015258789,101.37999725341797,101.52999877929688,96.11096954345703,6419400
2024-09-13,101.76000213623047,101.81999969482422,101.62000274658203,101.73999786376953,96.30974578857422,5330600
2024-09-16,101.83000183105469,102.04000091552734,101.75,101.9800033569336,96.53693389892578,8425900
2024-09-17,101.98999786376953,102.02999877929688,101.83000183105469,101.87999725341797,96.44227600097656,9256000
2024-09-18,101.68000030517578,102.02999877929688,101.52999877929688,101.55999755859375,96.13935852050781,6280000
2024-09-19,101.41000366210938,101.61000061035156,101.37000274658203,101.56999969482422,96.1488265991211,5079800
2024-09-20,101.43000030517578,101.6500015258789,101.31999969482422,101.4800033569336,96.06362915039062,8464900
2024-09-23,101.33999633789062,101.58999633789062,101.19000244140625,101.44000244140625,96.0257568359375,8428100
2024-09-24,101.2699966430664,101.62000274658203,101.22000122070312,101.58000183105469,96.1583023071289,5803600
2024-09-25,101.41999816894531,101.43000030517578,101.19000244140625,101.19000244140625,95.78912353515625,9259100
2024-09-26,101.31999969482422,101.3499984741211,101.0,101.20999908447266,95.80804443359375,8124400
2024-09-27,101.41000366210938,101.55999755859375,101.33000183105469,101.5,96.08256530761719,5033300
2024-09-30,101.44000244140625,101.4800033569336,101.13999938964844,101.2699966430664,95.8648452758789,9105400
2024-10-01,101.2699966430664,101.44999694824219,101.1500015258789,101.2300033569336,96.11834716796875,8811400
2024-10-02,100.87999725341797,101.11000061035156,100.80999755859375,101.0199966430664,95.91895294189453,11700900
2024-10-03,100.8499984741211,100.88999938964844,100.58999633789062,100.61000061035156,95.52967071533203,8751200
2024-10-04,100.0999984741211,100.13999938964844,99.88999938964844,99.95999908447266,94.91250610351562,9639700
2024-10-07,99.63999938964844,99.7699966430664,99.58000183105469,99.62000274658203,94.58964538574219,6382100
2024-10-08,99.5199966430664,99.79000091552734,99.48999786376953,99.79000091552734,94.75106048583984,7340100
2024-10-09,99.63999938964844,99.66999816894531,99.47000122070312,99.52999877929688,94.50419616699219,8218300
2024-10-10,99.44999694824219,99.55000305175781,99.2300033569336,99.47000122070312,94.44723510742188,5757700
2024-10-11,99.41000366210938,99.62000274658203,99.36000061035156,99.5,94.47570037841797,4878600
2024-10-14,99.19999694824219,99.41999816894531,99.16999816894531,99.41000366210938,94.39026641845703,3512600
2024-10-15,99.73999786376953,99.83999633789062,99.68000030517578,99.80999755859375,94.77005767822266,7158700
2024-10-16,99.95999908447266,100.04000091552734,99.87000274658203,99.94000244140625,94.89349365234375,4741300
2024-10-17,99.5999984741211,99.66000366210938,99.41999816894531,99.44999694824219,94.42823028564453,5306300
2024-10-18,99.62999725341797,99.68000030517578,99.5,99.5199966430664,94.49468231201172,4973000
2024-10-21,99.18000030517578,99.20999908447266,98.83000183105469,98.83000183105469,93.83954620361328,6873900
2024-10-22,98.93000030517578,99.01000213623047,98.7699966430664,98.8499984741211,93.8585433959961,11401800
2024-10-23,98.56999969482422,98.76000213623047,98.4800033569336,98.5999984741211,93.62115478515625,19659700
2024-10-24,98.68000030517578,98.94999694824219,98.5999984741211,98.79000091552734,93.80157470703125,7559300
2024-10-25,98.97000122070312,98.98999786376953,98.54000091552734,98.58999633789062,93.61164855957031,9028500
2024-10-28,98.63999938964844,98.6500015258789,98.29000091552734,98.43000030517578,93.4597396850586,7362900
2024-10-29,98.12000274658203,98.55999755859375,98.08999633789062,98.54000091552734,93.56417846679688,5421700
2024-10-30,98.75,98.94000244140625,98.4000015258789,98.44000244140625,93.46922302246094,11188400
2024-10-31,98.31999969482422,98.58000183105469,98.1500015258789,98.41999816894531,93.45024108886719,12754500
2024-11-01,98.29000091552734,98.37999725341797,97.68000030517578,97.72000122070312,93.07878112792969,10387300
2024-11-04,98.25,98.37999725341797,97.94999694824219,98.12999725341797,93.46928405761719,6629800
2024-11-05,98.08999633789062,98.38999938964844,97.86000061035156,98.36000061035156,93.68838500976562,6663000
2024-11-06,97.43000030517578,97.81999969482422,97.36000061035156,97.58999633789062,92.9549560546875,9158100
2024-11-07,97.95999908447266,98.54000091552734,97.9000015258789,98.33000183105469,93.6597900390625,17402300
2024-11-08,98.4800033569336,98.72000122070312,98.37000274658203,98.5,93.82173156738281,6199800
2024-11-11,98.30000305175781,98.33000183105469,98.16000366210938,98.27999877929688,93.61217498779297,4501200
2024-11-12,97.9800033569336,98.13999938964844,97.6500015258789,97.70999908447266,93.06924438476562,16775400
2024-11-13,98.16999816894531,98.19999694824219,97.56999969482422,97.69000244140625,93.05018615722656,15834900
2024-11-14,97.8499984741211,97.98999786376953,97.56999969482422,97.6500015258789,93.01209259033203,7312000
2024-11-15,97.44000244140625,97.87999725341797,97.26000213623047,97.66000366210938,93.02162170410156,11844300
2024-11-18,97.55000305175781,97.81999969482422,97.47000122070312,97.75,93.1073226928711,5260600
2024-11-19,97.94999694824219,98.05000305175781,97.87000274658203,97.88999938964844,93.24068450927734,4735900
2024-11-20,97.69000244140625,97.93000030517578,97.66999816894531,97.79000091552734,93.14544677734375,5551100
2024-11-21,97.8499984741211,98.01000213623047,97.66999816894531,97.73999786376953,93.09783172607422,6348500
2024-11-22,97.87000274658203,97.91999816894531,97.72000122070312,97.80999755859375,93.16448974609375,4989600
2024-11-25,98.52999877929688,98.69999694824219,98.43000030517578,98.69000244140625,94.00270080566406,9246200
2024-11-26,98.48999786376953,98.54000091552734,98.30000305175781,98.54000091552734,93.85983276367188,11303100
2024-11-27,98.80000305175781,98.93000030517578,98.6500015258789,98.80999755859375,94.11698913574219,8749800
2024-11-29,99.1500015258789,99.22000122070312,99.08000183105469,99.19999694824219,94.48848724365234,9623200
2024-12-02,99.38999938964844,99.5999984741211,98.58000183105469,98.9000015258789,94.49994659423828,18397600
2024-12-03,98.97000122070312,99.05999755859375,98.66999816894531,98.70999908447266,94.31839752197266,6889800
2024-12-04,98.5199966430664,99.08999633789062,98.4800033569336,99.02999877929688,94.6241683959961,7448900
2024-12-05,98.95999908447266,99.11000061035156,98.8499984741211,99.05000305175781,94.64326477050781,8786700
2024-12-06,99.4000015258789,99.44000244140625,99.13999938964844,99.33000183105469,94.91081237792969,12890600
2024-12-09,99.19999694824219,99.22000122070312,99.02999877929688,99.04000091552734,94.63371276855469,10689000
2024-12-10,98.87000274658203,98.98999786376953,98.80000305175781,98.91999816894531,94.5190658569336,5984500
2024-12-11,99.08000183105469,99.1500015258789,98.66000366210938,98.69000244140625,94.29927825927734,8095800
2024-12-12,98.52999877929688,98.58000183105469,98.25,98.29000091552734,93.91707611083984,12353100
2024-12-13,98.19999694824219,98.2300033569336,97.87000274658203,97.91999816894531,93.56353759765625,6566300
2024-12-16,98.06999969482422,98.0999984741211,97.87999725341797,98.01000213623047,93.6495590209961,7124100
2024-12-17,98.0,98.12999725341797,97.94999694824219,98.01000213623047,93.6495590209961,7239200
2024-12-18,97.66000366210938,97.80000305175781,96.9000015258789,96.94999694824219,92.93633270263672,14261400
2024-12-19,96.76000213623047,96.81999969482422,96.5,96.69999694824219,92.6966781616211,15490100
2024-12-20,97.05000305175781,97.22000122070312,96.94000244140625,96.95999908447266,92.9459457397461,8657700
2024-12-23,96.94999694824219,96.97000122070312,96.5999984741211,96.66000366210938,92.65835571289062,10540800
2024-12-24,96.5,96.77999877929688,96.47000122070312,96.7699966430664,92.76378631591797,4739300
2024-12-26,96.5199966430664,96.87999725341797,96.51000213623047,96.83999633789062,92.83089447021484,10620200
2024-12-27,96.79000091552734,96.88999938964844,96.61000061035156,96.63999938964844,92.63916778564453,8601300
2024-12-30,97.0,97.08000183105469,96.95999908447266,97.0199966430664,93.00344848632812,10154500
2024-12-31,97.1500015258789,97.20999908447266,96.83000183105469,96.9000015258789,92.8884048461914,12276700
2025-01-02,97.06999969482422,97.20999908447266,96.77999877929688,96.91000366210938,92.89798736572266,5547700
2025-01-03,97.02999877929688,97.06999969482422,96.79000091552734,96.80999755859375,92.8021240234375,5331000
2025-01-06,96.72000122070312,96.80000305175781,96.58000183105469,96.70999908447266,92.7062759399414,9248300
2025-01-07,96.61000061035156,96.68000030517578,96.23999786376953,96.37000274658203,92.3803482055664,9153300
2025-01-08,96.2699966430664,96.5199966430664,96.2300033569336,96.4800033569336,92.48580169677734,7444500
2025-01-10,95.8499984741211,96.2300033569336,95.8499984741211,95.94000244140625,91.9681625366211,9822000
2025-01-13,95.94000244140625,95.94999694824219,95.73999786376953,95.8499984741211,91.88188171386719,10420700
2025-01-14,95.86000061035156,95.93000030517578,95.75,95.87999725341797,91.91063690185547,5487600
2025-01-15,96.94000244140625,96.94000244140625,96.55000305175781,96.70999908447266,92.7062759399414,9563000
2025-01-16,96.62999725341797,97.02999877929688,96.5,96.91999816894531,92.90756225585938,9810800
2025-01-17,97.06999969482422,97.0999984741211,96.87000274658203,96.91999816894531,92.90756225585938,5360200
2025-01-21,97.1500015258789,97.27999877929688,97.08999633789062,97.23999786376953,93.21434020996094,7725900
2025-01-22,97.20999908447266,97.25,96.95999908447266,97.01000213623047,92.99385833740234,7283400
2025-01-23,96.7699966430664,96.91999816894531,96.72000122070312,96.8499984741211,92.84046936035156,7707000
2025-01-24,96.87000274658203,97.11000061035156,96.80000305175781,97.01000213623047,92.99385833740234,6459400
2025-01-27,97.48999786376953,97.55999755859375,97.30999755859375,97.55000305175781,93.51148986816406,7602000
2025-01-28,97.33999633789062,97.52999877929688,97.29000091552734,97.5199966430664,93.48274230957031,5730300
2025-01-29,97.58000183105469,97.6500015258789,97.22000122070312,97.45999908447266,93.42521667480469,5912800
2025-01-30,97.62000274658203,97.7300033569336,97.5199966430664,97.5999984741211,93.55941772460938,6802900
2025-01-31,97.62000274658203,97.7300033569336,97.26000213623047,97.4000015258789,93.36771392822266,10750100
2025-02-03,97.33999633789062,97.54000091552734,97.05000305175781,97.16999816894531,93.45618438720703,9977100
2025-02-04,97.0199966430664,97.37999725341797,97.0,97.3499984741211,93.62931060791016,8483500
2025-02-05,97.69999694824219,98.0,97.66000366210938,97.87000274658203,94.12943267822266,9716700
2025-02-06,97.7699966430664,97.87999725341797,97.62999725341797,97.7699966430664,94.03326416015625,6629400
2025-02-07,97.5199966430664,97.58999633789062,97.36000061035156,97.45999908447266,93.735107421875,6422300
2025-02-10,97.56999969482422,97.68000030517578,97.41000366210938,97.48999786376953,93.76396179199219,6038700
2025-02-11,97.2699966430664,97.33999633789062,97.22000122070312,97.2699966430664,93.55235290527344,8001100
2025-02-12,96.7699966430664,96.87999725341797,96.61000061035156,96.76000213623047,93.06188201904297,6404900
2025-02-13,97.16000366210938,97.43000030517578,96.83999633789062,97.33999633789062,93.61968231201172,7041200
2025-02-14,97.75,97.87999725341797,97.66999816894531,97.69999694824219,93.9659194946289,6257500
2025-02-18,97.45999908447266,97.58000183105469,97.30999755859375,97.30999755859375,93.59085083007812,8159400
2025-02-19,97.2699966430664,97.5,97.2699966430664,97.44999694824219,93.7254867553711,5604800
2025-02-20,97.54000091552734,97.66999816894531,97.5,97.5999984741211,93.8697509765625,27958700
2025-02-21,97.75,98.18000030517578,97.69999694824219,98.0199966430664,94.27371215820312,7070600
2025-02-24,97.95999908447266,98.23999786376953,97.94000244140625,98.19000244140625,94.43721008300781,7298300
2025-02-25,98.6500015258789,98.80999755859375,98.55999755859375,98.80000305175781,95.02389526367188,5801200
2025-02-26,98.7699966430664,99.0199966430664,98.6500015258789,98.95999908447266,95.17776489257812,5035900
2025-02-27,98.7699966430664,98.93000030517578,98.7300033569336,98.80999755859375,95.03351593017578,6263200
2025-02-28,99.08000183105469,99.29000091552734,98.91999816894531,99.25,95.45669555664062,14453000
2025-03-03,98.66000366210938,99.19000244140625,98.5999984741211,99.16000366210938,95.66314697265625,7533500
2025-03-04,99.30000305175781,99.4000015258789,98.80999755859375,98.91000366210938,95.42196655273438,7532400
2025-03-05,98.97000122070312,99.05999755859375,98.55000305175781,98.56999969482422,95.09395599365234,7302600
2025-03-06,98.51000213623047,98.62000274658203,98.2300033569336,98.47000122070312,94.99748229980469,9946200
2025-03-07,98.8499984741211,98.9800033569336,98.30000305175781,98.3499984741211,94.88170623779297,6450700
2025-03-10,98.80999755859375,98.98999786376953,98.7300033569336,98.81999969482422,95.33514404296875,12318600
2025-03-11,98.7699966430664,98.94000244140625,98.41999816894531,98.47000122070312,94.99748229980469,10187900
2025-03-12,98.30000305175781,98.43000030517578,98.16000366210938,98.18000030517578,94.71770477294922,8436700
2025-03-13,98.08999633789062,98.5,98.01000213623047,98.4800033569336,95.00714111328125,7959500
2025-03-14,98.33999633789062,98.41999816894531,98.25,98.27999877929688,94.81419372558594,8949800
2025-03-17,98.48999786376953,98.6500015258789,98.3499984741211,98.41000366210938,94.93959045410156,10605800
2025-03-18,98.30000305175781,98.62000274658203,98.27999877929688,98.51000213623047,95.03607940673828,9022000
2025-03-19,98.41999816894531,98.83000183105469,98.33000183105469,98.80000305175781,95.31583404541016,6763800
2025-03-20,99.22000122070312,99.25,98.80000305175781,98.86000061035156,95.37373352050781,6556800
2025-03-21,98.95999908447266,99.04000091552734,98.73999786376953,98.73999786376953,95.2579574584961,5028800
2025-03-24,98.5999984741211,98.63999938964844,98.31999969482422,98.36000061035156,94.89137268066406,4894800
2025-03-25,98.37000274658203,98.55999755859375,98.33999633789062,98.44999694824219,94.97817993164062,5663000
2025-03-26,98.36000061035156,98.4000015258789,98.19999694824219,98.20999908447266,94.74665069580078,6744000
2025-03-27,98.16000366210938,98.2300033569336,98.01000213623047,98.16000366210938,94.69842529296875,9513000
2025-03-28,98.54000091552734,98.81999969482422,98.45999908447266,98.7300033569336,95.24832916259766,8534000
2025-03-31,98.9800033569336,99.08999633789062,98.69999694824219,98.91999816894531,95.43160247802734,13350700
2025-04-01,98.80999755859375,99.12999725341797,98.62000274658203,98.95999908447266,95.78488159179688,10295200
2025-04-02,99.16999816894531,99.20999908447266,98.62000274658203,98.8499984741211,95.67842102050781,8225100
2025-04-03,99.47000122070312,99.7300033569336,99.05000305175781,99.37000274658203,96.18174743652344,9905000
2025-04-04,99.91999816894531,100.55000305175781,99.44000244140625,99.45999908447266,96.26883697509766,14914300
2025-04-07,99.22000122070312,99.30999755859375,98.0,98.19999694824219,95.04927825927734,21796300
2025-04-08,98.0999984741211,98.69000244140625,97.63999938964844,97.69000244140625,94.55564880371094,13173300
2025-04-09,97.06999969482422,97.98999786376953,96.62999725341797,97.91000366210938,94.76858520507812,16244400
2025-04-10,97.66999816894531,97.86000061035156,97.11000061035156,97.13999938964844,94.0232925415039,9940000
2025-04-11,96.66000366210938,97.16999816894531,96.1500015258789,97.04000091552734,93.92649841308594,8437400
2025-04-14,97.44000244140625,97.69000244140625,97.2699966430664,97.61000061035156,94.47821807861328,7940600
2025-04-15,97.5999984741211,97.95999908447266,97.51000213623047,97.80999755859375,94.67179107666016,10074400
2025-04-16,97.87999725341797,98.19000244140625,97.72000122070312,98.12000274658203,94.97185516357422,10105000
2025-04-17,98.05999755859375,98.11000061035156,97.80999755859375,97.87000274658203,94.72987365722656,5589400
2025-04-21,97.61000061035156,97.83000183105469,97.27999877929688,97.27999877929688,94.1588134765625,7925700
2025-04-22,97.61000061035156,97.7699966430664,97.44999694824219,97.45999908447266,94.33301544189453,6521400
2025-04-23,98.33000183105469,98.47000122070312,97.6500015258789,97.69999694824219,94.56532287597656,13376700
2025-04-24,98.05999755859375,98.25,98.0,98.23999786376953,95.0879898071289,8524400
2025-04-25,98.47000122070312,98.62999725341797,98.36000061035156,98.5999984741211,95.43644714355469,9058900
2025-04-28,98.5199966430664,98.9000015258789,98.5,98.87000274658203,95.69778442382812,4890800
2025-04-29,98.76000213623047,99.11000061035156,98.75,99.11000061035156,95.93009185791016,6731100
2025-04-30,98.98999786376953,99.16999816894531,98.87999725341797,99.0199966430664,95.84297180175781,7370300
2025-05-01,98.83000183105469,98.87000274658203,98.27999877929688,98.43000030517578,95.5817642211914,6912600
2025-05-02,98.05999755859375,98.33999633789062,97.81999969482422,97.94999694824219,95.11564636230469,9879200
2025-05-05,97.9000015258789,97.91000366210938,97.6500015258789,97.77999877929688,94.95056915283203,14273800
2025-05-06,97.77999877929688,98.0199966430664,97.6500015258789,98.0199966430664,95.18362426757812,11730100
2025-05-07,98.16000366210938,98.33999633789062,98.08999633789062,98.16999816894531,95.32929229736328,6557000
2025-05-08,98.20999908447266,98.2300033569336,97.6500015258789,97.66000366210938,94.83404541015625,7814200
2025-05-09,97.86000061035156,97.97000122070312,97.73999786376953,97.76000213623047,94.93114471435547,5739200
2025-05-12,97.44999694824219,97.66000366210938,97.33000183105469,97.43000030517578,94.6106948852539,10768200
2025-05-13,97.5,97.55000305175781,97.23999786376953,97.33000183105469,94.51359558105469,6305500
2025-05-14,97.27999877929688,97.33999633789062,97.01000213623047,97.05000305175781,94.24169158935547,7350600
2025-05-15,97.30999755859375,97.5999984741211,97.22000122070312,97.5999984741211,94.7757797241211,7638900
2025-05-16,97.91000366210938,97.91999816894531,97.62000274658203,97.66000366210938,94.83404541015625,5262500
2025-05-19,97.13999938964844,97.66000366210938,97.0999984741211,97.62999725341797,94.80490112304688,7232700
2025-05-20,97.5199966430664,97.54000091552734,97.27999877929688,97.45999908447266,94.63981628417969,7496600
2025-05-21,97.16999816894531,97.27999877929688,96.73999786376953,96.81999969482422,94.01834869384766,12393200
2025-05-22,96.7699966430664,97.11000061035156,96.66000366210938,97.0999984741211,94.29025268554688,6084800
2025-05-23,97.33999633789062,97.37999725341797,97.08000183105469,97.23999786376953,94.42618560791016,5210500
2025-05-27,97.51000213623047,97.73999786376953,97.41999816894531,97.68000030517578,94.85346221923828,7461500
2025-05-28,97.55999755859375,97.66999816894531,97.37999725341797,97.5,94.67868041992188,4909200
2025-05-29,97.73999786376953,97.94000244140625,97.69999694824219,97.86000061035156,95.02825164794922,7724100
2025-05-30,97.86000061035156,98.0999984741211,97.80000305175781,98.0999984741211,95.26130676269531,15488400
2025-06-02,97.2300033569336,97.5999984741211,97.2300033569336,97.5199966430664,95.01091766357422,28390000
2025-06-03,97.5999984741211,97.75,97.37000274658203,97.44999694824219,94.94271850585938,7177600
2025-06-04,97.75,98.08999633789062,97.69000244140625,98.02999877929688,95.50780487060547,7761500
2025-06-05,98.02999877929688,98.12000274658203,97.7699966430664,97.77999877929688,95.26422119140625,10456500
2025-06-06,97.45999908447266,97.52999877929688,97.25,97.27999877929688,94.77709197998047,6299900
2025-06-09,97.29000091552734,97.54000091552734,97.2699966430664,97.4000015258789,94.89401245117188,7096500
2025-06-10,97.72000122070312,97.73999786376953,97.51000213623047,97.62000274658203,95.10835266113281,4990900
2025-06-11,97.79000091552734,97.9800033569336,97.69999694824219,97.94999694824219,95.42984771728516,5992400
2025-06-12,98.23999786376953,98.31999969482422,98.12000274658203,98.30999755859375,95.78058624267578,5726200
2025-06-13,98.11000061035156,98.16000366210938,97.76000213623047,97.95999908447266,95.4395980834961,8050300
2025-06-16,97.88999938964844,98.06999969482422,97.75,97.76000213623047,95.2447509765625,5680900
2025-06-17,97.94999694824219,98.12000274658203,97.76000213623047,98.05999755859375,95.5370101928711,5312000
2025-06-18,98.20999908447266,98.4000015258789,98.02999877929688,98.12999725341797,95.605224609375,5907900
2025-06-20,98.0,98.30999755859375,97.94999694824219,98.22000122070312,95.69291687011719,6213000
2025-06-23,98.4000015258789,98.6500015258789,98.30000305175781,98.41999816894531,95.88776397705078,5884600
2025-06-24,98.36000061035156,98.81999969482422,98.33999633789062,98.81999969482422,96.27747344970703,7907600
2025-06-25,98.62000274658203,98.80999755859375,98.5199966430664,98.80999755859375,96.26773834228516,8434800
2025-06-26,98.80000305175781,99.0999984741211,98.77999877929688,99.08000183105469,96.5307846069336,9775100
2025-06-27,98.87000274658203,99.0999984741211,98.76000213623047,98.80000305175781,96.25799560546875,25931600
2025-06-30,99.05000305175781,99.2300033569336,98.94000244140625,99.19999694824219,96.64769744873047,14036800
2025-07-01,98.87000274658203,98.94999694824219,98.66999816894531,98.79000091552734,96.55874633789062,18480200
2025-07-02,98.68000030517578,98.69999694824219,98.54000091552734,98.66999816894531,96.44145202636719,8756000
2025-07-03,98.52999877929688,98.58999633789062,98.41000366210938,98.47000122070312,96.24597930908203,4583200
2025-07-07,98.31999969482422,98.33000183105469,98.05999755859375,98.12000274658203,95.90388488769531,8088100
2025-07-08,97.94999694824219,98.08000183105469,97.93000030517578,98.08000183105469,95.86479187011719,7804200
2025-07-09,98.20999908447266,98.48999786376953,98.12999725341797,98.48999786376953,96.26551818847656,11043600
2025-07-10,98.41999816894531,98.4800033569336,98.30000305175781,98.45999908447266,96.23619842529297,5125300
2025-07-11,98.16999816894531,98.25,98.0199966430664,98.05000305175781,95.83546447753906,6106500
2025-07-14,98.01000213623047,98.12999725341797,97.93000030517578,98.04000091552734,95.82569885253906,6231400
2025-07-15,98.16000366210938,98.16000366210938,97.69999694824219,97.75,95.54222869873047,9681000
2025-07-16,97.88999938964844,98.0199966430664,97.69000244140625,97.88999938964844,95.67906951904297,23556800
2025-07-17,97.9800033569336,98.05999755859375,97.86000061035156,97.93000030517578,95.71817779541016,8355500
2025-07-18,98.1500015258789,98.16999816894531,98.04000091552734,98.11000061035156,95.89411163330078,8443800
2025-07-21,98.45999908447266,98.54000091552734,98.36000061035156,98.37999725341797,96.15801239013672,6865700
2025-07-22,98.4800033569336,98.63999938964844,98.43000030517578,98.56999969482422,96.3437271118164,6172700
2025-07-23,98.44999694824219,98.4800033569336,98.31999969482422,98.3499984741211,96.12869262695312,7466900
2025-07-24,98.11000061035156,98.36000061035156,98.08999633789062,98.29000091552734,96.0700454711914,9643800
2025-07-25,98.30000305175781,98.4800033569336,98.25,98.44999694824219,96.22642517089844,5530400
2025-07-28,98.36000061035156,98.41999816894531,98.27999877929688,98.31999969482422,96.09935760498047,7032200
2025-07-29,98.41999816894531,98.8499984741211,98.41999816894531,98.8499984741211,96.61739349365234,12015200
2025-07-30,98.66999816894531,98.81999969482422,98.5199966430664,98.56999969482422,96.3437271118164,8305400
2025-07-31,98.72000122070312,98.83000183105469,98.56999969482422,98.62000274658203,96.39259338378906,19774600
2025-08-01,98.87000274658203,99.16000366210938,98.8499984741211,99.13999938964844,97.22618865966797,12416200
2025-08-04,99.16000366210938,99.23999786376953,99.02999877929688,99.22000122070312,97.30464172363281,6717900
2025-08-05,99.12999725341797,99.30999755859375,99.11000061035156,99.25,97.33406066894531,9092400
2025-08-06,99.13999938964844,99.29000091552734,98.83999633789062,99.20999908447266,97.2948226928711,8102700
2025-08-07,99.2300033569336,99.31999969482422,99.08999633789062,99.12999725341797,97.21636962890625,7869300
2025-08-08,99.0,99.12000274658203,98.88999938964844,98.94000244140625,97.0300521850586,8238100
2025-08-11,99.01000213623047,99.12000274658203,98.94000244140625,99.01000213623047,97.09869384765625,9698300
2025-08-12,98.91000366210938,99.01000213623047,98.80000305175781,99.01000213623047,97.09869384765625,12239500
2025-08-13,99.27999877929688,99.41000366210938,99.26000213623047,99.37000274658203,97.4517593383789,5386800
2025-08-14,99.18000030517578,99.2699966430664,99.0199966430664,99.08999633789062,97.17715454101562,5208500
2025-08-15,99.06999969482422,99.0999984741211,98.87000274658203,98.94000244140625,97.0300521850586,6884600
2025-08-18,98.98999786376953,99.0,98.75,98.83000183105469,96.92216491699219,7906400
2025-08-19,98.94000244140625,99.04000091552734,98.91000366210938,99.0199966430664,97.10848999023438,9946800
2025-08-20,98.98999786376953,99.16000366210938,98.9800033569336,99.08000183105469,97.16735076904297,5615200
2025-08-21,98.95999908447266,98.98999786376953,98.7300033569336,98.8499984741211,96.94178771972656,7129200
2025-08-22,99.02999877929688,99.44999694824219,99.0,99.4000015258789,97.48116302490234,9451400
2025-08-25,99.20999908447266,99.33999633789062,99.16000366210938,99.25,97.33406066894531,5624900
2025-08-26,99.23999786376953,99.38999938964844,99.16000366210938,99.37000274658203,97.4517593383789,4696000
2025-08-27,99.22000122070312,99.47000122070312,99.16999816894531,99.47000122070312,97.54981994628906,7320800
2025-08-28,99.43000030517578,99.61000061035156,99.41000366210938,99.58999633789062,97.66748809814453,7068500
2025-08-29,99.47000122070312,99.54000091552734,99.4000015258789,99.45999908447266,97.54000091552734,9181400
2025-09-02,98.81999969482422,98.94999694824219,98.79000091552734,98.87000274658203,97.28123474121094,8529800
2025-09-03,98.94999694824219,99.33000183105469,98.94999694824219,99.2300033569336,97.63545989990234,8400000
2025-09-04,99.44000244140625,99.63999938964844,99.33999633789062,99.62999725341797,98.02901458740234,6297100
2025-09-05,100.13999938964844,100.2300033569336,100.08000183105469,100.0999984741211,98.49147033691406,7617200
2025-09-08,100.33000183105469,100.44999694824219,100.30000305175781,100.44000244140625,98.82601165771484,7202700
2025-09-09,100.37999725341797,100.45999908447266,100.16000366210938,100.23999786376953,98.62921905517578,7090000
2025-09-10,100.41000366210938,100.58999633789062,100.33999633789062,100.44000244140625,98.82601165771484,5952400
2025-09-11,100.55000305175781,100.77999877929688,100.52999877929688,100.62999725341797,99.01295471191406,6776500
2025-09-12,100.4800033569336,100.54000091552734,100.33999633789062,100.54000091552734,98.92439270019531,6525900
2025-09-15,100.66999816894531,100.73999786376953,100.62000274658203,100.70999908447266,99.09166717529297,5039000
2025-09-16,100.75,100.97000122070312,100.6500015258789,100.75,99.13101959228516,8264600
2025-09-17,100.87000274658203,101.0199966430664,100.48999786376953,100.56999969482422,98.95391845703125,7878300
2025-09-18,100.2699966430664,100.41000366210938,100.16000366210938,100.29000091552734,98.67842102050781,7123700
2025-09-19,100.30000305175781,100.36000061035156,100.20999908447266,100.29000091552734,98.67842102050781,7238500
2025-09-22,100.26000213623047,100.29000091552734,100.12000274658203,100.16999816894531,98.56034088134766,5642100
2025-09-23,100.23999786376953,100.36000061035156,100.16000366210938,100.33000183105469,98.71778106689453,8095500
2025-09-24,100.25,100.26000213623047,100.11000061035156,100.13999938964844,98.53083038330078,6610800
2025-09-25,100.0,100.05999755859375,99.8499984741211,100.0,98.39308166503906,8743500
2025-09-26,100.08999633789062,100.20999908447266,99.97000122070312,100.06999969482422,98.46194458007812,6868100
2025-09-29,100.18000030517578,100.33000183105469,100.13999938964844,100.26000213623047,98.64888763427734,7751600
2025-09-30,100.33000183105469,100.48999786376953,100.19999694824219,100.25,98.63905334472656,12400700
2025-10-01,100.18000030517578,100.26000213623047,100.02999877929688,100.18000030517578,98.89077758789062,6961300
2025-10-02,100.13999938964844,100.31999969482422,100.0999984741211,100.29000091552734,98.99935913085938,6055800
2025-10-03,100.31999969482422,100.37999725341797,100.16000366210938,100.18000030517578,98.89077758789062,5268700
2025-10-06,100.0,100.1500015258789,99.94999694824219,99.95999908447266,98.6736068725586,6950200
2025-10-07,100.08000183105469,100.2300033569336,100.0199966430664,100.12999725341797,98.84141540527344,6379200
2025-10-08,100.30999755859375,100.33000183105469,100.11000061035156,100.13999938964844,98.8512954711914,5726900
2025-10-09,100.08000183105469,100.0999984741211,100.0,100.0199966430664,98.73282623291016,5199500
2025-10-10,100.36000061035156,100.54000091552734,100.25,100.43000030517578,99.13755798339844,10204100
2025-10-13,100.45999908447266,100.62999725341797,100.36000061035156,100.62000274658203,99.32511901855469,8320400
2025-10-14,100.56999969482422,100.79000091552734,100.52999877929688,100.77999877929688,99.4830551147461,8508700
2025-10-15,100.81999969482422,100.93000030517578,100.6500015258789,100.73999786376953,99.44356536865234,6297000
2025-10-16,100.69000244140625,101.11000061035156,100.66999816894531,101.0999984741211,99.79893493652344,10035200
2025-10-17,101.01000213623047,101.01000213623047,100.86000061035156,100.95999908447266,99.66073608398438,11738900
2025-10-20,101.06999969482422,101.12999725341797,101.0199966430664,101.12999725341797,99.82855224609375,7299100
2025-10-21,101.2699966430664,101.3499984741211,101.19999694824219,101.2300033569336,99.9272689819336,12965900
2025-10-22,101.16000366210938,101.23999786376953,101.08999633789062,101.22000122070312,99.91738891601562,13263200
2025-10-23,101.11000061035156,101.16999816894531,101.01000213623047,101.04000091552734,99.73971557617188,9975000
2025-10-24,101.16999816894531,101.19999694824219,101.0199966430664,101.13999938964844,99.83842468261719,6544500
2025-10-27,101.08000183105469,101.20999908447266,100.97000122070312,101.20999908447266,99.90752410888672,8527600
2025-10-28,101.19000244140625,101.30000305175781,101.13999938964844,101.2699966430664,99.96675109863281,10300500
2025-10-29,101.25,101.25,100.76000213623047,100.79000091552734,99.49292755126953,9275700
2025-10-30,100.4800033569336,100.76000213623047,100.45999908447266,100.5999984741211,99.30537414550781,13563800
2025-10-31,100.66000366210938,100.69999694824219,100.5,100.54000091552734,99.24613952636719,13111900
2025-11-03,100.06999969482422,100.1500015258789,100.0,100.08999633789062,99.12432098388672,9042100
2025-11-04,100.1500015258789,100.27999877929688,100.12999725341797,100.13999938964844,99.1738510131836,29687500
2025-11-05,100.0999984741211,100.11000061035156,99.81999969482422,99.87000274658203,98.90644836425781,8164900
2025-11-06,100.18000030517578,100.30000305175781,100.13999938964844,100.23999786376953,99.27288055419922,7247600
2025-11-07,100.12999725341797,100.33999633789062,100.11000061035156,100.19999694824219,99.23326110839844,5708300
2025-11-10,100.19999694824219,100.2699966430664,100.0999984741211,100.16000366210938,99.19365692138672,7945000
2025-11-11,100.37999725341797,100.48999786376953,100.33000183105469,100.45999908447266,99.49076080322266,5186200
2025-11-12,100.41999816894531,100.5,100.36000061035156,100.41999816894531,99.45114135742188,6267300
2025-11-13,100.23999786376953,100.33000183105469,100.12000274658203,100.12000274658203,99.15403747558594,7541600
2025-11-14,100.30000305175781,100.33000183105469,99.9800033569336,100.0,99.03520202636719,6350400
2025-11-17,100.05000305175781,100.13999938964844,100.01000213623047,100.0199966430664,99.05500030517578,7821800
2025-11-18,100.25,100.2699966430664,100.0,100.08000183105469,99.11443328857422,7731800
2025-11-19,100.19999694824219,100.25,100.02999877929688,100.08000183105469,99.11443328857422,8951700
2025-11-20,100.18000030517578,100.27999877929688,100.13999938964844,100.19999694824219,99.23326110839844,12968000
2025-11-21,100.44999694824219,100.5,100.27999877929688,100.44000244140625,99.47095489501953,9334500
2025-11-24,100.51000213623047,100.66000366210938,100.5,100.63999938964844,99.66902160644531,7717600
2025-11-25,100.70999908447266,100.94999694824219,100.69999694824219,100.80000305175781,99.82748413085938,16788400
2025-11-26,100.77999877929688,100.97000122070312,100.66000366210938,100.95999908447266,99.98593139648438,8935000
2025-11-28,100.91000366210938,100.94000244140625,100.69999694824219,100.81999969482422,99.84728240966797,5064800
2025-12-01,100.06999969482422,100.13999938964844,100.0199966430664,100.05999755859375,99.41608428955078,7249300
2025-12-02,100.06999969482422,100.22000122070312,100.04000091552734,100.19000244140625,99.54524993896484,7972000
2025-12-03,100.30000305175781,100.38999938964844,100.20999908447266,100.37999725341797,99.73401641845703,9744400
2025-12-04,100.25,100.30999755859375,100.11000061035156,100.13999938964844,99.49556732177734,6953200
2025-12-05,100.16999816894531,100.16999816894531,99.95999908447266,100.02999877929688,99.38627624511719,6870000
2025-12-08,100.0199966430664,100.02999877929688,99.73999786376953,99.87000274658203,99.22730255126953,8039100
2025-12-09,100.04000091552734,100.04000091552734,99.7699966430664,99.77999877929688,99.13788604736328,5967900
2025-12-10,99.7699966430664,100.12999725341797,99.76000213623047,100.0999984741211,99.45581817626953,9279700
2025-12-11,100.31999969482422,100.3499984741211,100.08000183105469,100.12000274658203,99.47569274902344,9961200
2025-12-12,99.83999633789062,99.91999816894531,99.77999877929688,99.80999755859375,99.16768646240234,7588300
2025-12-15,100.01000213623047,100.08000183105469,99.87999725341797,99.91000366210938,99.26705169677734,9960300
2025-12-16,99.87000274658203,100.1500015258789,99.86000061035156,100.0999984741211,99.45581817626953,8614000
2025-12-17,100.02999877929688,100.13999938964844,100.0199966430664,100.06999969482422,99.42601776123047,12011000
2025-12-18,100.31999969482422,100.37000274658203,100.22000122070312,100.31999969482422,99.67440795898438,8191000
2025-12-19,99.88999938964844,99.94999694824219,99.80000305175781,99.83999633789062,99.52885437011719,6216400
2025-12-22,99.81999969482422,99.83000183105469,99.73999786376953,99.80000305175781,99.4889907836914,6178400
2025-12-23,99.5999984741211,99.81999969482422,99.58000183105469,99.80000305175781,99.4889907836914,9744100
2025-12-24,99.9000015258789,100.04000091552734,99.8499984741211,100.0199966430664,99.70829772949219,4483900
2025-12-26,100.12999725341797,100.1500015258789,99.97000122070312,100.04000091552734,99.72824096679688,6503700
2025-12-29,100.12000274658203,100.19000244140625,100.05999755859375,100.16000366210938,99.84786987304688,7886700
2025-12-30,100.05999755859375,100.18000030517578,100.02999877929688,100.12000274658203,99.80799102783203,7955800
2025-12-31,100.0199966430664,100.12000274658203,99.87999725341797,99.87999725341797,99.56873321533203,13535500
