date,btc_adj_close,btc_volume,eth_adj_close,eth_volume,sp500_adj_close,sp500_volume,vti_adj_close,vti_volume,agg_adj_close,agg_volume,tyield
2/1/2014,,,,,1831.97998,3080600000,77.64329529,3728200,76.92888641,1346600,3
3/1/2014,,,,,1831.369995,2774270000,77.62699127,3206300,76.95778656,2293500,3.01
6/1/2014,,,,,1826.77002,3294850000,77.42280579,3169400,77.05891418,4413900,2.98
7/1/2014,,,,,1837.880005,3511750000,77.9209671,2617200,77.09500122,1255700,2.96
8/1/2014,,,,,1837.48999,3652140000,77.97811127,3783100,76.86388397,1090800,3.01
9/1/2014,,,,,1838.130005,3581150000,78.04344177,3440500,76.97220612,829400,2.97
10/1/2014,,,,,1842.369995,3335710000,78.26393127,2903700,77.36225128,1484400,2.88
13/1/2014,,,,,1819.199951,3591350000,77.27583313,4322200,77.43451691,1139500,2.84
14/1/2014,,,,,1838.880005,3353270000,78.12511444,2660500,77.3189621,987500,2.88
15/1/2014,,,,,1848.380005,3777800000,78.51708221,2525100,77.25393677,1664800,2.9
16/1/2014,,,,,1845.890015,3491310000,78.45993805,3058200,77.43451691,3113700,2.86
17/1/2014,,,,,1838.699951,3626120000,78.15779114,2716300,77.47064209,588700,2.84
21/1/2014,,,,,1843.800049,3782470000,78.4190979,5557200,77.50675964,1777100,2.85
22/1/2014,,,,,1844.859985,3374170000,78.56606293,1860300,77.34059143,892900,2.87
23/1/2014,,,,,1828.459961,3972250000,77.88829803,3223500,77.54286194,1901200,2.79
24/1/2014,,,,,1790.290039,4618450000,76.20608521,7275200,77.70902252,783200,2.75
27/1/2014,,,,,1781.560059,4045200000,75.71612549,6664700,77.54286194,1335000,2.78
28/1/2014,,,,,1792.5,3437830000,76.24687958,10136000,77.67293549,1306400,2.77
29/1/2014,,,,,1774.199951,3964020000,75.4629364,4720200,77.90408325,1116200,2.69
30/1/2014,,,,,1794.189941,3547510000,76.34489441,2540800,77.91848755,3074400,2.72
31/1/2014,,,,,1782.589966,4059690000,75.84675598,4099600,78.06297302,3195200,2.67
3/2/2014,,,,,1741.890015,4726040000,74.06653595,6568100,78.32785034,1976100,2.61
4/2/2014,,,,,1755.199951,4068410000,74.63002014,3427200,78.1397171,2289000,2.64
5/2/2014,,,,,1751.640015,3984290000,74.51568604,3407300,77.94429016,1162000,2.7
6/2/2014,,,,,1773.430054,3825410000,75.42211151,3237300,77.90808105,1127700,2.73
7/2/2014,,,,,1797.02002,3775990000,76.39391327,3538500,78.03110504,611700,2.71
10/2/2014,,,,,1799.839966,3312160000,76.48371124,3419800,78.11075592,1097200,2.7
11/2/2014,,,,,1819.75,3699380000,77.35752106,4287900,77.95879364,1493200,2.75
12/2/2014,,,,,1819.26001,3326380000,77.46366119,3128700,77.82849121,714100,2.8
13/2/2014,,,,,1829.829956,3289510000,77.93728638,2726400,77.99494171,777400,2.73
14/2/2014,,,,,1838.630005,3114750000,78.31291962,2244000,77.99494171,708800,2.75
18/2/2014,,,,,1840.76001,3421110000,78.54157257,3006400,78.04558563,940900,2.71
19/2/2014,,,,,1828.75,3661570000,78.01893616,2320600,77.98770905,902600,2.73
20/2/2014,,,,,1839.780029,3404980000,78.54157257,2657600,77.94429016,894000,2.76
21/2/2014,,,,,1836.25,3403880000,78.47623444,1952000,78.01662445,395300,2.73
24/2/2014,,,,,1847.609985,4014530000,78.92538452,2357600,77.94429016,838500,2.75
25/2/2014,,,,,1845.119995,3515560000,78.89271545,2427300,78.15412903,542100,2.7
26/2/2014,,,,,1845.160034,3716730000,78.97439575,1934600,78.32062531,617000,2.67
27/2/2014,,,,,1854.290039,3547460000,79.39086914,1594000,78.40022278,628900,2.65
28/2/2014,,,,,1859.449951,3917450000,79.53786469,2302800,78.35678864,1589500,2.66
3/3/2014,,,,,1845.72998,3428220000,78.95805359,2743400,78.55979156,2533900,2.6
4/3/2014,,,,,1873.910034,3765770000,80.19931793,3105300,78.26979828,953700,2.7
5/3/2014,,,,,1873.810059,3392990000,80.21562195,1855300,78.31330109,2852300,2.7
6/3/2014,,,,,1877.030029,3360450000,80.36260986,2084500,78.1392746,689200,2.74
7/3/2014,,,,,1878.040039,3564740000,80.33811951,2312100,77.92172241,701700,2.8
10/3/2014,,,,,1877.170044,3021350000,80.28096008,2586600,77.92172241,877800,2.79
11/3/2014,,,,,1867.630005,3392400000,79.83181763,3718500,77.91451263,2060700,2.77
12/3/2014,,,,,1868.199951,3270860000,79.88899231,2225600,78.08854675,943300,2.73
13/3/2014,,,,,1846.339966,3670990000,78.96620178,3482400,78.2915802,660900,2.66
14/3/2014,,,,,1841.130005,3285460000,78.86823273,2892400,78.25531006,741800,2.65
17/3/2014,,,,,1858.829956,2860490000,79.49700165,2735800,78.2117691,590800,2.7
18/3/2014,,,,,1872.25,2930190000,80.17479706,3672500,78.30606842,568500,2.68
19/3/2014,,,,,1860.77002,3289210000,79.71749115,2705400,77.95799255,702000,2.78
20/3/2014,,,,,1872.01001,3327540000,80.11765289,1466900,77.90003204,1100600,2.79
21/3/2014,,,,,1866.52002,5270710000,79.82363892,2821700,78.00880432,756600,2.75
24/3/2014,,,,,1857.439941,3409000000,79.35819244,3922600,78.12480164,712800,2.74
25/3/2014,,,,,1865.619995,3200560000,79.63948822,1740900,78.04502869,1377600,2.75
26/3/2014,,,,,1852.560059,3480850000,78.97518921,2896000,78.2915802,593900,2.71
27/3/2014,,,,,1849.040039,3733430000,78.81113434,3835100,78.34950256,1299200,2.69
28/3/2014,,,,,1857.619995,2955520000,79.16378784,1533200,78.23350525,865600,2.73
31/3/2014,,,,,1872.339966,3274300000,79.94297791,2978400,78.24078369,1452200,2.73
1/4/2014,,,,,1885.52002,3336190000,80.56630707,3881700,78.12090302,760000,2.77
2/4/2014,,,,,1890.900024,3131660000,80.8205719,2855300,77.99015045,1550700,2.82
3/4/2014,,,,,1888.77002,3055600000,80.59912872,2169700,78.0483017,1126700,2.8
4/4/2014,,,,,1865.089966,3583750000,79.49186707,3026800,78.29524994,1043600,2.74
7/4/2014,,,,,1845.040039,3801540000,78.54047394,5316200,78.41149902,679500,2.71
8/4/2014,,,,,1851.959961,3721450000,78.8849411,3728200,78.50593567,1435700,2.69
9/4/2014,,,,,1872.180054,3308650000,79.82815552,1975300,78.51320648,1167100,2.71
10/4/2014,,,,,1833.079956,3758780000,78.07295227,3283000,78.69477081,1033300,2.65
11/4/2014,,,,,1815.689941,3743460000,77.30199432,3380100,78.7674408,1168700,2.63
14/4/2014,,,,,1830.609985,3111540000,77.82691193,3248600,78.79650116,1002800,2.65
15/4/2014,,,,,1842.97998,3736440000,78.3600235,3339400,78.80376434,1442100,2.64
16/4/2014,,,,,1862.310059,3155080000,79.1802063,4498500,78.84737396,2245600,2.65
17/4/2014,,,,,1864.849976,3341430000,79.33602905,2241100,78.59312439,1262900,2.73
21/4/2014,,,,,1871.890015,2642500000,79.65593719,3043000,78.58583069,1018200,2.73
22/4/2014,,,,,1879.550049,3215440000,80.06599426,2442400,78.57130432,1034800,2.73
23/4/2014,,,,,1875.390015,3085720000,79.86095428,1798400,78.65117645,746000,2.7
24/4/2014,,,,,1878.609985,3191830000,79.96759033,1471400,78.72386932,494000,2.7
25/4/2014,,,,,1863.400024,3213020000,79.18841553,1927700,78.73838806,489700,2.68
28/4/2014,,,,,1869.430054,4034680000,79.30325317,2046000,78.68755341,523300,2.7
29/4/2014,,,,,1878.329956,3647820000,79.69693756,3062500,78.72386932,858600,2.71
30/4/2014,,,,,1883.949951,3779230000,79.9921875,1423900,78.88365936,1313000,2.67
1/5/2014,,,,,1883.680054,3416740000,80.01677704,1776300,78.99863434,1727500,2.63
2/5/2014,,,,,1881.140015,3159560000,79.95119476,1687900,79.09324646,1075300,2.6
5/5/2014,,,,,1884.660034,2733730000,80.08240509,1300900,79.06414795,1261100,2.63
6/5/2014,,,,,1867.719971,3327260000,79.34425354,1335400,79.12240601,786800,2.61
7/5/2014,,,,,1878.209961,3632950000,79.71333313,1644100,79.12240601,664900,2.62
8/5/2014,,,,,1875.630005,3393420000,79.50008392,1863500,79.17330933,2023400,2.61
9/5/2014,,,,,1878.47998,3025020000,79.69693756,1637500,79.10057831,812800,2.62
12/5/2014,,,,,1896.650024,3005740000,80.59912872,1847400,79.03504181,472900,2.66
13/5/2014,,,,,1897.449951,2915680000,80.54992676,1526600,79.16606903,577500,2.61
14/5/2014,,,,,1888.530029,2822060000,80.10701752,1387500,79.39167023,1321600,2.54
15/5/2014,,,,,1870.849976,3552640000,79.36885071,2149200,79.55901337,2408900,2.5
16/5/2014,,,,,1877.859985,3173650000,79.7051239,1149800,79.47172546,558700,2.52
19/5/2014,,,,,1885.079956,2664250000,80.07421112,1209700,79.44256592,945900,2.54
20/5/2014,,,,,1872.829956,3007700000,79.4754715,1858800,79.47895813,1102200,2.52
21/5/2014,,,,,1888.030029,2777140000,80.09062958,1286400,79.44992828,804400,2.54
22/5/2014,,,,,1892.48999,2759800000,80.36127472,962400,79.41345978,633900,2.56
23/5/2014,,,,,1900.530029,2396280000,80.77957153,1171900,79.49355316,435500,2.54
27/5/2014,,,,,1911.910034,2911020000,81.31267548,1458800,79.56634521,762600,2.52
28/5/2014,,,,,1909.780029,2976450000,81.22246552,1383000,79.78462982,692300,2.44
29/5/2014,,,,,1920.030029,2709050000,81.65715027,1320000,79.74098969,981400,2.45
30/5/2014,,,,,1923.569946,3263490000,81.67357635,1444700,79.81375885,5554700,2.48
2/6/2014,,,,,1924.969971,2509020000,81.77198792,2762600,79.57095337,2822900,2.54
3/6/2014,,,,,1924.23999,2867180000,81.73918152,942000,79.35952759,864600,2.6
4/6/2014,,,,,1927.880005,2793920000,81.91140747,1754100,79.33037567,1445700,2.61
5/6/2014,,,,,1940.459961,3113270000,82.57575226,1797400,79.43240356,643500,2.59
6/6/2014,,,,,1949.439941,2864300000,83.00225067,1929400,79.38864899,839500,2.6
9/6/2014,,,,,1951.27002,2812180000,83.14170074,1683400,79.31576538,1133400,2.62
10/6/2014,,,,,1950.790039,2702360000,83.12528229,1569800,79.19908142,823300,2.64
11/6/2014,,,,,1943.890015,2710620000,82.84642792,2068800,79.25739288,1171200,2.65
12/6/2014,,,,,1930.109985,3040480000,82.25589752,2197400,79.41056824,1224200,2.58
13/6/2014,,,,,1936.160034,2598230000,82.52653503,2099300,79.38864899,1040900,2.6
16/6/2014,,,,,1937.780029,2926130000,82.59215546,2778000,79.34492493,1308900,2.61
17/6/2014,,,,,1941.98999,2971260000,82.88741302,1089700,79.19908142,842300,2.66
18/6/2014,,,,,1956.97998,3065220000,83.50255585,1326200,79.41056824,504400,2.61
19/6/2014,,,,,1959.47998,2952150000,83.60097504,2130700,79.29388428,690000,2.64
20/6/2014,,,,,1962.869995,4336240000,83.79780579,1952800,79.43240356,690600,2.63
23/6/2014,,,,,1962.609985,2717630000,83.77324677,1308600,79.35952759,559700,2.63
24/6/2014,,,,,1949.97998,3089700000,83.18846893,1613400,79.49802399,740800,2.59
25/6/2014,,,,,1959.530029,3106710000,83.60852051,1379200,79.6073761,713700,2.57
26/6/2014,,,,,1957.219971,2778840000,83.55910492,1423900,79.76049805,673700,2.53
27/6/2014,,,,,1960.959961,4290590000,83.78144836,1378800,79.76049805,668200,2.54
30/6/2014,,,,,1960.22998,3037350000,83.81439972,1600800,79.76780701,1046900,2.53
1/7/2014,,,,,1973.319946,3188240000,84.41558838,1818500,79.66990662,1038500,2.58
2/7/2014,,,,,1974.619995,2851480000,84.36618805,1504300,79.39239502,1381400,2.64
3/7/2014,,,,,1985.439941,1998090000,84.81095123,987100,79.34123993,634500,2.65
7/7/2014,,,,,1977.650024,2681260000,84.36618805,2198400,79.3631897,1253300,2.63
8/7/2014,,,,,1963.709961,3302430000,83.72379303,2130100,79.52385712,2024000,2.58
9/7/2014,,,,,1972.829956,2858800000,84.08615112,1866600,79.58959198,785500,2.57
10/7/2014,,,,,1964.680054,3165690000,83.71555328,1564100,79.62612152,791500,2.55
11/7/2014,,,,,1967.569946,2684630000,83.78970337,1252800,79.73569489,606800,2.53
14/7/2014,,,,,1977.099976,2744920000,84.19324493,1060300,79.66990662,710400,2.55
15/7/2014,,,,,1973.280029,3328740000,83.97910309,2591200,79.56767273,660200,2.56
16/7/2014,,,,,1981.569946,3390950000,84.19324493,1933100,79.63339233,725600,2.55
17/7/2014,,,,,1958.119995,3381680000,83.22143555,1980400,79.86714935,1158400,2.47
18/7/2014,,,,,1978.219971,3106060000,84.119133,996200,79.77949524,543600,2.5
21/7/2014,,,,,1973.630005,2611160000,83.92147064,1434700,79.80873871,585700,2.49
22/7/2014,,,,,1983.530029,2890480000,84.34973145,1198300,79.94019318,724700,2.48
23/7/2014,,,,,1987.01001,2869720000,84.54736328,736500,79.95477295,711800,2.48
24/7/2014,,,,,1987.97998,3203530000,84.56383514,926000,79.7064743,853400,2.52
25/7/2014,,,,,1978.339966,2638960000,84.119133,1139700,79.85987091,506200,2.48
28/7/2014,,,,,1978.910034,2803320000,84.09442902,1189400,79.87446594,673000,2.5
29/7/2014,,,,,1969.949951,3183300000,83.78970337,1090900,79.95477295,2977100,2.47
30/7/2014,,,,,1970.069946,3448250000,83.84733582,1552900,79.66990662,1245000,2.57
31/7/2014,,,,,1930.670044,4193000000,82.14257813,2938500,79.56767273,1066400,2.58
1/8/2014,,,,,1925.150024,3789660000,81.93669128,5157300,79.86773682,1064400,2.52
4/8/2014,,,,,1938.98999,3072920000,82.4967041,3320100,79.85308838,1496900,2.51
5/8/2014,,,,,1920.209961,3462520000,81.77197266,2855200,79.85308838,1875100,2.49
6/8/2014,,,,,1920.23999,3539150000,81.78842163,1763200,79.86040497,708800,2.49
7/8/2014,,,,,1909.569946,3230520000,81.36016846,3313500,80.01408386,1246500,2.43
8/8/2014,,,,,1931.589966,2902280000,82.29902649,1566700,80.04335785,1339200,2.44
11/8/2014,,,,,1936.920044,2784890000,82.59555054,1979500,80.05065918,1632900,2.44
12/8/2014,,,,,1933.75,2611700000,82.44729614,1375300,80.01408386,876000,2.46
13/8/2014,,,,,1946.719971,2718020000,83.03202057,1208200,80.1750412,3471700,2.43
14/8/2014,,,,,1955.180054,2609460000,83.39440155,1850400,80.21894073,1072900,2.4
15/8/2014,,,,,1955.060059,3023380000,83.40261841,3760300,80.41653442,2593200,2.34
18/8/2014,,,,,1971.73999,2638160000,84.15206909,2718600,80.24823761,1424400,2.39
19/8/2014,,,,,1981.599976,2656430000,84.57206726,1896800,80.13843536,1820700,2.4
20/8/2014,,,,,1986.51001,2579560000,84.76972961,2929800,80.05065918,929500,2.43
21/8/2014,,,,,1992.369995,2638920000,84.95915985,1591300,80.18972778,775600,2.41
22/8/2014,,,,,1988.400024,2301860000,84.83561707,1746400,80.1750412,801900,2.4
25/8/2014,,,,,1997.920044,2233880000,85.2803421,1216700,80.24095154,3473800,2.39
26/8/2014,,,,,2000.02002,2451950000,85.43686676,1464800,80.24823761,543400,2.39
27/8/2014,,,,,2000.119995,2344350000,85.38741302,1154500,80.35070801,866100,2.37
28/8/2014,,,,,1996.73999,2282400000,85.29681396,1429300,80.51168823,1123700,2.34
29/8/2014,,,,,2003.369995,2259130000,85.55213928,1737000,80.48240662,1473300,2.35
2/9/2014,,,,,2002.280029,2819980000,85.61799622,1738200,80.23685455,1029300,2.42
3/9/2014,,,,,2000.719971,2809980000,85.52739716,1523900,80.32478333,1311700,2.41
4/9/2014,,,,,1997.650024,3072410000,85.34622955,1591200,80.22214508,1308900,2.45
5/9/2014,,,,,2007.709961,2818300000,85.74156189,1490400,80.17816925,798500,2.46
8/9/2014,,,,,2001.540039,2789090000,85.56860352,1416200,80.09759521,895300,2.48
9/9/2014,,,,,1988.439941,2882830000,84.96738434,1296100,79.98758698,689500,2.5
10/9/2014,,,,,1995.689941,2912430000,85.28858948,1290900,79.87762451,974400,2.54
11/9/2014,,,,,1997.449951,2941690000,85.44506073,1617300,79.79698944,753500,2.54
12/9/2014,,,,,1985.540039,3206570000,84.89326477,2477200,79.63570404,1327600,2.62
15/9/2014,,,,,1984.130005,2776530000,84.67090607,3846200,79.62103271,1210800,2.6
16/9/2014,,,,,1998.97998,3160310000,85.27212524,1242500,79.62103271,851000,2.6
17/9/2014,457.3340149,21056800,,,2001.569946,3209420000,85.3627243,2085200,79.53307343,707200,2.62
18/9/2014,424.4400024,34483200,,,2011.359985,3235340000,85.79919434,1829200,79.54039764,707600,2.63
19/9/2014,394.79599,37919700,,,2010.400024,4880220000,85.63446808,1933000,79.67236328,929900,2.59
22/9/2014,402.1520081,24127600,,,1994.290039,3349670000,84.84383392,2333100,79.78231049,592400,2.57
23/9/2014,435.7909851,45099500,,,1982.77002,3279350000,84.30028534,1965300,79.85561371,705200,2.54
24/9/2014,423.2049866,30627700,,,1998.300049,3313850000,84.95802307,2364300,79.80434418,836700,2.57
25/9/2014,411.5740051,26814400,,,1965.98999,3273050000,83.6260376,3000900,79.95824432,1161900,2.52
26/9/2014,404.4249878,21460800,,,1982.849976,2929440000,84.30445862,2227400,79.95090485,1729500,2.54
29/9/2014,375.4670105,32497700,,,1977.800049,3094440000,84.15549469,2827800,80.03888702,7243700,2.5
30/9/2014,386.9440002,34707300,,,1972.290039,3951100000,83.75841522,2140500,79.98758698,2335400,2.52
1/10/2014,383.6149902,26229400,,,1946.160034,4188590000,82.65805817,3989800,80.43477631,6605200,2.42
2/10/2014,375.071991,21777700,,,1946.170044,4012510000,82.69941711,3237400,80.30259705,4826800,2.44
3/10/2014,359.5119934,30901200,,,1967.900024,3560970000,83.6260376,2303800,80.2658844,2928900,2.45
6/10/2014,330.07901,79011800,,,1964.819946,3358220000,83.46057892,1758800,80.33938599,2145800,2.43
7/10/2014,336.1870117,49199900,,,1935.099976,3687870000,82.16994476,2152000,80.64777374,2328400,2.36
8/10/2014,352.9400024,54736300,,,1968.890015,4441890000,83.53501892,3455700,80.87545013,2477900,2.35
9/10/2014,365.026001,83641104,,,1928.209961,4344020000,81.81417847,3022400,80.71385956,1502800,2.34
10/10/2014,361.5620117,43665700,,,1906.130005,4550540000,80.79659271,3784900,80.77262115,1734400,2.31
13/10/2014,390.4140015,35221400,,,1874.73999,4352580000,79.50597382,5352300,81.00759888,1098500,2.26
14/10/2014,400.8699951,38491500,,,1877.699951,4812010000,79.7541275,3914100,81.19121552,3518500,2.21
15/10/2014,394.7730103,25267100,,,1862.48999,6090800000,79.30739594,8265900,81.33812714,2275400,2.15
16/10/2014,382.5559998,26990000,,,1862.76001,5073150000,79.48112488,6327700,81.27197266,1792900,2.17
17/10/2014,383.7579956,13600700,,,1886.76001,4482120000,80.34983826,3855100,81.16183472,2065800,2.22
20/10/2014,382.8450012,16419000,,,1904.01001,3331210000,81.15232086,2487500,81.25727081,1518300,2.2
21/10/2014,386.4750061,14188900,,,1941.280029,3987090000,82.75733185,4004400,81.18390656,2625000,2.23
22/10/2014,383.1579895,11641300,,,1927.109985,3761930000,82.11201477,3905800,81.13980103,3179200,2.25
23/10/2014,358.4169922,26456900,,,1950.819946,3789250000,83.10482025,4211600,80.94887543,1863100,2.29
24/10/2014,358.3450012,15585700,,,1964.579956,3078380000,83.68393707,2899600,80.97822571,1188900,2.29
27/10/2014,352.9890137,13033000,,,1961.630005,3538860000,83.56816101,2585900,81.00759888,1073100,2.27
28/10/2014,357.6180115,7845880,,,1985.050049,3653260000,84.6519165,2847500,80.88275909,1128600,2.3
29/10/2014,335.5910034,18192700,,,1982.300049,3740350000,84.5278244,2621200,80.70652008,1591000,2.34
30/10/2014,345.3049927,30177900,,,1994.650024,3586150000,85.04903412,2593400,80.83868408,2479500,2.32
31/10/2014,338.3210144,12545400,,,2018.050049,4292290000,86.05835724,3276300,80.83868408,3145100,2.35
3/11/2014,327.5539856,12948500,,,2017.810059,3555440000,86.10798645,3672500,80.68570709,2282400,2.36
4/11/2014,330.4920044,15655500,,,2012.099976,3956260000,85.79363251,2584200,80.69304657,2346300,2.35
5/11/2014,339.4859924,19817200,,,2023.569946,3766590000,86.19903564,2580400,80.72252655,2699600,2.36
6/11/2014,349.2900085,18797000,,,2031.209961,3669770000,86.62093353,2096200,80.58269501,1391400,2.39
7/11/2014,342.4150085,16834200,,,2031.920044,3704280000,86.68713379,1746300,80.8549118,1661400,2.32
10/11/2014,366.9240112,30450100,,,2038.26001,3284940000,86.9519043,2923500,80.66361237,846900,2.38
11/11/2014,367.6950073,15838900,,,2039.680054,2958320000,87.03460693,1178000,80.70043182,1138500,2.375
12/11/2014,423.5610046,45783200,,,2038.25,3246650000,87.01805115,1089800,80.70777893,1123700,2.37
13/11/2014,420.7349854,58945000,,,2039.329956,3455270000,87.00154114,1671100,80.74456024,860800,2.35
14/11/2014,397.8179932,29589200,,,2039.819946,3227130000,87.00978851,2173900,80.8180542,1073000,2.32
17/11/2014,387.4079895,41518800,,,2041.319946,3152890000,87.00154114,1449600,80.72252655,1403000,2.34
18/11/2014,375.197998,32222500,,,2051.800049,3416190000,87.51445007,1486000,80.79601288,1318400,2.32
19/11/2014,380.5549927,18931800,,,2048.719971,3390850000,87.29108429,1771200,80.60480499,1361800,2.36
20/11/2014,357.8399963,25233200,,,2052.75,3128290000,87.53927612,1502500,80.7518692,1155800,2.34
21/11/2014,350.8479919,29850100,,,2063.5,3916420000,88.00258636,3435600,80.84751129,1295000,2.31
24/11/2014,376.901001,30930100,,,2069.409912,3128060000,88.32524109,3990900,80.87696075,1355100,2.3
25/11/2014,375.3479919,25442200,,,2067.030029,3392940000,88.30867767,2310700,81.0535202,3187700,2.27
26/11/2014,368.3699951,18601700,,,2072.830078,2745260000,88.50724792,1178300,81.11972809,1205700,2.24
28/11/2014,376.446991,22946500,,,2067.560059,2504640000,88.19287109,944100,81.3698349,2072800,2.18
1/12/2014,379.2449951,11763000,,,2053.439941,4159010000,87.44830322,2754700,81.18695068,2811700,2.22
2/12/2014,381.3150024,12364100,,,2066.550049,3686650000,87.99429321,2450900,81.02468109,1469400,2.28
3/12/2014,375.0100098,13340100,,,2074.330078,3612680000,88.39141846,3299500,80.95093536,1998000,2.29
4/12/2014,369.6040039,14529600,,,2071.919922,3408340000,88.28388214,2417600,81.19432068,3001700,2.25
5/12/2014,376.8540039,15181800,,,2075.370117,3419620000,88.48242188,3314700,80.84768677,3477700,2.31
8/12/2014,361.9089966,18898700,,,2060.310059,3800990000,87.85366821,2070200,81.04682159,984100,2.26
9/12/2014,352.2189941,32915500,,,2059.820068,3970150000,87.90332794,3044100,81.17223358,1203000,2.22
10/12/2014,346.3649902,16427700,,,2026.140015,4114440000,86.46377563,3507300,81.31233978,1208000,2.18
11/12/2014,350.506012,32431300,,,2035.329956,3917950000,86.86087799,3340100,81.28284454,1447700,2.19
12/12/2014,352.5419922,16989800,,,2002.329956,4157650000,85.49576569,3956600,81.54093933,1714100,2.1
15/12/2014,345.3450012,17264200,,,1989.630005,4361990000,84.87531281,4328100,81.31970215,2540700,2.12
16/12/2014,327.0620117,30864900,,,1972.73999,4958680000,84.246521,7528300,81.51882935,1411700,2.07
17/12/2014,319.776001,37567900,,,2012.890015,4942370000,86.0500946,4949000,81.41557312,2167500,2.14
18/12/2014,311.3959961,39173000,,,2061.22998,4703380000,88.08531189,6384400,81.2016983,1865800,2.22
19/12/2014,317.8429871,23823100,,,2070.649902,6465530000,88.44935608,3575600,81.33442688,1865000,2.17
22/12/2014,331.8859863,22315100,,,2078.540039,3369520000,88.79945374,5630200,81.45981598,3827800,2.17
23/12/2014,334.571991,16574200,,,2082.169922,3043950000,88.99908447,4050500,81.08367157,2790800,2.26
24/12/2014,322.5339966,15092300,,,2081.879883,1416980000,89.02403259,1702600,81.17170715,922100,2.27
26/12/2014,327.9240112,16410500,,,2088.77002,1735230000,89.29017639,3293500,81.20875549,1124900,2.25
29/12/2014,312.6700134,12302500,,,2090.570068,2452360000,89.4814682,3746700,81.37895203,2199200,2.22
30/12/2014,310.7369995,12528300,,,2080.350098,2440280000,89.04066467,4473000,81.46775055,2069600,2.2
31/12/2014,320.1929932,13942900,,,2058.899902,2606070000,88.15906525,2224400,81.48993683,2493900,2.17
2/1/2015,315.0320129,7860650,,,2058.199951,2708700000,88.09254456,5298300,81.71932983,2090200,2.12
5/1/2015,274.473999,43962800,,,2020.579956,3799120000,86.57884979,5383500,81.89696503,3446200,2.04
6/1/2015,286.1889954,23245700,,,2002.609985,4460110000,85.73055267,4226100,82.10420227,3688100,1.97
7/1/2015,294.3370056,24866800,,,2025.900024,3805480000,86.75351715,3661500,82.08937073,3984400,1.96
8/1/2015,283.348999,19982500,,,2062.139893,3934010000,88.28383636,2796200,81.96359253,2212200,2.03
9/1/2015,290.4079895,18718600,,,2044.810059,3364140000,87.55192566,3272500,82.16336823,1322600,1.98
12/1/2015,267.79599,18880300,,,2028.26001,3456460000,86.92817688,3705900,82.22995758,2185700,1.92
13/1/2015,225.8609924,72843904,,,2023.030029,4107300000,86.72859192,2936200,82.25216675,5537000,1.91
14/1/2015,178.1029968,97638704,,,2011.27002,4378680000,86.25453186,3291600,82.45199585,3043600,1.86
15/1/2015,209.8439941,81773504,,,1992.670044,4276720000,85.38123322,5615200,82.82940674,2084000,1.77
16/1/2015,208.0970001,38421000,,,2019.420044,4056410000,86.51234436,2768900,82.5111618,2744500,1.83
20/1/2015,211.3150024,24051100,,,2022.550049,3944340000,86.63708496,3186900,82.65176392,2059400,1.82
21/1/2015,226.8970032,29924600,,,2032.119995,3730070000,87.02797699,3119400,82.50376129,2020200,1.87
22/1/2015,233.4060059,33544600,,,2063.149902,4176050000,88.35037994,3583500,82.45938873,2030400,1.9
23/1/2015,232.8789978,24621700,,,2051.820068,3573560000,87.95115662,4571900,82.66655731,1535000,1.81
26/1/2015,273.4729919,106794000,,,2057.090088,3465760000,88.3170929,4106500,82.62957764,2705200,1.83
27/1/2015,263.4750061,44399000,,,2029.550049,3329810000,87.28582001,2709300,82.58516693,1635900,1.83
28/1/2015,233.9149933,44352200,,,2002.160034,4067530000,86.10480499,2830400,82.9329834,1327800,1.73
29/1/2015,233.5130005,32213400,,,2021.25,4127140000,86.92817688,2607200,82.86637115,1752600,1.77
30/1/2015,226.4250031,26605200,,,1994.98999,4568650000,85.74716187,4486900,83.1623764,6252800,1.68
2/2/2015,238.2290039,30612100,,,2020.849976,4008330000,86.71192169,4083200,83.1594162,2792100,1.68
3/2/2015,227.2680054,40783700,,,2050.030029,4615900000,88.04264069,3322000,82.84069061,1815400,1.79
4/2/2015,226.8529968,26594300,,,2041.51001,4141920000,87.73493195,3141700,82.96672821,1953000,1.81
5/2/2015,217.1109924,22516400,,,2062.52002,3821990000,88.69968414,3163500,82.7962265,2409600,1.83
6/2/2015,222.2660065,24435300,,,2055.469971,4232970000,88.43354034,2844500,82.31451416,2531300,1.95
9/2/2015,220.1100006,27791300,,,2046.73999,3549540000,87.99273682,1773800,82.29965973,1724900,1.96
10/2/2015,219.8390045,21115100,,,2068.590088,3669850000,88.89096832,1866300,82.21070099,1272500,2.01
11/2/2015,219.1849976,17201900,,,2068.530029,3596860000,88.93254089,2184600,82.17367554,1803400,2
12/2/2015,221.7640076,15206200,,,2088.47998,3788350000,89.78916931,4443400,82.18849945,2123700,1.99
13/2/2015,235.427002,42744400,,,2096.98999,3527450000,90.21336365,3147700,82.09214783,1706200,2.02
17/2/2015,243.6100006,27363100,,,2100.340088,3361750000,90.35474396,4147000,81.75857544,2043000,2.14
18/2/2015,236.326004,25200800,,,2099.679932,3370020000,90.40464783,2542600,81.98836517,1442400,2.07
19/2/2015,240.2830048,18270500,,,2097.449951,3247100000,90.37969971,2349000,81.92164612,1443000,2.11
20/2/2015,243.779007,23876700,,,2110.300049,3281600000,90.88700104,2402600,81.93651581,2280700,2.13
23/2/2015,238.8919983,16400000,,,2109.659912,3093680000,90.87871552,3034000,82.08473969,1688200,2.06
24/2/2015,238.7350006,14200400,,,2115.47998,3199840000,91.08663177,2856500,82.44786835,1736700,1.99
25/2/2015,237.4700012,11496200,,,2113.860107,3312340000,91.05336761,2652100,82.507164,2319300,1.96
26/2/2015,236.4259949,13619400,,,2110.73999,3408690000,90.99513245,1742000,82.21070099,1837300,2.03
27/2/2015,253.8280029,44013900,,,2104.5,3547380000,90.67075348,1825400,82.41824341,3816400,2
2/3/2015,275.6700134,40465700,,,2117.389893,3409490000,91.22801971,2681100,81.99949646,7881900,2.08
3/3/2015,281.7019958,50461300,,,2107.780029,3262300000,90.85375214,2615700,81.89558411,4228400,2.12
4/3/2015,273.0920105,41383000,,,2098.530029,3421110000,90.48780823,1949900,81.94017029,1477100,2.12
5/3/2015,276.178009,41302400,,,2101.040039,3103030000,90.62918091,1752500,81.97724152,1053000,2.11
6/3/2015,272.7229919,28918900,,,2071.26001,3853570000,89.37333679,2799000,81.44272614,1872900,2.24
9/3/2015,289.6069946,59178200,,,2079.429932,3349090000,89.70601654,1827900,81.65059662,2724700,2.2
10/3/2015,291.7600098,67770800,,,2044.160034,3668900000,88.34207153,3543800,81.84360504,1708100,2.14
11/3/2015,296.3789978,33963900,,,2040.23999,3406570000,88.27552795,3071300,82.00694275,1171600,2.11
12/3/2015,294.3540039,32585200,,,2065.949951,3405860000,89.38165283,3907600,82.0737915,1416600,2.1
13/3/2015,285.3370056,31421500,,,2053.399902,3498560000,88.88265228,2073000,81.91778564,3235500,2.13
16/3/2015,290.5929871,21516100,,,2081.189941,3295600000,89.99711609,2706600,82.09604645,1305800,2.1
17/3/2015,285.5050049,21497200,,,2074.280029,3221840000,89.82247162,1754000,82.08122253,1423700,2.06
18/3/2015,256.2990112,57008000,,,2099.5,4128210000,90.85375214,3662900,82.68254089,1997800,1.93
19/3/2015,260.928009,52732000,,,2089.27002,3305220000,90.52940369,3901300,82.39302063,1929700,1.98
20/3/2015,261.7489929,18456700,,,2108.100098,5554120000,91.28623199,1741100,82.64539337,3833600,1.93
23/3/2015,266.7399902,22811900,,,2104.419922,3267960000,91.12819672,2084200,82.66027832,1120900,1.92
24/3/2015,245.5950012,40073700,,,2091.5,3189820000,90.64583588,3398600,82.88298798,2647300,1.88
25/3/2015,246.1970062,35866900,,,2061.050049,3521140000,89.23202515,2817000,82.72708893,1612300,1.93
26/3/2015,248.5319977,25730000,,,2056.149902,3510670000,89.05657959,3164500,82.43013,1377600,2.01
27/3/2015,247.029007,17274900,,,2061.02002,3008550000,89.2988739,3298000,82.54892731,5610200,1.95
30/3/2015,247.526001,23009600,,,2086.23999,2917690000,90.43527985,1885800,82.58601379,1310700,1.96
31/3/2015,244.223999,22672000,,,2067.889893,3376550000,89.61637878,2077100,82.72708893,2958100,1.94
1/4/2015,247.2720032,22877200,,,2059.689941,3543270000,89.44927216,11026400,82.99565125,1927300,1.87
2/4/2015,253.0050049,26272600,,,2066.959961,3095960000,89.73335266,2041200,82.88406372,1761700,1.92
6/4/2015,255.4920044,20034200,,,2080.620117,3302970000,90.35166931,2186600,82.93608856,1431000,1.92
7/4/2015,253.1799927,18467400,,,2076.330078,3065510000,90.05089569,1983900,82.95098114,1415200,1.89
8/4/2015,245.0220032,30086400,,,2081.899902,3265330000,90.43527985,2454300,82.95841217,903000,1.92
9/4/2015,243.6759949,21643500,,,2091.179932,3172360000,90.75279999,2214200,82.75011444,1728500,1.97
10/4/2015,236.0720062,28882000,,,2102.060059,3156200000,91.17893982,2406100,82.75011444,2055600,1.96
13/4/2015,224.5870056,31181800,,,2092.429932,2908420000,90.81962585,3524800,82.83943176,951000,1.94
14/4/2015,219.1589966,31719000,,,2095.840088,3301270000,90.95333099,1460800,82.92867279,1157400,1.9
15/4/2015,223.8329926,22562000,,,2106.629883,4013760000,91.4128952,1512400,83.0402832,1296800,1.91
16/4/2015,228.572998,24805400,,,2104.98999,3434120000,91.37112427,1490200,82.99565125,1000800,1.9
17/4/2015,222.8820038,20429800,,,2081.179932,3627600000,90.30993652,2657000,83.06256866,1274300,1.87
20/4/2015,224.6260071,18364700,,,2100.399902,3000160000,91.04525757,2005000,83.00302887,1289400,1.9
21/4/2015,235.2689972,24978000,,,2097.290039,3243410000,91.02017212,3909900,82.91378021,1522700,1.92
22/4/2015,234.1759949,23847900,,,2107.959961,3348480000,91.40453339,1469300,82.66835022,916400,1.99
23/4/2015,236.4620056,17036000,,,2112.929932,3636670000,91.68863678,2340700,82.79481506,1483900,1.96
24/4/2015,231.2680054,21448700,,,2117.689941,3375780000,91.78889465,1775100,82.93608856,837700,1.93
27/4/2015,229.2859955,38574000,,,2108.919922,3438750000,91.31260681,1827800,82.96585083,1595600,1.94
28/4/2015,225.8549957,21469200,,,2114.76001,3546270000,91.55493164,2595000,82.64601898,1602000,2
29/4/2015,225.8079987,18936500,,,2106.850098,4074970000,91.15386963,2432000,82.4600296,1313200,2.06
30/4/2015,236.1450043,33818600,,,2085.51001,4509680000,90.16786957,3635900,82.4600296,3328600,2.05
1/5/2015,232.0789948,18815300,,,2108.290039,3379390000,90.9950943,3924700,82.22605133,1357200,2.12
4/5/2015,239.0180054,21223400,,,2114.48999,3091580000,91.31260681,1713300,82.06956482,1651900,2.16
5/5/2015,236.1210022,23929100,,,2089.459961,3793950000,90.22636414,1692700,81.99504852,1481200,2.19
6/5/2015,229.7819977,29587200,,,2080.149902,3792210000,89.97571564,3691700,81.71930695,1566000,2.25
7/5/2015,237.3339996,29064400,,,2088,3676640000,90.31826782,2363500,81.92055511,1986200,2.18
8/5/2015,243.8630066,27445500,,,2116.100098,3399440000,91.45468903,1796400,82.18878937,1933600,2.16
11/5/2015,242.1580048,20892300,,,2105.330078,2992670000,91.07029724,1656900,81.66712952,2984900,2.28
12/5/2015,241.1119995,19282600,,,2099.120117,3139520000,90.80293274,1657500,81.65968323,1394900,2.28
13/5/2015,236.3769989,27180100,,,2098.47998,3374260000,90.85305023,2424500,81.65224457,2441600,2.27
14/5/2015,236.9290009,24413700,,,2121.100098,3225740000,91.75547791,1579200,81.77893829,1796900,2.23
15/5/2015,237.6049957,16329400,,,2122.72998,3092080000,91.86411285,1862700,82.12169647,1047500,2.14
18/5/2015,233.128006,16780300,,,2129.199951,2888190000,92.20669556,2769100,81.80875397,863900,2.23
19/5/2015,231.9470062,14241900,,,2127.830078,3296030000,92.16492462,2845000,81.52555847,1664400,2.27
20/5/2015,234.0180054,15499400,,,2125.850098,3025880000,92.10643768,2478400,81.65224457,1584100,2.26
21/5/2015,235.3439941,15108900,,,2130.820068,3070460000,92.34037781,1476400,81.90562439,2652600,2.19
22/5/2015,240.3480072,27003000,,,2126.060059,2571860000,92.16492462,1187900,81.81621552,1087000,2.21
26/5/2015,237.1159973,16425000,,,2104.199951,3342130000,91.20400238,2226700,82.01740265,2775000,2.14
27/5/2015,237.2830048,18837000,,,2123.47998,3127960000,92.03960419,2562200,82.09939575,888700,2.14
28/5/2015,237.4080048,13829600,,,2120.790039,2980350000,91.95600891,2022400,82.06956482,1298900,2.13
29/5/2015,237.095993,14805000,,,2107.389893,3927390000,91.33769226,1943200,82.09939575,2780300,2.12
1/6/2015,222.9259949,26090500,,,2111.72998,3011710000,91.56330872,2354900,81.87239838,4327300,2.19
2/6/2015,225.8029938,20459000,,,2109.600098,3049350000,91.49643707,1925300,81.55133057,1830400,2.27
3/6/2015,225.8739929,17752400,,,2114.070068,3099980000,91.8139801,1731100,81.2303009,3413100,2.38
4/6/2015,224.3240051,14728100,,,2095.840088,3200050000,91.07867432,1845800,81.40203857,1907900,2.31
5/6/2015,224.9519958,18056500,,,2092.830078,3243690000,91.00345612,3342700,81.04367065,1619000,2.41
8/6/2015,228.4889984,23378400,,,2079.280029,2917150000,90.4436264,2990700,81.1631546,1289700,2.39
9/6/2015,229.0480042,28353100,,,2080.149902,3034580000,90.3684082,2976500,80.93169403,1206700,2.42
10/6/2015,228.8029938,15904800,,,2105.199951,3414320000,91.47138977,1592600,80.73010254,1491200,2.5
11/6/2015,229.7050018,14416000,,,2108.860107,3128600000,91.73041534,1850500,81.1631546,1539600,2.39
12/6/2015,229.9819946,14017700,,,2094.110107,2719400000,91.12882233,1490900,81.06603241,1365900,2.39
15/6/2015,236.822998,19912100,,,2084.429932,3061570000,90.71099091,2865500,81.1631546,1666600,2.36
16/6/2015,250.8950043,41612000,,,2096.290039,2919900000,91.21237183,2604800,81.29754639,1309900,2.32
17/6/2015,249.2839966,43858400,,,2100.439941,3222240000,91.36278534,1911700,81.30497742,1895700,2.32
18/6/2015,249.0070038,30980200,,,2121.23999,3520360000,92.26519775,2496300,81.28259277,2917400,2.35
19/6/2015,244.6060028,23965300,,,2109.98999,4449810000,91.86411285,1735900,81.53646088,2048500,2.26
22/6/2015,246.9900055,17692500,,,2122.850098,3030020000,92.42393494,1864800,81.133255,1173800,2.37
23/6/2015,244.2960052,15108700,,,2124.199951,3091190000,92.51586914,3080400,80.94664001,1339000,2.42
24/6/2015,240.5149994,17344900,,,2108.580078,3102480000,91.8139801,4931200,81.0735321,1527800,2.38
25/6/2015,242.798996,16133100,,,2102.310059,3214610000,91.52989197,2110800,80.98395538,1222000,2.4
26/6/2015,243.5939941,13983500,,,2101.48999,5025470000,91.47786713,1503900,80.7898407,1054900,2.49
29/6/2015,257.0639954,34742900,,,2057.639893,3678960000,89.56454468,3642700,81.26767731,3278900,2.33
30/6/2015,263.071991,44533800,,,2063.110107,4078540000,89.80789948,3394000,81.2154007,2159500,2.35
1/7/2015,258.6210022,27029800,,,2077.419922,3727260000,90.39530945,12016300,81.01043701,6010300,2.43
2/7/2015,255.4120026,21551900,,,2076.780029,2996540000,90.27787018,3140000,81.12266541,994600,2.4
6/7/2015,269.0299988,49154800,,,2068.76001,3486360000,90.04286957,2570800,81.41440582,1108000,2.3
7/7/2015,266.2070007,28857600,,,2081.340088,4458660000,90.53797913,3329600,81.52661133,2502500,2.27
8/7/2015,270.7850037,36980200,,,2046.680054,3608780000,89.02748108,2938900,81.72111511,2892900,2.22
9/7/2015,269.2279968,40301200,,,2051.310059,3446810000,89.21209717,3064800,81.42184448,1932800,2.32
10/7/2015,284.8940125,100390000,,,2076.620117,3065070000,90.2946167,3432400,81.07775116,2163700,2.42
13/7/2015,292.0539856,62053900,,,2099.600098,3096730000,91.31839752,2835300,80.95804596,1938300,2.44
14/7/2015,287.4639893,28727200,,,2108.949951,3002120000,91.72961426,2292500,81.09270477,1441400,2.41
15/7/2015,285.82901,27486600,,,2107.399902,3261810000,91.61211395,2555700,81.30963898,1781400,2.36
16/7/2015,278.0889893,49482600,,,2124.290039,3227080000,92.24990082,1314000,81.37699127,1294800,2.36
17/7/2015,279.4719849,27591400,,,2126.639893,3362750000,92.2750473,1295400,81.38445282,897600,2.34
20/7/2015,278.9809875,22711400,,,2128.280029,3245870000,92.2834549,1339000,81.24233246,1245100,2.38
21/7/2015,275.8330078,22930700,,,2119.209961,3343690000,91.88066101,1661000,81.37699127,1191500,2.35
22/7/2015,277.2219849,19389800,,,2114.149902,3694070000,91.74637604,1852400,81.41440582,1100000,2.33
23/7/2015,276.0490112,18531300,,,2102.149902,3772810000,91.21768188,1569500,81.64628601,1021400,2.28
24/7/2015,288.2780151,37199400,,,2079.649902,3870040000,90.26105499,2073500,81.63136292,1192500,2.27
27/7/2015,293.6239929,30592000,,,2067.639893,3836750000,89.6652298,2958400,81.73607635,2666000,2.23
28/7/2015,294.427002,25453600,,,2093.25,4117740000,90.73097992,2198600,81.65377045,1873200,2.26
29/7/2015,289.5899963,24672600,,,2108.570068,4038900000,91.35196686,1624200,81.58644104,2273500,2.29
30/7/2015,287.7219849,21635800,,,2108.629883,3579410000,91.42749023,1390400,81.59394836,1959000,2.28
31/7/2015,284.6499939,23629100,,,2103.840088,3681340000,91.33519745,2422700,81.91565704,2084300,2.2
3/8/2015,281.2269897,21474100,,,2098.040039,3476770000,91.00790405,2654600,82.00028229,2563900,2.16
4/8/2015,285.2179871,21908700,,,2093.320068,3546710000,90.85686493,1600000,81.7604599,1659900,2.23
5/8/2015,281.8819885,20128000,,,2099.840088,3968680000,91.15895081,1253600,81.61055756,2346600,2.28
6/8/2015,278.5769958,18792100,,,2083.560059,4246570000,90.41208649,1969500,81.70797729,1038100,2.23
7/8/2015,279.5849915,42484800,,,2077.570068,3602320000,90.15195465,3295100,81.85041809,2154700,2.18
10/8/2015,264.4700012,20979400,,,2104.179932,3514460000,91.27645111,1981300,81.74547577,1280200,2.24
11/8/2015,270.3859863,25433900,,,2084.070068,3708880000,90.45405579,1833100,82.01526642,1537300,2.15
12/8/2015,266.3760071,26815400,,,2086.050049,4269130000,90.5463562,2611300,81.96279907,1563900,2.14
13/8/2015,264.0799866,27685500,,,2083.389893,3221300000,90.42049408,3545400,81.79045105,1571700,2.19
14/8/2015,265.6799927,27091200,,,2091.540039,2795590000,90.76456451,1154500,81.75293732,1890500,2.2
17/8/2015,257.9760132,21617900,,,2102.439941,2867690000,91.34359741,1739100,81.89536285,1387100,2.16
18/8/2015,211.0789948,42147200,,,2096.919922,2949990000,91.10862732,2695000,81.74547577,785400,2.2
19/8/2015,226.6840057,60869200,,,2079.610107,3512920000,90.2946167,2183200,82.00028229,2184900,2.12
20/8/2015,235.3500061,32275000,,,2035.72998,3922470000,88.33095551,4377900,82.12770081,1075600,2.09
21/8/2015,232.5690002,23173800,,,1970.890015,5018240000,85.7882843,9877600,82.27016449,2443400,2.05
24/8/2015,210.4949951,59220700,,,1893.209961,6612690000,82.33930206,18137000,82.24015045,5440200,2.01
25/8/2015,221.6089935,61089200,,,1867.609985,5183560000,81.35747528,9215900,82.0452652,4070000,2.12
26/8/2015,225.8309937,31808000,,,1940.51001,5338250000,84.31134033,8299100,81.6630249,3994200,2.18
27/8/2015,224.7689972,21905400,,,1987.660034,5006390000,86.35050964,8779300,81.77542877,4040500,2.18
28/8/2015,231.3959961,31336600,,,1988.869995,3949080000,86.41764069,5165600,81.70049286,4774600,2.19
31/8/2015,230.0559998,20710700,,,1972.180054,3915100000,85.77149963,4526300,81.64054871,4145600,2.21
1/9/2015,228.1210022,20575200,,,1913.849976,4371850000,83.2539978,9264700,81.88239288,3386000,2.17
2/9/2015,229.2839966,18760400,,,1948.859985,3742620000,84.82323456,7681000,81.77721405,3442000,2.2
3/9/2015,227.1829987,17482000,,,1951.130005,3520700000,84.92393494,5151300,81.89735413,1935100,2.18
4/9/2015,230.2980042,20962400,,,1921.219971,3167090000,83.71554565,4317800,82.07016754,1748100,2.13
8/9/2015,243.6069946,26879200,,,1969.410034,3548650000,85.83021545,3342000,81.87484741,2130400,2.2
9/9/2015,238.1679993,23635700,,,1942.040039,3652120000,84.65538788,3691200,81.9048996,2891400,2.21
10/9/2015,238.477005,21215500,,,1952.290039,3626320000,85.09178925,3696000,81.81478882,2564400,2.23
11/9/2015,240.1069946,19224700,,,1961.050049,3218590000,85.4777832,2007900,81.91239929,2001600,2.2
14/9/2015,230.6439972,20997800,,,1953.030029,3000200000,85.1505127,3711100,81.93497467,1543600,2.18
15/9/2015,230.3040009,19177800,,,1978.089966,3239860000,86.22466278,2388300,81.56689453,1541200,2.28
16/9/2015,229.0910034,20144200,,,1995.310059,3630680000,86.95471191,2447500,81.4992981,1810100,2.3
17/9/2015,229.8099976,18935400,,,1990.199951,4183790000,86.8372345,4726600,82.0100174,1955400,2.21
18/9/2015,232.9750061,20242200,,,1958.030029,6021240000,85.46098328,3271800,82.07763672,4510600,2.13
21/9/2015,227.0850067,19678800,,,1966.969971,3269350000,85.80509186,2680300,81.85984802,2325800,2.2
22/9/2015,230.6179962,25009300,,,1942.73999,3808260000,84.65538788,3034000,82.05516815,2044800,2.14
23/9/2015,230.2830048,17254100,,,1938.76001,3190530000,84.48755646,1788900,81.98751068,1562100,2.16
24/9/2015,234.529007,25097800,,,1932.23999,4091530000,84.18545532,3723400,82.09266663,2700000,2.13
25/9/2015,235.1439972,22363600,,,1931.339966,3721870000,84.01509857,4937800,81.94998169,1225500,2.17
28/9/2015,239.1419983,24713000,,,1881.77002,4326660000,81.76309204,5606400,82.14526367,1884400,2.1
29/9/2015,236.6869965,22691300,,,1884.089966,4132390000,81.74624634,4548600,82.2729187,1506800,2.05
30/9/2015,236.0599976,19743500,,,1920.030029,4525070000,83.26442719,3747800,82.30299377,3121600,2.06
1/10/2015,237.548996,20488800,,,1923.819946,3983600000,83.43312073,3808800,82.36693573,4274900,2.05
2/10/2015,237.2929993,19677900,,,1951.359985,4378570000,84.64767456,3654500,82.61524963,3553300,1.99
5/10/2015,240.3829956,23335900,,,1987.050049,4334490000,86.20803833,3405800,82.30675507,4604500,2.07
6/10/2015,246.0630035,27535100,,,1979.920044,4202400000,85.9296875,2463100,82.50992584,5013800,2.05
7/10/2015,242.9689941,22999200,,,1995.829956,4666470000,86.70567322,2583900,82.4496994,1983200,2.08
8/10/2015,242.3040009,18515300,,,2013.430054,3939140000,87.45633698,2521000,82.33680725,2038700,2.12
9/10/2015,243.9309998,17353100,,,2014.890015,3706900000,87.57440948,1649500,82.26911926,3235500,2.12
12/10/2015,245.3079987,17388300,,,2017.459961,2893250000,87.59128571,1680100,82.47975922,1268800,2.09
13/10/2015,249.5079956,28198500,,,2003.689941,3401920000,86.95025635,2221000,82.48731232,1500200,2.06
14/10/2015,251.9889984,27462600,,,1994.23999,3644590000,86.50324249,1902900,82.79582214,3912000,1.99
15/10/2015,254.3200073,25223500,,,2023.859985,3746290000,87.81058502,2218200,82.68300629,2044800,2.04
16/10/2015,262.868988,35901500,,,2033.109985,3595430000,88.14794922,1902100,82.60015106,1630000,2.04
19/10/2015,263.4370117,25258800,,,2033.660034,3287320000,88.24916077,1457900,82.68300629,1534900,2.04
20/10/2015,269.4630127,30889800,,,2030.77002,3331500000,88.14794922,1806000,82.51741791,1805400,2.08
21/10/2015,266.2720032,25637300,,,2018.939941,3627790000,87.45633698,1777800,82.7130661,1278200,2.04
22/10/2015,274.0230103,37808600,,,2052.51001,4430850000,88.73834229,1979200,82.72814941,2276300,2.04
23/10/2015,276.4960022,29442500,,,2075.149902,4108460000,89.6661377,2404300,82.58516693,2237400,2.09
26/10/2015,285.2999878,32108800,,,2071.179932,3385800000,89.45529175,3078300,82.62280273,1541300,2.07
27/10/2015,293.7879944,46331800,,,2065.889893,4216880000,89.16009521,1686000,82.74319458,2021900,2.05
28/10/2015,304.6180115,50808100,,,2090.350098,4698110000,90.33245087,2421700,82.4948349,1661300,2.1
29/10/2015,313.855011,64495900,,,2089.409912,4008940000,90.19748688,2666900,82.14117432,2333200,2.19
30/10/2015,328.0150146,78305000,,,2079.360107,4256200000,89.85167694,2203200,82.35939026,10577000,2.16
2/11/2015,361.1889954,101918000,,,2104.050049,3760020000,91.03252411,3396400,82.1973114,8049400,2.2
3/11/2015,403.4169922,206162000,,,2109.790039,4272060000,91.26022339,3100800,82.04650116,3033400,2.23
4/11/2015,411.5629883,263900000,,,2102.310059,4078870000,91.04094696,2893600,82.04650116,3542500,2.25
5/11/2015,386.3540039,151824992,,,2099.929932,4051890000,90.93973541,2144000,82.00881195,2185900,2.26
6/11/2015,374.4700012,122687000,,,2099.199951,4369020000,90.956604,2078900,81.61673737,1829500,2.34
9/11/2015,380.2569885,68224400,,,2078.580078,3882350000,90.04573059,2620800,81.56396484,12843200,2.36
10/11/2015,336.8190002,95797904,,,2081.719971,3821440000,90.24811554,1605400,81.71476746,5233200,2.32
11/11/2015,311.0840149,107070000,,,2075,3692410000,89.8601532,1342200,81.60918427,1603400,2.32
12/11/2015,338.1520081,78477800,,,2045.969971,4016370000,88.51905823,3110400,81.6845932,3448700,2.32
13/11/2015,336.7529907,52003000,,,2023.040039,4278750000,87.58283997,3003700,81.84295654,3784100,2.28
16/11/2015,330.7510071,47980100,,,2053.189941,3741240000,88.85643768,2635400,81.91079712,3326000,2.27
17/11/2015,335.0939941,51001600,,,2050.439941,4427350000,88.7467804,2243300,81.97111511,2461300,2.25
18/11/2015,334.5899963,43783800,,,2083.580078,3926390000,90.16376495,2106100,81.91079712,1952100,2.27
19/11/2015,326.1489868,45011100,,,2081.23999,3628110000,90.04573059,1623400,81.94849396,4232700,2.24
20/11/2015,322.0220032,53152900,,,2089.169922,3929600000,90.43366241,1563500,81.89575195,2034400,2.26
23/11/2015,323.04599,27478900,,,2086.590088,3587980000,90.34088135,3145000,81.91833496,1976000,2.25
24/11/2015,320.04599,29362600,,,2089.139893,3884930000,90.57706451,2032600,81.99371338,1335300,2.24
25/11/2015,328.2059937,41666900,,,2088.870117,2852940000,90.64451599,1820300,82.03141785,1169300,2.23
27/11/2015,358.0419922,55179100,,,2090.110107,1466840000,90.77947235,552400,82.00881195,946100,2.22
30/11/2015,377.3210144,71701600,,,2080.409912,4275030000,90.39150238,3618100,82.03898621,2397000,2.21
1/12/2015,362.4880066,60452200,,,2102.629883,3712120000,91.24337006,2443600,82.32649231,4260000,2.15
2/12/2015,359.1870117,54160500,,,2079.51001,3950640000,90.29029083,2937200,82.2281189,2462800,2.18
3/12/2015,361.04599,50714900,,,2049.620117,4306490000,88.94077301,3345600,81.62290192,4634100,2.33
4/12/2015,363.1830139,35784100,,,2091.689941,4214910000,90.57706451,4520000,81.88764954,2181300,2.28
7/12/2015,395.5360107,63455800,,,2077.070068,4043820000,89.86857605,3000500,82.00872803,2143800,2.23
8/12/2015,415.5629883,57801400,,,2063.590088,4173570000,89.32876587,3149600,82.03899384,2311800,2.24
9/12/2015,417.5629883,90917200,,,2047.619995,4385250000,88.56122589,4179800,82.03899384,2791000,2.22
10/12/2015,415.4790039,52138900,,,2052.22998,3715150000,88.82270813,3684900,82.02388,2001500,2.24
11/12/2015,451.9379883,110944000,,,2012.369995,4301060000,87.07678223,5100700,82.2281189,2321400,2.13
14/12/2015,444.1820068,130496000,,,2021.939941,4612440000,87.38883972,7237800,81.8423233,3351900,2.23
15/12/2015,465.3210144,83121104,,,2043.410034,4353540000,88.32509613,2918000,81.84980774,2955900,2.28
16/12/2015,454.9339905,107944000,,,2073.070068,4635450000,89.60706329,5972400,81.70614624,2946800,2.3
17/12/2015,456.0780029,47978400,,,2041.890015,4327390000,88.2913208,4939900,81.81958771,5407800,2.24
18/12/2015,463.6159973,60220100,,,2005.550049,6683070000,86.79000854,4207700,81.99353027,4006400,2.19
21/12/2015,438.6390076,77639696,,,2021.150024,3760280000,87.47962189,3240700,81.91790009,3233500,2.2
22/12/2015,436.571991,50840400,,,2038.969971,3520860000,88.26850128,2876600,81.85741425,4507600,2.24
23/12/2015,442.401001,47161400,,,2064.290039,3484090000,89.37121582,3342300,81.8423233,3599600,2.27
24/12/2015,454.9849854,57157200,,,2060.98999,1411860000,89.26093292,1460500,81.88167572,1248800,2.25
28/12/2015,422.2789917,49638600,,,2056.5,2492510000,89.0658493,3479600,81.88167572,3736400,2.24
29/12/2015,432.9830017,51596500,,,2078.360107,2542000000,90.01589203,2508300,81.67704773,3094500,2.32
30/12/2015,426.6199951,46889400,,,2063.360107,2367430000,89.33731842,2405900,81.66188812,3731400,2.31
31/12/2015,430.5669861,45996600,,,2043.939941,2655330000,88.47207642,3652200,81.88167572,3406100,2.27
4/1/2016,433.0910034,38477500,,,2012.660034,4304880000,87.14881134,6138300,81.85138702,3691000,2.24
5/1/2016,431.9599915,34522600,,,2016.709961,3706620000,87.34392548,3652300,81.88931274,2732900,2.25
6/1/2016,429.105011,34042500,,,1990.26001,4336660000,86.17333221,3732800,82.20011902,2915800,2.18
7/1/2016,458.0480042,87562200,,,1943.089966,5076590000,84.06118011,9256200,82.19254303,2469000,2.16
8/1/2016,453.230011,56993000,,,1922.030029,4664940000,83.10268402,7015800,82.37447357,4016900,2.13
11/1/2016,448.428009,40450000,,,1923.670044,4607290000,83.05180359,6863800,82.13943481,2820200,2.17
12/1/2016,435.6900024,115607000,,,1938.680054,4887260000,83.62012482,4457300,82.32136536,3318400,2.12
13/1/2016,432.3710022,173888000,,,1890.280029,5087030000,81.46557617,6163000,82.51091766,3011500,2.08
14/1/2016,430.3059998,43945500,,,1921.839966,5241110000,82.71250153,5085100,82.48059845,5322700,2.1
15/1/2016,364.3309937,153351008,,,1880.329956,5468460000,80.97359467,8101700,82.57913971,3348900,2.03
19/1/2016,380.1489868,46819800,,,1881.329956,4928350000,80.88874817,7435700,82.49577332,4209800,2.06
20/1/2016,420.230011,121720000,,,1859.329956,6416070000,80.09141541,13844900,82.5639801,4349900,2.01
21/1/2016,410.2619934,68338000,,,1868.98999,5078810000,80.40527344,7169500,82.45025635,7256000,2.02
22/1/2016,382.4920044,91546600,,,1906.900024,4901760000,82.1187439,3701500,82.51091766,3258700,2.07
25/1/2016,391.7260132,59062400,,,1877.079956,4401380000,80.7700119,4470500,82.46542358,3285000,2.03
26/1/2016,392.1530151,58147000,,,1903.630005,4357940000,81.99996948,3333400,82.57158661,2604100,2.01
27/1/2016,394.9719849,47424400,,,1882.949951,4754040000,81.06686401,5202400,82.58673859,1645300,2.02
28/1/2016,380.2890015,59247900,,,1893.359985,4693010000,81.38923645,4540700,82.65493774,2390600,2
29/1/2016,379.473999,86125296,,,1940.23999,5497570000,83.40805817,5005400,82.8975296,8633000,1.94
1/2/2016,373.0559998,51656700,,,1939.380005,4322530000,83.42501068,3868900,82.79727173,4512300,1.97
2/2/2016,374.447998,40378700,,,1903.030029,4463190000,81.81337738,3279600,83.04794312,4835100,1.87
3/2/2016,369.9490051,45933400,,,1912.530029,5172950000,82.30532074,5457300,83.04035187,3700300,1.88
4/2/2016,389.5939941,69285504,,,1915.449951,5193320000,82.50043488,3431800,83.123909,1880300,1.87
5/2/2016,386.5490112,43825000,,,1880.050049,4929940000,80.80393219,3993600,83.04794312,2155500,1.86
8/2/2016,373.446991,47671100,,,1853.439941,5636460000,79.54853058,6303900,83.36701965,2818600,1.75
9/2/2016,376.0289917,55318500,,,1852.209961,5183220000,79.4467392,4793900,83.35945129,3023800,1.74
10/2/2016,381.6489868,85130896,,,1851.859985,4471170000,79.49765778,3580000,83.56455994,2319000,1.71
11/2/2016,379.6539917,74375600,,,1829.079956,5500800000,78.51367188,7239700,83.61772156,2928000,1.63
12/2/2016,384.2630005,67042800,,,1864.780029,4696920000,80.04051971,2948100,83.38981628,2968800,1.74
16/2/2016,407.4880066,73093104,,,1895.579956,4570670000,81.49949646,3577700,83.18470764,2356200,1.78
17/2/2016,416.321991,83193600,,,1926.819946,5011540000,82.84818268,3635000,83.13909912,2446600,1.81
18/2/2016,422.3729858,76752600,,,1917.829956,4436490000,82.51737213,2432100,83.38981628,2844400,1.75
19/2/2016,420.7850037,55711300,,,1917.780029,4142850000,82.53434753,2243700,83.4050293,2278800,1.76
22/2/2016,437.7479858,85385200,,,1945.5,4054710000,83.73886108,2235400,83.42780304,2421800,1.77
23/2/2016,420.7359924,85244896,,,1921.27002,3890650000,82.72945404,3203900,83.44299316,2337800,1.74
24/2/2016,424.9549866,67743696,,,1929.800049,4317250000,83.15357971,3253400,83.47338867,2473200,1.75
25/2/2016,424.5440063,70798000,,,1951.699951,4118210000,84.13752747,4961900,83.68608093,2335700,1.71
26/2/2016,432.1520081,61486000,,,1948.050049,4348510000,84.06967926,3194300,83.53417206,2068100,1.76
29/2/2016,437.696991,60694700,,,1932.22998,4588180000,83.39956665,2749400,83.63291931,3694200,1.74
1/3/2016,435.1229858,74895800,,,1978.349976,4819750000,85.38445282,2955700,83.38249207,3984500,1.83
2/3/2016,423.9890137,74955296,,,1986.449951,4666610000,85.85948944,3591400,83.29111481,2624500,1.84
3/3/2016,421.651001,100484000,,,1993.400024,5081700000,86.28360748,2703100,83.39006805,3632800,1.83
4/3/2016,410.9389954,90856096,,,1999.98999,6049930000,86.58050537,2442100,83.26065063,4461100,1.88
7/3/2016,414.3210144,85762400,,,2001.76001,4968180000,86.75862885,2963900,83.23784637,2823200,1.91
8/3/2016,413.9719849,70311696,,,1979.26001,4641650000,85.68136597,3436900,83.443367,1984400,1.83
9/3/2016,414.8599854,70012304,,,1989.26001,4038120000,86.09699249,2131700,83.4052887,1468700,1.9
10/3/2016,417.131012,81022896,,,1989.569946,4376790000,86.07156372,3702000,83.443367,2828700,1.93
11/3/2016,421.6900024,73969696,,,2022.189941,4078620000,87.53055573,3253500,83.29111481,2065000,1.98
14/3/2016,416.4379883,95259400,,,2019.640015,3487850000,87.42874146,2987100,83.33683014,2186900,1.97
15/3/2016,416.8299866,66781700,,,2015.930054,3560280000,87.13049316,2992400,83.26065063,1746100,1.97
16/3/2016,417.0109863,65185800,,,2027.219971,4057020000,87.67588806,3473600,83.61844635,1888200,1.94
17/3/2016,420.6210022,83528600,,,2040.589966,4530480000,88.34915161,3472500,83.79348755,4116500,1.91
18/3/2016,409.5480042,104940000,,,2049.580078,6503140000,88.7411499,2942300,83.8620224,1909600,1.88
21/3/2016,413.3070068,61655400,,,2051.600098,3376600000,88.82636261,2539300,83.67934418,2152300,1.92
22/3/2016,418.0889893,66813300,,,2049.800049,3418460000,88.80079651,1962600,83.62600708,2023000,1.94
23/3/2016,418.0409851,61444200,,,2036.709961,3639510000,88.07643127,6087100,83.80873108,2885000,1.88
24/3/2016,416.3940125,68346704,,,2035.939941,3407720000,88.0508728,2173000,83.81634521,2846400,1.91
28/3/2016,424.2309875,68522800,,,2037.050049,2809090000,88.11049652,2103400,83.87726593,2918100,1.89
29/3/2016,416.5159912,75411504,,,2055.01001,3822330000,89.09054565,2925100,84.12844086,1885900,1.81
30/3/2016,414.8160095,66034100,,,2063.949951,3590310000,89.43144989,2258800,84.09802246,2764500,1.83
31/3/2016,416.7290039,60215200,,,2059.73999,3715280000,89.32917786,2230100,84.36442566,7003600,1.78
1/4/2016,417.9599915,51235700,,,2072.780029,3749990000,89.89164734,2996000,84.28969574,5374200,1.79
4/4/2016,421.4440002,50634300,,,2066.129883,3485710000,89.51668549,1847400,84.37360382,3176200,1.78
5/4/2016,424.0299988,60718000,,,2045.170044,4154920000,88.6473999,2572500,84.48797607,2954100,1.73
6/4/2016,423.4129944,59091000,,,2066.659912,3750800000,89.61893463,2572000,84.4727478,2027400,1.76
7/4/2016,422.7449951,57858600,,,2041.910034,3801250000,88.5451355,2134800,84.65579987,1876100,1.7
8/4/2016,420.348999,63454700,,,2047.599976,3359530000,88.80079651,2337000,84.57195282,2318300,1.72
11/4/2016,422.4830017,50747500,,,2041.98999,3567840000,88.55367279,2276300,84.63291168,1718400,1.73
12/4/2016,425.1900024,70728800,,,2061.719971,4239740000,89.41440582,2358000,84.4956131,1984500,1.79
13/4/2016,423.7340088,69060400,,,2082.419922,4191830000,90.4626236,2864500,84.53373718,1769000,1.77
14/4/2016,424.2820129,45281000,,,2082.780029,3765870000,90.42855072,1666900,84.3888092,3596400,1.8
15/4/2016,429.7130127,54801500,,,2080.72998,3701450000,90.38594055,1622600,84.62528229,1579500,1.76
18/4/2016,428.5910034,55670900,,,2094.340088,3316880000,90.99101257,1767100,84.61763763,2146600,1.78
19/4/2016,435.5090027,52810500,,,2100.800049,3896830000,91.24667358,2103700,84.6100235,2019200,1.79
20/4/2016,441.3890076,72890096,,,2102.399902,4184880000,91.34043121,1958900,84.40411377,2376000,1.85
21/4/2016,449.4249878,68204704,,,2091.47998,4175290000,90.88873291,1675200,84.28969574,2692800,1.88
22/4/2016,445.7369995,58804400,,,2091.580078,3790580000,91.01655579,1893600,84.29730988,3795600,1.89
25/4/2016,461.4259949,87091800,,,2087.790039,3319740000,90.7950058,2088100,84.20576477,3118800,1.91
26/4/2016,466.0889893,78971904,,,2091.699951,3557190000,91.04213715,1747500,84.16763306,2326100,1.94
27/4/2016,444.6870117,93564896,,,2095.149902,4100110000,91.26369476,2267900,84.41936493,2337100,1.87
28/4/2016,449.0109863,74064704,,,2075.810059,4309840000,90.44556427,4834200,84.5871582,9405200,1.84
29/4/2016,455.0969849,49258500,,,2065.300049,4704720000,89.91722107,3068000,84.57950592,5112900,1.83
2/5/2016,444.6690063,92127000,,,2081.429932,3841110000,90.6160202,2546500,84.52217865,3553900,1.88
3/5/2016,450.3039856,59366400,,,2063.370117,4173390000,89.70413971,5172600,84.67501068,3044900,1.81
4/5/2016,446.7219849,50407300,,,2051.120117,4058560000,89.17579651,2578800,84.71320343,2920200,1.79
5/5/2016,447.9760132,50440800,,,2050.629883,4008530000,89.14167786,1616700,84.92723083,3008100,1.76
6/5/2016,459.6029968,72796800,,,2057.139893,3796350000,89.46553802,1759600,84.7973175,2718500,1.79
9/5/2016,460.4830017,55493100,,,2058.689941,3788620000,89.55924225,1747300,84.85076904,2173500,1.77
10/5/2016,450.894989,58956100,,,2084.389893,3600200000,90.62454224,2400900,84.88896942,2103800,1.77
11/5/2016,452.7279968,50605200,,,2064.459961,3821980000,89.7979126,1531600,84.88896942,2507000,1.73
12/5/2016,454.7659912,59849300,,,2064.110107,3782390000,89.76382446,2470000,84.81254578,1938800,1.75
13/5/2016,455.6700134,60845000,,,2046.609985,3579880000,88.98826599,3754800,84.97303772,1511400,1.71
16/5/2016,454.1629944,59171500,,,2066.659912,3501360000,89.87458038,2069600,84.8278656,3134400,1.75
17/5/2016,453.7829895,64100300,,,2047.209961,4108960000,89.06498718,2792200,84.71320343,1769700,1.76
18/5/2016,454.618988,86850096,,,2047.630005,4101320000,89.05648041,2797700,84.36172485,1900800,1.87
19/5/2016,438.7149963,96027400,,,2040.040039,3846770000,88.70703888,2616800,84.41526031,3461900,1.85
20/5/2016,442.6759949,81987904,,,2052.320068,3507650000,89.38883209,2005700,84.46873474,2655700,1.85
23/5/2016,444.1549988,50582500,,,2048.040039,3055480000,89.27801514,1662200,84.45343018,2244300,1.84
24/5/2016,445.9809875,65783100,,,2076.060059,3627340000,90.47114563,2409000,84.40758514,1759800,1.86
25/5/2016,449.598999,65231000,,,2090.540039,3859160000,91.12734222,3266500,84.42286682,2735700,1.87
26/5/2016,453.3840027,65203800,,,2090.100098,3230990000,91.11032867,1803600,84.55280304,1614800,1.83
27/5/2016,473.4639893,164780992,,,2099.060059,3079150000,91.51937866,1691400,84.5375061,2164800,1.85
31/5/2016,531.3859863,138450000,,,2096.949951,4514410000,91.47676849,2570700,84.59100342,3368800,1.84
1/6/2016,536.9199829,86061800,,,2099.330078,3525170000,91.72389984,2679600,84.5435257,2941300,1.85
2/6/2016,537.9719849,60378200,,,2105.26001,3632720000,92.03069305,2112700,84.75789642,2013900,1.81
3/6/2016,569.1939697,122020000,,,2099.129883,3627780000,91.77505493,2502500,85.2172699,2210500,1.71
6/6/2016,585.5369873,72138896,,,2109.409912,3442020000,92.25227356,1782300,85.10240173,3278900,1.73
7/6/2016,576.5969849,107770000,,,2112.129883,3534730000,92.43120575,1271500,85.17897797,2157100,1.72
8/6/2016,581.6450195,80265800,,,2119.120117,3562060000,92.75507355,1286500,85.20957947,2148000,1.71
9/6/2016,574.6300049,71301000,,,2115.47998,3290320000,92.56760406,1743400,85.27088165,1543600,1.68
10/6/2016,577.4699707,66991900,,,2096.070068,3515010000,91.61309814,1666400,85.3857193,1368300,1.64
13/6/2016,704.3759766,243295008,,,2079.060059,3392030000,90.85466003,2354800,85.45465088,1661400,1.62
14/6/2016,685.559021,186694000,,,2075.320068,3759770000,90.69115448,2170100,85.41638184,1871500,1.62
15/6/2016,694.4689941,99223800,,,2071.5,3544720000,90.59698486,1841500,85.60012817,1732100,1.6
16/6/2016,766.3079834,271633984,,,2077.98999,3628280000,90.86233521,1884300,85.65373993,2533000,1.57
17/6/2016,748.9089966,363320992,,,2071.219971,4952630000,90.56275177,1713000,85.59242249,2730900,1.62
20/6/2016,737.2260132,174511008,,,2083.25,3467440000,91.17906189,2402900,85.35508728,2043800,1.67
21/6/2016,666.6519775,309944000,,,2088.899902,3232880000,91.37593842,2248300,85.29384613,1882500,1.71
22/6/2016,596.1160278,266392992,,,2085.449951,3168160000,91.17051697,2002700,85.34745789,1734300,1.69
23/6/2016,623.9769897,253462000,,,2113.320068,3297940000,92.42879486,1622300,85.20199585,1721100,1.74
24/6/2016,665.2990112,224316992,,,2037.410034,7597450000,89.06479645,7370400,85.66136169,4081200,1.57
27/6/2016,655.2750244,122134000,,,2000.540039,5431220000,87.29288483,5213600,86.00588989,3018800,1.46
28/6/2016,647.0009766,138384992,,,2036.089966,4385810000,88.89360809,7569500,86.11312103,2951700,1.46
29/6/2016,639.8900146,142456000,,,2070.77002,4241740000,90.48574066,2635700,86.05181122,2745800,1.5
30/6/2016,673.3369751,138980000,,,2098.860107,4622820000,91.72691345,5552300,86.22792053,4154300,1.49
1/7/2016,676.2960205,134431008,,,2102.949951,3458890000,91.90665436,2938000,86.41357422,5235200,1.46
5/7/2016,670.6270142,130476000,,,2088.550049,3658380000,91.22187042,3019900,86.6437149,4740000,1.37
6/7/2016,677.3309937,134960992,,,2099.72998,3909380000,91.77825165,1767700,86.8048172,3150500,1.38
7/7/2016,640.5620117,258091008,,,2097.899902,3604550000,91.73544312,1669800,86.74344635,3122200,1.4
8/7/2016,666.5230103,141970000,,,2129.899902,3607500000,93.16494751,2362200,86.87384796,2910500,1.37
11/7/2016,647.6589966,107910000,,,2137.159912,3253340000,93.55015564,3868300,86.6437149,4424000,1.43
12/7/2016,664.5510254,138172992,,,2152.139893,4097820000,94.32907104,3222800,86.38291168,1970600,1.53
13/7/2016,654.4680176,131449000,,,2152.429932,3502320000,94.27771759,1485700,86.50562286,2363300,1.48
14/7/2016,658.0780029,98511400,,,2163.75,3465610000,94.73136139,1561100,86.42895508,3345200,1.53
15/7/2016,663.2550049,81673104,,,2161.73999,3122600000,94.62866211,1385500,86.11442566,3612200,1.6
18/7/2016,673.1060181,69465000,,,2166.889893,3009310000,94.89404297,1359900,86.12973785,1547300,1.59
19/7/2016,672.8640137,61203300,,,2163.780029,2968340000,94.70569611,3154100,86.30619049,1786900,1.56
20/7/2016,665.6849976,94636400,,,2173.02002,3211860000,95.21073151,1135900,86.22949982,1808800,1.59
21/7/2016,665.0120239,60491800,,,2165.169922,3438900000,94.83408356,3393400,86.30619049,3043500,1.57
22/7/2016,650.6190186,134169000,,,2175.030029,3023280000,95.28775787,3546700,86.32152557,2315900,1.57
25/7/2016,654.0969849,78176496,,,2168.47998,3057240000,95.03951263,1394200,86.22179413,1680800,1.58
26/7/2016,651.7839966,225135008,,,2169.179932,3442350000,95.14225769,1432300,86.22179413,3540000,1.57
27/7/2016,654.3519897,147460992,,,2166.580078,3995500000,95.03097534,1977500,86.47497559,3047200,1.52
28/7/2016,655.0349731,86428400,,,2170.060059,3664240000,95.1508255,1945800,86.46725464,2640600,1.52
29/7/2016,656.9920044,60703500,,,2173.600098,4038840000,95.37335205,1638200,86.69743347,3671000,1.46
1/8/2016,606.2719727,121887000,,,2170.840088,3505990000,95.2449646,2093200,86.49529266,3149300,1.51
2/8/2016,547.4650269,330932992,,,2157.030029,3848750000,94.5259552,2473900,86.24170685,3643900,1.55
3/8/2016,566.3549805,207982000,,,2163.790039,3786530000,94.8768692,1353600,86.33392334,3777800,1.55
4/8/2016,578.2890015,125292000,,,2164.25,3709200000,94.98818207,1113600,86.49529266,2002800,1.51
5/8/2016,575.0430298,66127900,,,2182.870117,3663070000,95.77567291,1379600,86.2032547,2474600,1.59
8/8/2016,591.0540161,61194100,,,2180.889893,3327550000,95.71575928,1238800,86.25705719,2604000,1.59
9/8/2016,587.8010254,92228096,,,2181.73999,3334300000,95.80138397,1032500,86.47991943,2981100,1.55
10/8/2016,592.1030273,102905000,,,2175.48999,3254950000,95.51891327,1259100,86.57978821,3185800,1.5
11/8/2016,589.1199951,74514400,,,2185.790039,3423160000,95.99825287,1378000,86.34928894,1807200,1.57
12/8/2016,587.559021,69218000,,,2184.050049,3000660000,95.90410614,1542900,86.55680084,1889600,1.51
15/8/2016,567.2399902,57262300,,,2190.149902,3078530000,96.25505066,1442800,86.40309906,1950500,1.55
16/8/2016,577.4390259,58405200,,,2178.149902,3196400000,95.70720673,1228600,86.34928894,6250200,1.57
17/8/2016,573.2160034,54443000,,,2182.219971,3388910000,95.82704163,2791500,86.51067352,5210700,1.56
18/8/2016,574.3179932,59896600,,,2187.02002,3300570000,96.12665558,972100,86.63365936,1962900,1.53
19/8/2016,575.6300049,50631600,,,2183.870117,3084800000,95.98966217,1000600,86.44149017,3287600,1.58
22/8/2016,586.7529907,72844000,,,2182.639893,2777550000,96.0153656,1102000,86.57214355,1808500,1.55
23/8/2016,583.414978,85349200,,,2186.899902,3041490000,96.27213287,3252300,86.59520721,2583000,1.55
24/8/2016,580.1820068,56328200,,,2175.439941,3148280000,95.73291016,2267800,86.56446838,2312800,1.56
25/8/2016,577.7609863,136130000,,,2172.469971,2969310000,95.67295074,1205200,86.47222137,1613500,1.58
26/8/2016,579.651001,48856800,,,2169.040039,3342340000,95.47605896,1851100,86.33392334,2513700,1.62
29/8/2016,574.1069946,110398000,,,2180.379883,2654780000,95.99825287,1071200,86.57214355,2156400,1.57
30/8/2016,577.5029907,70342400,,,2176.120117,3006800000,95.84414673,1534600,86.52599335,1712300,1.57
31/8/2016,575.4719849,75840896,,,2170.949951,3766390000,95.57024384,1393700,86.51067352,3025000,1.58
1/9/2016,572.3029785,76923400,,,2170.860107,3392120000,95.62162018,1670900,86.58615875,3777100,1.57
2/9/2016,575.5369873,79910800,,,2179.97998,3091120000,96.1095047,1563200,86.4706192,1730900,1.6
6/9/2016,610.4359741,78529104,,,2186.47998,3447650000,96.38341522,4111700,86.65540314,3745800,1.55
7/9/2016,614.5440063,75032400,,,2186.159912,3319420000,96.51184845,1590000,86.70162201,1839600,1.54
8/9/2016,626.315979,86713000,,,2181.300049,3727840000,96.26357269,1152400,86.40135956,2605500,1.61
9/9/2016,622.8610229,64550200,,,2127.810059,4233960000,93.86685181,3337400,86.024086,2763900,1.67
12/9/2016,608.242981,72812304,,,2159.040039,4010480000,95.17648315,3043500,86.09339142,2358200,1.68
13/9/2016,609.2410278,86920600,,,2127.02002,4141670000,93.68755341,5122100,85.85469818,3005400,1.73
14/9/2016,610.684021,47877700,,,2125.77002,3664100000,93.69617462,2041600,85.96247864,2089700,1.7
15/9/2016,607.1550293,59464600,,,2147.26001,3373720000,94.6595459,2960400,86.01641083,2253800,1.71
16/9/2016,606.9730225,64963400,,,2139.159912,5014360000,94.28110504,2779400,86.07796478,1701000,1.7
19/9/2016,609.2269897,54796400,,,2139.120117,3141820000,94.41868591,3430200,86.00866699,2026900,1.7
20/9/2016,608.3120117,72710896,,,2139.76001,3117380000,94.37568665,1603400,86.0394516,2078500,1.69
21/9/2016,597.1489868,82776200,,,2163.120117,3685450000,95.45947266,1971800,86.25502777,1899500,1.66
22/9/2016,596.2979736,67085300,,,2177.179932,3523860000,96.15618134,1525300,86.43215179,2017200,1.63
23/9/2016,602.84198,51067000,,,2164.689941,3289860000,95.60571289,1531900,86.40898895,3415700,1.62
26/9/2016,608.0430298,59153800,,,2146.100098,3199910000,94.84877014,2136700,86.51683807,2326900,1.59
27/9/2016,606.1660156,49422400,,,2159.929932,3414090000,95.39067078,1292400,86.62458801,2881300,1.56
28/9/2016,604.7280273,48722600,,,2171.370117,3860390000,95.94979858,1439800,86.64770508,2853900,1.57
29/9/2016,605.6929932,55658600,,,2151.129883,4215620000,95.01222229,2037100,86.64770508,1668000,1.56
30/9/2016,609.7349854,56122400,,,2168.27002,4158800000,95.76055145,1722500,86.55534363,3679800,1.6
3/10/2016,612.1329956,46798300,,,2161.199951,3113850000,95.4681015,2207600,86.4573288,9372900,1.63
4/10/2016,610.2039795,49801600,,,2150.48999,3716100000,95.03800964,2701100,86.16427612,5022400,1.69
5/10/2016,612.5109863,68077504,,,2159.72998,3883710000,95.40788269,2119000,86.0485611,3368700,1.72
6/10/2016,613.0209961,56812100,,,2160.77002,3438040000,95.44229126,1067600,86.0485611,2059400,1.75
7/10/2016,617.1209717,64071400,,,2153.73999,3578770000,95.08102417,1770400,86.0640564,1867600,1.73
10/10/2016,618.9940186,67481104,,,2163.659912,2881970000,95.59710693,1135000,86.02541351,1295400,1.75
11/10/2016,641.0720215,103590000,,,2136.72998,3393060000,94.32409668,1996900,85.89427185,2753300,1.77
12/10/2016,636.1920166,92370200,,,2139.179932,2959510000,94.43591309,1849100,85.92516327,1668500,1.79
13/10/2016,636.7860107,61620700,,,2132.550049,3538030000,94.10045624,1986200,86.0485611,1964600,1.75
14/10/2016,640.3779907,58144600,,,2132.97998,3187910000,94.074646,2673900,85.9019928,2471500,1.8
17/10/2016,639.1929932,58063600,,,2126.5,2832440000,93.80801392,2507700,86.0485611,1556800,1.77
18/10/2016,637.960022,65546700,,,2139.600098,3172940000,94.35849762,1635200,86.18740845,1582900,1.75
19/10/2016,630.5200195,69381696,,,2144.290039,3364990000,94.6595459,1408200,86.23369598,1550000,1.76
20/10/2016,630.8569946,56957300,,,2141.340088,3339320000,94.47890472,2017000,86.2028656,1420800,1.76
21/10/2016,632.8280029,55951000,,,2141.159912,3456390000,94.44450378,1234400,86.25682831,1776900,1.74
24/10/2016,653.7609863,62218200,,,2151.330078,3359950000,94.91760254,2004700,86.12571716,1385600,1.77
25/10/2016,657.5880127,90378800,,,2143.159912,3756200000,94.51328278,2079100,86.12571716,2344400,1.77
26/10/2016,678.3040161,88877104,,,2139.429932,3778120000,94.22949219,1827200,85.95597076,2684000,1.79
27/10/2016,688.3129883,96105296,,,2133.040039,4209400000,93.91119385,1597800,85.74004364,2330700,1.85
28/10/2016,689.651001,81145504,,,2126.409912,4028270000,93.6015625,2868100,85.74004364,1713800,1.86
31/10/2016,700.9719849,97064400,,,2126.149902,3926560000,93.66176605,1913600,85.8480072,3260300,1.84
1/11/2016,729.7930298,130527000,,,2111.719971,4539190000,92.96504211,3169800,85.80163574,4725000,1.83
2/11/2016,740.8289795,84865200,,,2097.939941,4289120000,92.31995392,2957400,85.90209198,2572600,1.81
3/11/2016,688.7000122,172808000,,,2088.659912,3892100000,91.91568756,2096400,85.78620148,3254500,1.82
4/11/2016,703.2349854,99907696,,,2085.179932,3841910000,91.85545349,2805400,85.96392822,2013300,1.79
7/11/2016,703.1309814,65047100,,,2131.52002,3739720000,93.88542175,2527700,85.86347961,2031000,1.83
8/11/2016,709.8480225,79660800,,,2139.560059,3921850000,94.28967285,2074200,85.72437286,2107400,1.88
9/11/2016,723.2730103,132429000,,,2163.26001,6267590000,95.45947266,6482000,84.92841339,3657200,2.07
10/11/2016,715.5339966,68807800,,,2167.47998,6458450000,95.79494476,5083500,84.58068085,4179200,2.15
11/11/2016,716.4110107,63119700,,,2164.449951,4993990000,95.82936859,4005200,84.42609406,2804600,2.19
14/11/2016,705.0209961,62993000,,,2164.199951,5373670000,96.07879639,5234000,84.08609772,3054900,2.23
15/11/2016,711.6190186,72038496,,,2180.389893,4548110000,96.82714081,6037200,84.1479187,2252200,2.23
16/11/2016,744.197998,141294000,,,2176.939941,3847900000,96.68949127,7113900,84.33338928,2164800,2.22
17/11/2016,740.9769897,108579000,,,2187.120117,3811730000,97.17980957,1874800,84.01656342,1903700,2.29
18/11/2016,751.585022,87363104,,,2181.899902,3580900000,96.9991684,2298200,83.74607086,2767000,2.34
21/11/2016,739.2479858,60802400,,,2198.179932,3611500000,97.73027039,2493900,83.81563568,1705600,2.33
22/11/2016,751.3469849,129906000,,,2202.939941,3960520000,98.0141449,2673200,83.89289093,3465300,2.31
23/11/2016,744.5939941,76543800,,,2204.719971,3419850000,98.15175629,1818700,83.59925079,2497600,2.36
25/11/2016,741.6489868,67807600,,,2213.350098,1584590000,98.53022003,889800,83.59151459,1071500,2.36
28/11/2016,735.8129883,61888600,,,2201.719971,3515100000,97.96252441,1849800,83.88516998,2476800,2.32
29/11/2016,735.6040039,68511104,,,2204.659912,3709190000,98.10015106,1544200,83.97792053,2178600,2.3
30/11/2016,745.690979,84070800,,,2198.810059,5538400000,97.86791229,4406200,83.64559937,4627500,2.37
1/12/2016,756.7739868,80461904,,,2191.080078,5067470000,97.46365356,2601100,83.36997986,4691900,2.45
2/12/2016,777.9439697,127605000,,,2191.949951,3782370000,97.46365356,1755900,83.63321686,4269200,2.4
5/12/2016,758.7000122,106363000,,,2204.709961,3898530000,98.14315033,3842900,83.70290375,3398000,2.39
6/12/2016,764.223999,116218000,,,2212.22998,3857290000,98.6420517,2357100,83.68736267,3306900,2.39
7/12/2016,768.132019,96426096,,,2241.350098,4504070000,99.86347198,4000000,83.90420532,3796800,2.34
8/12/2016,770.8099976,80111904,,,2246.189941,4203270000,100.2247162,2679400,83.74938202,2822600,2.4
9/12/2016,772.7940063,68705296,,,2259.530029,3886460000,100.7666321,2310200,83.49389648,4530900,2.47
12/12/2016,780.0869751,76571000,,,2256.959961,4038850000,100.5085754,4224500,83.41646576,3074200,2.49
13/12/2016,780.5560303,81645600,,,2271.719971,3875630000,101.0934677,4393900,83.52479553,3665900,2.48
14/12/2016,781.4810181,75979000,,,2253.280029,4409670000,100.1817169,3885400,83.06800079,3544100,2.54
15/12/2016,778.0880127,81580096,,,2262.030029,4173360000,100.594574,3343100,82.96736908,4619100,2.6
16/12/2016,784.9069824,83608200,,,2258.070068,5928980000,100.4397659,1991600,83.02158356,2981600,2.6
19/12/2016,792.7139893,74886400,,,2262.530029,3252840000,100.7236099,2405700,83.2383728,3202500,2.54
20/12/2016,800.8759766,99629296,,,2270.76001,3306250000,101.1537857,2942400,83.16092682,2871900,2.57
21/12/2016,834.2810059,155576000,,,2265.179932,2854880000,100.8681488,2248600,83.33901215,4066900,2.55
22/12/2016,864.539978,200027008,,,2260.959961,2880670000,100.6084976,3105800,83.33820343,4110200,2.55
23/12/2016,921.9840088,275564000,,,2263.790039,2021230000,100.7642899,2325800,83.36152649,3821100,2.55
27/12/2016,933.197998,167308000,,,2268.879883,1989730000,101.0152817,3386800,83.29942322,2661500,2.57
28/12/2016,975.9210205,236630000,,,2249.919922,2402750000,100.1757278,2591000,83.4313736,5609600,2.51
29/12/2016,973.4970093,199320000,,,2249.26001,2338700000,100.1843948,1622700,83.68749237,3649600,2.49
30/12/2016,961.2379761,187474000,,,2238.830078,2671550000,99.81218719,2909900,83.8581543,3690100,2.45
3/1/2017,1043.839966,185168000,,,2257.830078,3773010000,100.5739059,2731600,83.94354248,5079200,2.45
4/1/2017,1154.72998,344945984,,,2270.75,3768890000,101.344162,3228700,83.96678162,3297100,2.46
5/1/2017,1013.380005,510199008,,,2269,3785080000,101.1451111,2604000,84.31603241,5165900,2.37
6/1/2017,902.2009888,351876000,,,2276.97998,3342080000,101.4653702,2317600,84.03669739,2910100,2.42
9/1/2017,902.8280029,141876992,,,2268.899902,3219730000,101.0759048,2461400,84.1763382,3030500,2.38
10/1/2017,907.6790161,115808000,,,2268.899902,3640560000,101.1537857,2055300,84.15305328,2396300,2.38
11/1/2017,777.757019,310928992,,,2275.320068,3625080000,101.4740295,2751800,84.25393677,4465500,2.38
12/1/2017,804.8339844,222326000,,,2270.439941,3466220000,101.2057114,2342300,84.28497314,3036600,2.36
13/1/2017,823.9840088,168968000,,,2274.639893,3090680000,101.4566956,2031800,84.13756561,3293600,2.4
17/1/2017,907.9379883,155095008,,,2267.889893,3586950000,101.0066452,2583600,84.42466736,3685700,2.33
18/1/2017,886.617981,225676992,,,2271.889893,3317670000,101.2403183,1901700,84.05991364,3115600,2.42
19/1/2017,899.072998,105625000,,,2263.689941,3168390000,100.8421707,1899300,83.84270477,2388000,2.47
20/1/2017,895.026001,86728400,,,2271.310059,3536850000,101.188385,2636100,83.873703,3525000,2.48
23/1/2017,921.0120239,73588600,,,2265.199951,3155240000,100.9200745,1938900,84.10649109,3063400,2.41
24/1/2017,892.6870117,111349000,,,2280.070068,3816950000,101.7077103,2165400,83.97452545,2049500,2.47
25/1/2017,901.5419922,120831000,,,2298.370117,3849340000,102.5818863,2427800,83.74954987,2912900,2.53
26/1/2017,917.5859985,131958000,,,2296.679932,3611510000,102.4347534,2178500,83.80384064,2046300,2.51
27/1/2017,919.75,125594000,,,2294.689941,3137420000,102.2702789,1479500,83.873703,3096800,2.49
30/1/2017,920.382019,78227296,,,2280.899902,3595040000,101.5778809,3006100,83.83486176,2946200,2.49
31/1/2017,970.4030151,164582000,,,2278.870117,4089730000,101.6644363,3309700,84.03669739,7552700,2.45
1/2/2017,989.0230103,150110000,,,2279.550049,3919190000,101.6557693,2614500,83.91847992,2994200,2.48
2/2/2017,1011.799988,145820992,,,2280.850098,3809760000,101.7250214,1745200,83.9651413,3490700,2.48
3/2/2017,1029.910034,201278000,,,2297.419922,3605970000,102.4953232,1837600,83.9884491,2728400,2.49
6/2/2017,1038.150024,111762000,,,2292.560059,3112390000,102.2529831,1598800,84.22948456,1827000,2.42
7/2/2017,1061.349976,146007008,,,2293.080078,3452460000,102.2443466,3365700,84.3150177,2659100,2.4
8/2/2017,1063.069946,201855008,,,2294.669922,3611950000,102.3568344,1836000,84.55606842,3873200,2.34
9/2/2017,994.3829956,407220000,,,2307.870117,3681600000,103.0319595,1635300,84.35390472,2736000,2.4
10/2/2017,988.6740112,190452000,,,2316.100098,3496600000,103.4647064,1837800,84.33836365,2365300,2.41
13/2/2017,990.6420288,100607000,,,2328.25,3352370000,103.9840546,1985500,84.21392059,2189800,2.43
14/2/2017,1004.549988,137946000,,,2337.580078,3528040000,104.3648453,2051200,84.02729797,2809500,2.47
15/2/2017,1007.47998,89759400,,,2349.25,3785870000,104.9360886,1998200,83.89516449,2138900,2.51
16/2/2017,1027.439941,122277000,,,2347.219971,3675900000,104.8409042,2034600,84.0739212,5257400,2.45
17/2/2017,1046.209961,136474000,,,2351.159912,3516830000,104.9967041,1948400,84.26058197,2228100,2.42
21/2/2017,1115.300049,186868992,,,2365.379883,3587520000,105.6198807,2422800,84.25282288,1980300,2.43
22/2/2017,1117.439941,136100000,,,2362.820068,3473170000,105.4813843,1974000,84.30726624,2655500,2.42
23/2/2017,1166.719971,189454000,,,2363.810059,4021770000,105.403511,2024900,84.44721222,2169000,2.38
24/2/2017,1173.680054,330759008,,,2367.340088,3832410000,105.5766068,2962900,84.75826263,2670900,2.31
27/2/2017,1179.969971,131570000,,,2369.75,3584680000,105.8102798,2625100,84.60276031,1998200,2.36
28/2/2017,1179.969971,184956000,,,2363.639893,4212460000,105.4207993,2231800,84.57938385,3840100,2.36
1/3/2017,1222.5,229056992,,,2395.959961,4347630000,106.8402634,2874400,84.1820755,3280200,2.46
2/3/2017,1251.01001,368275008,,,2381.919922,3824030000,106.1565094,2421400,84.0262146,2299700,2.49
3/3/2017,1274.98999,315739008,,,2383.120117,3556670000,106.243042,1651200,84.08853149,4293900,2.49
6/3/2017,1272.829956,153656992,,,2375.310059,3251800000,105.8275833,1716200,84.04956818,3678300,2.49
7/3/2017,1223.540039,291256000,,,2368.389893,3526300000,105.4900436,1612500,83.94049072,2237900,2.52
8/3/2017,1150,332603008,,,2362.97998,3814080000,105.1957626,2374200,83.73790741,2834700,2.57
9/3/2017,1188.48999,212283008,,,2364.870117,3718450000,105.2476959,3852800,83.48073578,3527300,2.6
10/3/2017,1116.719971,563795968,,,2372.600098,3434400000,105.6285248,2987300,83.60548401,1906000,2.58
13/3/2017,1231.920044,380276992,,,2373.469971,3166650000,105.7064056,2003900,83.4651947,1658500,2.62
14/3/2017,1240,245306000,,,2365.449951,3173760000,105.3255997,2269500,83.4963913,2639200,2.6
15/3/2017,1249.609985,297804992,,,2385.26001,3909490000,106.2776718,1892200,83.97946167,2162900,2.51
16/3/2017,1187.810059,638568000,,,2381.379883,3368880000,106.1478195,2050100,83.88597107,2369700,2.53
17/3/2017,1100.22998,706598976,,,2378.25,5179820000,106.087265,1974000,84.06518555,2368800,2.5
20/3/2017,1054.22998,286529984,,,2373.469971,3061560000,105.8362656,3239900,84.18985748,1635200,2.47
21/3/2017,1120.540039,337391008,,,2344.02002,4278890000,104.3562393,3355100,84.36127472,2049700,2.43
22/3/2017,1049.140015,380840992,,,2348.449951,3575160000,104.4947052,2896300,84.47811127,2643600,2.4
23/3/2017,1038.589966,248540000,,,2345.959961,3262400000,104.4601059,2257100,84.50154114,2071400,2.41
24/3/2017,937.5200195,491038016,,,2343.97998,2978530000,104.4705124,2305400,84.43135834,3374900,2.4
27/3/2017,1045.77002,372535008,,,2341.590088,3242300000,104.3487854,2927700,84.63398743,1977300,2.38
28/3/2017,1047.150024,326332000,,,2358.570068,3369120000,105.0791168,2699200,84.43917847,2016100,2.42
29/3/2017,1039.969971,298457984,,,2361.129883,3107670000,105.2703857,3196500,84.62614441,1965600,2.39
30/3/2017,1026.430054,352968992,,,2368.060059,3159680000,105.6616135,2076900,84.47034454,1733900,2.42
31/3/2017,1071.790039,447287008,,,2362.719971,3356740000,105.4790649,1815900,84.53266907,3717700,2.4
3/4/2017,1143.810059,580444032,,,2358.840088,3418730000,105.2182007,3103100,84.84654236,5197800,2.35
4/4/2017,1133.25,436310016,,,2360.159912,3208340000,105.2703857,2462600,84.76847076,1627500,2.36
5/4/2017,1124.780029,414784000,,,2352.949951,3780650000,104.8443527,3905800,84.86216736,2304100,2.34
6/4/2017,1182.680054,511222016,,,2357.48999,3203250000,105.1747437,2056100,84.85437012,1725300,2.34
7/4/2017,1176.900024,317022016,,,2355.540039,3054700000,105.0964737,1997000,84.66695404,1783600,2.38
10/4/2017,1187.130005,215883008,,,2357.159912,2792570000,105.2269287,1669500,84.77625275,1903800,2.37
11/4/2017,1205.01001,216182000,,,2353.780029,3120900000,105.192131,2895500,85.01828003,2200800,2.32
12/4/2017,1200.369995,288702016,,,2344.929932,3201300000,104.6530838,1967200,85.20568848,2433000,2.28
13/4/2017,1169.280029,351968992,,,2328.949951,3146380000,103.9401703,2852200,85.31497955,2339900,2.24
17/4/2017,1193.910034,253206000,,,2349.01001,2826890000,104.8443527,3198700,85.2681427,1646100,2.26
18/4/2017,1211.670044,270524000,,,2342.189941,3272210000,104.6183167,1865800,85.61165619,2369500,2.18
19/4/2017,1210.290039,288060992,,,2338.169922,3521160000,104.5313721,1806900,85.47894287,2148500,2.21
20/4/2017,1229.079956,315108000,,,2355.840088,3648990000,105.3921051,1783400,85.34622192,1867800,2.24
21/4/2017,1222.050049,272167008,,,2348.689941,3524160000,105.0530319,2006500,85.36964417,1539300,2.24
24/4/2017,1250.150024,235806000,,,2374.149902,3711170000,106.1659012,2178800,85.24472046,2745400,2.28
25/4/2017,1265.48999,242556000,,,2388.610107,4005820000,106.8266602,2145200,84.96365356,1888500,2.35
26/4/2017,1281.079956,329631008,,,2387.449951,4111350000,106.8527451,3080100,85.07299805,2893700,2.32
27/4/2017,1317.72998,449196992,,,2388.77002,4099940000,106.957077,1868200,85.15102386,1660900,2.3
28/4/2017,1316.47998,527488992,,,2384.199951,3721350000,106.6006088,1795800,85.29938507,5774800,2.29
1/5/2017,1421.599976,713624000,,,2388.330078,3201500000,106.8788147,1983100,85.07949829,2510000,2.33
2/5/2017,1452.819946,477337984,,,2391.169922,3861360000,106.8788147,1756900,85.19686127,2841400,2.29
3/5/2017,1490.089966,583795968,,,2388.129883,3896760000,106.6179886,3691000,85.11079407,1923400,2.33
4/5/2017,1537.670044,933548992,,,2389.52002,4367860000,106.6962585,1564300,85.04039001,1897900,2.36
5/5/2017,1555.449951,946035968,,,2399.290039,3543240000,107.2266006,2057700,85.05604553,1421800,2.36
8/5/2017,1723.349976,1340320000,,,2399.379883,3429990000,107.0613937,2150900,84.89170074,3568400,2.39
9/5/2017,1755.359985,1167920000,,,2396.919922,3657840000,107.0266418,1846200,84.8995285,3084900,2.42
10/5/2017,1787.130005,915723008,,,2399.629883,3649370000,107.2613907,1468500,84.92302704,1653400,2.41
11/5/2017,1848.569946,799489984,,,2394.439941,3727710000,106.9483871,1499600,84.91518402,2331000,2.39
12/5/2017,1724.23999,740984000,,,2390.899902,3304620000,106.7397003,1235300,85.22821808,1329700,2.33
15/5/2017,1738.430054,731529024,,,2402.320068,3490080000,107.3135452,3097000,85.19686127,1771000,2.34
16/5/2017,1734.449951,959044992,,,2400.669922,3421810000,107.2526779,2128400,85.306427,2051800,2.33
17/5/2017,1839.089966,1064729984,,,2357.030029,4164760000,105.3225403,3703500,85.74466705,2464500,2.22
18/5/2017,1888.650024,894321024,,,2365.719971,4319440000,105.6355515,2883400,85.69765472,2107000,2.23
19/5/2017,1987.709961,1157289984,,,2381.72998,3831700000,106.3919525,2144200,85.69765472,1504000,2.23
22/5/2017,2173.399902,1942220032,,,2394.02002,3176580000,106.957077,1810100,85.64289093,1642700,2.25
23/5/2017,2320.419922,1378749952,,,2398.419922,3216560000,107.1396408,1796600,85.47856903,1334500,2.29
24/5/2017,2443.639893,1725379968,,,2404.389893,3389240000,107.452652,1552200,85.62725067,2719200,2.26
25/5/2017,2304.97998,2406700032,,,2415.070068,3538210000,107.9047318,1492300,85.66635895,1558100,2.25
26/5/2017,2202.419922,1763480064,,,2415.820068,2806930000,107.8873444,1320800,85.6350708,955300,2.25
30/5/2017,2175.469971,1443970048,,,2412.909912,3205860000,107.7134628,1348300,85.79936218,2093200,2.21
31/5/2017,2286.409912,1544829952,,,2411.800049,4518040000,107.678688,2043800,85.88549805,2416500,2.21
1/6/2017,2407.879883,1653180032,,,2430.060059,3860620000,108.6785278,1926700,85.84624481,2454500,2.21
2/6/2017,2488.550049,1317030016,,,2439.070068,3465500000,109.0350037,2839300,86.12851715,1507400,2.15
5/6/2017,2686.810059,1369309952,,,2436.100098,2916720000,108.8958817,1494200,85.99525452,2450600,2.18
6/6/2017,2863.199951,2089609984,,,2429.330078,3376750000,108.6176834,2985200,86.16777039,1607700,2.14
7/6/2017,2732.159912,1517709952,,,2433.139893,3576220000,108.7393875,1253300,86.06581116,1903500,2.18
8/6/2017,2805.620117,1281170048,,,2433.790039,3735980000,108.9306717,1826700,85.97957611,1532700,2.19
9/6/2017,2823.810059,1348950016,,,2431.77002,4029860000,108.84375,2585600,85.90898132,1616800,2.21
12/6/2017,2659.629883,2569530112,,,2429.389893,4031840000,108.8263245,1973500,85.90898132,1394800,2.21
13/6/2017,2717.02002,1781200000,,,2440.350098,3278240000,109.3653793,1567400,85.93248749,1474300,2.21
14/6/2017,2506.370117,1696560000,,,2437.919922,3558640000,109.2088928,2584300,86.20697784,2627500,2.15
15/6/2017,2464.580078,2026259968,,,2432.459961,3371980000,108.9654541,2483500,86.15207672,2233900,2.16
16/6/2017,2518.560059,1195190016,,,2433.149902,5299380000,108.8958817,2018000,86.20697784,2216600,2.16
19/6/2017,2589.600098,1446840064,,,2453.459961,3271480000,109.782692,1816100,86.08934784,1610400,2.19
20/6/2017,2721.790039,1854189952,,,2437.030029,3422700000,109.0350037,1359500,86.22263336,2195100,2.16
21/6/2017,2689.100098,1626579968,,,2435.610107,3599190000,108.9083481,3364600,86.23829651,1217400,2.16
22/6/2017,2705.409912,1097939968,,,2434.5,3477250000,108.9520416,1639300,86.27753448,1427400,2.15
23/6/2017,2744.909912,961318976,,,2438.300049,5282460000,109.2228165,1829300,86.29325104,1259100,2.15
26/6/2017,2478.449951,1663280000,,,2439.070068,3243660000,109.3014069,2605600,86.37166595,1914400,2.14
27/6/2017,2552.449951,1489789952,,,2419.379883,3564770000,108.4017334,2386300,86.11286926,3072300,2.21
28/6/2017,2574.790039,1183869952,,,2440.689941,3479980000,109.4236679,2444400,86.14422607,12184400,2.22
29/6/2017,2539.320068,949979008,,,2419.699951,3869560000,108.5502548,2354500,85.97957611,3377200,2.27
30/6/2017,2480.840088,860273024,,,2423.409912,3366030000,108.6987305,1910000,85.86979675,2626900,2.31
3/7/2017,2564.060059,964112000,,,2429.01001,1901480000,108.9607697,1645700,85.71659088,1817300,2.35
5/7/2017,2601.98999,941566016,,,2432.540039,3368150000,109.0830536,2167500,85.76372528,4288600,2.33
6/7/2017,2608.560059,761956992,,,2409.75,3368710000,108.0087357,1881800,85.59870148,2284900,2.37
7/7/2017,2518.659912,917411968,,,2425.179932,2929390000,108.7598648,1709700,85.56731415,2727400,2.39
10/7/2017,2372.560059,1111200000,,,2427.429932,3009880000,108.8384933,1404700,85.60657501,2386400,2.38
11/7/2017,2337.790039,1329760000,,,2425.530029,3108800000,108.8122864,1560200,85.685112,1969100,2.37
12/7/2017,2398.840088,1117410048,,,2443.25,3176900000,109.5896378,1993100,85.94446564,2129900,2.33
13/7/2017,2357.899902,835769984,,,2447.830078,3068510000,109.7643356,1514100,85.8501358,1568300,2.35
14/7/2017,2233.340088,882502976,,,2459.27002,2738460000,110.2534409,1410900,85.93658447,1916600,2.33
17/7/2017,2228.409912,1201760000,,,2459.139893,2800580000,110.2534409,1798400,85.9758606,4078500,2.31
18/7/2017,2318.879883,1512450048,,,2460.610107,2974090000,110.323349,2010000,86.17230988,2878400,2.27
19/7/2017,2273.429932,1245100032,,,2473.830078,3063810000,110.9609146,1276400,86.19586945,1577700,2.27
20/7/2017,2817.600098,2249260032,,,2473.449951,3223820000,111.0307999,1463800,86.21945953,1802600,2.27
21/7/2017,2667.76001,1489449984,,,2472.540039,3066880000,110.8823242,1819500,86.3687439,1531700,2.24
24/7/2017,2754.860107,866473984,,,2469.909912,3019920000,110.8910446,4897700,86.29014587,1946000,2.26
25/7/2017,2576.47998,1460089984,,,2477.129883,4116360000,111.2578964,1709400,85.98373413,2601700,2.33
26/7/2017,2529.449951,937404032,,,2477.830078,3597830000,111.1792908,1624400,86.14874268,2249800,2.29
27/7/2017,2671.780029,789104000,,,2475.419922,4035740000,110.9871292,1707800,86.02300262,1868600,2.32
28/7/2017,2809.01001,1380099968,,,2472.100098,3302850000,110.8037033,1651800,86.19586945,1894200,2.3
31/7/2017,2875.340088,860574976,,,2470.300049,3475930000,110.7425766,1496600,86.15657806,2363000,2.3
1/8/2017,2718.26001,1324669952,,,2476.350098,3470260000,110.9696579,1790600,86.39279175,2338900,2.26
2/8/2017,2710.669922,1094950016,,,2477.570068,3487150000,110.8648224,2929400,86.32982635,2253300,2.27
3/8/2017,2804.72998,804796992,,,2472.159912,3662410000,110.6115417,2582500,86.5030365,1485200,2.24
4/8/2017,2895.889893,1002120000,,,2476.830078,3239980000,110.8473892,972400,86.36132813,2300900,2.27
7/8/2017,3378.939941,1482279936,,,2480.909912,2935130000,111.0657272,1114700,86.35345459,2359800,2.26
8/8/2017,3419.939941,1752760064,,,2474.919922,3347480000,110.7600479,1360300,86.27474213,2570800,2.29
9/8/2017,3342.469971,1468960000,,,2474.02002,3310960000,110.6377411,1679900,86.35345459,2308900,2.24
10/8/2017,3381.280029,1515110016,,,2438.209961,3635820000,109.0131531,2455300,86.44002533,2004200,2.2
11/8/2017,3650.620117,2021190016,,,2441.320068,3161830000,109.2140427,2039100,86.51094818,1913300,2.19
14/8/2017,4325.129883,2463089920,,,2465.840088,2824320000,110.3320618,1467400,86.4715271,2293900,2.22
15/8/2017,4181.930176,3258050048,,,2464.610107,2922430000,110.2272644,1523000,86.34557343,2177400,2.27
16/8/2017,4376.629883,2272039936,,,2468.110107,2956570000,110.4281158,1379800,86.5030365,1956500,2.23
17/8/2017,4331.689941,2553359872,,,2430.01001,3164950000,108.6725311,3440500,86.62898254,5403500,2.19
18/8/2017,4160.620117,2941710080,,,2425.550049,3426970000,108.4891052,2836500,86.57390594,1564800,2.19
21/8/2017,4001.73999,2800890112,,,2428.370117,2803650000,108.6463318,1627300,86.63690948,1717600,2.18
22/8/2017,4100.52002,3764239872,,,2452.51001,2780990000,109.738121,2089500,86.55817413,1992300,2.22
23/8/2017,4151.52002,2369819904,,,2444.040039,2796950000,109.4062195,1268800,86.75502777,1894900,2.17
24/8/2017,4334.680176,2037750016,,,2438.969971,2849680000,109.2315445,1381700,86.6447525,2102100,2.19
25/8/2017,4371.600098,1727970048,,,2443.050049,2593350000,109.4935455,1158200,86.70776367,2326800,2.17
28/8/2017,4382.660156,1959330048,,,2444.23999,2682920000,109.5372391,1787900,86.73922729,4476000,2.16
29/8/2017,4579.02002,2486080000,,,2446.300049,2739460000,109.5808868,1312300,86.865242,2092200,2.13
30/8/2017,4565.299805,1937849984,,,2457.590088,2637780000,110.1573715,1730600,86.84950256,1505700,2.15
31/8/2017,4703.390137,1944930048,,,2471.649902,3353860000,110.9085236,3384400,86.96762848,5308300,2.12
1/9/2017,4892.009766,2599079936,,,2476.550049,2712780000,111.1618118,2122600,86.7703476,2824200,2.16
5/9/2017,4376.529785,2697969920,,,2457.850098,3502190000,110.3058395,2319000,87.1253891,2257000,2.07
6/9/2017,4597.120117,2172100096,,,2465.540039,3400200000,110.6115417,1449900,87.03073883,2720200,2.1
7/9/2017,4599.879883,1844620032,,,2465.100098,3365780000,110.5591278,1218600,87.24375916,1648800,2.05
8/9/2017,4228.75,2700890112,,,2461.429932,3308360000,110.4805374,1206100,87.1411438,2363200,2.06
11/9/2017,4161.27002,1557330048,,,2488.110107,3293460000,111.6684189,1346500,86.90447998,2492700,2.14
12/9/2017,4130.810059,1864530048,,,2496.47998,3234280000,112.0963898,2264200,86.77822876,2403600,2.17
13/9/2017,3882.590088,2219409920,,,2498.370117,3371370000,112.1488113,1692500,86.69147491,1304100,2.2
14/9/2017,3154.949951,2716310016,,,2495.620117,3422470000,112.1138458,1493200,86.73880768,1704200,2.2
15/9/2017,3637.52002,4148069888,,,2500.22998,4862970000,112.3234634,1531300,86.72303009,2818000,2.2
18/9/2017,4065.199951,1943209984,,,2503.870117,3204700000,112.5942688,1792300,86.68354034,1946300,2.23
19/9/2017,3924.969971,1563980032,,,2506.649902,3253760000,112.6466904,1241700,86.63621521,1407200,2.24
20/9/2017,3905.949951,1213830016,,,2508.23999,3584570000,112.8300858,1729200,86.56520844,1356800,2.28
21/9/2017,3631.040039,1411480064,,,2500.600098,2965590000,112.5156631,1730600,86.54942322,2210900,2.27
22/9/2017,3630.699951,1194829952,,,2502.219971,2877980000,112.6059952,1601600,86.61257935,1461800,2.26
25/9/2017,3926.070068,1374210048,,,2496.659912,3314530000,112.4217758,2186000,86.81768036,3937600,2.22
26/9/2017,3892.350098,1043740032,,,2496.840088,3070770000,112.4481125,1851500,86.78609467,2749900,2.24
27/9/2017,4200.669922,1686880000,,,2507.040039,3485070000,113.0621109,2374400,86.533638,3042800,2.31
28/9/2017,4174.72998,1712320000,,,2510.060059,3173030000,113.2463303,1484800,86.54154205,1702500,2.31
29/9/2017,4163.069824,1367049984,,,2519.360107,3220260000,113.6147461,1720600,86.47052765,5770800,2.33
2/10/2017,4409.319824,1431730048,,,2529.120117,3226370000,114.2112579,2678000,86.52344513,5692200,2.34
3/10/2017,4317.47998,1288019968,,,2534.580078,3073480000,114.4393158,1825100,86.59465027,2462200,2.33
4/10/2017,4229.359863,1116770048,,,2537.73999,3020770000,114.55336,1495700,86.57093048,2673200,2.33
5/10/2017,4328.410156,1161769984,,,2552.070068,3059730000,115.1586456,2387200,86.53139496,1909900,2.35
6/10/2017,4370.810059,1069939968,,,2549.330078,2898270000,115.0796661,1635000,86.40486145,1824000,2.37
9/10/2017,4772.02002,1968739968,,,2544.72998,2486940000,114.851593,1012100,86.52344513,1131500,2.36
10/10/2017,4781.990234,1597139968,,,2550.639893,2962610000,115.1235428,2915300,86.53139496,1635800,2.35
11/10/2017,4826.47998,1222279936,,,2555.23999,2991320000,115.2814331,2012700,86.54721832,1866400,2.35
12/10/2017,5446.910156,2791610112,,,2550.929932,3157280000,115.1410751,2171200,86.65002441,1933400,2.33
13/10/2017,5647.209961,3615480064,,,2553.169922,3150470000,115.2288055,1543900,86.86346436,1743800,2.28
16/10/2017,5725.589844,2008070016,,,2557.639893,2918030000,115.3077545,1789500,86.77651215,3788100,2.3
17/10/2017,5605.509766,1821570048,,,2559.360107,2901890000,115.360405,1340600,86.74487305,1764400,2.3
18/10/2017,5590.689941,2399269888,,,2561.26001,2999320000,115.5094681,1470900,86.61045837,1663800,2.34
19/10/2017,5708.52002,1780540032,,,2562.100098,3019520000,115.5358582,1942600,86.6737442,1877000,2.33
20/10/2017,6011.450195,2354429952,,,2575.209961,3394450000,116.1586151,1751000,86.42073822,2014200,2.39
23/10/2017,5930.319824,2401840128,,,2564.97998,3214470000,115.6674194,1755700,86.51556396,2000800,2.38
24/10/2017,5526.640137,2735699968,,,2569.129883,3435660000,115.869194,1574400,86.33370209,1722300,2.42
25/10/2017,5750.799805,1966989952,,,2557.149902,3885470000,115.263855,2186500,86.27841949,2945400,2.44
26/10/2017,5904.830078,1905040000,,,2560.399902,3891750000,115.4130478,5396300,86.18347168,2163500,2.46
27/10/2017,5780.899902,1710130048,,,2581.070068,3896100000,116.3516235,2672600,86.3732605,1902500,2.42
30/10/2017,6130.529785,1772150016,,,2572.830078,3660230000,115.842865,1688900,86.61045837,2384800,2.37
31/10/2017,6468.399902,2311379968,,,2575.26001,3844420000,116.0796814,2378300,86.55509186,3719900,2.38
1/11/2017,6767.310059,2870320128,,,2579.360107,3841200000,116.1761932,2275500,86.59312439,2959400,2.37
2/11/2017,7078.5,4653770240,,,2579.850098,4050140000,116.202507,5097200,86.64070129,2160500,2.35
3/11/2017,7207.759766,3369860096,,,2587.840088,3568710000,116.5095215,2677400,86.71988678,1781200,2.34
6/11/2017,7022.759766,3111899904,,,2591.129883,3541970000,116.7288284,2017700,86.79915619,1293000,2.32
7/11/2017,7144.379883,2326340096,,,2590.639893,3815190000,116.5270615,2527400,86.82290649,2015500,2.32
8/11/2017,7459.689941,4602200064,,,2594.379883,3898450000,116.7200317,1267700,86.76747894,2742600,2.32
9/11/2017,7143.580078,3226249984,320.8840027,893249984,2584.620117,3844100000,116.2463531,4320300,86.70401001,2479800,2.33
10/11/2017,6618.140137,5208249856,299.2529907,885985984,2582.300049,3489740000,116.2638931,2042100,86.35546112,1751100,2.4
13/11/2017,6559.490234,6263249920,316.7160034,1041889984,2584.840088,3405200000,116.3252869,1876000,86.35546112,1891600,2.4
14/11/2017,6635.75,3197110016,337.631012,1069680000,2578.870117,3643580000,116.1147919,3776500,86.44258118,2799900,2.38
15/11/2017,7315.540039,4200880128,333.3569946,722665984,2564.620117,3586590000,115.51828,1772400,86.60900116,2495700,2.33
16/11/2017,7871.689941,5123809792,330.9240112,797254016,2585.639893,3329730000,116.5709381,1730600,86.51394653,1912600,2.37
17/11/2017,7708.990234,4651670016,332.3940125,621732992,2578.850098,3309800000,116.3516235,4850200,86.60900116,3544600,2.35
20/11/2017,8200.639648,3488450048,366.730011,807027008,2582.139893,3023940000,116.6498871,1805700,86.56144714,2639100,2.37
21/11/2017,8071.259766,4277609984,360.401001,949912000,2599.030029,3351230000,117.4568787,1956900,86.64860535,2297400,2.36
22/11/2017,8253.549805,3633530112,380.6520081,800819008,2597.080078,2764110000,117.3691711,1295600,86.79915619,6104100,2.32
24/11/2017,8253.69043,5058610176,474.9110107,2292829952,2602.419922,1385890000,117.6411133,670500,86.78334045,1693500,2.34
27/11/2017,9818.349609,5653320192,480.355011,1396480000,2601.419922,3017720000,117.5183182,1754300,86.78334045,2653300,2.32
28/11/2017,10058.7998,6348819968,472.9020081,1346499968,2627.040039,3493340000,118.6850128,2922900,86.78334045,5126900,2.34
29/11/2017,9888.610352,11568799744,427.5230103,2675940096,2626.070068,4090630000,118.6850128,2066300,86.56939697,2423700,2.37
30/11/2017,10233.59961,8310689792,447.1140137,1903040000,2647.580078,4965700000,119.5972519,2854400,86.42674255,4011300,2.42
1/12/2017,10975.59961,6783119872,466.5400085,1247879936,2642.219971,3950930000,119.3604202,3585700,86.67367554,3410200,2.37
4/12/2017,11657.2002,6132409856,470.20401,1005550016,2639.439941,4025840000,119.2025223,3119400,86.66579437,2652800,2.37
5/12/2017,11916.7002,6895260160,463.2810059,1216720000,2629.570068,3547570000,118.6937714,2583300,86.75310516,2995500,2.36
6/12/2017,14291.5,12656300032,428.5880127,1998259968,2629.27002,3253080000,118.6235809,2835600,86.84046936,2965800,2.33
7/12/2017,17899.69922,17950699520,434.4079895,2129570048,2636.97998,3297060000,119.0972519,1537600,86.72924805,2584100,2.37
8/12/2017,16569.40039,21135998976,456.0310059,2336379904,2651.5,3126750000,119.7200775,1502600,86.69755554,1685000,2.38
11/12/2017,16936.80078,12153900032,515.1359863,1771440000,2659.98999,3141480000,120.0007706,1934300,86.66579437,2612400,2.39
12/12/2017,17415.40039,14603799552,651.4310303,5179829760,2664.110107,3568910000,120.1323547,1517200,86.6260376,3142400,2.4
13/12/2017,16408.19922,12976900096,702.7670288,4524539904,2662.850098,3568360000,120.14991,1858800,86.87220764,3109500,2.36
14/12/2017,16564,13777399808,695.815979,3821580032,2652.01001,3442760000,119.5884857,1856100,86.89603424,4126100,2.35
15/12/2017,17706.90039,14309999616,684.447998,2758710016,2675.810059,5736910000,120.6586609,2293000,86.91982269,2403700,2.35
18/12/2017,19114.19922,14839499776,794.6450195,3249230080,2690.159912,3727770000,121.4919891,2696300,86.80867004,4474300,2.39
19/12/2017,17776.69922,16894499840,826.822998,4096549888,2681.469971,3407680000,121.0007706,3642100,86.55458069,2820900,2.46
20/12/2017,16624.59961,22149699584,819.0859985,3969939968,2679.25,3246230000,120.9920197,2522200,86.35610962,4002500,2.49
21/12/2017,15802.90039,16516599808,821.0629883,3569060096,2684.570068,3293130000,121.2679214,2111200,86.43235016,2374500,2.48
22/12/2017,13831.7998,22197999616,674.8599854,4977710080,2683.340088,2401030000,121.2238617,1926000,86.47210693,3292800,2.48
26/12/2017,16099.7998,13454300160,773.8359985,2201159936,2680.5,1970660000,121.1268616,2051300,86.54351807,1873400,2.47
27/12/2017,15838.5,12487600128,762.84198,2100029952,2682.620117,2202900000,121.1709213,2242400,86.81360626,2046900,2.42
28/12/2017,14606.5,12336499712,737.0230103,2389149952,2687.540039,2174890000,121.4354019,2936500,86.75006866,2895400,2.43
29/12/2017,14656.2002,13025500160,753.59198,2648969984,2673.610107,2447760000,120.9858322,2256500,86.83744049,2813400,2.4
2/1/2018,14982.09961,16846600192,884.4439697,5783349760,2695.810059,3397430000,121.8408661,3699700,86.71032715,8850900,2.46
3/1/2018,15201,16871900160,962.7199707,5093159936,2713.060059,3544030000,122.5460815,3052300,86.71824646,2441700,2.44
4/1/2018,15599.2002,21783199744,980.9219971,6502859776,2723.98999,3697340000,123.0132828,2572400,86.6627121,2945400,2.46
5/1/2018,17429.5,23840899072,997.7199707,6683149824,2743.149902,3239280000,123.7361145,2188500,86.60706329,4322900,2.47
8/1/2018,15170.09961,18413899776,1148.530029,8450970112,2747.709961,3246160000,124.0181961,2655300,86.58323669,3394500,2.49
9/1/2018,14595.40039,16659999744,1299.73999,7965459968,2751.290039,3467460000,124.247406,2625200,86.34498596,2301300,2.55
10/1/2018,14973.2998,18500800512,1255.819946,9214950400,2748.22998,3579900000,124.0534363,2014900,86.34498596,4194300,2.55
11/1/2018,13405.7998,16534099968,1154.930054,7235899904,2767.560059,3645690000,125.1024704,2188000,86.38465118,3470400,2.54
12/1/2018,13980.59961,12065699840,1273.199951,5222300160,2786.23999,3587220000,125.8340912,2661800,86.36882019,3605900,2.55
16/1/2018,11490.5,18853799936,1053.689941,8405139968,2776.419922,4362880000,125.278717,3973400,86.39260864,6794400,2.54
17/1/2018,11188.59961,18830600192,1014.25,8545160192,2802.560059,3790340000,126.4335022,2756400,86.29730225,3146300,2.57
18/1/2018,11474.90039,15020399616,1036.280029,5938319872,2798.030029,3703300000,126.2131195,2705800,86.10671234,2896500,2.62
19/1/2018,11607.40039,10740400128,1039.099976,4084450048,2810.300049,3724230000,126.8654175,2119000,85.9240036,2933800,2.64
22/1/2018,10931.40039,10537400320,1003.26001,3810099968,2832.969971,3489480000,127.8703537,2849900,85.89225006,3983200,2.66
23/1/2018,10868.40039,9660609536,986.2290039,3556699904,2839.129883,3541140000,128.1876526,2261300,86.09871674,4775600,2.63
24/1/2018,11359.40039,9940989952,1058.780029,3944039936,2837.540039,4079270000,128.0642548,3409300,86.01138306,2362300,2.65
25/1/2018,11259.40039,8873169920,1056.030029,4050190080,2839.25,3873100000,128.1171417,4234600,86.23377228,9851600,2.63
26/1/2018,11171.40039,9746199552,1055.170044,3617690112,2872.870117,3474680000,129.457016,1995900,86.07489777,3808000,2.66
29/1/2018,11296.40039,7107359744,1182.359985,3715079936,2853.530029,3587420000,128.6107788,2688200,85.9240036,3974900,2.7
30/1/2018,10106.2998,8637859840,1071.130005,4107859968,2822.429932,4012070000,127.2709579,4898200,85.78897095,3659500,2.73
31/1/2018,10221.09961,8041160192,1118.310059,3757560064,2823.810059,4276270000,127.3150177,4670200,85.86048889,8066500,2.72
1/2/2018,9170.540039,9959400448,1036.790039,5261680128,2821.97998,3977380000,127.2621384,2924800,85.59140015,9678700,2.78
2/2/2018,8830.75,12726899712,915.7849731,6713290240,2762.129883,4340220000,124.5559311,5323600,85.33664703,4779300,2.84
5/2/2018,6955.27002,9285289984,697.9509888,4269530112,2648.939941,5310840000,119.6547775,10357400,85.67897034,5991700,2.77
6/2/2018,7754,13999800320,793.1220093,6518269952,2695.139893,5917350000,121.6116867,10791200,85.43221283,6031400,2.79
7/2/2018,7621.299805,9169280000,757.0679932,3896179968,2681.659912,4646300000,121.0740051,6176300,85.24116516,4115600,2.84
8/2/2018,8265.589844,9346750464,817.8070068,3708189952,2581,5333840000,116.7193832,7683300,85.09784698,4761600,2.85
9/2/2018,8736.980469,6784820224,883.8649902,2495820032,2619.550049,5690110000,118.3237381,9474000,84.98642731,5926100,2.83
12/2/2018,8926.570313,6256439808,868.7069702,2243450112,2656,4069220000,119.9015579,4251900,85.01029205,5421400,2.86
13/2/2018,8598.30957,5696719872,845.2579956,2081170048,2662.939941,3503540000,120.280632,2973000,85.03421021,4256200,2.83
14/2/2018,9494.629883,7909819904,923.5609741,2818370048,2698.629883,4011940000,121.9643173,3076800,84.74755096,4317000,2.91
15/2/2018,10166.40039,9062540288,936.9760132,2900100096,2731.199951,3696140000,123.4540024,2853000,84.85105896,2878900,2.9
16/2/2018,10233.90039,7296159744,944.210022,2369449984,2732.219971,3646920000,123.506897,2813100,85.01822662,3648900,2.87
20/2/2018,11403.7002,9926540288,895.3709717,2545260032,2716.26001,3646920000,122.7664948,2490000,84.93069458,2907400,2.88
21/2/2018,10690.40039,9405339648,849.9710083,2531729920,2701.330078,3789040000,122.1934967,2182200,84.65998077,3223800,2.94
22/2/2018,10005,8040079872,812.8449707,2150370048,2703.959961,3720620000,122.2728424,2111700,84.66798401,2485400,2.92
23/2/2018,10301.09961,7739500032,864.1890259,2334820096,2747.300049,3200360000,124.168045,1439500,84.88291168,2398100,2.88
26/2/2018,10366.7002,7287690240,869.3150024,2044480000,2779.600098,3436590000,125.4726791,1765700,84.94656372,4617300,2.86
27/2/2018,10725.59961,6966179840,878.2650146,2053980032,2744.280029,3752070000,123.8947983,2305100,84.76348114,5704700,2.9
28/2/2018,10397.90039,6936189952,855.1989746,1963980032,2713.830078,4244570000,122.5284576,2290500,84.99435425,9614100,2.87
1/3/2018,10951,7317279744,872.2000122,1868519936,2677.669922,4514490000,121.0740051,4846700,85.07015228,7335500,2.81
2/3/2018,11086.40039,7620590080,856.8530273,1894419968,2691.25,3891250000,121.85849,3021300,84.93450165,3717300,2.86
5/3/2018,11573.2998,6468539904,853.684021,1898489984,2720.939941,3733640000,123.2336273,2916600,84.88667297,3307200,2.88
6/3/2018,10779.90039,6832169984,816.9509888,1943069952,2728.120117,3389030000,123.6832123,2788000,84.90261841,1932100,2.88
7/3/2018,9965.570313,8797910016,752.8309937,2175419904,2726.800049,3406690000,123.7890015,2569100,84.88667297,3448700,2.89
8/3/2018,9395.009766,7186089984,704.5960083,1891640064,2738.969971,3206040000,124.2562485,2307500,85.02228546,2396200,2.86
9/3/2018,9337.549805,8704190464,728.9160156,2233019904,2786.570068,3376870000,126.3188705,2325100,84.86275482,3669400,2.9
12/3/2018,9205.120117,6457399808,699.8309937,1764999936,2783.02002,3216960000,126.2483978,1999200,84.91059875,4149500,2.87
13/3/2018,9194.849609,5991139840,690.8270264,1425959936,2765.310059,3324290000,125.4638672,2080500,85.02228546,2727500,2.84
14/3/2018,8269.80957,6438230016,614.2910156,1810560000,2749.47998,3394630000,124.8291931,2103100,85.16590118,3126400,2.81
15/3/2018,8300.860352,6834429952,611.3040161,1770460032,2747.330078,3543710000,124.6616821,1927900,85.17389679,3045500,2.82
16/3/2018,8338.349609,5289379840,601.6660156,1417350016,2752.01001,5429140000,124.8732452,2641400,85.12599945,2552700,2.85
19/3/2018,8630.650391,6729110016,556.7260132,2046790016,2712.919922,3327460000,123.2689285,3154300,85.03823853,2263200,2.85
20/3/2018,8913.469727,6361789952,557.1749878,1833680000,2716.939941,3272590000,123.4540024,1672000,84.90261841,3000700,2.89
21/3/2018,8929.280273,6043129856,561.7319946,1781270016,2711.929932,3434780000,123.3482513,2106700,84.89466095,2994400,2.89
22/3/2018,8728.469727,5530390016,539.7020264,1523459968,2643.689941,3765460000,120.3265533,3130600,85.05417633,3334400,2.83
23/3/2018,8879.620117,5954120192,539.6190186,1596349952,2588.26001,3829380000,117.8041153,5697000,85.05417633,3618700,2.82
26/3/2018,8209.400391,5921039872,489.9509888,1638880000,2658.550049,3538080000,120.9107361,3859500,85.02228546,4546500,2.85
27/3/2018,7833.040039,5378250240,450.1159973,1617939968,2612.620117,3761320000,118.7688599,3309900,85.2695694,4537700,2.78
28/3/2018,7954.47998,4935289856,446.2789917,1514179968,2605,3875720000,118.4944992,4740000,85.31745148,5617200,2.77
29/3/2018,7165.700195,6361229824,385.9679871,1970230016,2640.870117,3572360000,120.123024,2346400,85.56478882,8300000,2.74
2/4/2018,7083.799805,4333440000,386.4249878,1102259968,2581.879883,3635780000,117.3881454,5703700,85.47923279,7280300,2.73
3/4/2018,7456.109863,5499700224,416.8930054,1363399936,2614.449951,3395840000,118.8485107,3737200,85.38328552,9916100,2.79
4/4/2018,6853.839844,4936000000,380.5429993,1287730048,2644.689941,3369230000,120.1849976,2928000,85.41529846,6200900,2.79
5/4/2018,6811.470215,5639320064,383.2319946,1210680064,2662.840088,3230430000,121.0258408,2683600,85.29531097,2592500,2.83
6/4/2018,6636.319824,3766810112,370.2850037,967105984,2604.469971,3312390000,118.4856339,4942600,85.48722076,2814800,2.77
9/4/2018,6770.72998,4894060032,398.526001,1478390016,2613.159912,3076140000,118.8839188,2239400,85.55917358,3746500,2.78
10/4/2018,6834.759766,4272750080,414.2430115,1196000000,2656.870117,3579130000,120.8133926,2153900,85.495224,2941900,2.8
11/4/2018,6968.319824,4641889792,430.5400085,1439040000,2642.189941,3054520000,120.2558136,2063800,85.5672226,8598800,2.79
12/4/2018,7889.25,8906250240,492.9410095,2519360000,2663.98999,3045330000,121.2293777,1858700,85.3752594,3899000,2.83
13/4/2018,7895.959961,7764460032,492.7349854,2419249920,2656.300049,2988540000,120.8841705,2192600,85.39925385,2764800,2.82
16/4/2018,8058.669922,5631309824,511.1470032,1758979968,2677.840088,3020740000,121.8931656,2892600,85.41529846,3860800,2.83
17/4/2018,7902.089844,6900879872,502.8940125,1760359936,2706.389893,3286190000,123.1765289,2219900,85.43922424,2363000,2.82
18/4/2018,8163.419922,6529909760,524.7890015,1762940032,2708.639893,3412030000,123.3447418,1554400,85.19937134,2231700,2.87
19/4/2018,8294.30957,7063209984,567.8889771,2256869888,2693.129883,3375120000,122.672081,4003900,84.9914856,10985100,2.92
20/4/2018,8845.830078,8438110208,615.7180176,2849469952,2670.139893,3428260000,121.6984787,1669600,84.75960541,2766000,2.96
23/4/2018,8930.879883,6925190144,642.5479736,2386830080,2670.290039,3030390000,121.6542282,2033700,84.71955872,2620800,2.98
24/4/2018,9697.5,10678800384,708.15802,3581860096,2634.560059,3716020000,120.1938248,3053500,84.60765839,3442300,3
25/4/2018,8845.740234,11083100160,615.4160156,4216140032,2639.399902,3563680000,120.3265533,2275400,84.49567413,3785000,3.03
26/4/2018,9281.509766,8970559488,662.809021,2984009984,2666.939941,3690920000,121.4683533,1284600,84.63965607,4870300,3
27/4/2018,8987.049805,7566289920,647.0319824,2598129920,2669.909912,3234510000,121.5479889,1133600,84.74357605,3806400,2.96
30/4/2018,9240.549805,8673920000,669.9240112,2853100032,2648.050049,3749510000,120.6629257,2277100,84.75960541,4692600,2.95
1/5/2018,9119.009766,7713019904,673.6129761,2678960128,2654.800049,3562820000,120.8487778,1762700,84.68743896,3027000,2.97
2/5/2018,9235.919922,7558159872,687.1489868,2822269952,2635.669922,4047020000,120.1495743,1661600,84.68743896,2560800,2.97
3/5/2018,9743.860352,10207299584,779.5430298,4210939904,2629.72998,3867530000,119.8220901,2638000,84.78361511,4499200,2.94
4/5/2018,9700.759766,8217829888,785.6240234,3533410048,2663.419922,3335260000,121.3709869,2379400,84.83970642,2317100,2.95
7/5/2018,9373.009766,7394019840,753.7249756,4316120064,2672.629883,3266810000,121.9020462,1448000,84.79966736,1533400,2.95
8/5/2018,9234.820313,7415869952,752.8569946,2920489984,2671.919922,3745100000,121.9462891,1357400,84.70349121,2591700,2.97
9/5/2018,9325.179688,7226890240,752.2750244,2877870080,2697.790039,3913650000,123.0968781,1451700,84.6072998,2507500,3
10/5/2018,9043.94043,6906699776,727.2769775,2748950016,2723.070068,3380640000,124.1678467,1810100,84.79966736,2096700,2.97
11/5/2018,8441.490234,8488520192,679.5859985,3290080000,2727.719971,2874850000,124.4156647,1199100,84.83970642,2034100,2.97
14/5/2018,8716.790039,7364149760,730.5490112,3005110016,2730.129883,2994360000,124.4776077,1396900,84.75958252,2183500,3
15/5/2018,8510.379883,6705710080,708.8709717,2523069952,2711.449951,3291190000,123.7253036,2279700,84.38287354,2166400,3.08
16/5/2018,8368.830078,6760220160,707.0499878,2476130048,2722.459961,3248480000,124.3271408,1345900,84.28675079,2477500,3.09
17/5/2018,8094.319824,5862530048,672.6569824,2350619904,2720.129883,3478150000,124.3625259,1658500,84.17449188,2789000,3.11
18/5/2018,8250.969727,5764190208,694.3670044,2305740032,2712.969971,3383270000,124.0881805,910200,84.39092255,2151100,3.06
21/5/2018,8418.990234,5154990080,699.2219849,2005170048,2733.01001,3053480000,125.0175247,1299600,84.39891815,1952200,3.06
22/5/2018,8041.779785,5137010176,647.7410278,2230469888,2724.439941,3384140000,124.557251,1213000,84.39891815,2246400,3.06
23/5/2018,7557.819824,6491120128,583.585022,2995429888,2733.290039,3333160000,124.8847351,1431800,84.6313324,6061900,3.01
24/5/2018,7587.339844,6049220096,601.7550049,2791099904,2727.76001,3285750000,124.6811829,1405100,84.86372375,2903300,2.98
25/5/2018,7480.140137,4867829760,586.7340088,2110919936,2721.330078,3015260000,124.4422302,1264500,85.04808807,2508100,2.93
29/5/2018,7472.589844,5662660096,565.3880005,2330820096,2689.860107,3743310000,123.2119598,2695000,85.60910034,3494200,2.77
30/5/2018,7406.52002,4922540032,559.5900269,2053970048,2724.01001,3566490000,124.8050842,1587000,85.39269257,3158200,2.84
31/5/2018,7494.169922,5127130112,577.6450195,1985040000,2705.27002,4241100000,123.9465485,1700900,85.32056427,5157400,2.83
1/6/2018,7541.450195,4921460224,580.0430298,1945890048,2734.620117,3694310000,125.2388,1857800,85.21538544,6206800,2.89
4/6/2018,7514.470215,4993169920,592.9849854,1903430016,2746.870117,3410090000,125.8229752,1592000,85.01448822,4288100,2.94
5/6/2018,7633.759766,4961739776,609.3029785,1844269952,2748.800049,3523550000,126.0087967,2952100,85.07879639,1848300,2.92
6/6/2018,7653.97998,4692259840,607.1240234,1756530048,2772.350098,3662780000,127.1240234,3011000,84.8859787,2705800,2.97
7/6/2018,7678.240234,4485799936,605.1870117,1880140032,2770.370117,3742080000,126.9381104,1663400,85.07074738,2724800,2.93
8/6/2018,7624.919922,4227579904,601.0770264,1637779968,2779.030029,3138850000,127.3718109,1084200,84.95025635,3416800,2.93
11/6/2018,6906.919922,4745269760,533.2839966,1982119936,2782,3262130000,127.557724,1664500,84.86190796,4330800,2.96
12/6/2018,6582.359863,4654380032,496.8429871,1932760064,2786.850098,3435700000,127.8232117,1582300,84.8859787,3546500,2.96
13/6/2018,6349.899902,5052349952,477.493988,2080130048,2775.629883,3820770000,127.3452606,1402000,84.80561829,3627200,2.98
14/6/2018,6675.350098,5138710016,519.7420044,2458650112,2782.48999,3540930000,127.7081757,1809800,85.02256012,4689600,2.94
15/6/2018,6456.580078,3955389952,491.0039978,1808269952,2779.659912,5451990000,127.5842285,3328300,85.0546875,2361800,2.93
18/6/2018,6734.819824,4039200000,518.8909912,1513869952,2773.75,3316120000,127.4426422,1603500,85.07074738,2359300,2.92
19/6/2018,6769.939941,4057029888,537.9569702,1726569984,2762.590088,3671160000,127.0177765,1962500,85.15910339,2184200,2.89
20/6/2018,6776.549805,3888640000,536.2680054,1596290048,2767.320068,3332140000,127.309845,1468400,84.99847412,2403700,2.93
21/6/2018,6729.740234,3529129984,527.3670044,1462070016,2749.76001,3336580000,126.4336243,1881300,85.02256012,2895500,2.9
22/6/2018,6083.689941,5079810048,465.8169861,2226030080,2754.879883,5468110000,126.6140747,1226300,85.10286713,1846000,2.9
25/6/2018,6249.180176,5500810240,460.3099976,4007950080,2717.070068,3663280000,124.8364258,4347700,85.0546875,5522900,2.87
26/6/2018,6093.669922,3279759872,432.7720032,1356560000,2723.060059,3568900000,125.120842,2085300,85.19124603,2665200,2.88
27/6/2018,6157.129883,3296219904,442.3649902,1368940032,2699.629883,3803990000,123.9564667,2958800,85.3438797,3001300,2.83
28/6/2018,5903.439941,3467800064,422.3649902,1360790016,2716.310059,3461100000,124.7297745,2490500,85.33585358,1798900,2.84
29/6/2018,6218.299805,3966230016,436.0090027,1564499968,2718.370117,3586800000,124.8186264,1834000,85.40815735,7117300,2.85
2/7/2018,6614.180176,4396930048,475.3469849,1625789952,2726.709961,3095040000,125.120842,2825900,85.32683563,7159900,2.87
3/7/2018,6529.589844,4672309760,464.1950073,1683939968,2713.219971,1911460000,124.800827,1325900,85.50395966,2425100,2.83
5/7/2018,6639.140137,4999240192,474.4119873,1828610048,2736.610107,2980160000,125.8585587,2796400,85.5844574,2739900,2.84
6/7/2018,6673.5,4313959936,474.0119934,1627609984,2759.820068,2590250000,126.9162521,1756400,85.67300415,2598700,2.82
9/7/2018,6741.75,3718129920,476.6820068,1533799936,2784.169922,3070060000,128.0717621,2153000,85.59248352,1926000,2.86
10/7/2018,6329.950195,4052430080,434.4240112,1789069952,2793.840088,3080140000,128.4006195,1437000,85.52809143,2489700,2.87
11/7/2018,6394.709961,3644859904,446.5180054,1422470016,2774.02002,2986180000,127.4851379,2042300,85.56031799,5385000,2.85
12/7/2018,6228.810059,3770170112,430.0740051,1495440000,2798.290039,2834230000,128.5339508,1440600,85.66496277,2145800,2.85
13/7/2018,6238.049805,3805400064,434.0270081,1489670016,2801.310059,2619790000,128.6139374,1964700,85.74543762,2126900,2.83
16/7/2018,6741.75,4725799936,480.6579895,1858680064,2798.429932,2819860000,128.4095154,1571100,85.64888,2116500,2.85
17/7/2018,7321.040039,5961950208,501.0020142,2288100096,2809.550049,3064920000,128.9961548,1767100,85.61663055,2964100,2.86
18/7/2018,7370.779785,6103410176,480.5130005,2371559936,2815.620117,3111560000,129.2805786,1327700,85.59248352,1760900,2.88
19/7/2018,7466.859863,5111629824,469.618988,2068739968,2804.48999,3278360000,128.9694977,2034200,85.72130585,2163200,2.84
20/7/2018,7354.129883,4936869888,450.697998,1821350016,2801.830078,3243250000,128.738327,1507800,85.55226135,2920200,2.89
23/7/2018,7711.109863,5132480000,450.8529968,1596999936,2806.97998,2928490000,128.9428253,1444500,85.25439453,1848500,2.96
24/7/2018,8424.269531,7277689856,479.3729858,2287520000,2820.399902,3430410000,129.2272949,2340000,85.3751297,3590200,2.95
25/7/2018,8181.390137,5845400064,472.4930115,1930780032,2846.070068,3584400000,130.3293915,2125700,85.38318634,3318300,2.94
26/7/2018,7951.580078,4899089920,464.0369873,1621560064,2837.439941,3667290000,130.1160736,2084600,85.33488464,2245000,2.98
27/7/2018,8165.009766,5195879936,469.6659851,1734259968,2818.820068,3434370000,129.0761108,2535000,85.39930725,2637400,2.96
30/7/2018,8180.47998,5551400000,457.0809937,2141590000,2802.600098,3261190000,128.2317505,5379700,85.31066895,5518200,2.98
31/7/2018,7780.439941,5287530000,433.8670044,1820680000,2816.290039,3906890000,128.9605865,2003800,85.38318634,5928100,2.96
1/8/2018,7624.910156,4797620000,420.7470093,1888060000,2813.360107,3501350000,128.809494,1524100,85.29521942,4534100,3
2/8/2018,7567.149902,4214110000,412.6210022,1569300000,2827.219971,3501380000,129.5738525,1508400,85.32749176,3671900,2.98
3/8/2018,7434.390137,4627150000,418.2619934,1722340000,2840.350098,3043690000,130.0093994,1977100,85.51313019,2542900,2.95
6/8/2018,6951.799805,3925900000,406.6579895,1384880000,2850.399902,2879020000,130.5960236,1802000,85.5696106,4120000,2.94
7/8/2018,6753.120117,4682800000,380.2149963,1828350000,2858.449951,3185440000,131.0226746,2532500,85.41627502,2532800,2.98
8/8/2018,6305.799805,5064430000,356.6130066,2016080000,2857.699951,2978070000,130.8982086,1270600,85.41627502,1937500,2.96
9/8/2018,6568.22998,4267040000,365.5880127,1616610000,2853.580078,3066180000,130.8093719,1233800,85.53728485,2386400,2.93
10/8/2018,6184.709961,4528680000,334.1759949,1699400000,2833.280029,3265590000,129.9916534,1854000,85.72292328,4136300,2.87
13/8/2018,6297.569824,4083980000,286.4949951,1751190000,2821.929932,3173630000,129.4938812,1898200,85.77133179,2786300,2.88
14/8/2018,6199.709961,5301700000,278.9320068,2137850000,2839.959961,2986500000,130.3471832,1784200,85.69062805,6087400,2.89
15/8/2018,6308.52002,4895450000,282.3640137,1878150000,2818.370117,3656680000,129.3161774,2684700,85.8116684,4652700,2.86
16/8/2018,6334.72998,4328420000,288.04599,1552970000,2840.689941,3232000000,130.3293915,1347500,85.86011505,2658200,2.87
17/8/2018,6580.629883,4992990000,315.7290039,1995460000,2850.129883,3037640000,130.8093719,2188300,85.90851593,2071100,2.87
20/8/2018,6308.529785,3665100000,274.3150024,1413790000,2857.050049,2757150000,131.0582123,5759800,86.07802582,2355500,2.82
21/8/2018,6488.759766,3377180000,281.9440002,1164120000,2862.959961,3174010000,131.5470734,2090900,86.00534058,2835000,2.85
22/8/2018,6376.709961,4668110000,271.3410034,1507660000,2861.820068,2701250000,131.5915527,1169600,86.07802582,2190000,2.82
23/8/2018,6534.879883,3426180000,277.1040039,1271160000,2856.97998,2724450000,131.3337555,1351100,86.02952576,1568600,2.82
24/8/2018,6719.959961,4097820000,282.9670105,1450170000,2874.689941,2603010000,132.1515045,1712700,86.12635803,3649700,2.82
27/8/2018,6884.640137,4019000000,285.6029968,1406790000,2896.73999,2865070000,133.1025543,2126000,86.01339722,3233500,2.85
28/8/2018,7096.279785,4659940000,296.4989929,1513350000,2897.52002,2687770000,133.1825562,3015300,85.85204315,2558100,2.88
29/8/2018,7047.160156,4145880000,289.3120117,1474460000,2914.040039,2805520000,133.8846893,2688600,85.83589172,2792400,2.89
30/8/2018,6978.22998,4463250000,284.105011,1513100000,2901.129883,2810450000,133.3336487,2150400,85.87628174,2803200,2.86
31/8/2018,7037.580078,4495650000,283.0039978,1411910000,2901.52002,2887220000,133.3869629,2537500,85.86817932,3308700,2.86
4/9/2018,7361.660156,4273640000,285.7229919,1554870000,2896.719971,3087420000,133.2003632,2342700,85.77272797,3164000,2.9
5/9/2018,6792.830078,5800460000,232.3309937,2390390000,2888.600098,3248780000,132.7647247,2772000,85.73234558,2788300,2.9
6/9/2018,6529.169922,5523470000,230.2149963,2097310000,2878.050049,3144240000,132.3648224,2592200,85.87783813,2248500,2.88
7/9/2018,6467.069824,4264680000,217.2030029,1678260000,2871.679932,2976580000,132.0626068,2334400,85.57054901,2571600,2.94
10/9/2018,6329.700195,3714100000,197.0789948,1502960000,2877.129883,2751100000,132.3470612,2156000,85.65140533,3305700,2.94
11/9/2018,6321.200195,3849910000,185.0659943,1568900000,2887.889893,2904500000,132.7914886,2575100,85.50583649,4919000,2.98
12/9/2018,6351.799805,4064230000,183.3309937,1874850000,2888.919922,3341280000,132.8003693,2181100,85.56247711,4168900,2.97
13/9/2018,6517.310059,4210910000,211.3540039,2330720000,2904.179932,3274090000,133.4670105,1905900,85.61907959,2280200,2.97
14/9/2018,6512.709961,4076220000,211.7489929,2232190000,2904.97998,3179410000,133.5736694,1363900,85.45733643,2693000,2.99
17/9/2018,6281.200195,3910780000,197.875,2019910000,2888.800049,2967980000,132.7292175,1661600,85.45733643,5721700,2.99
18/9/2018,6371.299805,4180090000,209.9750061,1800640000,2904.310059,3091190000,133.4403076,1665400,85.27132416,2206000,3.05
19/9/2018,6398.540039,4431340000,209.9689941,1733330000,2907.949951,3302460000,133.4580536,1809800,85.10958099,2700600,3.08
20/9/2018,6519.669922,4348110000,224.5910034,1782070000,2930.75,3406520000,134.4891205,1713900,85.22278595,2897700,3.07
21/9/2018,6734.950195,6531940000,246.5839996,2836200000,2929.669922,5652470000,134.3558197,1986100,85.28751373,2792600,3.07
24/9/2018,6595.410156,4177310000,228.7299957,1748740000,2919.370117,3392030000,133.8669739,1668600,85.20664978,1895000,3.08
25/9/2018,6446.470215,4726180000,218.5050049,2120360000,2915.560059,3330880000,133.7958221,2318900,85.16620636,2059400,3.1
26/9/2018,6495,4437300000,215.8470001,1756100000,2905.969971,3417540000,133.2802734,4903500,85.36841583,2912100,3.06
27/9/2018,6676.75,4606810000,228.4940033,2030320000,2914,3101360000,133.5914001,1808300,85.42497253,2528100,3.06
28/9/2018,6644.129883,5014430000,222.4019928,2018120000,2913.97998,3461680000,133.6485596,1797000,85.33603668,4883900,3.05
1/10/2018,6589.620117,4000970000,230.7680054,1597500000,2924.590088,3375890000,133.8539734,2718800,85.31330872,3518400,3.09
2/10/2018,6556.100098,3979260000,227.1809998,1542080000,2923.429932,3432620000,133.6575012,2159200,85.41062164,6912600,3.05
3/10/2018,6502.589844,3887310000,220.4889984,1683930000,2925.51001,3625510000,133.8361206,2563900,85.0052948,2540500,3.15
4/10/2018,6576.689941,3838410000,222.2180023,1479500000,2901.610107,3510370000,132.7019043,3220800,84.76208496,5268200,3.19
5/10/2018,6622.47998,3671500000,227.6009979,1547330000,2885.570068,3340820000,131.8445587,3197900,84.57559204,3460500,3.23
8/10/2018,6652.22998,3979460000,229.2550049,1470740000,2884.429932,3381820000,131.7463226,2515600,84.54322052,2268000,3.22
9/10/2018,6642.640137,3580810000,227.9819946,1405130000,2880.340088,3531690000,131.5140839,3690600,84.66481018,21903200,3.21
10/10/2018,6585.529785,3787650000,225.7689972,1384040000,2785.679932,4554260000,127.325592,6890300,84.64051056,3834800,3.22
11/10/2018,6256.240234,5181640000,189.4989929,2167620000,2728.370117,4914090000,124.6106491,11707900,84.8917923,7053900,3.14
12/10/2018,6274.580078,3783500000,196.727005,1487900000,2767.129883,4024010000,126.2538834,7981200,84.91611481,5017400,3.15
15/10/2018,6596.540039,7370770000,209.7039948,2865830000,2750.790039,3327160000,125.6912918,3386400,84.85935211,3047700,3.16
16/10/2018,6596.109863,4074800000,210.1199951,1532280000,2809.919922,3460260000,128.4598236,3990400,84.90801239,5750100,3.16
17/10/2018,6544.430176,4088420000,207.0829926,1444130000,2809.209961,3347090000,128.424057,3148300,84.73774719,2844200,3.19
18/10/2018,6476.709961,3924080000,203.352005,1365860000,2768.780029,3639300000,126.5665054,3783800,84.68102264,3158200,3.17
19/10/2018,6465.410156,3578870000,203.727005,1264480000,2767.780029,3593940000,126.2360306,2997700,84.60804749,2985800,3.2
22/10/2018,6487.160156,3672860000,204.0440063,1328980000,2755.879883,3331270000,125.7359009,3220600,84.59182739,2807300,3.2
23/10/2018,6475.740234,3716150000,204.3359985,1237490000,2740.689941,4373710000,124.9947128,4981600,84.69725037,3524300,3.17
24/10/2018,6495.839844,3424670000,203.852005,1102220000,2656.100098,4738670000,121.1097794,6013700,84.91611481,4465100,3.1
25/10/2018,6476.290039,3230550000,202.7189941,1102900000,2705.570068,4663930000,123.3871536,4886000,84.84314728,8290200,3.14
26/10/2018,6474.75,3306050000,203.3289948,1161310000,2658.689941,4804330000,121.2526932,6623500,85.03774261,5811400,3.08
29/10/2018,6332.629883,4199910000,197.246994,1517230000,2641.25,4701260000,120.5828781,5167200,84.94853973,5075100,3.08
30/10/2018,6334.27002,3781100000,197.5559998,1363500000,2682.629883,5125600000,122.4672546,3675500,84.82695007,2552000,3.12
31/10/2018,6317.609863,4191240000,197.3809967,1442380000,2711.73999,5133380000,123.7443848,4034500,84.78639221,14880500,3.15
1/11/2018,6377.779785,3789400000,198.871994,1336700000,2740.370117,4730250000,125.1464996,3713900,85.00068665,7919000,3.14
2/11/2018,6388.439941,4234870000,200.6349945,1451870000,2723.060059,4261230000,124.6374283,3171400,84.74812317,4491500,3.22
5/11/2018,6419.660156,4174800000,209.0910034,1613510000,2738.310059,3650910000,125.244751,3140200,84.80511475,3412600,3.2
6/11/2018,6461.009766,4700040000,218.4519958,1856940000,2755.449951,3543800000,125.959198,2029700,84.81332397,2619900,3.22
7/11/2018,6530.140137,4941260000,217.1829987,1927830000,2813.889893,3929080000,128.53125,2781200,84.88661194,4677200,3.22
8/11/2018,6453.720215,4665260000,212.2310028,1769080000,2806.830078,3673550000,128.2811584,1874800,84.73183441,3489200,3.24
9/11/2018,6385.620117,4346820000,210.0740051,1554750000,2781.01001,4029030000,126.9683914,2226900,84.83773041,2901900,3.19
12/11/2018,6371.27002,4295770000,210.4179993,1452380000,2726.219971,3701570000,124.5302429,3530700,84.97622681,2779700,3.165
13/11/2018,6359.490234,4503800000,206.826004,1610260000,2722.179932,4112820000,124.3516769,2290500,85.00879669,2977100,3.14
14/11/2018,5738.350098,7398940000,181.3970032,2595330000,2701.580078,4449060000,123.440712,2766000,85.01696777,3395900,3.12
15/11/2018,5648.029785,7032140000,180.8059998,2638410000,2730.199951,4204960000,124.8339005,3600900,85.12285614,3861300,3.11
16/11/2018,5575.549805,5279320000,175.177002,2015330000,2736.27002,3996970000,125.1018295,2272300,85.26134491,3332600,3.08
19/11/2018,4871.490234,7039560000,149.1750031,2745160000,2690.72998,3806940000,122.9316406,3481800,85.25317383,4673200,3.06
20/11/2018,4451.870117,8428290000,130.3390045,3134410000,2641.889893,4370820000,120.7436371,4627200,85.22062683,3162700,3.06
21/11/2018,4602.169922,6120120000,136.701004,2685930000,2649.929932,3237400000,121.3330688,4151300,85.27763367,5701700,3.06
23/11/2018,4347.109863,4871490000,123.2959976,1998010000,2632.560059,1651680000,120.6811371,1300000,85.25317383,1665900,3.05
26/11/2018,3779.129883,6476900000,108.3349991,2139490000,2673.449951,3523520000,122.5565872,4699700,85.23691559,4326100,3.07
27/11/2018,3820.719971,5998720000,110.0100021,2320010000,2682.169922,3494380000,122.7084045,2860100,85.26134491,4107700,3.06
28/11/2018,4257.419922,7280280000,122.4380035,2673470000,2743.790039,3984540000,125.5662537,6061100,85.42430115,8513900,3.06
29/11/2018,4278.84668,6503347767,117.5426483,2196099151,2737.800049,3599200000,125.3340683,2895000,85.4650116,5922600,3.03
30/11/2018,4017.268555,6048016717,113.1714172,2020748396,2760.169922,4668310000,126.2360306,2142100,85.44057465,6126200,3.01
3/12/2018,3894.130859,5089570994,108.9250183,1772756193,2790.370117,4221580000,127.7095947,3655400,85.5802002,14037900,2.98
4/12/2018,3956.893799,5028069239,110.2141876,1748116495,2700.060059,4515710000,123.5389099,3917700,85.80886841,5365200,2.91
6/12/2018,3521.101807,5878333109,91.76105499,2310716932,2695.949951,5180430000,123.3871536,6542900,86.02118683,7396800,2.87
7/12/2018,3419.937256,6835615448,93.29456329,2554304530,2633.080078,4242240000,120.4757156,4986900,86.13552094,5440200,2.85
10/12/2018,3502.656006,5020968740,91.68565369,1756437577,2637.719971,4162880000,120.6096878,5046800,86.19264984,6096000,2.85
11/12/2018,3424.588135,4696765188,88.94530487,1707497898,2636.780029,3963440000,120.5828781,3459200,86.21717072,8086200,2.89
12/12/2018,3486.950195,4139364829,90.59329987,1533050103,2651.070068,4029300000,121.2705841,3720100,86.15184021,8089000,2.91
13/12/2018,3313.677246,4343372456,86.53931427,1754475622,2650.540039,3978340000,120.9758301,3298400,86.17630768,5762500,2.91
14/12/2018,3242.484863,4372763663,84.3082962,1651491877,2599.949951,4064370000,118.8860474,4503200,86.20083618,6265000,2.89
17/12/2018,3545.864746,5409247918,95.13382721,2101453024,2545.939941,4661420000,116.3497009,7193100,86.34780884,7630500,2.86
18/12/2018,3696.059082,5911325473,101.1124573,2277514076,2546.159912,4519190000,116.3140106,8065500,86.60144806,6626100,2.82
19/12/2018,3745.950684,6810689119,101.2685776,2456482115,2506.959961,5152830000,114.527832,8010800,86.68330383,7264800,2.77
20/12/2018,4134.441406,8927129279,116.2168732,3063842618,2467.419922,5619780000,112.6791763,13119700,86.60144806,7695000,2.79
21/12/2018,3896.543701,7206015706,109.4962311,2632539990,2416.620117,7657890000,110.2857285,13605000,86.56053925,10381200,2.79
24/12/2018,4078.599121,7240968501,140.2380066,4370343387,2351.100098,2613670000,107.5287857,14488500,86.61786652,7196100,2.74
26/12/2018,3857.297607,5326547918,131.8656311,2720469126,2467.699951,4249740000,112.7031097,12512300,86.45417023,8606900,2.81
27/12/2018,3654.833496,5130222366,116.5759125,2612804378,2488.830078,4139010000,113.7182159,16128500,86.59328461,10562200,2.77
28/12/2018,3923.918701,5631554348,137.6470184,3130201009,2485.73999,3728440000,113.5744858,11668700,86.91234589,7019600,2.72
31/12/2018,3742.700439,4661840806,133.3682556,2358360234,2506.850098,3461920000,114.6524429,9414800,87.13332367,9671800,2.69
2/1/2019,3943.409424,5244856836,155.0476837,3328240369,2510.030029,3733160000,114.7422867,5093200,87.19878387,11200700,2.66
3/1/2019,3836.741211,4530215219,149.1350098,2676164880,2447.889893,3858830000,112.0832672,5252900,87.558815,6497000,2.56
4/1/2019,3857.717529,4847965467,154.5819397,3126192535,2531.939941,4234140000,115.7933273,4776900,87.29699707,8149000,2.67
7/1/2019,4025.248291,5228625637,151.6992188,2712108388,2549.689941,4133120000,116.9611664,4485100,87.14968109,7433700,2.7
8/1/2019,4030.8479,5306593305,150.3596344,2459808140,2574.409912,4120060000,118.1648788,3949400,87.08422852,4395600,2.73
9/1/2019,4035.296387,5115905225,150.8031158,2369241197,2584.959961,4088740000,118.7218704,6405100,87.15785217,5458100,2.74
10/1/2019,3678.924561,6874143796,128.6251831,3397734456,2596.639893,3721300000,119.3057632,2685700,87.05970001,3532500,2.74
11/1/2019,3687.365479,5538712865,127.5483246,2667585234,2596.26001,3447460000,119.3327026,3033800,87.18240356,5759000,2.71
14/1/2019,3706.052246,5651384490,129.0687256,2798085735,2582.610107,3689370000,118.5781326,2479400,87.05970001,7544300,2.71
15/1/2019,3630.675293,5537192302,122.0327148,2735449164,2610.300049,3601180000,119.8717117,4542100,87.0760498,3690200,2.72
16/1/2019,3655.006836,5394457145,123.5470657,2746469340,2616.100098,3882180000,120.2130585,2963100,87.14968109,4007800,2.73
17/1/2019,3678.563965,5464420383,123.7419205,2594091285,2635.959961,3802410000,121.1832428,4401100,87.08422852,5547000,2.75
18/1/2019,3657.839355,5002961727,121.0102615,2305389800,2670.709961,4009010000,122.7552795,4224900,87.01875305,5643400,2.79
22/1/2019,3604.577148,5313623556,118.747551,2552507405,2632.899902,3923950000,121.0754242,5037900,87.09238434,6824000,2.74
23/1/2019,3585.123047,5433755649,117.4526062,2556952198,2638.699951,3358770000,121.2012177,3934200,87.18240356,3222800,2.76
24/1/2019,3600.865479,5262869046,117.3628845,2520843420,2642.330078,3449230000,121.4527359,3785200,87.32966614,7308900,2.72
25/1/2019,3599.765869,5265847539,116.3783417,2606881898,2664.76001,3821000000,122.5935898,2987300,87.28876495,3469500,2.76
28/1/2019,3470.450439,6908930483,106.5899734,3366895505,2643.850098,3630820000,121.695282,4371600,87.23969269,7365700,2.75
29/1/2019,3448.116943,5897159493,105.5982132,2900418606,2640,3518070000,121.5246048,2975100,87.46879578,6158600,2.72
30/1/2019,3486.181641,5955112627,108.9075394,2874370355,2681.050049,3883270000,123.3571777,3060700,87.66521454,6350400,2.7
31/1/2019,3457.792725,5831198271,107.0610123,2828796031,2704.100098,4953800000,124.4441147,3932900,87.92700958,14766500,2.63
1/2/2019,3487.945313,5422926707,107.609787,2541271519,2706.530029,3782490000,124.6237793,3225400,87.74491119,7227900,2.7
4/2/2019,3459.154053,5332718886,107.8216019,2491888675,2724.870117,3369450000,125.5131531,4938100,87.67106628,14227700,2.73
5/2/2019,3466.357422,5227549545,107.4435196,2515863999,2737.699951,3597620000,126.0341492,2759100,87.85972595,8913500,2.71
6/2/2019,3413.767822,5482196038,104.9192886,2593048199,2731.610107,3486590000,125.9084167,2945200,87.81056976,6449600,2.7
7/2/2019,3399.47168,5004962683,104.5353012,2326764622,2706.050049,4114040000,124.7136536,5097500,87.8515625,3938900,2.65
8/2/2019,3666.780273,7735623101,119.267746,3656841347,2707.879883,3649510000,124.8394089,2105800,88.04842377,4288600,2.63
11/2/2019,3648.430664,6277056434,121.2983932,3222473887,2709.800049,3395330000,125.0999069,2337000,87.95819092,3521000,2.65
12/2/2019,3653.528564,6480384532,122.5722885,3149576429,2744.72998,3843020000,126.6629639,3312300,87.974617,3136700,2.68
13/2/2019,3632.070557,6438903823,122.5536041,3386585799,2753.030029,3684910000,127.0582504,2369300,87.81873322,2526100,2.71
14/2/2019,3616.880859,6271044418,121.3902054,3331701628,2745.72998,3845390000,126.8336563,2731400,87.94998169,2908500,2.66
15/2/2019,3620.810791,6091952231,122.1003876,3021741615,2775.600098,3648680000,128.2260742,2537600,88.01557922,2413900,2.66
19/2/2019,3947.094482,9933626655,145.3461914,5310842625,2779.76001,3535270000,128.4775543,2469900,88.06480408,6235500,2.65
20/2/2019,3999.820557,8693373948,149.5543365,4500094965,2784.699951,3904830000,128.7470856,2357400,88.07300568,3231100,2.65
21/2/2019,3954.118164,7775128102,146.1308441,3995766856,2774.879883,3598260000,128.3069,3684900,87.87610626,3677000,2.69
22/2/2019,4005.526611,7826525254,149.092453,3731099284,2792.669922,3429350000,129.1513367,1838400,88.09762573,2731500,2.65
25/2/2019,3882.696289,9318796067,139.8228607,4914392068,2796.110107,3860260000,129.3399963,3920000,88.07300568,3645400,2.67
26/2/2019,3854.35791,7931218996,138.0896759,3791292839,2793.899902,3676200000,129.0974121,2155200,88.17146301,4759400,2.64
27/2/2019,3851.047363,8301309684,136.1259613,4469776860,2792.379883,3771790000,129.1422882,2046800,87.9827652,2988300,2.69
28/2/2019,3854.7854,8399767798,136.7462463,4535438953,2784.48999,4445780000,128.872879,2275100,87.82691193,11872100,2.73
1/3/2019,3859.58374,7661247975,136.4436188,3756124824,2803.689941,3994950000,129.7352142,2985100,87.68465424,5527000,2.76
4/3/2019,3761.557129,9029175788,127.7741241,4008171341,2792.810059,3949730000,129.1333771,3555400,87.79154968,3837200,2.72
5/3/2019,3896.375,10174126415,137.8223877,4764849990,2789.649902,3631380000,128.8908081,2838000,87.84909058,5835800,2.72
6/3/2019,3903.942627,9175291529,138.7893524,4589054219,2771.449951,3800180000,127.9116592,2139600,87.98066711,4834000,2.69
7/3/2019,3911.484375,9584165519,138.0345001,4339206292,2748.929932,3932150000,126.9145355,2851800,88.2273941,6089100,2.64
8/3/2019,3901.131592,10638638944,135.1270752,4678816794,2743.070068,3424300000,126.6539841,2328000,88.34253693,4943100,2.62
11/3/2019,3905.227295,10125901903,133.8340302,4689807419,2783.300049,3764850000,128.5135345,1910400,88.35075378,5638300,2.64
12/3/2019,3909.15625,9809887079,134.4428864,4709988000,2791.52002,3432340000,128.9447174,1966100,88.51519775,5243400,2.61
13/3/2019,3906.717285,9469184841,133.2630768,4265162099,2810.919922,3782250000,129.7711639,2013500,88.47412872,2608800,2.61
14/3/2019,3924.369141,10480789570,133.7115936,4476532147,2808.47998,3505670000,129.6633759,1494000,88.34253693,2955400,2.63
15/3/2019,3960.911133,9394210605,137.6917877,4506861856,2822.47998,5969780000,130.2652588,2324300,88.56455994,2756900,2.59
18/3/2019,4032.507324,9646954186,139.3746033,4551739879,2832.939941,3620770000,130.7503662,2489700,88.54811096,2295500,2.6
19/3/2019,4071.190186,9344919956,140.5191956,4251488129,2832.570068,3650740000,130.7234192,6104600,88.49878693,2928300,2.61
20/3/2019,4087.476318,10175916388,140.6863556,4664134462,2824.22998,3779160000,130.1843719,2900900,88.86058807,4236200,2.54
21/3/2019,4029.326904,10831212662,136.6360626,5087247796,2854.879883,3612620000,131.7115326,2949700,88.87705994,4192700,2.54
22/3/2019,4023.968262,9252935969,137.1814423,4490899266,2800.709961,4253730000,128.9626923,5151000,89.3210907,2464100,2.44
25/3/2019,3963.070557,10359818883,135.0310211,4480516753,2798.360107,3406110000,128.8742065,3676500,89.48551941,4971300,2.43
26/3/2019,3985.080811,10707678815,135.4603577,4499271679,2818.459961,3288570000,129.8676605,2861000,89.50202179,3120500,2.41
27/3/2019,4087.066162,10897131934,140.9881592,5228240093,2805.370117,3422400000,129.2716064,3402700,89.69116211,3719600,2.39
28/3/2019,4069.107178,9353915899,139.4164734,4163212475,2815.439941,3185460000,129.8405151,2654500,89.69935608,6071000,2.39
29/3/2019,4098.374512,10918665557,142.4974213,5125602702,2834.399902,3752520000,130.6986084,3614700,89.69116211,5988300,2.41
1/4/2019,4158.183105,10157794171,141.8303223,4611999536,2867.189941,3560090000,132.2159119,3666800,89.28063965,11261700,2.49
2/4/2019,4879.87793,21315047816,163.9617462,9826645698,2867.23999,3267210000,132.2068634,4292800,89.37954712,8080100,2.48
3/4/2019,4973.021973,22899891582,161.4588013,10622456246,2873.399902,3570000000,132.5229797,2404400,89.21468353,3731100,2.52
4/4/2019,4922.798828,18251810240,158.052536,7953123529,2879.389893,3038740000,132.8029633,2248400,89.28063965,3676900,2.51
5/4/2019,5036.681152,16837325387,165.5148468,7531316908,2892.73999,3155970000,133.4713135,1744500,89.34653473,2236600,2.5
8/4/2019,5289.770996,17154113634,180.2588196,9304964610,2895.77002,3056460000,133.5887604,2130500,89.30535889,9485300,2.52
9/4/2019,5204.958496,14722104361,176.1145782,7632529578,2878.199951,3032480000,132.7848816,2150700,89.3548584,3753800,2.51
10/4/2019,5324.551758,15504590933,177.3374786,7856924879,2888.209961,3092230000,133.3990631,2019000,89.5279007,4682000,2.48
11/4/2019,5064.487793,16555616019,165.4970245,7859383417,2888.320068,2970650000,133.3900452,1794600,89.42077637,2827700,2.51
12/4/2019,5089.539063,13675206312,164.7363281,6237185309,2907.409912,3726050000,134.2841949,2612000,89.24766541,2390600,2.56
15/4/2019,5067.108398,12290155061,161.574173,5672311824,2905.580078,3114530000,134.1757965,2083000,89.23117828,2546200,2.55
16/4/2019,5235.55957,11618660197,167.6234436,5180105341,2907.060059,3403120000,134.2119446,2953300,89.0745697,4093900,2.6
17/4/2019,5251.937988,12438480677,166.9507599,5596102715,2900.449951,3648100000,133.7152252,2983900,89.06630707,3390200,2.59
18/4/2019,5298.385742,13256489918,173.8140259,6971581464,2905.030029,3507100000,133.9139252,2457000,89.18167877,2217200,2.57
22/4/2019,5399.365234,14601631648,171.8746643,6094878077,2907.969971,3010130000,133.9499969,2148600,89.0745697,5725600,2.59
23/4/2019,5572.362305,15867308108,171.4477997,7097827092,2933.679932,3674480000,135.2957306,2344200,89.23117828,3422700,2.57
24/4/2019,5464.866699,17048033399,165.8260956,7351304156,2927.25,3468480000,135.1151123,1924600,89.43724823,3000000,2.53
25/4/2019,5210.515625,15330283408,154.4593964,6820332362,2926.169922,3440010000,134.889389,2428600,89.42902374,2648100,2.54
26/4/2019,5279.348145,16812108040,156.3470917,7505283355,2939.879883,3264390000,135.6208801,2184500,89.61034393,2299900,2.51
29/4/2019,5247.352539,13735490672,155.2019958,6053776253,2943.030029,3150390000,135.8195953,2461500,89.45375824,2782600,2.54
30/4/2019,5350.726563,13878964574,162.1660309,6275803460,2945.830078,3939760000,135.8285675,2224500,89.51144409,7491500,2.51
1/5/2019,5402.697266,13679528236,160.8183441,5789172433,2923.72998,3669330000,134.8170776,3761300,89.56931305,6387900,2.52
2/5/2019,5505.283691,14644460907,162.1227875,6044171062,2917.52002,3802290000,134.5913239,2537800,89.37095642,3379400,2.55
3/5/2019,5768.289551,18720780006,167.9524078,7299410672,2945.639893,3357180000,136.0453949,2147100,89.51969147,2326300,2.54
6/5/2019,5746.807129,15737171804,172.6532135,7540096853,2932.469971,3203260000,135.6118469,2635300,89.63538361,4609100,2.51
7/5/2019,5829.501465,18026409033,169.7986603,8411140170,2884.050049,3793060000,133.2726593,4385800,89.74279022,3051400,2.45
8/5/2019,5982.45752,15320605300,170.9481659,6416569598,2879.419922,3543110000,133.0559082,2492100,89.72631073,5946400,2.49
9/5/2019,6174.528809,16784645411,170.2893066,6546914198,2870.719971,3659050000,132.6313934,2768000,89.77584076,4847600,2.45
10/5/2019,6378.849121,19419875368,173.142746,8036919053,2881.399902,3566780000,133.2455292,3175300,89.79235077,5257500,2.47
13/5/2019,7814.915039,28677672181,196.846283,10367149039,2811.870117,3900270000,129.876709,4241900,89.94110107,6733800,2.4
14/5/2019,7994.416016,32031452227,217.1485748,12751049755,2834.409912,3354860000,131.050827,3090200,90.01545715,6217000,2.42
15/5/2019,8205.167969,28344112920,247.1530609,13460006534,2850.959961,3140900000,131.8275757,2072300,90.17247009,2666500,2.37
16/5/2019,7884.90918,33167197581,264.0100098,18661465873,2876.320068,3338470000,133.0197601,2319500,90.06507111,2757000,2.4
17/5/2019,7343.895508,30066644905,243.7645874,16037551694,2859.530029,3316040000,132.0804138,1923900,90.08981323,2090800,2.39
20/5/2019,7978.309082,23843404340,251.8644104,10834541285,2840.22998,3293750000,131.1411438,1669200,89.96590424,2035000,2.41
21/5/2019,7963.327637,25127245056,255.2158813,11545049593,2864.360107,3223050000,132.423645,1438800,89.95762634,2029800,2.43
22/5/2019,7680.066406,24719473175,244.6989136,9818257463,2856.27002,3194000000,131.9449921,1539800,90.10634613,3509900,2.39
23/5/2019,7881.84668,24457107820,245.9656677,10671663487,2822.23999,3899320000,130.2650757,2701100,90.37078094,4922500,2.31
24/5/2019,7987.371582,25919126991,249.4849854,9929433206,2826.060059,2889230000,130.5811768,1381900,90.40382385,2010300,2.32
28/5/2019,8719.961914,24226919267,271.7687073,10362846898,2802.389893,4146980000,129.4341278,3866100,90.53604126,6270100,2.26
29/5/2019,8659.487305,23473479966,269.4556885,9819132174,2783.02002,3701110000,128.5490112,2955100,90.56080627,5634400,2.25
30/5/2019,8319.472656,29246528551,255.8589478,13604268584,2788.860107,3276030000,128.8018951,2621700,90.80044556,3305200,2.22
31/5/2019,8574.501953,25365190957,268.1135559,11255023515,2752.060059,3982670000,127.0678024,2836300,91.22182465,9204100,2.14
3/6/2019,8208.995117,22004511436,252.6079254,9375712917,2744.449951,3952360000,126.8149261,4765100,91.43716431,7137500,2.07
4/6/2019,7707.770996,24609731549,241.3387909,10132549747,2803.27002,3814130000,129.6599579,2767600,91.35435486,5131700,2.12
5/6/2019,7824.231445,21760923463,247.0510101,8548917062,2826.149902,3570760000,130.6534576,5059700,91.30467987,3253500,2.12
6/6/2019,7822.023438,19474611077,249.4743347,8265146806,2843.48999,3445140000,131.3849945,2795600,91.28807068,2660400,2.12
7/6/2019,8043.951172,19141423231,250.9303589,8379534528,2873.340088,3244380000,132.5771942,1667900,91.54486847,3697100,2.09
10/6/2019,8000.32959,18689275117,247.5201263,8141159848,2886.72998,3209890000,133.3177795,2259800,91.30467987,3992900,2.15
11/6/2019,7927.714355,17107279932,245.7818298,7382269700,2885.719971,3551000000,133.19133,1724500,91.28807068,4374600,2.15
12/6/2019,8145.857422,19034432883,260.9032898,8645598618,2879.840088,3039870000,133.0106812,1729900,91.4040451,2797600,2.13
13/6/2019,8230.923828,18669407147,256.1687927,8442077836,2891.639893,3100640000,133.6248627,1726600,91.60284424,2293200,2.1
14/6/2019,8693.833008,19831162906,264.0874634,8676891267,2886.97998,2992810000,133.3358765,1401000,91.57800293,1901200,2.09
17/6/2019,9320.352539,15562951919,274.3511047,6009795781,2889.669922,2828400000,133.4328308,2506100,91.55312347,3312600,2.09
18/6/2019,9081.762695,15848210536,265.0518494,6205242504,2917.75,3441540000,134.892395,2261100,91.80162811,3640300,2.06
19/6/2019,9273.521484,15546809946,269.4317932,5516510947,2926.459961,3300220000,135.3546906,4049900,92.11634064,2895900,2.03
20/6/2019,9527.160156,17846823784,271.6950073,6408981097,2954.179932,3943060000,136.5966797,2968100,92.27372742,4224300,2.01
21/6/2019,10144.55664,20624008643,294.9102783,9331694140,2950.459961,5003540000,136.6148376,2414300,92.03353882,4640200,2.07
24/6/2019,11011.10254,19271652365,310.4246826,8205712062,2945.350098,3136960000,135.8533325,1977300,92.19917297,3079800,2.02
25/6/2019,11790.91699,24879684533,318.1263123,9641764965,2917.379883,3579430000,134.5660248,2309500,92.21572876,3111100,2
26/6/2019,13016.23145,45105733173,336.7531738,16437084081,2913.780029,3511350000,134.3122253,1903700,92.00862885,3703200,2.05
27/6/2019,11182.80664,39977475223,294.2676392,14038092503,2924.919922,3162500000,135.1190338,2392200,92.26540375,2963600,2.01
28/6/2019,12407.33203,35087757766,311.2261047,11514656820,2941.76001,5422650000,136.0618134,2589600,92.22403717,9887800,2
1/7/2019,10583.13477,29378589324,293.6411133,10292223948,2964.330078,3524860000,137.0227509,3960800,92.29206848,4186800,2.03
2/7/2019,10801.67773,31015895223,291.5964355,10618413952,2973.01001,3224490000,137.3399963,2705400,92.45812225,5765400,1.98
3/7/2019,11961.26953,30796494294,303.0999756,9926711979,2995.820068,1963570000,138.3735046,2286800,92.60752869,1324800,1.96
5/7/2019,10978.45996,23838480210,287.9975281,8723493015,2990.409912,2434680000,138.2918854,2446300,92.21734619,2461200,2.04
8/7/2019,12285.95801,23482551458,313.2514038,9078905628,2975.949951,2922360000,137.5485229,2611300,92.16752625,3041400,2.05
9/7/2019,12573.8125,28167921523,308.881012,10055159803,2979.629883,3033330000,137.7932739,3178000,92.14267731,2525800,2.07
10/7/2019,12156.5127,33627574244,290.0023193,11679985167,2993.070068,3157800000,138.3553467,1852500,92.2091217,4589800,2.07
11/7/2019,11358.66211,28595327690,268.7040405,10216287022,2999.909912,3155710000,138.5457306,2641000,91.86869812,3303700,2.13
12/7/2019,11815.98633,23534692797,276.2767029,8148936015,3013.77002,2984140000,139.2528076,1656000,91.96831512,3836300,2.12
15/7/2019,10895.08984,25384047207,229.776001,9723674244,3014.300049,2876100000,139.1621399,2155000,92.10114288,3619000,2.09
16/7/2019,9477.641602,24151199070,199.1886749,9036620494,3004.040039,3297030000,138.808609,1778500,92.00156403,2149100,2.13
17/7/2019,9693.802734,24569921549,211.4849701,9387747640,2984.419922,3185650000,137.8930664,2575500,92.24228668,2985600,2.06
18/7/2019,10666.48242,25187024648,226.5661621,9327816059,2995.110107,3369820000,138.4006958,1463500,92.39170074,5982200,2.04
19/7/2019,10530.73242,20727426310,221.3334198,7606433131,2976.610107,3285890000,137.6120148,1487900,92.28379059,3150800,2.05
22/7/2019,10343.10645,16334414913,217.5600128,6338843919,2985.030029,3016200000,137.938324,1510000,92.40000153,2855100,2.05
23/7/2019,9900.767578,17851916995,212.7285156,6976091534,3005.469971,3333810000,138.8629761,1643800,92.30867004,2659300,2.08
24/7/2019,9811.925781,17398734322,217.0463715,7168982843,3019.560059,3433220000,139.7151184,2168900,92.44150543,2783300,2.05
25/7/2019,9911.841797,15821952090,219.6179962,6731281160,3003.669922,3657050000,138.9717865,2046000,92.30039978,2976800,2.08
26/7/2019,9870.303711,14495714483,219.6296082,5729852178,3025.860107,3260170000,139.9780731,1721600,92.31697083,4669000,2.08
29/7/2019,9519.145508,13791445323,211.2680511,5485190664,3020.969971,3224490000,139.6426086,1587600,92.3584671,4167100,2.06
30/7/2019,9607.423828,13829811132,210.5225983,5489918859,3013.179932,3632770000,139.5066223,1970300,92.3502121,2409300,2.06
31/7/2019,10085.62793,16631520648,218.6541443,6003828340,2980.379883,4626330000,137.9836884,2512000,92.39170074,10034500,2.02
1/8/2019,10399.66895,17165337858,217.8084412,5965442642,2953.560059,4793810000,136.7054443,3901500,93.11559296,5709100,1.9
2/8/2019,10518.1748,17489094082,217.8715668,6159440229,2932.050049,3882810000,135.5995026,7062200,93.14886475,3293700,1.86
5/8/2019,11805.65332,23875988832,234.2150269,7765060287,2844.73999,4542850000,131.5745087,5701800,93.55656433,7626600,1.75
6/8/2019,11478.16895,23635107660,226.0206451,7647742672,2881.77002,4156640000,133.287796,3408400,93.80617523,5151800,1.73
7/8/2019,11941.96875,22194988641,226.3910065,7020342210,2883.97998,4512720000,133.4328308,3195500,93.75623322,9156600,1.71
8/8/2019,11966.40723,19481591730,220.941864,6713525644,2938.090088,4118530000,135.9711761,4143200,93.84777832,3707200,1.72
9/8/2019,11862.93652,18339989960,210.4889069,6964818795,2918.649902,3356850000,135.0011749,2349700,93.72299957,2432300,1.74
12/8/2019,11382.61621,13647198229,211.2880707,5674315559,2882.699951,3328570000,133.3330994,2610200,94.06411743,2474900,1.65
13/8/2019,10895.83008,16681503537,208.7090454,5946313205,2926.320068,3857190000,135.2368622,2721400,93.93099976,3048200,1.68
14/8/2019,10051.7041,19990838300,186.6077423,7444456154,2840.600098,4325150000,131.3296814,3938800,94.22222137,2829900,1.59
15/8/2019,10311.5459,22899115082,188.5020599,8197244441,2847.600098,4041720000,131.5745087,3591900,94.65491486,2815600,1.52
16/8/2019,10374.33887,20228207096,185.4400787,7133915837,2888.679932,3524080000,133.5688324,3659300,94.58003235,5209000,1.55
19/8/2019,10916.05371,16038264603,203.0919342,6145148692,2923.649902,3221050000,135.1552429,2875000,94.33040619,2900800,1.6
20/8/2019,10763.23242,15053082175,196.5654144,6408417610,2900.51001,3067710000,134.1218109,1739000,94.58831024,2253600,1.55
21/8/2019,10138.0498,19473084768,186.8916321,7775772700,2924.429932,3016540000,135.2550049,1439700,94.53839111,3815400,1.59
22/8/2019,10131.05566,17097508856,191.3329163,7569043874,2922.949951,2893660000,135.137146,1730700,94.2888031,6294900,1.62
23/8/2019,10407.96484,15627023886,194.7062073,6658162377,2847.110107,3942520000,131.7285461,3808300,94.67156219,3772100,1.52
26/8/2019,10370.82031,18438654080,188.9293823,7207986636,2878.379883,2859790000,133.061203,3623000,94.62993622,5127200,1.54
27/8/2019,10185.5,14762609503,187.5166626,6042327402,2869.159912,3537490000,132.4447937,1984700,94.92946625,3473400,1.49
28/8/2019,9754.422852,17603790323,173.8899689,6696604087,2887.939941,3102480000,133.3875427,1981000,94.93780518,5102500,1.47
29/8/2019,9510.200195,17045878501,169.5167389,7129569083,2924.580078,3177150000,135.1552429,2576000,94.87954712,2671000,1.5
30/8/2019,9598.173828,13595263986,168.8348694,5776520220,2926.459961,3009910000,135.1099396,2267900,94.96276093,4661600,1.5
3/9/2019,10623.54004,19384917989,179.4993286,6962728938,2906.27002,3427830000,134.2306213,4307800,94.94023132,6197400,1.47
4/9/2019,10594.49316,16742664769,175.9928894,5938120494,2937.780029,3167900000,135.6629333,2071700,95.10704041,3814300,1.47
5/9/2019,10575.5332,14551239508,174.2171326,5589476516,2976,3902600000,137.4759827,2991800,94.69837952,5336500,1.57
6/9/2019,10353.30273,19536574783,169.9561768,6797611878,2978.709961,3209340000,137.5031738,1568700,94.79843903,3675200,1.55
9/9/2019,10334.97461,17595943368,181.1494598,7232938985,2978.429932,4031120000,137.5848083,2575200,94.39815521,2747400,1.63
10/9/2019,10115.97559,14906809639,179.7871704,6291476772,2979.389893,4393040000,137.7207947,3435200,93.88946533,3119300,1.72
11/9/2019,10178.37207,15428063426,178.7254944,7157139035,3000.929932,3934370000,138.8448792,3848100,93.90612793,2646900,1.75
12/9/2019,10410.12695,15323563925,181.016098,5838605477,3009.570068,3796990000,139.2618866,3486800,93.75596619,4069600,1.79
13/9/2019,10360.54688,14109864675,181.109726,5955041237,3007.389893,3557010000,139.1259308,3002500,93.19724274,2506400,1.9
16/9/2019,10276.79395,15160167779,197.1131744,8242029488,2997.959961,4285860000,138.8435364,1690800,93.44740295,2923500,1.84
17/9/2019,10241.27246,15304603363,208.6087494,10232590812,3005.699951,3673250000,139.1805267,2104500,93.58920288,2614200,1.81
18/9/2019,10198.24805,16169268880,211.3930359,9194634557,3006.72998,3458800000,139.1623077,1716700,93.69760895,2291300,1.8
19/9/2019,10266.41504,19937691247,221.2808533,10620070913,3006.790039,3265660000,139.0713043,2061400,93.83106232,2280000,1.79
20/9/2019,10181.6416,14734189639,218.0500488,8027974273,2992.070068,6103440000,138.4610748,2106100,94.17299652,2048300,1.74
23/9/2019,9729.324219,15144925408,201.9213104,7494673136,2991.780029,3187250000,138.5339355,2051800,94.2146759,3412000,1.72
24/9/2019,8620.566406,25002886689,168.110733,11757739233,2966.600098,3872800000,137.2499237,4234600,94.47322845,2602500,1.64
25/9/2019,8486.993164,21744728353,170.8927002,9766632018,2984.870117,3331200000,138.115036,6144100,94.0812912,3813800,1.73
26/9/2019,8118.967773,19258205289,166.7271271,7848286154,2977.620117,3084910000,137.6961212,1723000,94.2396698,4869400,1.7
27/9/2019,8251.845703,16408941156,174.7109985,7909313625,2961.790039,3246480000,136.8764801,1940200,94.35644531,4652500,1.69
30/9/2019,8293.868164,17115474183,179.8722076,7552915148,2976.73999,3249130000,137.5139771,1702000,94.38150787,6359800,1.68
1/10/2019,8343.276367,15305343413,177.3404236,7676276225,2940.25,3560750000,135.7199249,2823000,94.55286407,5980200,1.65
2/10/2019,8393.041992,13125712443,180.7105103,6335595250,2887.610107,3914180000,133.5160522,3811500,94.6197052,8637000,1.6
3/10/2019,8259.992188,13668823409,175.1993408,6381403725,2910.629883,3515130000,134.5997772,4380400,94.98747253,4219100,1.54
4/10/2019,8205.939453,13139456229,176.9850006,6248928449,2952.01001,3005600000,136.3574066,2509200,95.13791656,3331200,1.52
7/10/2019,8245.623047,18009742607,181.1863403,7844316834,2938.790039,2959050000,135.8200989,2237400,94.87877655,2493000,1.56
8/10/2019,8228.783203,15592264032,182.0215607,7466282780,2893.060059,3370700000,133.6253204,2213900,94.91226196,3055700,1.54
9/10/2019,8595.740234,19384942333,193.2932587,9088122101,2919.399902,2735350000,134.8548126,3294600,94.86209869,3332800,1.59
10/10/2019,8586.473633,17618660671,191.659668,8375913276,2938.129883,3234400000,135.7199249,3508900,94.53609467,4312400,1.67
11/10/2019,8321.756836,19604381101,182.5696869,9128522970,2970.27002,3581320000,137.1770477,3377100,94.2268219,3568600,1.76
14/10/2019,8374.686523,15151387859,186.960907,7276520699,2966.149902,2559270000,137.0495758,1213500,94.38567352,1716600,1.765
15/10/2019,8205.369141,15220412632,181.4060669,7731456579,2995.679932,3345090000,138.3973694,2153200,94.07637024,4168600,1.77
16/10/2019,8047.526855,16071646996,176.013504,7691244590,2989.689941,3230320000,138.1423798,1578400,94.24356079,2430600,1.75
17/10/2019,8103.911133,14313052244,178.0283508,6737237423,2997.949951,3103470000,138.5977173,1640400,94.21849823,2316400,1.76
18/10/2019,7973.20752,15651592610,173.6213379,7566257807,2986.199951,3268970000,138.0421753,1720000,94.28533936,1454200,1.76
21/10/2019,8243.720703,15868748866,174.92099,6815820627,3006.719971,3271960000,138.9437714,1710100,94.02623749,4241600,1.8
22/10/2019,8078.203125,16803377857,172.3008575,6990951966,2995.98999,3527540000,138.5248871,1711800,94.16830444,2147400,1.78
23/10/2019,7514.671875,21942878958,162.4027863,9624925919,3004.52002,3413600000,138.8071136,1804000,94.24356079,1887800,1.77
24/10/2019,7493.48877,16268708849,162.1685486,7300917537,3010.290039,3696510000,139.1896515,1582200,94.26865387,1725800,1.77
25/10/2019,8660.700195,28705065488,181.5232086,10358594018,3022.550049,3379060000,139.7451477,2461600,94.13491821,2486600,1.8
28/10/2019,9256.148438,30948255332,182.6628113,10406734124,3039.419922,3524970000,140.5921021,2725500,93.93431091,2948300,1.85
29/10/2019,9427.6875,28426779937,190.3425751,10622761958,3036.889893,3594430000,140.5647583,1561500,93.94262695,2384700,1.84
30/10/2019,9205.726563,27706531577,184.6921692,10484902804,3046.77002,3779660000,140.9017181,2246000,94.21009827,2381400,1.78
31/10/2019,9199.584961,26583653947,183.9669189,9607939606,3037.560059,4149310000,140.4099884,2224400,94.57785034,5399100,1.69
1/11/2019,9261.104492,24324691031,183.9698944,9145611130,3066.909912,3956290000,141.9126129,2341400,94.60388947,3988300,1.73
4/11/2019,9412.612305,26170255634,186.3551941,10551917945,3078.27002,4178040000,142.4317017,2150600,94.3693161,2662700,1.79
5/11/2019,9342.527344,26198609048,189.3041687,10024177342,3074.620117,4490590000,142.3041382,2377100,94.01747894,3205500,1.86
6/11/2019,9360.879883,23133895765,191.5938416,10156458684,3076.780029,4465510000,142.2404327,2288400,94.15987396,3840500,1.81
7/11/2019,9267.561523,22700383839,187.9765472,9081247799,3085.179932,4151990000,142.723114,2407300,93.71585083,4022400,1.92
8/11/2019,8804.880859,24333037836,184.2114716,9176780911,3093.080078,3508160000,143.1238098,2132400,93.66563416,3866100,1.94
11/11/2019,8757.788086,20265510765,185.4896393,7877424106,3087.01001,3041120000,142.8415222,1738900,93.68240356,1559900,1.93
12/11/2019,8815.662109,20309769107,186.8434143,7792186666,3091.840088,3495560000,143.0874023,1730700,93.78289032,2032800,1.92
13/11/2019,8808.262695,17545755405,188.2587433,7343173596,3094.040039,3513720000,143.1511536,2189400,93.95041656,2570200,1.88
14/11/2019,8708.094727,19084739975,185.9996338,7872664470,3096.629883,3282090000,143.2968597,2096200,94.21851349,2901000,1.82
15/11/2019,8491.992188,21796856471,180.5211792,8815678477,3120.459961,3359800000,144.3897095,2615300,94.16824341,4400400,1.84
18/11/2019,8309.286133,21579470673,180.5596008,7787662111,3122.030029,3440140000,144.4716187,3128400,94.34417725,5757900,1.81
19/11/2019,8206.145508,21083613816,177.4555511,7536699743,3120.179932,3613670000,144.5171509,2225200,94.41119385,2210700,1.79
20/11/2019,8027.268066,20764300437,175.698349,7205785149,3108.459961,4041010000,144.0618286,3336200,94.63737488,3474400,1.73
21/11/2019,7642.75,22514243371,161.4627228,8546371325,3103.540039,3744010000,143.6975555,2220300,94.50337219,6522800,1.77
22/11/2019,7296.577637,34242315785,150.2681732,12020749863,3110.290039,3235270000,144.0163116,1886000,94.55361176,2507000,1.77
25/11/2019,7146.133789,42685231262,146.476532,10962753356,3133.639893,3514310000,145.382309,2525300,94.64575195,4251200,1.76
26/11/2019,7218.371094,21129505542,148.9650726,7648516297,3140.52002,4600450000,145.6919708,1884900,94.77980804,2382200,1.74
27/11/2019,7531.663574,23991412764,153.0105591,8778095308,3153.629883,3035470000,146.384079,2343200,94.66251373,3437300,1.77
29/11/2019,7761.243652,19709695456,155.3041534,7503898278,3140.97998,1743420000,145.7283936,1171000,94.54525757,4059000,1.78
2/12/2019,7321.988281,17082040706,149.0591583,6670561362,3113.870117,3285750000,144.4079132,3766700,94.44113159,9325100,1.83
3/12/2019,7320.145508,14797485769,147.9564209,6204379850,3093.199951,3671580000,143.5518494,4040300,94.8693161,5283800,1.72
4/12/2019,7252.034668,21664240918,146.7477417,7865937094,3112.76001,3702980000,144.4807129,2132100,94.70978546,5806500,1.77
5/12/2019,7448.307617,18816085231,149.2489929,6745910228,3117.429932,3360480000,144.6901703,1858100,94.6006546,4374700,1.8
6/12/2019,7546.996582,18104466307,149.1944427,6458766441,3145.909912,3483310000,145.9742737,2021000,94.46634674,4648200,1.84
9/12/2019,7400.899414,17872021272,148.225174,6744206747,3135.959961,3400470000,145.5098419,1934300,94.51669312,7398300,1.83
10/12/2019,7278.119629,18249031195,146.2670441,6859512025,3132.52002,3346310000,145.382309,2150800,94.48311615,3761100,1.85
11/12/2019,7217.427246,16350490689,143.6080017,7037180049,3141.629883,3257650000,145.7283936,1781300,94.73498535,3764500,1.79
12/12/2019,7243.134277,18927080224,145.6040039,7890383413,3168.570068,4003200000,146.9213715,3012200,94.33200073,5080100,1.9
13/12/2019,7269.68457,17125736940,144.9447479,7264810247,3168.800049,3757650000,146.9213715,3023500,94.70978546,5911000,1.82
16/12/2019,6932.480469,20213265950,133.6140289,8992282119,3191.449951,4070200000,147.9960175,2466000,94.51669312,5012100,1.89
17/12/2019,6640.515137,22363804217,122.6038895,9057166141,3192.52002,3842940000,148.0506592,4421500,94.52507782,3016300,1.89
18/12/2019,7276.802734,31836522778,133.0921936,11864518321,3191.139893,4029950000,148.1144257,2139800,94.34037781,6516300,1.92
19/12/2019,7202.844238,25904604416,129.3211365,9564699140,3205.370117,3784360000,148.7609863,3018600,94.4421463,5613800,1.92
20/12/2019,7218.816406,22633815180,129.0660553,8173594150,3221.219971,6457480000,149.5259552,3142900,94.45896149,8809200,1.92
23/12/2019,7355.628418,27831788041,128.61409,9622497693,3224.01001,3064530000,149.6170197,3822900,94.39167023,3148600,1.93
24/12/2019,7322.532227,22991622105,129.0638885,7961819689,3223.379883,1296530000,149.6499329,1624900,94.50941467,1887800,1.9
26/12/2019,7238.966797,22787010034,126.3612213,8600871980,3239.909912,2164540000,150.3733521,2515000,94.5934906,6072100,1.9
27/12/2019,7290.088379,22777360996,127.2146072,8299390176,3240.02002,2429150000,150.2360229,2356700,94.71964264,4733800,1.88
30/12/2019,7292.995117,22874131672,132.6334839,9796951716,3221.290039,3021720000,149.421051,4503500,94.71964264,3979100,1.9
31/12/2019,7193.599121,21167946112,129.6108551,8936866397,3230.780029,2894760000,149.814743,3262400,94.50099945,6807600,1.92
2/1/2020,6985.470215,20802083465,127.4101791,8032709256,3257.850098,3459930000,151.0600281,3291100,94.76171112,6791400,1.88
3/1/2020,7344.884277,28111481032,134.1717072,10476845358,3234.850098,3484700000,150.0986481,3625400,95.03924561,3664300,1.8
6/1/2020,7769.219238,23276261598,144.3041534,9093747121,3246.280029,3702460000,150.6113892,6813800,94.96355438,8131600,1.81
7/1/2020,8163.692383,28767291327,143.5439911,9257954672,3237.179932,3435910000,150.2543488,2498400,94.86263275,2883000,1.83
8/1/2020,8079.862793,31672559265,141.2581329,9387194957,3253.050049,3726840000,150.9959717,4244800,94.75330353,7323100,1.87
9/1/2020,7879.071289,24045990466,138.9792023,7697325348,3274.699951,3641230000,151.9390869,2216900,94.85419464,9110900,1.85
10/1/2020,8166.554199,28714583844,143.9637756,9084816203,3265.350098,3214580000,151.499527,4023000,95.01399231,4198100,1.83
13/1/2020,8144.194336,22482910688,144.226593,8378529470,3288.129883,3459390000,152.5342102,3997100,94.95513916,4465300,1.85
14/1/2020,8827.764648,44841784107,165.9553528,16712318373,3283.149902,3687620000,152.4517822,3062000,95.03924561,3625400,1.82
15/1/2020,8807.010742,40102834650,166.2306824,15173694057,3289.290039,3721490000,152.827179,2479200,95.18219757,3896300,1.79
16/1/2020,8723.786133,31313981931,164.3910065,13735193018,3316.810059,3540580000,154.1365509,2205600,95.18219757,2801400,1.81
17/1/2020,8929.038086,36372139320,170.779953,14997091826,3329.620117,3726220000,154.5211182,2272000,95.07289124,3003300,1.84
21/1/2020,8745.894531,24097418512,169.6971588,9789369362,3320.790039,4104840000,154.1914978,3174200,95.34199524,4672100,1.78
22/1/2020,8680.875977,22600204051,168.2941589,9209827928,3321.75,3623780000,154.2830963,2113600,95.39246368,3627200,1.77
23/1/2020,8406.515625,25770680779,162.9285583,10396868698,3325.540039,3766710000,154.457077,2370000,95.51861572,3429500,1.74
24/1/2020,8445.43457,24397913026,163.051178,10657671162,3295.469971,3708780000,152.9920349,3292500,95.69517517,4199800,1.7
27/1/2020,8909.819336,28647338393,170.9308929,11004476145,3243.629883,3831050000,150.6937866,4692800,95.98952484,4790000,1.61
28/1/2020,9358.589844,34398744403,176.3703156,11772875064,3276.23999,3531570000,152.1496887,4010700,95.90546417,4463800,1.65
29/1/2020,9316.629883,30682598115,175.0503387,10725267311,3273.399902,3600250000,152.0488739,1751700,96.12409973,2890200,1.6
30/1/2020,9508.993164,32378792851,184.6904755,12604789338,3283.659912,3790350000,152.4151611,2835900,96.13253021,6885600,1.57
31/1/2020,9350.529297,29432489719,180.1601715,11728616394,3225.52002,4529700000,149.7232819,4525300,96.41845703,5281900,1.51
3/2/2020,9293.521484,30934096509,189.8650665,12392875241,3248.919922,3760460000,151.0417175,2783200,96.3872757,7214200,1.54
4/2/2020,9180.962891,29893183716,189.2505951,11714191695,3297.590088,3996900000,153.4223785,2732700,96.0670166,5290800,1.61
5/2/2020,9613.423828,35222060874,204.2302399,14865434435,3334.689941,4121480000,154.9331818,4133700,95.92375183,6066900,1.66
6/2/2020,9729.801758,37628823716,212.3390808,16425589683,3345.780029,3887250000,155.3634949,2202300,95.98275757,6838700,1.65
7/2/2020,9795.943359,34522718159,222.726059,16673443564,3327.709961,3733920000,154.4754028,2579200,96.26082611,5224200,1.59
10/2/2020,9856.611328,39386548075,223.5227051,16210008511,3352.090088,3462730000,155.610733,2494100,96.37039185,8187800,1.56
11/2/2020,10208.23633,37648059389,235.8511963,16964695963,3357.75,3762940000,156.0410614,2921700,96.25241852,5633400,1.59
12/2/2020,10326.05469,43444303830,265.4061279,24545049386,3379.449951,3930910000,157.020752,2154100,96.15129089,6373700,1.62
13/2/2020,10214.37988,49356071373,268.0992432,25801317504,3373.939941,3500890000,156.9566803,2827500,96.21868896,5214400,1.61
14/2/2020,10312.11621,43338264162,284.2174988,23558253463,3380.159912,3419700000,157.2130585,2527800,96.31981659,4004900,1.59
18/2/2020,10141.99609,47271023953,281.9445801,26511477187,3370.290039,3750400000,156.8468323,2459400,96.4462738,4874800,1.55
19/2/2020,9633.386719,46992019710,259.7639771,22679414413,3386.149902,3614200000,157.6433868,2488100,96.4209671,3692200,1.56
20/2/2020,9608.475586,44925260237,257.9494629,23229828870,3373.22998,4019180000,157.1672516,7061600,96.64008331,4056000,1.52
21/2/2020,9686.441406,40930547513,265.6006165,20867593292,3337.75,3908780000,155.5558014,2983500,96.83391571,4492700,1.46
24/2/2020,9650.174805,45080496648,265.2164307,22400845640,3225.889893,4851160000,150.437439,8710900,97.14572906,7490100,1.38
25/2/2020,9341.705078,42515259129,247.8175964,21878882134,3128.209961,5596760000,145.8409729,10112300,97.31428528,7474600,1.33
26/2/2020,8820.522461,50420050762,225.6802673,26235617201,3116.389893,5484650000,145.0352173,8210300,97.21315765,4763000,1.33
27/2/2020,8784.494141,45470195695,226.7533875,25645522790,2978.76001,7064710000,138.6808014,14384200,97.23002625,11606400,1.3
28/2/2020,8672.455078,44605450443,226.760498,22563530559,2954.219971,8569570000,137.7468567,22272400,97.94636536,17243000,1.13
2/3/2020,8869.669922,42857674409,230.5697784,20305587789,3090.22998,6381330000,143.4512177,12071600,97.91176605,13198200,1.1
3/3/2020,8787.786133,42386715821,224.4796295,19853178572,3003.370117,6376510000,139.7520599,8623100,98.57893372,12541000,1.02
4/3/2020,8755.246094,34746706368,224.5179749,16567075208,3130.120117,5073020000,145.3374023,5226600,98.50291443,6285300,1.02
5/3/2020,9078.762695,39698054597,229.2681885,18201291785,3023.939941,5579290000,140.4937286,5343100,98.8068924,6802800,0.92
6/3/2020,9122.545898,40826885651,243.5252991,19374772256,2972.370117,6555240000,137.8841858,9947700,99.53321838,17456400,0.74
9/3/2020,7923.644531,46936995808,201.9863281,23645428606,2746.560059,8441290000,126.8142853,18537100,99.40653992,13666700,0.54
10/3/2020,7909.729492,42213940994,200.7672424,18344930072,2882.22998,7642040000,133.1046295,11693300,98.28335571,18694100,0.76
11/3/2020,7911.430176,38682762605,194.8685303,16984790291,2741.379883,7431200000,126.3656158,10760200,96.88145447,13053300,0.82
12/3/2020,4970.788086,53980357243,112.3471222,22134741655,2480.639893,8850810000,114.077919,20969500,93.00521851,18684800,0.88
13/3/2020,5563.707031,74156772075,133.2018127,27864623061,2711.02002,8299070000,124.4611053,15351600,94.46615601,24960500,0.94
16/3/2020,5014.47998,45368026430,110.6058731,15984904590,2386.129883,7805450000,110.2963715,14652900,96.04538727,12310300,0.73
17/3/2020,5225.629395,38622642935,113.942749,12087490572,2529.189941,8370250000,115.8267517,16645800,93.56254578,15737200,1.02
18/3/2020,5238.438477,37878801016,114.8422699,11617854009,2398.100098,8799300000,109.1518402,15388000,89.99875641,17061700,1.18
19/3/2020,6191.192871,51000731797,136.5938568,16396753275,2409.389893,7956100000,109.9576035,11083500,92.00868225,11720200,1.12
20/3/2020,6198.77832,54442976103,132.7371674,18960388062,2304.919922,9053950000,105.4710236,12264900,92.92073822,16503700,0.92
23/3/2020,6416.314941,46491916000,134.9116058,14149877968,2237.399902,7411380000,102.4677353,16443000,95.12490082,12572200,0.76
24/3/2020,6734.803711,48221910672,138.7614441,14609068673,2447.330078,7563150000,112.1917191,10986900,95.91028595,10253600,0.84
25/3/2020,6681.062988,44590107888,136.1958923,13433092920,2475.560059,8300010000,113.7391052,14428100,96.88987732,10999700,0.88
26/3/2020,6716.44043,35319797642,138.361557,11367261176,2630.070068,7766990000,120.6441269,10549100,97.18546295,16611400,0.83
27/3/2020,6469.79834,34585598367,133.9379425,11396286629,2541.469971,6201670000,116.7977829,9731500,97.59925079,10841600,0.72
30/3/2020,6429.841797,37101651525,132.904541,11841123306,2626.649902,5751120000,120.3404388,10416300,97.69218445,13340200,0.7
31/3/2020,6438.644531,32786468812,133.5935669,11065246317,2584.590088,6576210000,118.6197281,8662400,97.43036652,14018600,0.7
1/4/2020,6606.776367,40346426266,135.634552,12456564435,2470.5,5964000000,113.1446991,7911500,97.09945679,14192100,0.62
2/4/2020,6793.624512,47660646124,142.0291443,15322861686,2526.899902,6464190000,115.5003281,6244300,97.24333191,11565400,0.63
3/4/2020,6733.387207,38976504903,142.0913086,13184603402,2488.649902,6096970000,113.5311661,6584400,97.31101227,9786700,0.62
6/4/2020,7271.78125,46896904615,169.1358795,21636382525,2663.679932,6403840000,121.4722595,9369400,97.7849884,8457700,0.67
7/4/2020,7176.414551,44243482668,165.101944,21659346091,2659.409912,7050410000,121.6103058,10469900,97.92041779,7743900,0.75
8/4/2020,7334.098633,37563249549,172.6417389,17063110836,2749.97998,5875710000,125.879921,6610400,98.01351166,4674200,0.77
9/4/2020,7302.089355,34815139178,170.8071442,14901696210,2789.820068,7899550000,128.2355499,9311600,99.23221588,5584100,0.73
13/4/2020,6845.037598,38619308647,156.2795563,16465282133,2761.629883,5319530000,126.7080841,7291600,98.76673889,5738300,0.76
14/4/2020,6842.427734,34110434052,157.5963898,14723156630,2846.060059,5615730000,130.5543823,5609300,98.81752777,5506700,0.76
15/4/2020,6642.109863,32288311031,153.2868958,14171753737,2783.360107,5208000000,127.4902115,5164100,99.22377014,4367400,0.63
16/4/2020,7116.804199,46783242377,172.1573792,22910469236,2799.550049,5228810000,128.0883179,5301200,99.35073853,4744700,0.61
17/4/2020,7096.18457,32513423567,171.6385803,16714684266,2874.560059,5804810000,131.7138062,6411200,99.23221588,4949800,0.65
20/4/2020,6881.958496,37747113936,172.2971649,21266681335,2823.159912,5228630000,129.5789948,5414000,99.08835602,3847900,0.63
21/4/2020,6880.323242,32589741511,172.7377014,16458767984,2736.560059,5121010000,125.5578384,6367500,99.13916016,4660500,0.58
22/4/2020,7117.20752,33249153866,182.5995789,17994666395,2799.310059,5084920000,128.3919983,6340900,99.13916016,4647200,0.63
23/4/2020,7429.724609,43500782316,185.0286713,21275740032,2797.800049,5773530000,128.4103546,6198300,99.376091,4331100,0.61
24/4/2020,7550.900879,34636526286,189.2369385,16788555028,2836.73999,5382810000,130.3243103,4403600,99.32529449,3161600,0.6
27/4/2020,7795.601074,36162144725,197.2247162,18670194595,2878.47998,5203930000,132.6339569,4968200,98.86830139,5576300,0.67
28/4/2020,7807.058594,33187959921,198.41539,18217507467,2863.389893,5691160000,132.2198944,3594500,99.25759125,5889800,0.62
29/4/2020,8801.038086,60201052203,216.9682312,26397548759,2939.51001,6645640000,135.9650116,4990900,99.32529449,4653100,0.63
30/4/2020,8658.553711,66964629541,207.6020508,28089191904,2912.429932,6544980000,134.1982727,4228800,99.10526276,10487500,0.64
1/5/2020,8864.766602,44068389997,214.219101,20816320834,2830.709961,4759810000,130.4899902,4232500,99.11036682,6099500,0.64
4/5/2020,8912.654297,45718796276,208.1740112,22602446422,2842.73999,4735930000,130.9868774,4741200,99.19520569,3684100,0.64
5/5/2020,9003.070313,43148462663,206.7743988,19004689099,2868.439941,5140290000,132.2015228,3665900,99.11885834,4611500,0.66
6/5/2020,9268.761719,49371886931,204.0557861,20343543799,2848.419922,4892570000,131.4745941,3927300,98.72026825,6394900,0.72
7/5/2020,9951.518555,61112700562,212.2894135,23594744655,2881.189941,5178790000,133.1952972,3796300,99.02555084,3786700,0.63
8/5/2020,9842.666016,51780748042,212.9915771,20445139356,2929.800049,4876030000,135.6981659,4248400,98.76268005,3241500,0.69
11/5/2020,8601.795898,57119858802,185.9128418,20054601647,2930.189941,4819730000,135.7165375,4240900,98.46585083,5249500,0.73
12/5/2020,8804.477539,42142717533,189.3125,15899726284,2870.120117,5119630000,132.8272095,4864400,98.72026825,6161500,0.69
13/5/2020,9269.987305,45558144023,199.1932831,17054662289,2820,6151650000,130.1587067,5862100,98.88137054,4425900,0.64
14/5/2020,9733.72168,56426907637,202.9490967,20150524861,2852.5,5651130000,131.557373,7561000,99.18669128,5698900,0.63
15/5/2020,9328.197266,48158802327,195.6226654,16602342092,2863.699951,5507700000,132.3487396,3845600,99.2460556,5897900,0.64
18/5/2020,9726.575195,41827139896,214.5250549,17411566928,2953.909912,6373670000,136.7379608,4557800,99.10189056,5037100,0.73
19/5/2020,9729.038086,39254288955,213.4511108,14346192779,2922.939941,4984330000,135.2840576,3180900,99.21213531,4929500,0.7
20/5/2020,9522.981445,36546239703,210.0967407,12730175511,2971.610107,5005380000,137.7869568,3894000,99.46656799,4579200,0.68
21/5/2020,9081.761719,39326160532,199.883606,13308321229,2948.51001,4976620000,136.9588318,3419200,99.54283905,5143700,0.68
22/5/2020,9182.577148,29810773699,207.1691895,12041592114,2955.449951,3970860000,137.3452759,3003000,99.59373474,2794000,0.66
26/5/2020,8835.052734,29584186947,201.9023132,10159741290,2991.77002,5848500000,139.2592316,4197500,99.4325943,6164700,0.69
27/5/2020,9181.017578,32740536902,208.8634338,10631034756,3036.129883,6398000000,141.4584351,5077700,99.57681274,4772900,0.68
28/5/2020,9525.750977,34367073114,219.8404236,12212469604,3029.72998,5447020000,140.9707489,4601500,99.50894165,11140200,0.7
29/5/2020,9439.124023,32896642044,220.6751251,12265816557,3044.310059,7297550000,141.4400482,4776100,99.77184296,9228700,0.65
1/6/2020,10167.26855,35198901068,246.9917603,13951727936,3055.72998,4684170000,142.3970642,3478900,99.71573639,5580000,0.66
2/6/2020,9529.803711,39137252109,237.2190552,13782107567,3080.820068,5197150000,143.4736328,4157200,99.80072784,4286800,0.68
3/6/2020,9656.717773,25007459262,244.1793213,9861760817,3122.870117,6005560000,145.7096863,9496400,99.55434418,6077600,0.77
4/6/2020,9800.636719,25921805072,244.4263916,10170414304,3112.350098,6451290000,145.249588,5629200,99.2569809,5002700,0.82
5/6/2020,9665.533203,23509628646,241.2219849,9293963914,3193.929932,8639300000,148.9763031,4373400,99.31645966,5166300,0.91
8/6/2020,9771.489258,21486346312,246.309906,8076783299,3232.389893,8498300000,151.0006866,5851300,99.42690277,8551800,0.88
9/6/2020,9795.700195,23717842783,244.9114532,8446545788,3207.179932,6410930000,149.6204224,3200400,99.55434418,5512300,0.84
10/6/2020,9870.094727,25706567601,247.4449463,8792990206,3190.139893,6598870000,148.5070038,4292900,99.9621582,4680800,0.75
11/6/2020,9321.78125,30247143440,231.7026672,12356528860,3002.100098,7037320000,139.746933,12504600,99.79223633,7438800,0.66
12/6/2020,9480.84375,22610564515,237.4932098,8868955009,3041.310059,5845330000,141.6792908,6882100,99.89418793,4571800,0.71
15/6/2020,9450.702148,26699704768,229.9289093,10536099884,3066.590088,5757480000,143.1975861,4859200,100.2255173,5870000,0.71
16/6/2020,9538.024414,21565537209,234.4161682,7965648016,3124.73999,5845810000,145.9489441,4581200,100.0301056,5327400,0.75
17/6/2020,9480.254883,20177709879,233.0282745,7701391592,3113.48999,4560450000,145.2404022,3702200,99.94512177,3696000,0.74
18/6/2020,9411.84082,17770083003,232.1011658,6713800872,3115.340088,4448690000,145.3600464,2797800,100.0471039,3356800,0.71
19/6/2020,9288.018555,19632223107,227.1382904,6946372590,3097.73999,8346650000,144.5410614,3824900,100.0810547,2917400,0.7
22/6/2020,9648.717773,21104009514,242.5331879,9079586552,3117.860107,4686690000,145.5440369,2561300,100.0556107,3445700,0.71
23/6/2020,9629.658203,17006433272,244.1421509,6624530348,3131.290039,4711850000,146.1145477,2555100,100.03862,3991400,0.72
24/6/2020,9313.610352,18961716076,235.7724609,8815030025,3050.330078,5597680000,142.1485901,3729100,100.0215988,5040100,0.69
25/6/2020,9264.813477,18616048626,232.9444885,7010426122,3083.76001,4847690000,143.8679047,4029200,100.1405869,4723300,0.68
26/6/2020,9162.917969,18341465837,229.668045,7187490226,3009.050049,8107850000,140.5216827,3508500,100.2594757,5683400,0.64
29/6/2020,9190.854492,16460547078,228.19487,6726164653,3053.23999,4473970000,142.5830536,3161600,100.3444519,3517200,0.64
30/6/2020,9137.993164,15735797744,226.3150024,6094093001,3100.290039,4705850000,144.6905823,4317400,100.4294052,7451100,0.66
1/7/2020,9228.325195,15971550355,231.1134186,6463737443,3115.860107,4449230000,145.5317841,3640900,100.483017,6746500,0.69
2/7/2020,9123.410156,16338916796,229.3921967,6212210566,3130.01001,4197720000,146.1141357,3181600,100.6022491,3614300,0.68
6/7/2020,9375.474609,17889263252,241.5102234,8782917553,3179.719971,4759160000,148.415741,3307600,100.5937271,5945100,0.69
7/7/2020,9252.277344,13839652595,239.075531,6441497597,3145.320068,4571330000,146.9090424,2357400,100.7469101,5454700,0.65
8/7/2020,9428.333008,19702359883,246.6700134,9892586411,3169.939941,4937310000,148.1107178,2434900,100.7128601,5026800,0.67
9/7/2020,9277.967773,18000702524,243.0159607,8429099199,3152.050049,4843650000,147.1956177,2465200,100.976738,3804000,0.62
10/7/2020,9278.807617,16860035605,240.9849854,7281370522,3185.040039,4524190000,148.7762604,2391800,100.8575668,3133900,0.65
13/7/2020,9243.614258,17519821266,239.6045837,7787751468,3155.219971,4902440000,147.1679077,4694700,100.8490295,4803200,0.64
14/7/2020,9243.213867,18085038362,240.2114868,7357458555,3197.52002,4507140000,149.0997772,3221300,101.0107803,3986700,0.63
15/7/2020,9192.836914,15844731575,238.4235229,6189328448,3226.560059,4686830000,150.9485474,3747800,101.0193024,3403600,0.64
16/7/2020,9132.227539,15713967523,233.6408844,5832057567,3215.570068,3972860000,150.2737732,2190700,101.0873718,3526900,0.62
17/7/2020,9151.392578,13944570749,232.7730865,5859850529,3224.72998,4012850000,150.846817,2141100,101.1895218,2549100,0.64
20/7/2020,9164.231445,13755604146,236.1531677,5600686192,3251.840088,3979340000,152.0023193,3113200,101.3001633,3989200,0.62
21/7/2020,9374.887695,18069581956,245.0167236,6806696015,3257.300049,4556610000,152.4367828,2345600,101.3598099,6098200,0.61
22/7/2020,9525.363281,16532254884,262.1906433,7702077383,3276.02002,4267160000,153.2317352,2723200,101.4449081,6296600,0.6
23/7/2020,9581.072266,18146399002,274.6890564,10281309262,3235.659912,4296760000,151.5586243,3114900,101.5640259,12117200,0.59
24/7/2020,9536.892578,16552768325,279.2154236,9466060358,3215.629883,3689410000,150.3846741,2360800,101.5299911,11071700,0.59
27/7/2020,10990.87305,35359749590,321.5140991,15644257058,3239.409912,3970310000,151.6787872,2423500,101.4618759,5606100,0.62
28/7/2020,10912.82324,28766551142,316.6572571,12357108065,3218.439941,4053180000,150.5695801,1904900,101.5299911,6080700,0.59
29/7/2020,11100.46777,24617249715,318.1908875,10878845706,3258.439941,4478200000,152.5661926,2153300,101.6491776,9727900,0.58
30/7/2020,11111.21387,22857247901,334.5866394,11827689045,3246.219971,4264920000,152.2241364,2473300,101.7257767,3052800,0.55
31/7/2020,11323.4668,23160469766,345.554657,12030600492,3271.120117,5007530000,153.0006561,3159700,101.7683258,5277900,0.55
3/8/2020,11246.34863,20271713443,386.295166,12834648062,3294.610107,4438940000,154.3316956,4341600,101.8084106,13013600,0.56
4/8/2020,11205.89258,21250197042,389.8754883,14086704221,3306.51001,4414380000,154.9417725,2811700,102.0045319,10935200,0.52
5/8/2020,11747.02246,24411254471,401.5905762,12875466638,3327.77002,4535060000,156.0695038,2683000,101.8084106,17345700,0.55
6/8/2020,11779.77344,23400740340,394.9619446,11304626458,3349.159912,4278930000,156.8274994,2150900,101.9533539,4608600,0.55
7/8/2020,11601.47266,23132312867,379.5128479,12751687084,3351.280029,4110030000,156.9568787,2194200,101.8339691,5559100,0.57
10/8/2020,11878.11133,26114112569,395.8875732,11685827893,3360.469971,4327920000,157.3913574,2496700,101.7401733,5152700,0.59
11/8/2020,11410.52539,27039782640,380.3840637,12792218737,3333.689941,4880540000,156.1249695,3124600,101.4588013,7809900,0.64
12/8/2020,11584.93457,25064548486,391.0241699,12408772745,3380.350098,3772250000,158.214035,3364900,101.254158,5524500,0.69
13/8/2020,11784.1377,27522199497,428.7417908,18480303526,3373.429932,3438730000,158.0938873,2247200,100.8789902,8023700,0.71
14/8/2020,11768.87109,24237958589,437.3978271,15064589987,3372.850098,3200060000,158.0476837,2213900,100.7852249,4556500,0.71
17/8/2020,12254.40234,28227687027,429.53125,13227089410,3381.98999,3460330000,158.7224426,3422400,100.9216385,4523900,0.69
18/8/2020,11991.2334,26043227672,423.6693115,11978984079,3389.780029,3669550000,158.9627686,3551400,101.0665588,4765800,0.67
19/8/2020,11758.2832,24502851117,406.4637756,13137391167,3374.850098,3679480000,158.3434601,2291000,100.9131088,4541000,0.68
20/8/2020,11878.37207,20175242945,416.4397888,10043032427,3385.51001,3431040000,158.7963715,2184400,101.0921326,4487500,0.65
21/8/2020,11592.48926,23762425999,389.1263428,11781796374,3397.159912,3505010000,159.1938477,2284500,101.1945038,6373300,0.64
24/8/2020,11774.5957,20681511755,408.1441956,10328860398,3431.280029,3743410000,160.7190094,2467500,101.1518631,4620900,0.65
25/8/2020,11366.13477,26301509932,384.0010376,12428442042,3443.620117,3627650000,161.2552032,5162700,100.9386978,4002300,0.69
26/8/2020,11488.36328,22466660958,386.4661255,9967343483,3478.72998,3780530000,162.7156525,2441100,100.9216385,5139800,0.69
27/8/2020,11323.39746,23240415076,382.6326294,10457777652,3484.550049,3955890000,163.1038818,3435300,100.5720139,5609400,0.74
28/8/2020,11542.5,19807127588,395.8746643,9120674421,3508.01001,3868510000,164.2408752,4163100,100.7084427,6467400,0.74
31/8/2020,11680.82031,22285928250,435.0797424,12774741797,3500.310059,4348280000,163.871109,3189600,100.9301834,10894500,0.72
1/9/2020,11970.47852,27311555343,477.0519104,18862763756,3526.649902,4101490000,165.322403,2877700,101.1393967,9843200,0.68
2/9/2020,11414.03418,28037405299,440.0404968,19691854014,3580.840088,4295640000,167.5316315,4021900,101.344429,4838500,0.66
3/9/2020,10245.29688,31927261555,385.671936,19622845896,3455.060059,4911830000,161.7081757,5341400,101.370018,6856700,0.63
4/9/2020,10511.81348,29965130374,388.2411499,16747106257,3426.959961,4438720000,160.3308411,4379900,100.8661041,5366800,0.72
8/9/2020,10131.5166,33430927462,337.6021118,17991403432,3331.840088,4694330000,155.8291626,3976000,100.9771652,8894000,0.69
9/9/2020,10242.34766,24128292755,351.1100159,14547933520,3398.959961,3932520000,158.8795624,4290400,100.9685822,7824800,0.71
10/9/2020,10363.13867,54406443211,368.1018982,31421134556,3339.189941,4208630000,156.2728882,3507600,100.9771652,4932600,0.68
11/9/2020,10400.91504,45201121775,374.6955872,27296269329,3340.969971,3710090000,156.3283081,3407700,101.0967102,8200400,0.67
14/9/2020,10680.83789,35453581940,377.2688599,17536695361,3383.540039,3839580000,158.7686615,3080800,101.1052322,6394200,0.68
15/9/2020,10796.95117,32509451925,364.8392029,16140584321,3401.199951,4057190000,159.6745453,2129700,101.1137772,4163000,0.68
16/9/2020,10974.90527,30769986455,365.8122864,16107612177,3385.48999,4718900000,159.147644,2826900,101.0625305,6452500,0.69
17/9/2020,10948.99023,38151810523,389.0192261,19899531080,3357.01001,4379840000,157.8350067,2780400,101.0881805,4882200,0.69
18/9/2020,10944.58594,26341903912,384.3645325,14108357740,3319.469971,7076400000,156.3006134,3178000,100.9685822,5149400,0.7
21/9/2020,10462.25977,28884999244,341.7860718,17398267133,3281.060059,4836070000,154.4149017,4175300,100.9857025,6191900,0.68
22/9/2020,10538.45996,23621787804,344.5031738,12732578043,3315.570068,3974510000,155.9493713,2090900,101.0625305,4390200,0.68
23/9/2020,10246.18652,23788661867,321.1163025,12899346599,3236.919922,4378650000,152.1871643,2071400,100.8490448,5392900,0.68
24/9/2020,10760.06641,47144380902,349.3555908,15714304470,3246.590088,4601920000,152.5106812,3792200,100.8575592,4145000,0.67
25/9/2020,10692.7168,39348590957,352.1832581,14381086966,3298.459961,3803330000,154.964798,2986000,100.8917313,5138200,0.66
28/9/2020,10709.65234,47762394731,355.1594238,14258455166,3351.600098,3950910000,157.7770233,3291300,100.9771652,5830400,0.67
29/9/2020,10844.64063,46582396602,359.7573853,11600013236,3335.469971,3661590000,156.8953094,2120600,100.9942169,5301700,0.66
30/9/2020,10784.49121,44171073700,359.9378662,11818610610,3363,4738640000,158.0740662,4786400,100.8319397,6090800,0.69
1/10/2020,10619.45215,40023134100,353.2059021,14679481911,3380.800049,4076340000,159.3920441,3234100,100.9705658,9741800,0.68
2/10/2020,10575.97461,48661453918,346.2389221,14215390463,3348.419922,3975180000,158.1483002,2325600,100.8678741,5599500,0.7
5/10/2020,10793.33984,47537578009,353.9567871,11809507622,3408.600098,3692720000,160.9977722,2574200,100.5427856,4890800,0.78
6/10/2020,10604.40625,42623695307,340.8158569,12830796112,3360.969971,4453390000,159.0115204,2803300,100.6282883,4338600,0.76
7/10/2020,10668.96875,37799458436,341.8086548,11929918060,3419.439941,3814750000,161.7866974,1952400,100.5598602,4801700,0.81
8/10/2020,10915.68555,63314794397,350.7661438,13461017711,3446.830078,3867640000,163.2067413,2335200,100.6882477,4236000,0.78
9/10/2020,11064.45801,22799117613,365.5904846,13043501763,3477.139893,3944090000,164.5804596,2489200,100.7138824,2909300,0.79
12/10/2020,11555.36328,26163972642,387.7312622,15867455424,3534.219971,3435760000,167.0214844,2895800,100.9106369,2999300,0.765
13/10/2020,11425.89941,24241420251,381.1907654,14226744838,3511.929932,3611100000,166.1397095,2448900,100.9363251,3421700,0.74
14/10/2020,11429.50684,24103426719,379.4840393,13918846567,3488.669922,3858510000,165.0352325,2155600,100.9961929,4919700,0.73
15/10/2020,11495.34961,24487233058,377.4418335,14964182545,3483.340088,3724550000,165.0909424,2865300,100.9106369,5459200,0.74
16/10/2020,11322.12305,25635480772,366.2290039,14670784817,3483.810059,4688030000,164.7938995,1910200,100.8593369,3931500,0.76
19/10/2020,11742.03711,23860769928,379.9356079,12811242092,3426.919922,4091080000,162.4364319,2713800,100.739563,4685000,0.78
20/10/2020,11916.33496,30915821592,369.1369019,13741586582,3443.120117,3917850000,163.0025635,2622900,100.654007,4013600,0.81
21/10/2020,12823.68945,43414712626,392.1899719,20241324322,3435.560059,4103960000,162.4456787,3237200,100.5342255,3688300,0.83
22/10/2020,12965.8916,34729759598,413.7729797,15772846485,3453.48999,4172060000,163.5966187,3762200,100.3545609,4801000,0.87
23/10/2020,12931.53906,28974975003,409.7666931,14256222052,3465.389893,3651600000,164.1349335,2412700,100.4999771,3878700,0.85
26/10/2020,13075.24805,29461458313,393.8883057,15155684229,3400.969971,4002210000,161.1555176,3873600,100.6368713,4962500,0.81
27/10/2020,13654.21875,33749878156,403.9970398,13940434102,3390.679932,3962400000,160.5058441,2525200,100.8678741,5694100,0.79
28/10/2020,13271.28516,35867318895,388.6507568,15276441134,3271.030029,5139970000,155.1875153,4617500,100.722435,7329200,0.79
29/10/2020,13437.88281,56499499598,386.7301025,12920477749,3310.110107,4911860000,156.6540222,3101000,100.5427856,11775800,0.85
30/10/2020,13546.52246,30581485201,382.8199768,13688056970,3269.959961,4843930000,154.9925995,3990400,100.2690277,10610000,0.88
2/11/2020,13550.48926,30771455468,383.1567383,13997574252,3310.23999,4314690000,156.607605,3741600,100.450676,6667900,0.87
3/11/2020,13950.30078,29869951617,387.6021729,12588494762,3369.159912,4241380000,159.6148071,4096000,100.4078217,7519700,0.9
4/11/2020,14133.70703,35116364962,402.1419983,15126077675,3443.439941,4790400000,163.0954132,3632100,101.0762405,5308700,0.78
5/11/2020,15579.84863,40856321439,414.0673523,15440711038,3510.449951,4858150000,166.4646149,3678100,101.1705017,5293900,0.79
6/11/2020,15565.88086,39837841971,454.7192993,16738305610,3509.439941,4842460000,166.3810272,3222100,100.947731,5929700,0.83
9/11/2020,15332.31543,34149115566,444.1630554,13704320630,3550.5,8570510000,168.358017,5549800,100.4763641,6625300,0.96
10/11/2020,15290.90234,25574938143,449.6796265,12090381666,3545.530029,6037470000,168.0795746,5609200,100.3135605,5146300,0.98
11/11/2020,15701.33984,29772374934,462.9605408,14075403511,3572.659912,4635560000,169.443985,2878800,100.3735657,3044300,0.93
12/11/2020,16276.34375,34175758344,461.0052795,12877327234,3537.01001,4909660000,167.7733002,3325700,100.7934418,7740800,0.88
13/11/2020,16317.80859,31599492172,474.6264343,13191505725,3585.149902,4719580000,170.1493835,4769900,100.8105774,5125300,0.89
16/11/2020,16716.11133,31526766675,459.9403076,11441239444,3626.909912,5295510000,172.2283936,6214800,100.8020172,7951400,0.91
17/11/2020,17645.40625,39006849170,480.3600769,14593057877,3609.530029,4812180000,171.8386078,5733100,101.0076675,4650100,0.87
18/11/2020,17804.00586,49064800278,479.4840698,17880199224,3567.790039,5284810000,170.0194397,3281900,101.0762405,6191100,0.88
19/11/2020,17817.08984,36985055355,471.6304321,12473929218,3581.870117,4363370000,170.9661407,3038500,101.2647629,6680800,0.86
20/11/2020,18621.31445,36992873940,509.7445679,18629943296,3557.540039,4236370000,170.0658417,2785700,101.3675842,7217400,0.83
23/11/2020,18364.12109,42741112308,608.4540405,27272302872,3577.590088,5057550000,171.4580688,4390900,101.3418732,4739000,0.86
24/11/2020,19107.46484,51469565009,603.8977661,23281758100,3635.409912,6280290000,174.1126251,5378100,101.2047729,4696800,0.88
25/11/2020,18732.12109,43710357371,570.6866455,20088492893,3629.649902,4910440000,174.0476227,3459400,101.1705017,4125000,0.88
27/11/2020,17108.40234,38886494645,517.4937134,16831105703,3638.350098,2778390000,174.660202,1742500,101.3418732,3436200,0.84
30/11/2020,19625.83594,47728480399,614.8425293,20276867833,3621.629883,6308410000,173.2865295,3721800,101.4790039,8688500,0.84
1/12/2020,18802.99805,49633658712,587.3241577,27178964465,3662.449951,5418480000,175.4862671,3867300,101.1579437,5190800,0.92
2/12/2020,19201.0918,37387697139,598.352356,16883292129,3669.01001,5041250000,175.6347351,3831400,101.0463409,6121000,0.95
3/12/2020,19445.39844,31930317405,616.7087402,16146190946,3666.719971,5065340000,175.9875031,4408600,101.2180252,5198400,0.92
4/12/2020,18699.76563,33872388058,569.354187,16337589997,3699.120117,5099620000,177.7509155,4401400,100.9433289,5896100,0.97
7/12/2020,19191.63086,26896357742,591.8433838,10720480962,3691.959961,4804500000,177.5560303,4319700,101.097847,6127800,0.94
8/12/2020,18321.14453,31692288756,554.8277588,14398919320,3702.25,4584390000,178.3263855,3449000,101.1064453,6807000,0.92
9/12/2020,18553.91602,34420373071,573.479126,15855915840,3672.820068,5232800000,176.5721893,4470500,100.9605026,6975700,0.95
10/12/2020,18264.99219,25547132265,559.6785278,11672582040,3668.100098,4658480000,176.8321228,3223500,101.2094879,6192200,0.92
11/12/2020,18058.9043,27919640985,545.7973633,11098819124,3663.459961,4375470000,176.51651,3463000,101.3210754,5636100,0.9
14/12/2020,19246.64453,22473997681,586.0111694,8125837102,3647.48999,4623850000,176.0152893,3530500,101.2609253,4705600,0.9
15/12/2020,19417.07617,26741982541,589.3555908,9326645840,3694.620117,4387080000,178.4285583,3226100,101.3210754,4217800,0.92
16/12/2020,21310.59766,44409011479,636.1818237,15817248373,3701.169922,4067040000,178.6791077,2983900,101.2781219,4467900,0.92
17/12/2020,22805.16211,71378606374,642.8689575,25479532147,3722.47998,4192810000,180.0806732,4132800,101.2738266,6610400,0.94
18/12/2020,23137.96094,40387896275,654.8119507,15756303983,3709.409912,7097100000,179.5701752,4542100,101.2222748,3874700,0.95
21/12/2020,22803.08203,45852713981,609.8178711,14419493621,3694.919922,4748580000,179.0503998,5011900,101.2222748,4818300,0.95
22/12/2020,23783.0293,44171632681,634.854187,14745890080,3687.26001,4053310000,179.0874786,4336000,101.3683014,4516500,0.93
23/12/2020,23241.3457,51146161904,583.7145996,15261413038,3690.01001,3779160000,179.3937836,3451400,101.2996368,4157700,0.96
24/12/2020,23735.94922,41080759713,611.6071777,14317413703,3703.060059,1883780000,179.6939087,1744000,101.3941269,2214500,0.94
28/12/2020,27084.80859,49056742893,730.3973389,24222565862,3735.360107,3535460000,180.8308258,3780500,101.411293,4567200,0.94
29/12/2020,27362.4375,45265946774,731.5201416,18710683199,3727.040039,3393290000,180.0759583,4606200,101.4285202,4300100,0.94
30/12/2020,28840.95313,51287442704,751.6189575,17294574210,3732.040039,3154850000,180.5605469,4314000,101.4886551,2762200,0.93
31/12/2020,29001.7207,46754964848,737.8034058,13926846861,3756.070068,3179040000,181.3899689,3746400,101.5660095,4834700,0.93
4/1/2021,31971.91406,81163475344,1040.233032,56945985763,3700.649902,5015000000,178.808548,8825800,101.437088,6414100,0.93
5/1/2021,33992.42969,67547324782,1100.006104,41535932781,3726.860107,4591020000,180.253006,3894000,101.3339386,7477900,0.96
6/1/2021,36824.36328,75289433811,1207.112183,44699914188,3748.139893,6064110000,181.8746185,6175700,100.8355484,10687200,1.04
7/1/2021,39371.04297,84762141031,1225.678101,40468027280,3803.790039,5099160000,184.7915039,4830900,100.7324524,6639400,1.08
8/1/2021,40797.60938,88107519480,1224.197144,44334826666,3824.679932,4773040000,185.686142,7538700,100.6121521,7335700,1.13
11/1/2021,35566.65625,1.23321E+11,1090.145386,60733630300,3799.610107,4465430000,184.577179,3858600,100.4488754,8610100,1.15
12/1/2021,33922.96094,74773277909,1043.43457,37494601692,3801.189941,4994950000,185.229538,3874100,100.5347824,7269600,1.15
13/1/2021,37316.35938,69364315979,1130.73938,30109792795,3809.840088,4602510000,185.4345093,3465800,100.8527527,6788500,1.1
14/1/2021,39187.32813,63615990033,1218.453003,33410915929,3795.540039,5198480000,185.2574615,4289000,100.655098,6610500,1.15
15/1/2021,36825.36719,67760757881,1171.834595,35972039310,3768.25,5369820000,183.6452332,3444800,100.7582016,6447700,1.11
19/1/2021,36069.80469,57244195486,1377.295898,47195935190,3798.909912,5014440000,185.3226776,4153700,100.8957138,7601100,1.1
20/1/2021,35547.75,66834573161,1382.274048,46784030909,3851.850098,4566190000,187.66185,5224900,100.9043045,6229100,1.1
21/1/2021,30825.69922,75643067688,1121.570923,45932464754,3853.070068,4501760000,187.5220795,2960600,100.7582016,8301000,1.12
22/1/2021,33005.76172,77207272511,1236.512207,43918338506,3841.469971,5110890000,187.2145233,3045900,100.7582016,3513700,1.1
25/1/2021,32366.39258,59897054838,1324.414795,43565777745,3855.360107,7000840000,187.7457123,5323200,101.0160217,4049000,1.05
26/1/2021,32569.84961,60255421470,1357.058105,41572917750,3849.620117,6137500000,187.0654144,4046900,100.9816666,3639500,1.05
27/1/2021,30432.54688,62576762015,1253.187134,39394416990,3750.77002,9976520000,182.5735168,6727700,100.9902496,3619100,1.04
28/1/2021,33466.09766,76517157706,1332.492188,34637234789,3787.379883,6992770000,184.0086823,5310100,100.9215164,6176500,1.07
29/1/2021,34316.38672,1.17895E+11,1382.522827,53611955259,3714.23999,6643370000,180.784256,8315700,100.8097687,12164800,1.11
1/2/2021,33537.17578,61400400660,1369.040527,29210670920,3773.860107,5436230000,183.8688965,3900700,100.9062042,6621900,1.09
2/2/2021,35510.28906,63088585433,1515.193726,45437142801,3826.310059,5514090000,186.5062561,3278700,100.751236,7323400,1.12
3/2/2021,37472.08984,61166818159,1660.909546,41874566399,3830.169922,4864870000,186.7858276,2905600,100.6307526,5492400,1.15
4/2/2021,36926.06641,68838074392,1594.762695,44396871836,3871.73999,4879240000,189.1529236,2746400,100.5877304,5287400,1.15
5/2/2021,38144.30859,58598066402,1718.650879,40108628454,3886.830078,4879470000,190.2153168,3127200,100.4585724,3446600,1.19
8/2/2021,46196.46484,1.01467E+11,1746.616821,48012285956,3915.590088,4648360000,191.9207611,3676700,100.5619049,4704200,1.19
9/2/2021,46481.10547,91809846886,1768.035034,44180727529,3911.22998,4568320000,191.995285,3384800,100.6049423,4533400,1.18
10/2/2021,44918.18359,87301089896,1744.243408,41916084617,3909.879883,4837070000,191.9114075,3682400,100.6995926,4378300,1.15
11/2/2021,47909.33203,81388911810,1783.797974,36021495262,3916.379883,4590960000,192.3680573,2630000,100.5790939,3470800,1.16
12/2/2021,47504.85156,76555041196,1843.532593,37905036865,3934.830078,4135060000,193.3652191,2416700,100.3466797,3284900,1.2
16/2/2021,49199.87109,77049582886,1781.067505,34269369268,3932.590088,5058990000,193.0204163,4955700,99.8732605,5682700,1.3
17/2/2021,52149.00781,80820545404,1848.458252,35955412703,3931.330078,4730650000,192.6196747,4484000,100.0712357,6304100,1.29
18/2/2021,51679.79688,52054723579,1937.449219,28255902969,3913.969971,4793650000,191.5106964,3658900,100.0195923,5333500,1.29
19/2/2021,55888.13281,63495496918,1960.164795,26268814253,3906.709961,4845320000,191.9487,4921800,99.70973969,4673100,1.34
22/2/2021,54207.32031,92052420332,1781.99292,42409646036,3876.5,5917100000,190.1221313,4400300,99.39987946,4894200,1.37
23/2/2021,48824.42578,1.06102E+11,1570.203979,52029864713,3881.370117,6296610000,190.0941772,5707900,99.42568207,6035200,1.37
24/2/2021,49705.33203,63695521388,1626.575684,31329000537,3925.429932,6012790000,192.2282562,3722800,99.39128876,6232300,1.38
25/2/2021,47093.85156,54506565949,1475.703735,24481681873,3829.340088,6547470000,187.2052002,7581100,98.47888947,14926900,1.54
26/2/2021,46339.76172,3.50968E+11,1446.033691,31435997881,3811.149902,6526070000,186.4596558,6324600,99.27933502,11333400,1.44
1/3/2021,49631.24219,53891300112,1564.707642,24032838645,3901.820068,5114820000,191.2497406,4691800,99.22762299,13018100,1.45
2/3/2021,48378.98828,47530897720,1492.608765,22523669722,3870.290039,5536010000,189.4511566,4859000,99.24486542,10111300,1.42
3/3/2021,50538.24219,53220811975,1575.853149,22674780680,3819.719971,6173660000,186.7205811,4334000,98.88275146,10317500,1.47
4/3/2021,48561.16797,52343816680,1541.914307,22906118718,3768.469971,7195400000,183.7664185,7198800,98.59825134,5953600,1.54
5/3/2021,48927.30469,48625928883,1533.275024,21067146937,3841.939941,6851070000,187.0840454,6614800,98.52926636,8675700,1.56
8/3/2021,52246.52344,48597428048,1834.727905,27630991158,3821.350098,5871710000,186.1707916,4281400,98.14128876,5639400,1.59
9/3/2021,54824.11719,50912227385,1868.048828,23461244507,3875.439941,5513560000,189.0597382,4116100,98.5120163,5676800,1.55
10/3/2021,56008.55078,57295577614,1799.16626,25154173185,3898.810059,5847380000,190.4110107,4133800,98.67585754,6936900,1.53
11/3/2021,57805.12109,56772343595,1826.194946,24013132909,3939.340088,5312880000,192.8992462,4102700,98.66721344,8827800,1.54
12/3/2021,57332.08984,55689944702,1772.102417,22435821312,3943.340088,4476280000,193.2813873,4069000,98.10679626,5066800,1.64
15/3/2021,55907.19922,66419369890,1791.702271,26244738810,3968.939941,4900100000,194.6326752,3421900,98.21025848,5000500,1.62
16/3/2021,56804.90234,59749798599,1806.971802,23828509590,3962.709961,4613080000,193.849823,4599900,98.17578125,3990900,1.62
17/3/2021,58870.89453,60258313191,1823.449341,24512917348,3974.120117,4561660000,194.5860138,3347000,98.16716766,6229800,1.63
18/3/2021,57858.92188,55746041000,1782.855103,23263845504,3915.459961,5118590000,191.0447235,3641900,97.78781891,6222200,1.71
19/3/2021,58346.65234,49063873786,1817.624146,21249297710,3913.100098,7757420000,191.2870331,3871000,97.86538696,4701400,1.74
22/3/2021,54529.14453,56521454974,1691.333984,23599296129,3940.590088,4316260000,192.3214264,3603900,98.0550766,5468600,1.69
23/3/2021,54738.94531,56435023914,1678.650146,21998237965,3910.52002,4669010000,190.1315002,4764800,98.30506897,5524900,1.63
24/3/2021,52774.26563,70567223787,1593.413452,31228051473,3889.139893,4783020000,188.5565033,4014500,98.42579651,6352600,1.62
25/3/2021,51704.16016,67999812841,1595.359253,29650328701,3909.52002,4948340000,189.9515228,4976800,98.37407684,5178000,1.63
26/3/2021,55137.3125,56652197978,1702.842041,22548516548,3974.540039,5483160000,193.0558319,3554900,98.21025848,4333900,1.67
29/3/2021,57750.19922,57625587027,1819.684937,22796570548,3971.090088,4628180000,192.1488647,4562900,98.04645538,7630800,1.73
30/3/2021,58917.69141,54414116432,1846.033691,22512781703,3958.550049,4121510000,192.0927582,3960500,98.12404633,4996900,1.73
31/3/2021,58918.83203,65520826225,1918.362061,30226902621,3972.889893,4578050000,193.2615204,5494800,98.14128876,6309200,1.74
1/4/2021,59095.80859,61669163792,1977.276855,30914259795,4019.870117,4162130000,195.6832733,4543300,98.47116852,10767200,1.69
5/4/2021,59057.87891,60706272115,2107.887207,28889391170,4077.909912,4005030000,197.9647675,5941400,98.2725296,9230100,1.73
6/4/2021,58192.35938,66058027988,2118.378906,29222865881,4073.939941,4081270000,198.039566,4029900,98.61795044,4864100,1.67
7/4/2021,56048.9375,75645303584,1971.077271,36116271935,4079.949951,4120810000,197.8712463,3299100,98.46250153,4505600,1.68
8/4/2021,58323.95313,53053855641,2088.57373,25312956529,4097.169922,3907100000,199.021347,3628900,98.70426941,4932100,1.64
9/4/2021,58245.00391,46655208546,2072.108887,19812472092,4128.799805,3640390000,200.2275391,3559100,98.59203339,7467100,1.67
12/4/2021,59893.45313,51828688519,2139.353271,21727936609,4127.990234,3588900000,200.2836456,3882800,98.56613159,3844900,1.69
13/4/2021,63503.45703,69983454362,2299.187744,29456642939,4141.589844,3734720000,200.8446808,4056900,98.85106659,4040500,1.64
14/4/2021,63109.69531,77451779687,2435.10498,35592822986,4124.660156,3985350000,200.3958588,3765600,98.77336884,3620500,1.64
15/4/2021,63314.01172,60954381579,2519.116211,32325606817,4170.419922,4033420000,202.5277557,5439600,99.16191864,6753200,1.56
16/4/2021,61572.78906,84293007468,2431.946533,36196928256,4185.470215,4163820000,203.0420074,4306000,98.90288544,3663600,1.59
19/4/2021,55724.26563,65344865159,2166.188721,34060654971,4163.259766,3810290000,201.7142334,3986900,98.82518005,5072800,1.61
20/4/2021,56473.03125,67849323955,2330.210938,39433483315,4134.939941,4342650000,199.8628845,5210300,98.98059845,4322200,1.58
21/4/2021,53906.08984,54926612466,2364.751709,38899067643,4173.419922,3887250000,202.2472076,3167900,99.07553864,5511300,1.57
22/4/2021,51762.27344,74798630778,2403.535156,53575904724,4134.97998,4245140000,200.6669922,4394800,99.10147095,4570700,1.57
23/4/2021,51093.65234,86668667320,2363.586182,55413933925,4180.169922,3569880000,203.0980835,4374300,99.08418274,3620700,1.58
26/4/2021,54021.75391,58284039825,2534.481689,35208325408,4187.620117,3748320000,203.836792,3202500,98.99782562,3480300,1.58
27/4/2021,55033.11719,49448222757,2662.865234,32275969215,4186.720215,3710700000,203.7432861,2670000,98.75608063,3823300,1.63
28/4/2021,54824.70313,48000572955,2746.380127,34269031076,4183.180176,3787360000,203.7151794,2603900,98.80789948,7078600,1.63
29/4/2021,53555.10938,46088929780,2756.876953,32578127990,4211.470215,4298680000,204.4913025,4178800,98.75608063,6254100,1.65
30/4/2021,57750.17578,52395931985,2773.207031,29777179889,4181.169922,4300880000,202.9952393,3256600,98.85971069,6469500,1.65
3/5/2021,57200.29297,51713139031,3431.086182,49174290212,4192.660156,4070220000,203.3505402,3846300,98.92289734,5939500,1.63
4/5/2021,53333.53906,68564706967,3253.629395,62402045158,4164.660156,4452460000,201.8264618,4900000,99.04389191,6291300,1.61
5/5/2021,57424.00781,69241316747,3522.783203,48334198383,4167.589844,4230920000,201.7890625,2032600,99.12175751,3329000,1.59
6/5/2021,56396.51563,69523285106,3490.880371,44300394788,4201.620117,4511000000,202.8175812,4131200,99.13903046,4739400,1.58
7/5/2021,57356.40234,68434023376,3484.729004,39607240515,4232.600098,4016080000,204.5380402,3868100,99.11307526,7005200,1.6
10/5/2021,55859.79688,71776546298,3952.293945,62691789007,4188.430176,4560700000,202.1349945,4443800,98.95743561,5576500,1.63
11/5/2021,56704.57422,61308396325,4168.701172,52679737865,4152.100098,4870710000,200.5080414,5959900,98.74121857,6161400,1.64
12/5/2021,49150.53516,75215403907,3785.848633,69023382175,4063.040039,4733070000,195.9918671,5788400,98.39532471,7000800,1.69
13/5/2021,49716.19141,96721152926,3715.148438,78398214539,4112.5,4779540000,198.1517639,4970900,98.62017822,6772300,1.66
14/5/2021,49880.53516,55737497453,4079.057373,48174271215,4173.850098,4008880000,201.5366058,4292600,98.8449707,3985500,1.63
17/5/2021,43537.51172,74903638450,3282.397705,54061732774,4163.290039,4125050000,201.1064911,4063200,98.75852966,4926600,1.64
18/5/2021,42909.40234,56187365084,3380.070068,40416525218,4127.830078,4398150000,199.5355835,3173100,98.63745117,3674600,1.64
19/5/2021,37002.44141,1.26358E+11,2460.679199,84482912776,4115.680176,4247450000,198.9559174,6015000,98.49910736,6892400,1.68
20/5/2021,40782.73828,88281943359,2784.294189,67610826680,4159.120117,3978880000,201.1158447,3478300,98.83634186,6243300,1.63
21/5/2021,37304.69141,82051616861,2430.621338,53774070802,4155.859863,3995250000,201.0036163,3623300,98.87960815,3873200,1.63
24/5/2021,38705.98047,67359584098,2643.591064,53697121740,4197.049805,3684800000,203.0326538,2873700,98.97473145,3867700,1.61
25/5/2021,38402.22266,56211915803,2706.628906,49558333256,4188.129883,4182250000,202.4716339,3700600,99.21685028,6351700,1.56
26/5/2021,39294.19922,51346735160,2888.69873,42499766020,4195.990234,4420890000,203.2009277,3258100,99.18228912,3969400,1.58
27/5/2021,38436.96875,43210968721,2736.488525,33373635283,4200.879883,6406310000,203.5749664,2617200,99.06118774,5072300,1.61
28/5/2021,35697.60547,55200191952,2419.90625,39999114805,4204.109863,4649250000,203.9208984,2635700,99.06118774,6768200,1.58
1/6/2021,36684.92578,34639423297,2633.518311,27363223090,4202.040039,5074670000,204.0050507,3805700,99.01531219,6209800,1.62
2/6/2021,37575.17969,33070867190,2706.125,27723267359,4208.120117,5833670000,204.2762146,3599400,99.14521027,6103900,1.59
3/6/2021,39208.76563,35460750427,2855.126465,30038207402,4192.850098,5587970000,203.3692322,2967000,98.91136169,3464300,1.63
4/6/2021,36894.40625,41831090187,2688.195068,34173841611,4229.890137,4139790000,205.1364899,2287100,99.31840515,4535800,1.56
7/6/2021,33560.70703,33683936663,2590.263184,30600111277,4226.52002,4476920000,205.3047485,2762800,99.24912262,3728400,1.57
8/6/2021,33472.63281,49902050442,2517.438721,41909736778,4227.259766,4659620000,205.7255707,2831700,99.4309845,4395100,1.53
9/6/2021,37345.12109,53972919008,2608.26709,36075832186,4219.549805,4713260000,205.1457977,2688600,99.63019562,3643100,1.5
10/6/2021,36702.59766,43576032854,2471.518555,28753626390,4239.180176,4408210000,206.0527802,2936700,99.83805084,4021900,1.45
11/6/2021,37334.39844,38699736985,2353.768799,24832564195,4247.439941,3815010000,206.6605377,2837200,99.79473877,3781900,1.47
14/6/2021,40218.47656,43148914673,2537.891113,26964576331,4255.149902,4151200000,206.9784393,3189400,99.54360962,3270800,1.51
15/6/2021,40406.26953,46420149185,2610.936768,29005279219,4246.589844,4048940000,206.4361267,3094000,99.58689117,8230400,1.51
16/6/2021,38347.0625,39211635100,2367.663574,24101926180,4223.700195,4538350000,205.4076233,3459600,99.26647949,8654200,1.57
17/6/2021,38053.50391,37096670047,2372.001953,21871633186,4221.859863,5312680000,205.2112885,3002900,99.5782547,7641700,1.52
18/6/2021,35787.24609,36200887275,2231.733154,22752818388,4166.450195,6817010000,202.667984,4538300,99.84671021,5690400,1.45
21/6/2021,31676.69336,52809038594,1888.44751,33745173825,4224.790039,4128950000,205.4637451,3870000,99.58689117,6875500,1.5
22/6/2021,32505.66016,58964353058,1874.950073,35547251725,4246.439941,3828390000,206.6325378,2684300,99.69084167,6485100,1.48
23/6/2021,33723.02734,46317108925,1989.736328,28408659206,4241.839844,3730350000,206.5483398,2662200,99.63887024,5070500,1.5
24/6/2021,34662.4375,33123368116,1988.456299,20272845769,4266.490234,3816660000,207.9505005,2931600,99.67350006,8357900,1.49
25/6/2021,31637.7793,40230904226,1813.217285,22774334998,4280.700195,7341450000,208.7289581,2801300,99.47431946,6496600,1.54
28/6/2021,34434.33594,33892523752,2079.657471,25514602841,4290.609863,4147890000,208.9634552,3094900,99.76009369,5739000,1.49
29/6/2021,35867.77734,37901460044,2160.768311,24815124419,4291.799805,3707150000,208.9728088,4068000,99.81204987,5097100,1.49
30/6/2021,35040.83594,34059036099,2274.547607,25828056268,4297.5,4266040000,208.982193,3041700,99.88131714,6653100,1.45
1/7/2021,33572.11719,37838957079,2113.605469,29061701793,4319.939941,3788230000,210.1170197,3836000,99.82582092,4744900,1.48
2/7/2021,33897.04688,38728974942,2150.040283,31796212554,4352.339844,3225840000,211.2800598,3026400,100.0426559,4312800,1.44
6/7/2021,34235.19531,26501259870,2324.679443,20891861314,4343.540039,4309570000,210.8204498,4147200,100.3635101,7372900,1.37
7/7/2021,33855.32813,24796027477,2315.161865,22398345285,4358.129883,4037380000,211.1018219,4042200,100.5369492,7786400,1.33
8/7/2021,32877.37109,29910396946,2120.026367,23188123689,4320.819824,4347500000,209.3198395,4486100,100.6496964,6538400,1.3
9/7/2021,33798.01172,27436021028,2146.692383,23029574602,4369.549805,3531120000,211.8521881,3886600,100.3201523,4750800,1.37
12/7/2021,33155.84766,24321499537,2036.721069,17768129077,4384.629883,3384460000,212.4430237,3294600,100.2594681,4266600,1.38
13/7/2021,32702.02539,19120856669,1940.083984,16621628658,4369.209961,3695430000,211.2612915,4668400,100.0426559,5145200,1.42
14/7/2021,32822.34766,21376531210,1994.331299,17342819679,4374.299805,4006370000,210.97052,2830200,100.3808899,4977400,1.37
15/7/2021,31780.73047,21300524237,1911.175659,15688092552,4360.029785,3905230000,210.2296143,3276500,100.5976791,4480900,1.31
16/7/2021,31421.53906,23699476918,1880.382935,14884569147,4327.160156,3985700000,208.5789337,3203300,100.5109482,3869500,1.31
19/7/2021,30817.83203,20434789545,1817.296631,14157735481,4258.490234,5157660000,205.6151581,6966200,101.0399628,6688100,1.19
20/7/2021,29807.34766,23148267245,1787.510742,17368597636,4323.060059,4438270000,209.169754,5362900,100.9445419,8474800,1.23
21/7/2021,32110.69336,28203024559,1990.970825,21253359756,4358.689941,3810280000,211.045578,2542500,100.6149902,9686100,1.3
22/7/2021,32313.10547,19555230518,2025.202759,17495480331,4367.47998,3358300000,211.2237701,2236200,100.8491364,8176300,1.27
23/7/2021,33581.55078,22552046192,2124.776611,16200392492,4411.790039,4540070000,213.3340302,2982700,100.7797852,4441000,1.3
26/7/2021,37337.53516,51022126212,2233.366699,29614324233,4422.299805,4275630000,213.7654572,2849700,100.6930542,7127400,1.29
27/7/2021,39406.94141,35097370560,2298.333496,23067480378,4401.459961,4241950000,212.6118622,4169600,100.9272308,5423800,1.25
28/7/2021,39995.90625,38702404695,2296.54541,18991302378,4400.640137,4215290000,212.9401093,3306700,101.0226135,5463600,1.26
29/7/2021,40008.42188,27167146027,2380.956787,16313373113,4419.149902,4044600000,213.8780212,2960900,100.8578415,6629500,1.28
30/7/2021,42235.54688,33072782960,2466.961426,20212848934,4395.259766,3956740000,212.6118622,2846800,100.9965897,5552100,1.24
2/8/2021,39201.94531,25595265436,2610.15332,22162754104,4387.160156,3724090000,212.3117371,3558100,101.2110977,5753800,1.2
3/8/2021,38152.98047,26189830450,2502.349609,22696753413,4423.149902,3965190000,213.831131,3245400,101.2458496,3715300,1.19
4/8/2021,39747.50391,25372562724,2724.619873,25038698173,4402.660156,4260760000,212.8744659,3374500,101.2371521,4654300,1.19
5/8/2021,40869.55469,35185031017,2827.328857,31057928075,4429.100098,3769410000,214.3938293,2461700,101.0113754,3283100,1.23
6/8/2021,42816.5,38226483046,2890.94165,26528577879,4436.52002,3451870000,214.6564636,2343100,100.559761,3812000,1.31
9/8/2021,46365.40234,38734079049,3167.856201,31983260936,4432.350098,3449280000,214.5720825,3295500,100.3773575,5298600,1.33
10/8/2021,45585.03125,33546019517,3141.691162,27605221710,4436.75,3886610000,214.712738,2946700,100.2471237,7332100,1.36
11/8/2021,45593.63672,34319709073,3164.245117,26729035052,4442.410156,3532560000,215.1347656,3051400,100.3426437,6674600,1.35
12/8/2021,44428.28906,33723620826,3043.414307,25403699845,4460.830078,3375310000,215.7350922,2746000,100.351326,5017300,1.36
13/8/2021,47793.32031,31744259539,3322.21167,23868866254,4468,3016470000,215.8569794,2516000,100.7160721,4599800,1.29
16/8/2021,46004.48438,32776876610,3156.509521,23080039949,4479.709961,3370640000,215.941391,3193200,100.7681961,3693600,1.26
17/8/2021,44695.35938,33451362600,3014.845947,25509056745,4448.080078,3836960000,214.3376007,3735100,100.6900253,5469200,1.26
18/8/2021,44801.1875,32194123075,3020.089844,21539248425,4400.27002,3755590000,212.1991577,3194100,100.6987228,3981900,1.27
19/8/2021,46717.57813,37204312299,3182.702148,19546290360,4405.799805,4398410000,212.0397491,3964500,100.872406,4581300,1.24
20/8/2021,49339.17578,34706867452,3286.935303,20885619828,4441.669922,3652610000,213.9436646,2655100,100.8811035,2897800,1.26
23/8/2021,49546.14844,34305053719,3319.257324,20511110509,4479.529785,3576530000,216.0164337,3180600,100.8811035,6585300,1.25
24/8/2021,47706.11719,35361168834,3172.456299,20131028906,4486.22998,3979220000,216.7854767,2772300,100.7334518,5875400,1.29
25/8/2021,48960.78906,32646349931,3224.915283,18902728235,4496.189941,3444700000,217.4045258,2897000,100.5423889,5452000,1.35
26/8/2021,46942.21875,32666549568,3100.325439,17405668117,4470,3263980000,215.9507599,3352000,100.5510635,4879200,1.34
27/8/2021,49058.66797,34511076995,3270.60083,18489602004,4509.370117,3331200000,218.2767944,3749800,100.8289642,5545600,1.31
30/8/2021,47054.98438,31847007016,3224.374268,19306924485,4528.790039,3168660000,219.1021423,3194000,100.9418793,3706000,1.29
31/8/2021,47166.6875,34730363427,3433.732666,27280502987,4522.680176,4290710000,218.6894531,3099400,100.7942352,6763900,1.3
1/9/2021,48847.02734,39139399125,3834.828125,30070890104,4524.089844,4057340000,219.0739899,3533100,100.8264008,4154000,1.31
2/9/2021,49327.72266,39508070319,3790.98999,24387397330,4536.950195,3735990000,219.8149109,3274600,100.9307861,5427300,1.29
3/9/2021,50025.375,43206179619,3940.614746,26207765094,4535.430176,3217530000,219.7399139,2484200,100.7568588,5274300,1.33
7/9/2021,46811.12891,65210059683,3426.394287,39131346397,4520.029785,3822960000,218.7926178,3256800,100.4872208,3579900,1.38
8/9/2021,46091.39063,49007762488,3497.315186,31738430771,4514.069824,3750880000,218.2767944,3027600,100.6524582,3417500,1.35
9/9/2021,46391.42188,38672657013,3427.340088,24118055831,4493.279785,3735390000,217.5170288,3265900,100.9742508,3332600,1.3
10/9/2021,44883.91016,39154666597,3211.505859,22355974097,4458.580078,3623180000,215.7913055,3385600,100.7742386,3957300,1.35
13/9/2021,44963.07422,40969943253,3285.511719,22721552948,4468.72998,3914220000,216.2790527,3312700,100.9047165,3954100,1.33
14/9/2021,47092.49219,38652152880,3429.169678,19125420848,4443.049805,3670460000,214.9753571,3158900,101.1308517,4183600,1.28
15/9/2021,48176.34766,30484496466,3615.282715,17548551804,4480.700195,4032020000,216.7479858,2598900,101.0351639,3448500,1.31
16/9/2021,47783.35938,31764293754,3571.294922,20093903064,4473.75,3984560000,216.5510559,2537200,100.8612442,4265500,1.34
17/9/2021,47267.51953,28727713711,3398.538818,17722363229,4432.990234,7289530000,214.815918,3078200,100.7742386,5742500,1.37
20/9/2021,42843.80078,43909845642,2958.993408,27371684581,4357.72998,4898070000,211.0924683,7749300,100.9655685,5464700,1.31
21/9/2021,40693.67578,48701090088,2764.431152,30405062665,4354.189941,3920920000,211.0736694,4564400,101.009079,5225200,1.33
22/9/2021,43574.50781,38139709246,3077.86792,23742102645,4395.640137,3939170000,213.2027588,4187300,101.0438461,7139900,1.32
23/9/2021,44895.09766,34244064430,3155.523682,18516291047,4448.97998,3916350000,215.800705,3778100,100.5481186,8265000,1.41
24/9/2021,42839.75,42839345714,2931.669189,25595422789,4455.47998,3384290000,216.0585175,3122800,100.374176,4461900,1.47
27/9/2021,42235.73047,30980029059,2934.138916,19164053681,4443.109863,4058650000,215.5880585,2856700,100.2350159,5630600,1.48
28/9/2021,41034.54297,30214940550,2807.296631,16895079070,4352.629883,4416550000,211.0719757,5078600,99.81752777,7017100,1.54
29/9/2021,41564.36328,30602359905,2853.143311,15763456158,4359.459961,3712660000,211.213089,4585500,99.88713837,6161300,1.55
30/9/2021,43790.89453,31141681925,3001.678955,17661065099,4307.540039,4448140000,208.9267883,5080200,99.86975098,5348800,1.52
1/10/2021,48116.94141,42850641582,3307.516113,22307625573,4357.040039,4010370000,211.8058014,5148600,100.1746368,7064500,1.48
4/10/2021,49112.90234,33383173002,3380.089111,17747154101,4300.459961,4307870000,208.616333,4984000,100.1049423,4180600,1.49
5/10/2021,51514.8125,35873904236,3518.518555,16632591670,4345.720215,3902890000,210.5639038,3568200,99.86973572,7421900,1.54
6/10/2021,55361.44922,49034730168,3580.562012,21855226591,4363.549805,4009630000,211.4389038,3076000,99.91327667,4893400,1.53
7/10/2021,53805.98438,36807860413,3587.974854,19090322927,4399.759766,3843740000,213.4711609,3081300,99.634552,4456100,1.58
8/10/2021,53967.84766,34800873924,3563.759277,16222029488,4391.339844,3280160000,213.0007172,1922600,99.41676331,4581900,1.61
11/10/2021,57484.78906,42637331698,3545.354004,18579189588,4361.189941,3281970000,211.4671173,2354900,99.25997162,2178400,1.6
12/10/2021,56041.05859,41083758949,3492.573242,18109578443,4350.649902,3558450000,211.3165588,2898400,99.62580109,3688400,1.59
13/10/2021,57401.09766,41684252783,3606.20166,16211275589,4363.799805,3620070000,212.2762756,3179500,99.85232544,5522700,1.56
14/10/2021,57321.52344,36615791366,3786.01416,19443499909,4438.259766,3598280000,215.8044586,2688800,100.0439682,4094500,1.52
15/10/2021,61593.94922,51780081801,3862.634766,20966841512,4471.370117,3819380000,217.0840302,2717900,99.80006409,4644800,1.59
18/10/2021,62026.07813,38055562075,3748.760254,17386204158,4486.459961,3662010000,217.8743591,3078300,99.73034668,5575100,1.59
19/10/2021,64261.99219,40471196346,3877.650879,15998757133,4519.629883,3459130000,219.464386,2683100,99.44291687,5041000,1.65
20/10/2021,65992.83594,40788955582,4155.992188,20338319988,4536.189941,3670760000,220.3205719,2838400,99.37320709,6183700,1.65
21/10/2021,62210.17188,45908121370,4054.322754,28220661820,4549.779785,3822330000,220.922699,2839800,99.16413879,5228300,1.68
22/10/2021,60692.26563,38434082775,3970.181885,19432937968,4544.899902,3758220000,220.4993286,2144500,99.3557663,3528600,1.66
25/10/2021,63039.82422,31064911614,4217.876953,15995727040,4566.47998,3899400000,221.854187,2170100,99.45163727,8569600,1.64
26/10/2021,60363.79297,34878965587,4131.102051,17157714562,4574.790039,3879740000,221.7695313,2759900,99.634552,5429800,1.63
27/10/2021,58482.38672,43657076893,3930.257324,26219530404,4551.680176,4226050000,220.254715,3409600,99.96553802,8048500,1.54
28/10/2021,60622.13672,45257083247,4287.318848,25958154575,4596.419922,4132950000,222.606842,2104900,99.88716888,5916000,1.57
29/10/2021,62227.96484,36856881767,4414.746582,22967641914,4605.379883,4510200000,222.8985443,3565900,99.86103058,10047900,1.55
1/11/2021,61004.40625,36150572843,4324.626953,17985288261,4613.669922,3971540000,224.0087128,3967500,99.79995728,6197900,1.58
2/11/2021,63226.40234,37746665647,4584.798828,20794448222,4630.649902,3975250000,224.7050018,4004800,100.0006027,5317000,1.56
3/11/2021,62970.04688,36124731509,4607.193848,21220463155,4660.569824,4319660000,226.2950592,3704400,99.79995728,6421700,1.6
4/11/2021,61452.23047,32615846901,4537.324219,18415244464,4680.060059,4462300000,227.1511841,3557000,100.1314697,6618100,1.53
5/11/2021,61125.67578,30605102446,4486.243164,15086003586,4697.529785,4467180000,228.0261841,3919400,100.5240936,7283100,1.45
8/11/2021,67566.82813,41125608330,4812.087402,19290896267,4701.700195,4269710000,228.4025726,3401400,100.3408813,4922800,1.51
9/11/2021,66971.82813,42357991721,4735.068848,20834172627,4685.25,4117080000,227.7439423,2764100,100.6200485,8960500,1.46
10/11/2021,64995.23047,48730828378,4636.174316,22748160545,4646.709961,4503720000,225.504715,3356500,99.93954468,11620300,1.56
11/11/2021,64949.96094,35880633236,4730.384277,17933201129,4649.27002,3926870000,225.7775879,2277100,99.7563324,3937100,1.57
12/11/2021,64155.94141,36084893887,4667.115234,18316060208,4682.850098,3728600000,227.4522705,2419900,99.73887634,4554700,1.58
15/11/2021,63557.87109,30558763548,4557.503906,16275851299,4682.799805,3488410000,227.4522705,3630500,99.37245178,6405000,1.63
16/11/2021,60161.24609,46844335592,4216.365234,27417502801,4700.899902,3972640000,228.4307709,2947400,99.33757019,7484000,1.63
17/11/2021,60368.01172,39178392930,4287.59375,22183461850,4688.669922,3969070000,227.4898987,2809000,99.57311249,7173100,1.6
18/11/2021,56942.13672,41388338699,4000.650879,21383250893,4704.540039,4226410000,227.8474731,3507700,99.66038513,4226900,1.59
19/11/2021,58119.57813,38702407772,4298.306641,20626269711,4697.959961,4253180000,227.1982422,3353800,99.85230255,5685900,1.54
22/11/2021,56289.28906,35036121783,4088.457764,19752218877,4682.939941,4441100000,226.1068573,3902900,99.37245178,6995300,1.63
23/11/2021,57569.07422,37485803899,4340.763672,22133497059,4690.700195,4277590000,226.1821136,3826200,98.97982788,6268600,1.67
24/11/2021,56280.42578,36635566789,4239.981445,21838037128,4701.459961,3418430000,226.9441986,2195400,99.20667267,8472400,1.64
26/11/2021,53569.76563,41810748221,4030.908936,26281795488,4594.620117,3517700000,222.0329895,5730300,99.91336823,3258900,1.48
29/11/2021,57806.56641,32370840356,4445.10498,19086475837,4655.27002,4336410000,224.1216583,4789200,99.9657135,8982800,1.52
30/11/2021,57005.42578,36708594618,4631.479004,28626354111,4567,6625990000,219.643219,7231400,100.1314697,13109000,1.43
1/12/2021,57229.82813,36858195307,4586.990234,27634826695,4513.040039,5366730000,216.5477448,5274700,100.1507034,12772700,1.43
2/12/2021,56477.81641,32379968686,4511.302246,21502671027,4577.100098,5077180000,220.0665436,4257400,100.1332245,7759700,1.44
3/12/2021,53598.24609,39789134215,4220.706055,25879591528,4538.430176,5240070000,217.5168304,5821900,100.5351257,7600800,1.35
6/12/2021,50582.625,37707308001,4358.737305,28229518513,4591.669922,4770800000,220.3111725,4210600,100.1856613,9416700,1.43
7/12/2021,50700.08594,33676814852,4315.061523,22366213354,4686.75,4492400000,225.0248566,4284700,100.0283813,6786900,1.48
8/12/2021,50504.79688,28479699446,4439.35791,18704315119,4701.209961,4234600000,225.9939423,3417400,99.76628876,8050100,1.52
9/12/2021,47672.12109,29603577251,4119.815918,22296131874,4667.450195,3903840000,223.8394165,2853800,99.77501678,8646500,1.49
10/12/2021,47243.30469,30966005122,3908.496094,28014595631,4712.02002,3870110000,225.3636017,2610800,99.80123138,6501300,1.48
13/12/2021,46737.48047,32166727776,3784.226807,23999841386,4668.970215,4397230000,223.3124847,5839100,100.1507034,8659300,1.42
14/12/2021,46612.63281,34638619079,3745.44043,23836759957,4634.089844,4485430000,221.6378021,3360400,99.95848083,7503600,1.44
15/12/2021,48896.72266,36541828520,4018.388672,26411188833,4709.850098,4910130000,225.0531006,3720700,99.87985229,7459100,1.47
16/12/2021,47665.42578,27268150947,3962.469727,19825531254,4668.669922,4829500000,222.5315857,3876100,100.017189,7566600,1.44
17/12/2021,46202.14453,32902725329,3879.486572,23143541098,4620.640137,7987090000,221.5154724,4455100,100.1396103,7428000,1.41
20/12/2021,46880.27734,30961902129,3933.844482,21589690675,4568.02002,4635700000,218.4012299,5839800,99.99093628,7382600,1.43
21/12/2021,48936.61328,27055803928,4020.26001,16388555198,4649.22998,4072430000,222.6821136,4158800,99.91222382,12970200,1.48
22/12/2021,48628.51172,24447979559,3982.099609,13921756199,4696.560059,3319610000,224.8837433,3202900,99.99968719,6171700,1.46
23/12/2021,50784.53906,28223878108,4108.015625,18007273742,4725.790039,2913040000,226.4361725,2925100,99.87723541,5506700,1.5
27/12/2021,50640.41797,24324345758,4037.547607,11424360002,4791.189941,2770290000,229.4095154,4395100,99.92971039,5436800,1.48
28/12/2021,47588.85547,33430376883,3800.893066,17299472803,4786.350098,2707920000,228.9374084,3960900,99.88599396,5253800,1.49
29/12/2021,46444.71094,30049226299,3628.531738,15722555672,4793.060059,2963310000,229.0696259,3044300,99.58862305,5933800,1.55
30/12/2021,47178.125,26686491018,3713.852051,12925377999,4778.72998,3124950000,228.701355,4501500,99.80724335,5455400,1.52
31/12/2021,46306.44531,36974172400,3682.632813,14157285268,4766.180176,2677820000,227.97435,3499900,99.77230835,7989500,1.52
3/1/2022,46458.11719,33071628362,3761.380371,12080777893,4796.560059,3831020000,229.4189606,4204000,99.09013367,9399200,1.63
4/1/2022,45897.57422,42494677905,3794.056641,14030925983,4793.540039,4683170000,228.9846191,4217000,99.08135223,7772100,1.66
5/1/2022,43569.00391,36851084859,3550.386963,18061338502,4700.580078,4887960000,224.0179901,4878300,98.77526093,8530900,1.71
6/1/2022,43160.92969,30208048289,3418.408203,24293791313,4696.049805,4295280000,223.961319,4519200,98.67032623,8866500,1.73
7/1/2022,41557.90234,84196607520,3193.210449,24494179209,4677.029785,4181510000,222.9415894,3580200,98.3817215,9018900,1.76
10/1/2022,41821.26172,32104232331,3083.0979,19535744145,4670.290039,4511810000,222.5544128,5819600,98.29424286,8074900,1.78
11/1/2022,42735.85547,26327648900,3238.111572,15211447193,4713.069824,4101590000,224.7733765,3524800,98.47788239,6728600,1.75
12/1/2022,43949.10156,33499938689,3372.258301,16662871689,4726.350098,4048220000,225.1227417,4033100,98.47788239,6713200,1.74
13/1/2022,42591.57031,47691135082,3248.288574,15294466275,4659.029785,4251730000,221.8274078,4049300,98.65281677,8454300,1.7
14/1/2022,43099.69922,23577403399,3310.001465,13562957230,4662.850098,4338490000,221.912384,3829900,98.10184479,9113400,1.78
18/1/2022,42375.63281,22417209227,3164.025146,13024154091,4577.109863,4748700000,217.597229,6511600,97.50711823,7943800,1.87
19/1/2022,41744.32813,23091543258,3095.825928,13187424144,4532.759766,4465740000,215.3122253,4868100,97.71701813,8321000,1.83
20/1/2022,40680.41797,20382033940,3001.120117,10645922764,4482.72998,4640870000,212.8005524,5175100,97.7694931,7186400,1.83
21/1/2022,36457.31641,43011992031,2557.931641,26796291874,4397.939941,5589100000,208.5893097,8582600,98.1543045,8679600,1.75
24/1/2022,36654.32813,41856658597,2440.352295,28220804648,4410.129883,6928110000,209.93013,22004300,98.04060364,12131400,1.75
25/1/2022,36954.00391,26428189594,2455.935059,16179776932,4356.450195,5145050000,206.9935608,6600400,97.94441986,9541000,1.78
26/1/2022,36852.12109,31324598034,2468.030273,21229909340,4349.930176,5570640000,206.190979,7096400,97.39341736,10729400,1.85
27/1/2022,37138.23438,25041426629,2423.001221,16126522783,4326.509766,5214200000,204.6613464,5789200,97.71701813,6146800,1.81
28/1/2022,37784.33203,22238830523,2547.092041,14666227351,4431.850098,5031090000,209.7035065,4961200,97.7869873,10855600,1.78
31/1/2022,38483.125,20734730465,2688.278809,13778234614,4515.549805,5098610000,214.1602478,5306400,97.77825165,12837400,1.79
1/2/2022,38743.27344,20288500328,2792.117188,13194846235,4546.540039,4816830000,215.7937775,4697600,97.74407959,10356000,1.81
2/2/2022,36952.98438,19155189416,2682.854004,13876301217,4589.379883,4481580000,217.219574,4048200,97.84919739,7967900,1.78
3/2/2022,37154.60156,18591534769,2679.162598,12755505065,4477.439941,4401970000,212.0546112,4217700,97.45505524,10290400,1.82
4/2/2022,41500.875,29412210792,2983.586914,18987223729,4500.529785,4706290000,213.4615479,3585300,96.84195709,6967200,1.93
7/2/2022,43840.28516,28641855926,3142.470703,15197063785,4483.870117,4228480000,212.9233398,2757300,96.92954254,6723400,1.92
8/2/2022,44118.44531,33079398868,3122.608643,17136080906,4521.540039,4459620000,214.8778687,3075500,96.63173676,7987000,1.96
9/2/2022,44338.79688,23245887300,3239.457031,13951308490,4587.180176,4524350000,218.3714905,3698700,96.69304657,9194400,1.94
10/2/2022,43565.11328,32142048537,3077.482178,18629485080,4504.080078,5314860000,214.6701355,3511200,95.79970551,10761200,2.03
11/2/2022,42407.9375,26954925781,2927.383545,16043881065,4418.640137,5251500000,210.5060883,4839800,96.43032074,13868300,1.92
14/2/2022,42586.91797,20827783012,2933.479004,12164552172,4401.669922,4600390000,209.7317963,4402100,95.86976624,8843700,1.98
15/2/2022,44575.20313,22721659051,3179.877197,13921257873,4471.069824,4430830000,213.4615479,4406200,95.7121048,5820200,2.05
16/2/2022,43961.85938,19792547657,3127.830078,12352406833,4475.009766,4283640000,213.6598053,4812400,95.8259964,8116000,2.03
17/2/2022,40538.01172,26246662813,2881.481934,15860206214,4380.259766,4539420000,208.806488,5784600,96.02741241,10217000,1.97
18/2/2022,40030.97656,23310007704,2785.727539,15748173433,4348.870117,4708060000,207.1352081,7007900,96.22886658,7110900,1.92
22/2/2022,38286.02734,25493150450,2639.299316,16360200507,4304.759766,5121900000,204.7557373,7748900,96.12377167,7604400,1.94
23/2/2022,37296.57031,21849073843,2590.359619,13382637240,4225.5,4797430000,200.9882813,7684500,95.69460297,11732100,1.99
24/2/2022,38332.60938,46383802093,2598.067139,29312342666,4288.700195,6752130000,204.5102844,10471000,95.86976624,12372100,1.96
25/2/2022,39214.21875,26545599159,2764.535645,17208902048,4384.649902,5177060000,209.0614624,4615100,95.96612549,10089100,1.97
28/2/2022,43193.23438,35690014104,2919.201172,19266124733,4373.939941,6071370000,208.8348389,4219800,96.65805817,16594600,1.83
1/3/2022,44354.63672,32479047645,2972.485107,18757425786,4306.259766,5846230000,205.5772552,4765000,97.20272064,14355100,1.72
2/3/2022,43924.11719,29183112630,2950.118408,16636517503,4386.540039,5337870000,209.4768982,3884900,96.03613281,9028800,1.86
3/3/2022,42451.78906,24967782593,2834.468994,13091199728,4363.490234,5039890000,207.881134,4161700,96.36068726,15802600,1.86
4/3/2022,39137.60547,28516271427,2617.156006,14496939024,4328.870117,5797380000,205.8038483,4518100,96.74662018,7838500,1.74
7/3/2022,38062.03906,28546143503,2497.77124,14594098731,4201.089844,6940470000,199.4586334,7953400,96.18524933,12740600,1.78
8/3/2022,38737.26953,25776583476,2576.747559,13922922903,4170.700195,7243120000,198.3349915,6132200,95.84318542,9933700,1.86
9/3/2022,41982.92578,32284121034,2729.783447,14173665398,4277.879883,5662670000,203.8398438,4558400,95.64144897,11192300,1.94
10/3/2022,39437.46094,31078064711,2608.048584,13292477213,4259.52002,4980830000,202.9239197,5271300,95.10643005,16234900,1.98
11/3/2022,38794.97266,26364890465,2559.562988,12382419582,4204.310059,4938640000,200.1668091,5511000,95.08885956,11997800,2
14/3/2022,39666.75391,24322159070,2590.696045,11244398839,4173.109863,5574920000,198.1933594,6284200,94.16786957,10961600,2.14
15/3/2022,39338.78516,23934000868,2620.149658,12861105614,4262.450195,5392470000,202.3290863,6491000,94.37837982,14001200,2.15
16/3/2022,41143.92969,39616916192,2772.055664,17915109769,4357.859863,6309750000,207.390152,4863500,94.44854736,16805400,2.19
17/3/2022,40951.37891,22009601093,2814.854492,12685265194,4411.669922,4985090000,210.166153,6570100,94.60644531,8035400,2.2
18/3/2022,41801.15625,34421564942,2945.343018,15830879093,4463.120117,8278430000,212.6211548,3425100,94.81691742,7864100,2.14
21/3/2022,41077.99609,24615543271,2897.976563,15206116098,4461.180176,4869820000,212.4228821,2802200,93.88719177,8024800,2.32
22/3/2022,42358.80859,32004652376,2973.131104,16830539230,4511.609863,4754840000,215.0289459,3269300,93.63282776,16120500,2.38
23/3/2022,42892.95703,25242943069,3031.067139,16008767658,4456.240234,4550670000,212.1002655,2695400,94.01877594,9060700,2.32
24/3/2022,43960.93359,31042992291,3108.062012,18070503166,4520.160156,4131390000,215.1217346,2375100,93.80828094,7480500,2.34
25/3/2022,44348.73047,30574413034,3106.671387,17030503831,4543.060059,4305020000,216.0405121,3851100,93.06271362,10538700,2.48
28/3/2022,47128.00391,36362175703,3336.634521,20620450770,4575.52002,4312260000,217.442337,6799400,93.29075623,8540500,2.46
29/3/2022,47465.73047,31397059069,3401.987793,19533323636,4631.600098,5085910000,220.7384491,4470500,93.72932434,11396500,2.41
30/3/2022,47062.66406,29333883962,3385.157959,15302506131,4602.450195,4385570000,218.9483337,3436400,93.98368073,11544400,2.35
31/3/2022,45538.67578,33327427106,3281.642822,17685495686,4530.410156,4823020000,215.6427155,4087000,93.93980408,13799100,2.32
1/4/2022,46281.64453,38162644287,3449.552246,20982988937,4545.859863,4562940000,216.5046387,3456400,93.7729187,11581600,2.39
4/4/2022,46622.67578,32499785455,3521.241211,18209969743,4582.640137,4547350000,218.3421478,3241100,93.852005,9956400,2.42
5/4/2022,45555.99219,29640604055,3411.79248,16681503199,4525.120117,4800620000,215.1501465,3268800,92.90329742,11028300,2.54
6/4/2022,43206.73828,39393395788,3171.691895,25632563639,4481.149902,4986830000,212.6780396,4122000,92.66610718,13116000,2.61
7/4/2022,43503.84766,26101973106,3233.274658,16745496605,4500.209961,4821490000,213.483139,4347500,92.46408081,7922500,2.66
8/4/2022,42287.66406,27215995394,3192.073975,17557050669,4488.279785,4083200000,212.8201294,2954800,91.99848938,6503200,2.72
11/4/2022,39521.90234,33949912166,2981.052246,21891804831,4412.529785,4266290000,209.4955444,2942200,91.60321808,8381800,2.79
12/4/2022,40127.18359,30991500854,3030.376465,20235707410,4397.450195,4152090000,208.8514557,3164200,91.89308929,8498700,2.72
13/4/2022,41166.73047,27691105228,3118.344238,16088473629,4446.589844,3828150000,211.5888062,2404600,92.07754517,6801000,2.7
14/4/2022,39935.51563,24342001973,3019.909424,15821419931,4392.589844,4083090000,209.0124969,2465500,91.33088684,8510100,2.83
18/4/2022,40826.21484,33705182072,3057.606689,18629381299,4391.689941,3910490000,208.6526031,3674400,91.04977417,8633000,2.85
19/4/2022,41502.75,25303206547,3104.106445,14156035096,4462.209961,4108120000,212.3275909,2631200,90.49636078,7847500,2.93
20/4/2022,41374.37891,27819532341,3077.74585,15547362265,4459.450195,4290450000,212.0529175,2933200,91.0146637,8460900,2.85
21/4/2022,40527.36328,35372786395,2987.480713,20783591093,4393.660156,4636890000,208.5862579,3172100,90.51391602,11395800,2.9
22/4/2022,39740.32031,28011716745,2964.835693,16782795477,4271.779785,4651940000,202.9032288,6361400,90.42609406,9159000,2.9
25/4/2022,40458.30859,35445730570,3009.393555,22332690614,4296.120117,5240040000,204.0114441,9271800,91.0322113,8777500,2.81
26/4/2022,38117.46094,34569088416,2808.29834,19052045399,4175.200195,4689970000,198.1958008,6891100,91.31330109,8535100,2.77
27/4/2022,39241.12109,30981015184,2888.929688,17419284041,4183.959961,4769680000,198.5841217,4955900,90.94436646,11185400,2.82
28/4/2022,39773.82813,33903704907,2936.940918,18443524633,4287.5,4854180000,203.4241791,3767700,90.90923309,10372200,2.85
29/4/2022,38609.82422,30882994649,2815.601807,18771041399,4131.930176,5084030000,195.9509888,7330500,90.36461639,9924100,2.89
2/5/2022,38529.32813,32922642426,2857.4104,18609741545,4155.379883,5163790000,197.4285736,10630500,89.87269592,12729000,2.99
3/5/2022,37750.45313,27326943244,2783.476318,13026093219,4175.47998,4582050000,198.3662872,3901800,90.07506561,12165300,2.97
4/5/2022,39698.37109,36754404490,2940.644775,18186749944,4300.169922,5136360000,204.1819305,3870600,90.65587616,14656400,2.93
5/5/2022,36575.14063,43106256317,2749.213135,22642925048,4146.870117,5077030000,196.6518707,5186700,89.75828552,17474400,3.05
6/5/2022,36040.92188,37795577489,2694.979736,21027599270,4123.339844,5116940000,195.0701141,5193900,89.3799057,8314100,3.12
9/5/2022,30296.95313,63355494961,2245.43042,36333567678,3991.23999,5954520000,188.155777,9551400,89.81990051,8640900,3.05
10/5/2022,31022.90625,59811038817,2343.510986,38202099639,4001.050049,5885820000,188.5346527,7605000,90.09269714,18465000,2.99
11/5/2022,28936.35547,70388855818,2072.108643,45743399154,3935.179932,5816140000,185.1248016,6365500,90.42706299,16462000,2.91
12/5/2022,29047.75195,66989173272,1961.701538,42463486402,3930.080078,6286450000,185.3237152,7964900,90.59429169,9015300,2.84
13/5/2022,29283.10352,42841124537,2014.418213,24816096567,4023.889893,5183340000,190.286911,4543200,90.20709229,6715600,2.93
16/5/2022,29862.91797,32613897286,2022.725952,21459552191,4008.01001,4415030000,189.3492126,4479400,90.40947723,7239200,2.88
17/5/2022,30425.85742,29101473475,2090.40918,18509929297,4088.850098,4841410000,193.3936462,3954500,89.91668701,6559000,2.98
18/5/2022,28720.27148,31285268319,1916.656128,17740965589,3923.679932,5103220000,185.8257141,4712200,90.27748871,6093800,2.89
19/5/2022,30314.33398,33773447707,2018.336182,18734247914,3900.790039,5113550000,185.0016479,5710900,90.50627136,10504300,2.84
20/5/2022,29200.74023,30749382605,1961.315674,15892482289,3901.360107,5130730000,185.0016479,5153300,90.77907562,6731400,2.78
23/5/2022,29098.91016,31483454557,1972.181885,16434529708,3973.75,4420030000,188.1652374,5018000,90.4798584,8007200,2.86
24/5/2022,29655.58594,26616506245,1978.982788,13057109007,3941.47998,4923190000,186.2803497,4788700,91.17508698,10332300,2.76
25/5/2022,29562.36133,27525063551,1944.827881,13364545730,3978.72998,4802560000,188.35466,4921900,91.5534668,7718100,2.75
26/5/2022,29267.22461,36774325352,1803.91333,23458681818,4057.840088,4709970000,192.209671,4216700,91.48307037,5720000,2.75
27/5/2022,28627.57422,36582005748,1724.922852,25470760032,4158.240234,4375620000,197.078125,4381100,91.63267517,5496300,2.74
31/5/2022,31792.31055,33538210634,1942.328003,18363115560,4132.149902,6822640000,195.4584808,4100900,91.05186462,10491700,2.85
1/6/2022,29799.08008,41135817341,1823.569336,21037797760,4101.22998,4531800000,194.1703033,3087800,90.67810822,8056700,2.94
2/6/2022,30467.48828,29083562061,1834.150513,17065041354,4176.819824,4405790000,198.1295013,2977800,90.79270172,7456800,2.92
3/6/2022,29704.39063,26175547452,1775.078613,14878001811,4108.540039,3711110000,194.9659424,2694100,90.64279175,6561100,2.96
6/6/2022,31370.67188,31947336829,1859.289673,16518471852,4121.430176,4332700000,195.5437012,2745500,90.08744049,5144500,3.04
7/6/2022,31155.47852,40770974039,1814.04834,24020076750,4160.680176,4248210000,197.66539,3350500,90.43125153,5620200,2.98
8/6/2022,30214.35547,30242059107,1793.572266,18041476023,4115.77002,4159470000,195.4490204,2187200,90.06100464,4150800,3.03
9/6/2022,30111.99805,21692004719,1789.82605,12013083393,4017.820068,4134170000,190.7699738,3061100,89.9640274,5423500,3.04
10/6/2022,29083.80469,29867476527,1665.042236,18504740451,3900.860107,4889640000,185.105896,5703800,89.26760864,7830000,3.15
13/6/2022,22487.38867,68204556440,1204.582764,45162788786,3749.629883,5636890000,177.5474243,10468300,87.80419922,9479000,3.43
14/6/2022,22206.79297,50913575242,1211.662842,33327826525,3735.47998,5153890000,177.0454254,7045900,87.28405762,10943400,3.49
15/6/2022,22572.83984,54912007015,1233.206421,37539999450,3789.98999,5530480000,179.6217499,5011700,88.25379181,10979000,3.33
16/6/2022,20381.65039,31183975654,1067.730713,18907671369,3666.77002,5644930000,173.3514557,8225100,88.46536255,9329900,3.28
17/6/2022,20471.48242,27132421514,1086.519287,14591486540,3674.840088,8520740000,174.0050201,5252700,88.45653534,9892200,3.25
21/6/2022,20710.59766,28970212744,1124.824585,15632089439,3764.790039,5292260000,178.2199402,6103400,88.10390472,9022500,3.31
22/6/2022,19987.0293,28574793478,1051.421875,15010593493,3759.889893,5058990000,178.1915131,7321300,88.85323334,9437000,3.16
23/6/2022,21085.87695,26188097173,1143.386719,14657862919,3795.72998,5098640000,179.8071899,6675800,89.22349548,7773900,3.09
24/6/2022,21231.65625,24957784918,1226.844727,16981552654,3911.73999,8120260000,185.6175385,3856400,89.08245087,7389600,3.13
27/6/2022,20735.47852,20965695707,1193.680664,12492225250,3900.110107,4325310000,185.0469666,5950400,88.68571472,8319700,3.2
28/6/2022,20280.63477,21381535161,1144.579224,14023205651,3821.550049,4270120000,181.2336121,6012700,88.72098541,6540000,3.2
29/6/2022,20104.02344,23552740328,1098.943848,15386286815,3818.830078,4211240000,180.9292908,4155800,89.23230743,7326500,3.1
30/6/2022,19784.72656,26267239923,1067.298828,16350755497,3785.379883,4840070000,179.3697357,4250300,89.63785553,7521300,2.98
1/7/2022,19269.36719,30767551159,1059.767334,17499453625,3825.330078,4046950000,181.2621307,3223100,90.3850174,7393100,2.88
5/7/2022,20190.11523,26715546990,1134.541016,16195518291,3831.389893,5076590000,181.908783,3986100,90.55280304,6813100,2.82
6/7/2022,20548.24609,24598943708,1186.973999,15373536703,3845.080078,4417720000,182.2701721,2981000,89.94342804,6647700,2.93
7/7/2022,21637.58789,25814972520,1237.593384,14230795894,3902.620117,4057770000,185.2752075,2919300,89.74028015,8226500,3.01
8/7/2022,21731.11719,49899834488,1222.506226,16315929082,3899.379883,3521620000,185.0850067,2799200,89.4046936,5270100,3.09
11/7/2022,19970.55664,24150249025,1097.236572,12064180410,3854.429932,3423480000,182.7456665,3033800,89.81976318,5758400,2.99
12/7/2022,19323.91406,25810220018,1038.19165,12583282453,3818.800049,3817210000,181.1670532,2640300,89.94342804,6690500,2.96
13/7/2022,20212.07422,33042430345,1113.587158,18302588147,3801.780029,4109390000,180.3777466,3322400,90.27019501,6534700,2.91
14/7/2022,20569.91992,31158743333,1191.526245,16688640823,3790.379883,4199690000,179.5789337,3355600,89.95226288,6233300,2.96
15/7/2022,20836.32813,25905575359,1233.12915,17411448225,3863.159912,4143800000,183.0689697,2914600,90.30552673,8640400,2.93
18/7/2022,22485.68945,39974475562,1578.717896,27440420623,3830.850098,4046870000,181.8041992,3974200,90.01407623,6006400,2.96
19/7/2022,23389.43359,48765202697,1542.97522,27753529276,3936.689941,4041070000,186.8823242,3287500,89.89041901,5936200,3.01
20/7/2022,23231.73242,42932549127,1520.200684,22942708340,3959.899902,4185300000,188.3943329,3332400,89.82861328,6124000,3.04
21/7/2022,23164.62891,33631012204,1576.749512,20009556587,3998.949951,4132790000,190.2582245,2929300,90.57930756,5920000,2.91
22/7/2022,22714.97852,31421555646,1537.405151,18926100582,3961.629883,3979240000,188.1946106,2717400,91.28588104,7323100,2.77
25/7/2022,21361.70117,35574561406,1445.383423,20585056021,3966.840088,3568340000,188.4514008,2997100,90.95024109,3729500,2.81
26/7/2022,21239.75391,28624673855,1441.806763,18238563509,3921.050049,3778950000,186.1215515,2918500,90.9325943,6312200,2.81
27/7/2022,22930.54883,31758955233,1636.232666,23007524016,4023.610107,4112180000,191.009491,2902200,91.25053406,5431400,2.78
28/7/2022,23843.88672,40212386158,1725.46814,27231399966,4072.429932,4413000000,193.5009918,2670700,91.90406036,6473800,2.68
29/7/2022,23804.63281,35887249746,1727.406982,23249531113,4130.290039,4616360000,196.1351166,3342400,91.91290283,7674600,2.67
1/8/2022,23314.19922,25849159141,1635.195801,16191371176,4118.629883,4202810000,195.6786957,3531500,92.23151398,7733700,2.6
2/8/2022,22978.11719,28389250717,1632.945435,20426082309,4091.189941,4727710000,194.6231384,3020900,91.28463745,6869400,2.75
3/8/2022,22846.50781,26288169966,1618.874512,16786218830,4155.169922,4351760000,197.75177,2827100,91.69171143,6261700,2.73
4/8/2022,22630.95703,25120229769,1608.205811,14467440626,4151.939941,4283320000,197.5615845,2261800,91.9128952,5199700,2.68
5/8/2022,23289.31445,28881249043,1732.254639,18546491876,4145.189941,4085940000,197.4950104,2758900,90.88643646,4847100,2.83
8/8/2022,23809.48633,28575544847,1775.516113,16841424404,4140.060059,4221090000,197.6757355,3024200,91.30233002,3425000,2.77
9/8/2022,23164.31836,23555719219,1703.025024,16368619692,4122.470215,3913090000,196.4299316,1829500,91.09880829,3854000,2.8
10/8/2022,23947.64258,32837431722,1851.742676,23512477984,4210.240234,4546010000,200.9089966,2878200,91.32888794,7156200,2.78
11/8/2022,23957.5293,37127036580,1881.224121,23826986482,4207.27002,4630200000,200.9184265,2835000,90.84220886,8518200,2.87
12/8/2022,24402.81836,27265804688,1957.24646,17168141904,4280.149902,3788010000,204.3989716,2366500,91.24924469,3643400,2.84
15/8/2022,24136.97266,35123501685,1904.228149,20349931313,4297.140137,3696830000,205.1977844,4479200,91.36427307,3782900,2.79
16/8/2022,23883.29102,27753685646,1878.139404,15637578930,4305.200195,4329820000,205.6352234,2835600,91.23155212,4976100,2.82
17/8/2022,23335.99805,30931623076,1832.999634,20308508124,4274.040039,3885030000,203.7903595,4007900,90.69177246,7222300,2.89
18/8/2022,23212.73828,23747613147,1847.007813,14999352229,4283.740234,3340330000,204.3228912,1640200,90.88643646,4260600,2.88
19/8/2022,20877.55273,40509610260,1612.987305,25906358731,4228.47998,3761340000,201.4034271,2555000,90.24932098,4575500,2.98
22/8/2022,21398.9082,31666498758,1622.505859,18557078599,4137.990234,3907430000,197.0955811,3142900,89.85999298,7133200,3.03
23/8/2022,21528.08789,31878280659,1662.769897,18322041914,4128.72998,3823520000,196.7247467,2856400,89.82457733,7369600,3.05
24/8/2022,21395.01953,31962253368,1657.059204,16780932907,4140.77002,3583630000,197.5520935,1790900,89.58569336,6318900,3.11
25/8/2022,21600.9043,31028679593,1696.457031,14818795695,4199.120117,3566870000,200.4144592,1874100,90.0812149,8217300,3.03
26/8/2022,20260.01953,42326789564,1507.782837,26713710143,4057.659912,3832750000,193.7767639,3550200,89.91307068,5584800,3.04
29/8/2022,20297.99414,32637854078,1553.037354,17965837488,4030.610107,3396510000,192.3598175,3529100,89.47949219,7509000,3.12
30/8/2022,19796.80859,34483360283,1523.838867,21835784470,3986.159912,3835860000,190.2201843,4799400,89.5945282,6573600,3.11
31/8/2022,20049.76367,33225232872,1553.684937,20591680941,3955,4542490000,188.8222809,2911400,89.11666107,6116500,3.15
1/9/2022,20127.14063,30182031010,1586.176758,16434276817,3966.850098,4152250000,188.9364014,4555800,88.73007965,8961600,3.26
2/9/2022,19969.77148,29123998928,1577.220459,17708478709,3924.26001,3665850000,187.062973,3810400,88.98722076,5966800,3.2
6/9/2022,18837.66797,43403978910,1561.748535,22946059125,3908.189941,4127340000,186.3022156,5382900,88.15374756,5341300,3.33
7/9/2022,19290.32422,35239757134,1629.906372,19560363854,3979.870117,3890320000,189.7447357,3032400,88.76557159,3607100,3.27
8/9/2022,19329.83398,32194477850,1635.347656,17621046717,4006.179932,3966850000,191.2471771,2971300,88.48183441,5546200,3.29
9/9/2022,21381.15234,48469528171,1719.085449,20242323690,4067.360107,3901940000,194.4234009,2953400,88.47292328,7496100,3.33
12/9/2022,22370.44922,50212088965,1713.765259,17688391310,4110.410156,3814200000,196.5155182,2736900,88.33994293,8535500,3.37
13/9/2022,20296.70703,51091116622,1580.787964,23066821734,3932.689941,4224550000,188.0710297,5190300,87.84341431,4957400,3.42
14/9/2022,20241.08984,37872380889,1634.755005,17897150206,3946.01001,4293240000,188.8032227,2793400,87.95869446,7557300,3.41
15/9/2022,19701.21094,36389011503,1471.693481,26946275878,3901.350098,4441830000,186.7872009,2491000,87.69268036,6016600,3.45
16/9/2022,19772.58398,30123362273,1432.447754,16764804299,3873.330078,7954650000,185.0850067,4966100,87.63063049,6965400,3.45
19/9/2022,19544.12891,40177002624,1377.541382,18712714223,3899.889893,3766850000,186.3973389,3346700,87.49759674,5982200,3.49
20/9/2022,18890.78906,36791346508,1324.388184,14722317220,3855.929932,4058050000,184.2291412,3244200,87.10745239,11271700,3.57
21/9/2022,18547.40039,46363793975,1252.607788,20643507800,3789.929932,4078330000,181.0814819,3060200,87.38232422,7094400,3.51
22/9/2022,19413.55078,41135767926,1327.680176,18461527259,3757.98999,4284600000,179.0559387,5279700,86.45133209,7092400,3.7
23/9/2022,19297.63867,38896078052,1328.259521,18771106339,3693.22998,5144270000,175.9674683,8249900,86.1852951,11059300,3.69
26/9/2022,19222.67188,44148798321,1335.32019,16034549271,3655.040039,4886140000,174.0383911,6603500,85.07694244,9009900,3.88
27/9/2022,19110.54688,58571439619,1330.127686,17870598937,3647.290039,4577740000,173.7805328,6910700,84.71343231,11440200,3.97
28/9/2022,19426.7207,53071298734,1337.410889,18994979566,3719.040039,4684850000,177.4382019,6929100,86.07892609,10539800,3.72
29/9/2022,19573.05078,41037843771,1335.652344,13796915736,3640.469971,4681810000,173.7518768,8241100,85.62670135,8666100,3.76
30/9/2022,19431.78906,43975248085,1327.978638,14250100093,3585.620117,5645360000,171.3930511,8431700,85.42276001,14376300,3.83
3/10/2022,19623.58008,30484729489,1323.439209,10153070907,3678.429932,4806680000,175.7478333,7321600,86.11679077,9617900,3.67
4/10/2022,20336.84375,35887278685,1362.126587,10139774963,3790.929932,5146580000,181.391861,6212800,86.34785461,6964200,3.62
5/10/2022,20160.7168,33223790572,1352.837158,9774451820,3783.280029,4293180000,181.0480652,4548100,85.8946228,9512800,3.76
6/10/2022,19955.44336,34711412966,1351.709473,12033514861,3744.52002,4252100000,179.319519,3784100,85.55693817,5625100,3.83
7/10/2022,19546.84961,29227315390,1332.516968,10061619355,3639.659912,4449660000,174.1911774,4780100,85.10375977,6149600,3.89
10/10/2022,19141.48438,27425022774,1291.337646,8794491050,3612.389893,3834320000,172.8064117,4304000,84.7216568,4074700,3.91
11/10/2022,19051.41797,28711532910,1279.575684,9274845260,3588.840088,4759030000,171.6986389,4419100,84.77496338,8892800,3.93
12/10/2022,19157.44531,24950173846,1294.906372,8355638578,3577.030029,4006830000,171.2306824,5016700,84.84605408,5651200,3.91
13/10/2022,19382.9043,44219840004,1288.123901,17499038202,3669.909912,5021680000,175.480423,5626900,84.57946014,6254400,3.97
14/10/2022,19185.65625,38452356727,1297.422119,13113767755,3583.070068,4243030000,171.3452911,3798800,84.11736298,8580700,4
17/10/2022,19550.75781,27472552998,1331.713623,9401189650,3677.949951,4352780000,175.9197235,4025800,84.29510498,5460600,4.02
18/10/2022,19334.41602,30580012344,1310.447021,10416747806,3719.97998,4483740000,178.0684814,3906800,84.43727112,6389100,4.01
19/10/2022,19139.53516,22425387184,1285.744263,8350692785,3695.159912,4223800000,176.5500336,2589100,83.70860291,6316100,4.14
20/10/2022,19053.74023,24493974420,1283.200928,9009111996,3665.780029,4496620000,175.022049,2636200,83.20207214,9012900,4.24
21/10/2022,19172.46875,32459287866,1299.946411,10412565245,3752.75,5078020000,179.0521088,3381200,83.3265152,8371100,4.21
24/10/2022,19345.57227,30202235805,1344.998535,13092820173,3797.340088,4747930000,180.9811859,4527800,83.21097565,6090400,4.25
25/10/2022,20095.85742,47761524910,1461.665405,25367291294,3859.110107,4843120000,184.2568359,3287100,84.02853394,11710400,4.1
26/10/2022,20770.44141,58895950537,1566.56665,32705548427,3830.600098,4817310000,183.1203766,4091100,84.4017334,7884100,4.04
27/10/2022,20285.83594,49625110402,1514.374878,22813499245,3807.300049,4687320000,182.26091,3556300,84.82826996,6913500,3.96
28/10/2022,20595.35156,43994715910,1555.477905,19974623205,3901.060059,4459410000,186.5010834,3178800,84.61503601,6229200,4.02
31/10/2022,20495.77344,45668466815,1572.714478,19306919714,3871.97998,4820620000,185.2977905,5053900,84.33065796,10946400,4.1
1/11/2022,20485.27344,39819303159,1579.70459,14507311208,3856.100098,4481210000,184.7248077,9873800,84.48740387,8096800,4.07
2/11/2022,20159.50391,55552169483,1519.711792,23254218281,3759.689941,4899000000,179.8638458,4686000,84.34487915,8584100,4.1
3/11/2022,20209.98828,43228750179,1531.541748,14248351007,3719.889893,4625290000,178.1448669,3935600,84.03317261,9314800,4.14
4/11/2022,21147.23047,64072727950,1645.093384,20806964347,3770.550049,5400180000,180.4368744,3586200,84.02425385,6918300,4.17
7/11/2022,20602.81641,53510852236,1568.591309,15279963349,3806.800049,4341620000,182.0794678,3420000,83.75708771,7597200,4.22
8/11/2022,18541.27148,1.18992E+11,1332.835571,42048003440,3828.110107,4607640000,183.0344391,4847500,84.11334229,5834900,4.14
9/11/2022,15880.78027,1.02905E+11,1100.1698,38864492427,3748.570068,4645010000,179.0903015,13959600,84.21131897,6694200,4.12
10/11/2022,17586.77148,83202283721,1299.4646,28581002122,3956.370117,5781260000,189.2228241,3981600,86.01933289,8494800,3.82
11/11/2022,17034.29297,55871616488,1287.221069,20920539099,3992.929932,5593310000,191.1519165,4550200,85.95698547,4953100,3.85
14/11/2022,16618.19922,49630243054,1241.604248,15028035663,3957.25,4561930000,189.4233704,4248200,85.71651459,7457600,3.88
15/11/2022,16884.61328,36599436183,1251.736206,11798011594,3991.72998,5015310000,191.3428955,4606200,86.34886169,7962000,3.8
16/11/2022,16669.43945,33925512989,1215.602539,11939561598,3958.790039,4165320000,189.3947449,2905000,86.88324738,11075000,3.67
17/11/2022,16687.51758,27868914022,1200.808594,9723646871,3946.560059,4051780000,188.6020813,3704700,86.51808167,6889000,3.77
18/11/2022,16697.77734,26862218609,1212.300293,7979913378,3965.340088,4037360000,189.4902344,3039000,86.39339447,4714900,3.82
21/11/2022,15787.28418,37429485518,1108.353027,14080099208,3949.939941,3850690000,188.6880035,2961700,86.33994293,6829100,3.83
22/11/2022,16189.76953,30726828760,1135.173462,12040670755,4003.580078,3887990000,191.1614685,3390300,86.78530121,8039000,3.76
23/11/2022,16610.70703,32958875628,1183.199585,11242676044,4027.26001,3279720000,192.3265533,2685700,87.30185699,5885600,3.71
25/11/2022,16521.8418,18678255976,1198.925903,5483308196,4026.120117,1706460000,192.4698029,1289100,87.31967926,2718600,3.68
28/11/2022,16217.32227,27743025156,1170.086182,7275411870,3963.939941,3615430000,189.3469238,3365800,87.17719269,7920700,3.69
29/11/2022,16444.98242,23581685468,1216.901245,7639405818,3957.629883,3546040000,189.0509033,2640700,86.865448,6643300,3.75
30/11/2022,17168.56641,29523576583,1295.688599,9836925304,4080.110107,6579360000,194.8763733,4201300,87.5423584,8963500,3.68
1/12/2022,16967.13281,22895392882,1276.273926,6857935276,4076.570068,4527130000,194.9909973,4354300,88.27077484,12471300,3.53
2/12/2022,17088.66016,19539705127,1294.303345,6213645709,4071.699951,4012620000,194.8095551,2917100,88.63681793,6368000,3.51
5/12/2022,16974.82617,22209086834,1259.676758,6120359523,3998.840088,4280820000,190.9799957,3840500,87.94048309,8072500,3.6
6/12/2022,17089.50391,19889922369,1271.653809,5089212680,3941.26001,4368380000,188.1150208,3901000,88.19937134,7660100,3.51
7/12/2022,16848.12695,19675404389,1232.4375,5752205180,3933.919922,4118050000,187.8094177,3438100,88.98496246,6752900,3.42
8/12/2022,17233.47461,20496603770,1281.116333,6227269815,3963.51001,4006900000,189.4329224,3982600,88.71716309,6307200,3.48
9/12/2022,17133.15234,20328426366,1264.28479,5706183865,3934.379883,3888260000,187.8476257,3784900,88.19043732,8994400,3.57
12/12/2022,17206.4375,19617581341,1274.619019,5151109364,3990.560059,3904130000,190.5502777,3931600,88.20828247,10384200,3.61
13/12/2022,17781.31836,26634741631,1320.549194,8812883119,4019.649902,5079360000,191.9732056,4191900,88.79749298,9120600,3.51
14/12/2022,17815.65039,25534481470,1309.328735,7830915428,3995.320068,4472340000,190.9036255,3331200,88.99390411,10624000,3.49
15/12/2022,17364.86523,20964448341,1266.353882,6032859783,3895.75,4493900000,186.1477203,5537100,89.12451172,9423900,3.44
16/12/2022,16647.48438,24031608960,1168.259399,9297811507,3852.360107,7493660000,184.0180969,4755400,88.89186859,7546100,3.48
19/12/2022,16439.67969,17221074814,1167.609863,4943628091,3817.659912,3969610000,182.1654053,6433800,88.34609985,10351000,3.57
20/12/2022,16906.30469,22722096615,1217.703613,6684951715,3821.620117,3985370000,182.5473633,5637800,87.74662018,10282200,3.69
21/12/2022,16817.53516,14882945045,1213.599976,4217182733,3878.439941,3775200000,185.3073425,4973400,87.98818207,8489300,3.68
22/12/2022,16830.3418,16441573050,1218.182129,5297471739,3822.389893,3956950000,182.6790009,5153500,87.96136475,8267800,3.67
23/12/2022,16796.95313,15329265213,1220.159424,4835831923,3844.820068,2819280000,183.6865845,4214400,87.65716553,4823400,3.75
27/12/2022,16717.17383,15748580239,1212.791626,4091530737,3829.25,3030300000,182.9188843,6037700,87.02188873,7925700,3.84
28/12/2022,16552.57227,17005713920,1189.986084,4991669631,3783.219971,3083520000,180.6158752,5711900,86.86978149,12131200,3.88
29/12/2022,16642.3418,14472237479,1201.595337,4132233940,3849.280029,3003680000,183.9360504,5425700,87.19187927,7763300,3.83
30/12/2022,16602.58594,15929162910,1199.232788,4055668253,3839.5,2979870000,183.4658661,5979800,86.78030396,8469000,3.88
3/1/2023,16679.85742,13903079207,1214.778809,3392972131,3824.139893,3959140000,182.717392,4092500,87.29030609,19930800,3.79
4/1/2023,16863.23828,18421743322,1256.526611,6404416893,3852.969971,4414080000,184.3390961,3852500,87.77346802,10080100,3.69
5/1/2023,16836.73633,13692758566,1250.438599,4001786456,3808.100098,3893450000,182.1800232,4150000,87.70188141,9682000,3.71
6/1/2023,16951.96875,14413662913,1269.379028,4977252792,3895.080078,3923560000,186.2007141,3184300,88.65924835,8503000,3.55
9/1/2023,17196.55469,18624736866,1321.53894,7990438824,3892.090088,4311770000,186.2774963,3888300,88.8829422,7849600,3.53
10/1/2023,17446.29297,15808338949,1336.58606,5830173253,3919.25,3851030000,187.7456665,2963500,88.54293823,7291300,3.61
11/1/2023,17934.89648,18372283782,1387.932739,6314904311,3969.610107,4303360000,190.2214355,3435300,89.08872986,6102900,3.54
12/1/2023,18869.58789,34971338710,1417.938477,12230193038,3983.169922,4440260000,191.1426697,3552700,89.73292542,8342700,3.43
13/1/2023,19909.57422,29225029694,1451.614868,7684148212,3999.090088,3939700000,191.958313,2798600,89.40188599,6719000,3.49
17/1/2023,21161.51953,24999983362,1567.846069,7599462786,3990.969971,4235560000,191.699234,5426700,89.2408371,8174700,3.53
18/1/2023,20688.78125,30005625418,1515.506958,10354880595,3928.860107,4298710000,188.6764832,3890200,90.12661743,7779300,3.37
19/1/2023,21086.79297,21152848261,1552.556519,6432638856,3898.850098,3991500000,187.1411285,2282400,89.92080688,8633700,3.39
20/1/2023,22676.55273,28799154319,1659.75415,8528894754,3972.610107,4013360000,190.7300568,2429300,89.55399323,6095800,3.48
23/1/2023,22934.43164,26518700512,1628.251099,8264507375,4019.810059,3945210000,193.1482391,3438100,89.33029175,6573200,3.52
24/1/2023,22636.46875,26405069715,1556.604248,8180274691,4016.949951,3320430000,192.8315735,2679400,89.72396851,6538600,3.46
25/1/2023,23117.85938,30685366709,1611.71106,10598973448,4016.219971,3724020000,192.9275208,2802000,89.83133698,5431000,3.46
26/1/2023,23032.77734,26357839322,1603.105957,8395315241,4060.429932,3809590000,194.9138947,2806200,89.67921448,5399100,3.49
27/1/2023,23078.72852,25383335641,1598.156494,8124465373,4070.560059,3907760000,195.7007751,4521900,89.54505157,5123100,3.52
30/1/2023,22840.13867,27205595568,1567.326538,9180418120,4017.77002,3802000000,193.0810394,2992300,89.3034668,6822000,3.55
31/1/2023,23139.2832,22837828665,1586.5354,6585191019,4076.600098,4679320000,196.1709747,4827600,89.67030334,12083600,3.52
1/2/2023,23723.76953,26683255504,1641.792725,8116969489,4119.209961,4856930000,198.5603638,4385600,90.30264282,11593300,3.39
2/2/2023,23471.87109,32066936882,1643.241577,10558081069,4179.759766,5624360000,201.525528,3730800,90.40130615,9197800,3.4
3/2/2023,23449.32227,27083066007,1664.745605,8169519805,4136.47998,4694510000,199.4431915,2854200,89.53126526,9083000,3.53
6/2/2023,22760.10938,23825006542,1616.24707,6919871886,4111.080078,4114240000,197.9462128,2841700,89.03797913,9198900,3.63
7/2/2023,23264.29102,27187964471,1672.00354,8030277434,4164,4355860000,200.4411926,3028100,88.88549042,6224800,3.67
8/2/2023,22939.39844,25371367758,1650.716797,7806089579,4117.859863,4029820000,198.3012543,2945400,89.01106262,4900600,3.63
9/2/2023,21819.03906,32572572185,1546.438232,10524969124,4081.5,4270200000,196.3724823,2705900,88.66127777,5594800,3.67
10/2/2023,21651.18359,27078406594,1514.869141,8397387897,4090.459961,3891520000,196.7275238,2159800,88.2755661,5068200,3.74
13/2/2023,21808.10156,23918742607,1507.165894,9363855114,4137.290039,3448620000,199.068985,3467200,88.54466248,6832700,3.72
14/2/2023,22220.80469,26792596581,1556.875122,9249575045,4136.129883,3929200000,199.1457062,2743400,88.23075104,9559500,3.77
15/2/2023,24307.8418,32483312909,1673.745972,10015035156,4147.600098,4075980000,200.0381622,2001600,88.06031036,6486500,3.81
16/2/2023,23623.47461,39316664596,1640.067627,12704861676,4090.409912,4143660000,197.3704681,2458800,87.69258881,5235600,3.86
17/2/2023,24565.60156,41358451255,1694.783325,9802443159,4079.090088,4045480000,196.7947235,2324000,87.89886475,5956300,3.82
21/2/2023,24436.35352,31252098714,1658.036377,8721608198,3997.340088,4121590000,192.7164001,3110800,87.07370758,8369600,3.95
22/2/2023,24188.84375,30199996781,1643.231689,9189387004,3991.050049,4079320000,192.553299,3011700,87.30690002,5862300,3.93
23/2/2023,23947.49219,30476264066,1651.073853,9013236167,4012.320068,3952940000,193.5800171,3440100,87.62081909,8527200,3.88
24/2/2023,23198.12695,26811744928,1608.373169,8909129423,3970.040039,3877700000,191.4209595,3020600,87.11854553,4866800,3.95
27/2/2023,23522.87109,22660763494,1634.326416,7239824677,3982.23999,3836950000,192.1022644,2850300,87.28896332,5040000,3.92
28/2/2023,23147.35352,20535363434,1605.895142,6323676957,3970.149902,5043400000,191.4593506,2299100,87.27997589,8575000,3.92
1/3/2023,23646.55078,24662841200,1663.433716,7701847224,3951.389893,4249480000,191.9199371,4176000,86.7800827,9125300,4.01
2/3/2023,23475.4668,20386398516,1647.319336,7080950926,3981.350098,4244900000,192.2174072,3364000,86.60028839,9247400,4.08
3/3/2023,22362.67969,26062404610,1569.167603,9922240199,4045.639893,4084730000,195.3457031,2484700,87.28359222,7267000,3.97
6/3/2023,22429.75781,17353192895,1567.398682,5245153345,4048.419922,4000870000,195.0866394,3812700,87.0677948,4188500,3.98
7/3/2023,22219.76953,22765452204,1561.933105,6854058349,3986.370117,3922500000,192.1790466,3346700,86.95095825,6013200,3.97
8/3/2023,21718.08008,22536575684,1534.088257,7130327525,3992.01001,3535570000,192.4285431,1985900,86.86103058,8044000,3.98
9/3/2023,20363.02148,30364664171,1438.660767,9457897583,3918.320068,4445260000,188.62854,2974300,87.17571259,7054400,3.93
10/3/2023,20187.24414,39578257695,1429.158081,12665194936,3861.590088,5518190000,185.4522247,6310500,88.19167328,7515700,3.7
13/3/2023,24197.5332,49466362688,1680.30896,15711468959,3855.76001,6558020000,184.6845398,6253700,88.89295959,10343900,3.55
14/3/2023,24746.07422,54622230164,1703.50708,16159781303,3919.290039,5665870000,187.9759674,4473800,88.37149811,8159800,3.64
15/3/2023,24375.96094,43655701450,1656.180542,12715339905,3891.929932,6594010000,186.5269928,3855400,89.25260162,11133700,3.51
16/3/2023,25052.78906,33866061747,1677.215454,9364980166,3960.280029,5695790000,189.7512512,3224900,88.90195465,15217800,3.56
17/3/2023,27423.92969,50730261335,1792.485107,12467445117,3916.639893,9354280000,187.3042603,2902400,89.45939636,8277500,3.39
20/3/2023,27767.23633,44774027664,1735.321289,10978325507,3951.570068,5347140000,188.9355927,2898100,89.0997467,6346400,3.47
21/3/2023,28175.81641,36102192830,1806.760742,10758627746,4002.870117,4920240000,191.6320496,2421700,88.83002472,5499100,3.59
22/3/2023,27307.4375,33382021890,1737.717041,12484103560,3936.969971,4533010000,188.2062988,2187900,89.68417358,7585400,3.48
23/3/2023,28333.97266,24220433689,1816.405151,11012966854,3948.719971,4991600000,188.5492554,2629700,89.89994812,9949700,3.38
24/3/2023,27493.28516,25980310960,1752.0448,10913669383,3970.98999,4583970000,189.7343292,2324800,90.05276489,6217700,3.38
27/3/2023,27139.88867,18188895178,1715.460815,8585750760,3977.530029,4233540000,190.2160492,2425400,89.08174133,6823400,3.53
28/3/2023,27268.13086,17783600385,1772.785645,8346890042,3971.27002,4014600000,189.9462891,3678600,88.94689941,6356200,3.55
29/3/2023,28348.44141,20684945906,1793.001831,9136176952,4027.810059,4145250000,192.6825562,3486500,89.05478668,5111300,3.57
30/3/2023,28033.5625,22435349951,1792.737183,9724496987,4050.830078,3930860000,193.7230682,2259200,89.15369415,4251900,3.55
31/3/2023,28478.48438,19001327598,1822.022095,9149379763,4109.310059,4525120000,196.642334,2986300,89.58525085,8521600,3.48
3/4/2023,27790.2207,19556501327,1810.297119,9643826401,4124.509766,4234700000,197.1626129,3068200,89.97462463,7567100,3.43
4/4/2023,28168.08984,15284538859,1871.005127,10398322335,4100.600098,4227800000,195.8426514,2881800,90.3081665,8925200,3.35
5/4/2023,28177.98438,17052315986,1909.114014,10319231689,4090.379883,3968020000,195.1296997,3119400,90.61462402,9883500,3.3
6/4/2023,28044.14063,13837809380,1872.922607,8263191830,4105.02002,3486690000,195.775238,1989800,90.5335083,6105200,3.3
10/4/2023,29652.98047,19282400094,1911.20752,8380134275,4109.109863,3423650000,196.218399,2545300,89.91156769,4478000,3.41
11/4/2023,30235.05859,20121259843,1892.189697,8877222956,4108.939941,3665830000,196.4207764,3389300,89.96562195,4543800,3.43
12/4/2023,30139.05273,18651929926,1920.682129,11010714187,4091.949951,3633120000,195.5921631,2431200,90.0737915,7226000,3.41
13/4/2023,30399.06641,17487721001,2012.634644,12546950499,4146.220215,3596590000,198.1356964,2197600,90.03775024,3964800,3.45
14/4/2023,30485.69922,22659995079,2101.635498,16298099411,4137.640137,3575690000,197.5865479,4142000,89.59605408,4794100,3.52
17/4/2023,29445.04492,17872186762,2076.24292,9648882546,4151.319824,3611180000,198.3765411,2780400,89.145401,4441300,3.6
18/4/2023,30397.55273,19480529496,2104.537354,9134015143,4154.870117,3536640000,198.4729156,2784500,89.27159119,4753000,3.58
19/4/2023,28822.67969,24571565421,1936.403442,13779745451,4154.52002,3572560000,198.5692596,2531400,89.13639832,3592900,3.6
20/4/2023,28245.98828,21340360360,1943.097656,11324135406,4129.790039,3772080000,197.3360596,2563100,89.54200745,5092400,3.54
21/4/2023,27276.91016,20759504330,1849.999878,12044274581,4133.52002,3611750000,197.5094452,2341600,89.38874817,5367300,3.57
24/4/2023,27525.33984,17703288330,1842.757446,8438191338,4137.040039,3290940000,197.5865479,3704400,89.74028015,3256900,3.52
25/4/2023,28307.59766,17733373139,1866.753662,8677255481,4071.629883,3978640000,194.2915039,2606400,90.29917145,5065400,3.4
26/4/2023,28422.70117,31854242019,1866.564209,14356524696,4055.98999,3837030000,193.4147644,2762300,89.96562195,3723600,3.43
27/4/2023,29473.78711,27153445027,1908.786377,14008145806,4135.350098,3750550000,197.0470123,2254600,89.64112091,4018300,3.53
28/4/2023,29340.26172,17544464887,1892.512817,7691759733,4169.47998,4087800000,198.7619781,2309100,90.10085297,5469900,3.44
1/5/2023,28091.56836,18655599976,1831.954834,8625783201,4167.870117,3321370000,198.6655884,2838500,89.17823792,10631600,3.59
2/5/2023,28680.53711,16432924527,1870.789307,7536785767,4119.580078,4486130000,196.2377014,2700600,90.04573059,6085800,3.44
3/5/2023,29006.30859,19122972518,1904.651855,8306390869,4090.75,4246510000,195.0911865,2154000,90.44330597,5637200,3.38
4/5/2023,28847.71094,15548678514,1877.704102,6578438233,4061.219971,4920090000,193.6363373,2577600,90.33488464,5262200,3.37
5/5/2023,29534.38477,17936566518,1995.060913,9498261360,4136.25,4186270000,197.2107697,1942300,90.04573059,4003000,3.44
8/5/2023,27694.27344,19122903752,1849.042725,9895102899,4138.120117,3641640000,197.4227295,2632600,89.54873657,5481300,3.52
9/5/2023,27658.77539,14128593256,1848.603149,6129516088,4119.169922,3810140000,196.6134491,1802500,89.46738434,5712200,3.53
10/5/2023,27621.75586,20656025026,1842.401489,9945549603,4137.640137,4057160000,197.4805756,2677600,90.04573059,4803000,3.43
11/5/2023,27000.78906,16724343943,1796.490601,8353828312,4130.620117,3752900000,197.2204285,2108300,90.31680298,7703800,3.39
12/5/2023,26804.99023,19313599897,1808.019775,9047198660,4124.080078,3533740000,196.7579803,2252400,89.81078339,4285900,3.46
15/5/2023,27192.69336,14413231792,1817.549927,6748889346,4136.279785,3562170000,197.5961609,3240000,89.58485413,8532600,3.5
16/5/2023,27036.65039,12732238816,1824.12146,5595959668,4109.899902,3654200000,196.0642853,1884400,89.37703705,6728500,3.54
17/5/2023,27398.80273,15140006925,1821.859619,6352161579,4158.77002,4039080000,198.6078033,2650100,89.24150085,6318700,3.57
18/5/2023,26832.20898,15222938600,1801.728516,5673124255,4198.049805,3980500000,200.582901,2370200,88.82582092,4811300,3.65
19/5/2023,26890.12891,11258983301,1812.589478,4796110259,4191.97998,4041900000,200.101181,2683900,88.62702942,10285900,3.7
22/5/2023,26851.27734,11056770492,1817.53479,4534841049,4192.629883,3728520000,200.447998,2229400,88.5457077,8551100,3.72
23/5/2023,27225.72656,13697203143,1854.380615,6820047160,4145.580078,4155320000,198.3283997,2386700,88.64511108,7641200,3.7
24/5/2023,26334.81836,16299104428,1800.099976,7101647419,4115.240234,0,196.7965088,2083700,88.41920471,7719200,3.73
25/5/2023,26476.20703,13851122697,1805.953735,6321689859,4151.279785,4147760000,198.1356964,2230400,88.0938797,5941300,3.83
26/5/2023,26719.29102,12711619225,1828.689697,5451414258,4205.450195,3715460000,200.7466888,2347000,88.1661911,3889800,3.8
30/5/2023,27702.34961,13251081851,1901.026611,5363439784,4205.52002,4228510000,200.8141174,2772300,88.75353241,7349900,3.69
31/5/2023,27219.6582,15656371534,1874.130493,5984512548,4179.830078,5980670000,199.609787,2325400,89.06981659,10559900,3.64
1/6/2023,26819.97266,14678970415,1862.201416,5640027197,4221.02002,4391860000,201.6041718,2696700,89.3398056,9029800,3.61
2/6/2023,27249.58984,14837415000,1907.256592,6097746022,4282.370117,4454200000,204.9377594,3018700,88.86867523,6877200,3.69
5/6/2023,25760.09766,21513292646,1811.828369,9246593033,4273.790039,3813290000,204.3982086,2249400,88.85961151,7246200,3.69
6/6/2023,27238.7832,21929670693,1884.494873,8704411776,4283.850098,3996560000,205.3327484,2227700,88.96833038,3816000,3.7
7/6/2023,26345.99805,19530045082,1832.395996,7919894455,4267.52002,4537800000,204.9281006,2272800,88.49720001,5131500,3.79
8/6/2023,26508.2168,11904824295,1846.30188,4536041931,4293.930176,3826740000,205.8915558,1943100,88.96833038,5041900,3.73
9/6/2023,26480.375,11015551640,1840.22522,4610831509,4298.859863,3786510000,206.1131592,2084600,88.75996399,7140700,3.75
12/6/2023,25902.5,11677889997,1742.528687,6031384958,4338.930176,3945670000,207.9630127,2479900,88.91397095,5436300,3.73
13/6/2023,25918.72852,14143474486,1739.037598,6214125203,4369.009766,4275400000,209.4948883,4295700,88.49720001,9568100,3.84
14/6/2023,25124.67578,14265717766,1650.519287,7462905534,4372.589844,4252110000,209.4948883,4131000,88.57874298,8360100,3.83
15/6/2023,25576.39453,15837384409,1665.519775,7328564880,4425.839844,4176690000,212.0480804,2895100,89.19483185,7472000,3.72
16/6/2023,26327.46289,16324646965,1716.668823,6281023479,4409.589844,6848600000,211.2483978,4763700,88.91397095,5653700,3.77
20/6/2023,28327.48828,22211859147,1792.119995,7171072578,4388.709961,4055790000,210.2078705,3156500,89.07705688,6694200,3.74
21/6/2023,30027.29688,33346760979,1891.007202,11731457711,4365.689941,3709330000,209.0516815,2713400,89.22202301,5579900,3.72
22/6/2023,29912.28125,20653160491,1872.942993,8477657143,4381.890137,3511000000,209.6105347,2669100,88.75996399,7147600,3.8
23/6/2023,30695.46875,24115570085,1892.862061,8290615074,4348.330078,6053620000,207.8764496,3338400,89.02268219,4792900,3.74
26/6/2023,30271.13086,16493186997,1859.432861,8619702292,4328.819824,3415030000,207.151123,2846800,89.13140106,10632300,3.72
27/6/2023,30688.16406,16428827944,1889.703369,7686042202,4378.410156,3573500000,209.6753387,2653000,88.95927429,7803300,3.77
28/6/2023,30086.24609,14571500779,1827.971191,7135265016,4376.859863,3739330000,209.8493805,4362100,89.22202301,8622900,3.71
29/6/2023,30445.35156,13180860821,1852.227295,5677228612,4396.439941,3696660000,210.8552399,2857900,88.53344727,8877500,3.85
30/6/2023,30477.25195,26387306197,1933.188965,12895131248,4450.379883,3923450000,213.0409393,3444100,88.74182892,13417300,3.81
3/7/2023,31156.43945,15271884873,1955.38916,7858509087,4455.589844,2034280000,213.6792908,2423600,88.63737488,3691600,3.86
5/7/2023,30514.16602,12481622280,1910.588013,6034088075,4446.819824,3482620000,213.0312958,3341400,88.23769379,6046200,3.95
6/7/2023,29909.33789,21129219509,1848.636475,8905008384,4411.589844,3682020000,211.1356812,3404300,87.66545868,9534200,4.05
7/7/2023,30342.26563,13384770155,1870.602539,6468885150,4398.950195,3630480000,210.8745422,2771700,87.68360138,8311000,4.06
10/7/2023,30414.4707,14828209155,1880.556396,6336468234,4409.529785,3429600000,211.7933502,2080500,87.92887115,8827400,4.01
11/7/2023,30620.95117,12151839152,1878.33606,4905225892,4439.259766,3624220000,213.4568329,2155700,88.11963654,5978500,3.99
12/7/2023,30391.64648,14805659717,1872.11377,6379007000,4472.160156,3920290000,215.0912781,3030200,88.83722687,7189100,3.86
13/7/2023,31476.04883,23686079548,2006.511475,11114853969,4510.040039,3839530000,216.9095154,4113300,89.39131927,7458500,3.76
14/7/2023,30334.06836,20917902660,1939.347046,10627449471,4505.419922,3647450000,216.5903473,2914100,88.96440887,7208400,3.83
17/7/2023,30145.88867,13240156074,1911.646118,6678090758,4522.790039,3538240000,217.4124146,2688200,89.06430817,4689500,3.81
18/7/2023,29856.5625,13138897269,1897.599243,5814708445,4554.97998,4090010000,219.1435852,2916500,89.13697815,5593200,3.8
19/7/2023,29913.92383,12128602812,1889.007935,6018487800,4565.720215,4115670000,219.7141876,3106700,89.4094696,7467900,3.75
20/7/2023,29792.01563,14655207121,1890.969116,7366830684,4534.870117,3761770000,218.1281128,2651700,88.94622803,12562400,3.85
21/7/2023,29908.74414,10972789818,1892.080078,4668158260,4536.339844,3570190000,218.1087646,2296800,89.00982666,7605200,3.84
24/7/2023,29176.91602,15395817395,1850.002075,6344373569,4554.640137,3856250000,218.8824463,2291700,88.84629059,6656600,3.86
25/7/2023,29227.39063,10266772793,1857.741943,4163381707,4567.459961,3812470000,219.4337463,2084400,88.7463913,5794800,3.91
26/7/2023,29354.97266,13497554655,1872.159912,5781548155,4566.75,3990290000,219.5981445,1985600,89.03704834,5907400,3.86
27/7/2023,29210.68945,10770779217,1860.357178,4291339248,4537.410156,4553210000,217.9056549,4730600,88.27403259,6937900,4.01
28/7/2023,29319.24609,11218474952,1874.744873,3800973336,4582.22998,3981010000,220.178421,2257600,88.61920929,9233600,3.96
31/7/2023,29230.11133,11656781982,1856.162354,4391613314,4588.959961,4503600000,220.8457489,2658500,88.72819519,11079100,3.97
1/8/2023,29675.73242,18272392391,1871.792114,7634860636,4576.72998,4042370000,220.246109,2809500,88.14072418,8810400,4.05
2/8/2023,29151.95898,19212655598,1839.089722,6448512422,4513.390137,4270710000,217.1222534,4239000,87.93125153,8551900,4.08
3/8/2023,29178.67969,12780357746,1835.136475,4710581074,4501.890137,4149120000,216.4936371,2925200,87.33920288,7532700,4.2
4/8/2023,29074.0918,12036639988,1827.712891,4861242484,4478.029785,4143310000,215.5748444,3024600,88.05873108,6400400,4.05
7/8/2023,29180.57813,13618163710,1826.938843,5837881974,4518.439941,3493920000,217.228653,2376600,88.07693481,9732600,4.09
8/8/2023,29765.49219,17570561357,1855.807373,5812855406,4499.379883,3884910000,216.2228546,2796400,88.28646088,6867300,4.02
9/8/2023,29561.49414,18379521213,1854.297607,5870081833,4467.709961,3803100000,214.675415,2203400,88.35021973,5634700,4
10/8/2023,29429.5918,11865344789,1850.753418,3760304518,4468.830078,4504370000,214.7141113,3033300,87.77640533,15516100,4.09
11/8/2023,29397.71484,10195168197,1847.12439,3353025102,4464.049805,3753290000,214.5109863,2220400,87.50314331,9016700,4.16
14/8/2023,29408.44336,14013695304,1844.185791,4083364724,4489.720215,3896410000,215.5748444,2435100,87.43941498,7901300,4.19
15/8/2023,29170.34766,12640195779,1826.932739,4483923893,4437.859863,3832250000,213.128006,2997300,87.20257568,6522500,4.21
16/8/2023,28701.7793,14949271904,1805.659058,4976573383,4404.330078,3753910000,211.3678284,2933500,86.99308777,8964600,4.28
17/8/2023,26664.55078,31120851211,1684.933472,14208462072,4370.359863,3943700000,209.6366425,3135900,86.90200043,8162300,4.3
18/8/2023,26049.55664,24026236529,1660.945068,9645084584,4369.709961,3940400000,209.8783875,2933300,87.09329987,6154600,4.26
21/8/2023,26124.14063,13371557893,1667.269043,5077248383,4399.77002,3726850000,211.087326,2755400,86.65608215,13362300,4.34
22/8/2023,26031.65625,14503820706,1633.892578,7244623133,4387.549805,3522760000,210.526413,2891900,86.74718475,6156200,4.34
23/8/2023,26431.64063,16985265785,1679.274414,7191868448,4436.009766,3837270000,212.8282013,2560200,87.57602692,7831600,4.19
24/8/2023,26162.37305,12871532023,1659.94458,5104531920,4376.310059,3723470000,209.9751434,3099400,87.37565613,8247700,4.23
25/8/2023,26047.66797,12406045118,1652.935059,5396997823,4405.709961,3296180000,211.4064789,3631000,87.32099152,7917900,4.25
28/8/2023,26106.15039,11002805166,1652.457397,4855588534,4433.310059,2957230000,212.760498,2364700,87.51226044,6544500,4.2
29/8/2023,27727.39258,29368391712,1729.725708,11304916729,4497.629883,3354820000,215.8553314,3160300,88.07693481,7386300,4.12
30/8/2023,27297.26563,16343655235,1705.112183,5023904190,4514.870117,3064110000,216.8127899,2420800,88.04053497,8752300,4.12
31/8/2023,25931.47266,20181001451,1645.63916,6593153505,4507.660156,3946360000,216.5806885,3044000,88.16804504,7230100,4.09
1/9/2023,25800.72461,17202862221,1628.491211,6104510092,4515.77002,3246260000,217.2963562,3047600,87.71142578,8132400,4.18
5/9/2023,25779.98242,11094740040,1633.629395,4417491902,4496.830078,3526250000,216.0003967,2531500,87.23651123,6111400,4.27
6/9/2023,25753.23633,12752705327,1632.252319,4987397046,4465.47998,3418850000,214.6464233,2473700,87.1543045,8379200,4.3
7/9/2023,26240.19531,11088307100,1647.598267,4907290296,4451.140137,3763760000,213.9113617,2964700,87.42831421,5077800,4.27
8/9/2023,25905.6543,10817356400,1636.137817,4598495496,4457.490234,3259290000,214.1434937,2244400,87.47396851,4774200,4.26
11/9/2023,25162.6543,14600006467,1551.637695,7693700923,4487.459961,3369920000,215.487793,2087900,87.37351227,4077200,4.29
12/9/2023,25833.34375,18657279324,1592.429443,6813819740,4461.899902,3435740000,214.4433136,2448500,87.40090179,4583400,4.27
13/9/2023,26228.32422,13072077070,1607.988525,4979469106,4467.439941,3529430000,214.4723053,1990000,87.52876282,5953600,4.25
14/9/2023,26539.67383,13811359124,1626.974365,5538958553,4505.100098,3648720000,216.3098755,2002400,87.41003418,5952800,4.29
15/9/2023,26608.69336,11479735788,1641.640381,4348584771,4450.319824,6932230000,213.7663116,2639200,87.20911407,5667700,4.33
18/9/2023,26754.28125,15615339655,1637.347046,5916674789,4453.529785,3161230000,213.7856598,2259600,87.33696747,6066200,4.32
19/9/2023,27211.11719,13807690550,1643.544678,4405868861,4443.950195,3614880000,213.2440491,2977800,87.08126831,5327900,4.37
20/9/2023,27132.00781,13281116604,1622.890625,5156431986,4402.200195,3308450000,211.358139,2448400,87.03560638,6282700,4.35
21/9/2023,26567.63281,13371443708,1584.307007,5191732312,4330,3662340000,207.8131866,4190400,86.4419632,8028900,4.49
22/9/2023,26579.56836,10578746709,1593.268311,3460791634,4320.060059,3349570000,207.3764191,3261300,86.80726624,7294200,4.44
25/9/2023,26298.48047,11997833257,1588.322876,4394930984,4337.439941,3195650000,208.2111969,3440000,86.12231445,7485000,4.55
26/9/2023,26217.25,9985498161,1593.417236,3544861160,4273.529785,3472340000,205.2118073,4371900,86.01270294,15549200,4.56
27/9/2023,26352.7168,11718380997,1597.491211,5533036096,4274.509766,3875880000,205.4253387,4407300,85.7113266,14560500,4.61
28/9/2023,27021.54688,14079002707,1652.88269,6658092168,4299.700195,3846230000,206.7842712,2952400,85.96704102,13334200,4.59
29/9/2023,26911.7207,10396435377,1667.943848,5529687537,4288.049805,3865960000,206.1824799,4441400,85.88486481,13483500,4.59
2/10/2023,27530.78516,19793041322,1663.627563,8420552922,4288.390137,3938660000,205.9107056,4358100,85.28681946,8880000,4.69
3/10/2023,27429.97852,11407814187,1656.685669,4742827302,4229.450195,3953830000,202.9209595,4389100,84.61833191,12058400,4.81
4/10/2023,27799.39453,11143355314,1647.838135,5127524863,4263.75,3777600000,204.3866882,3045400,85.21360016,14097800,4.73
5/10/2023,27415.91211,11877253670,1611.47644,5403759057,4258.189941,3581470000,204.2799225,2679700,85.2685318,7129400,4.72
6/10/2023,27946.59766,13492391599,1645.831543,4941208729,4308.5,3902030000,206.7163544,3666300,84.93884277,9569500,4.78
9/10/2023,27583.67773,12007668568,1579.806641,7020801716,4335.660156,3174630000,208.0170288,2869700,85.81800842,4353100,4.72
10/10/2023,27391.01953,9973350678,1567.713013,5254966125,4358.240234,3520240000,209.308075,3494600,85.73558807,14553600,4.66
11/10/2023,26873.32031,13648094333,1566.254761,5416504273,4376.950195,3601660000,210.1331482,3033000,86.12939453,15347000,4.58
12/10/2023,26756.79883,9392909295,1539.612427,5003930677,4349.609863,3713140000,208.4441681,3244200,85.38758087,11189800,4.7
13/10/2023,26862.375,15165312851,1552.089478,4575141511,4327.779785,3566560000,207.2696228,3267700,85.75389099,7515500,4.63
16/10/2023,28519.4668,27833876539,1600.534302,8846928526,4373.629883,3409960000,209.6769257,3361600,85.27768707,6332700,4.71
17/10/2023,28415.74805,14872527508,1565.439575,5032686973,4373.200195,3794850000,209.9486847,3627700,84.66410828,8198300,4.83
18/10/2023,28328.3418,12724128586,1563.749878,4354138855,4314.600098,3686030000,206.8425446,3255000,84.27033997,9352700,4.91
19/10/2023,28719.80664,14448058195,1567.457031,5035110867,4278,3969730000,204.891449,4322700,83.94979858,11552700,4.98
20/10/2023,29682.94922,21536125230,1604.66687,6747486127,4224.160156,4004030000,202.3579712,4447600,84.25200653,6629800,4.93
23/10/2023,33086.23438,38363572311,1765.38269,14362295879,4217.040039,3776100000,201.8046722,5473000,84.58169556,12885800,4.86
24/10/2023,33901.52734,44934999645,1784.4375,15888690475,4247.680176,3821820000,203.3286896,3180900,84.88391113,9165100,4.83
25/10/2023,34502.82031,25254318008,1787.397583,9439066475,4186.77002,3869370000,200.3098602,3454500,84.25200653,8904400,4.95
26/10/2023,34156.64844,19427195376,1804.039307,11196672635,4137.22998,4277640000,198.2325897,4133400,84.8197937,11574400,4.86
27/10/2023,33909.80078,16418032871,1780.045288,7493399771,4117.370117,4019500000,197.1648254,4290700,84.79233551,7650000,4.84
30/10/2023,34502.36328,17184860315,1810.088623,7534051038,4166.819824,3911140000,199.4362488,3562700,84.59086609,8166700,4.88
31/10/2023,34667.78125,15758270810,1816.458984,6477922747,4193.799805,4249470000,200.7272186,3325300,84.53590393,12343600,4.88
1/11/2023,35437.25391,22446272005,1847.089722,10628825648,4237.859863,4224900000,202.7365417,5789300,85.47006226,14404600,4.77
2/11/2023,34938.24219,20998158544,1800.620972,9004197724,4317.779785,4669780000,206.7648773,4111600,85.98443604,11166700,4.67
3/11/2023,34732.32422,17158456701,1832.795166,7622864055,4358.339844,4570960000,209.0945282,4217100,86.50799561,11890300,4.57
6/11/2023,35037.37109,12693436420,1899.837402,8104122602,4365.97998,3656340000,209.1818695,2915000,86.07631683,8521600,4.67
7/11/2023,35443.5625,18834737789,1888.124268,9203228152,4378.379883,3791230000,209.8030853,3194300,86.53555298,7306900,4.58
8/11/2023,35655.27734,17295394918,1889.322388,6751627017,4382.779785,3729510000,209.7739716,2813800,86.82950592,6932200,4.49
9/11/2023,36693.125,37762672382,2120.561035,24709695029,4347.350098,3900780000,207.9879303,2771200,86.10385895,9163200,4.62
10/11/2023,37313.96875,22711265155,2078.289795,14740624457,4415.240234,3665080000,211.0844116,3303400,86.30594635,6102000,4.61
13/11/2023,36502.35547,19057712790,2055.265381,14322027970,4411.549805,3326240000,210.9582062,2829400,86.29675293,9679500,4.63
14/11/2023,35537.64063,23857403554,1979.052612,13087862495,4495.700195,4700350000,215.6369019,4055100,87.38062286,12149600,4.44
15/11/2023,37880.58203,27365821679,2060.408447,12626326991,4502.879883,4347170000,216.1707611,2819200,86.83869171,10956800,4.53
16/11/2023,36154.76953,26007385366,1960.881592,14651619483,4508.240234,3964520000,216.025177,2754500,87.31633759,10145400,4.45
17/11/2023,36596.68359,22445028430,1961.280762,11881648738,4514.02002,3777240000,216.5687408,3123700,87.49086761,9244000,4.44
20/11/2023,37476.95703,20888209068,2022.239136,12866464824,4547.379883,3644790000,218.1994934,2875600,87.62863922,10051600,4.42
21/11/2023,35813.8125,25172163756,1937.066772,13653500841,4538.189941,3511080000,217.6073761,2513800,87.72047424,7393800,4.41
22/11/2023,37432.33984,24397247860,2064.425293,13372200584,4556.620117,3042810000,218.5392151,2880400,87.80314636,6329900,4.42
24/11/2023,37720.28125,22922957823,2081.1521,12141148820,4559.339844,1639500000,218.7722168,1219500,87.3990097,2944300,4.47
27/11/2023,37254.16797,19002925720,2027.417358,10574810069,4550.430176,3403990000,218.4907074,2410000,87.89498138,8854500,4.39
28/11/2023,37831.08594,21696137014,2049.338135,9910633038,4554.890137,3586240000,218.6266022,2761900,88.28079224,9749400,4.34
29/11/2023,37858.49219,20728546658,2029.929199,8945151861,4550.580078,4418760000,218.7236633,2653700,88.7124939,8006800,4.27
30/11/2023,37712.74609,18115982627,2052.556152,8107789163,4567.799805,5399300000,219.6263885,3148000,88.41855621,8889100,4.37
1/12/2023,38688.75,23512784002,2087.139893,10866891430,4594.629883,4397120000,221.4803925,4078700,89.19603729,11774300,4.22
4/12/2023,41980.09766,39856129827,2243.21582,16149367134,4569.779785,4369910000,220.6844482,3837800,88.85519409,9440200,4.28
5/12/2023,44080.64844,36312154535,2293.841797,15383072559,4567.180176,3909950000,220.2573547,3019000,89.44476318,8850600,4.18
6/12/2023,43746.44531,29909761586,2231.661377,12790612571,4549.339844,4245680000,219.3255005,3172900,89.67503357,11111200,4.12
7/12/2023,43292.66406,27635760671,2357.57959,14766891042,4585.589844,3818880000,221.0823975,2724300,89.70265198,7157900,4.14
8/12/2023,44166.60156,24421116687,2358.731934,12543458699,4604.370117,3707010000,222.1404877,2741500,89.25131989,6696600,4.23
11/12/2023,41243.83203,40632672038,2224.578857,17989249470,4622.439941,3823210000,223.052887,3076600,89.26052856,15008700,4.23
12/12/2023,41450.22266,24779520132,2202.038086,11391132228,4643.700195,3808380000,223.8974152,3214900,89.52767181,11711400,4.2
13/12/2023,42890.74219,26797884674,2260.648682,12576395493,4707.089844,5063650000,227.3724518,4231100,90.65148163,11194400,4.04
14/12/2023,43023.97266,25578530178,2316.579102,12608711052,4719.549805,6314040000,228.7216797,5014500,91.38314056,12651200,3.92
15/12/2023,41929.75781,19639442462,2219.337402,10259157898,4719.189941,8218980000,228.411087,4298600,91.17063904,10079100,3.91
18/12/2023,42623.53906,25224642008,2217.273438,10366536490,4740.560059,4060340000,229.4011688,3855100,90.98590088,11521000,3.95
19/12/2023,42270.52734,23171001281,2177.872559,10619179629,4768.370117,4026970000,231.0804291,3731700,91.09674835,13787100,3.93
20/12/2023,43652.25,27868908174,2201.911377,12652290807,4698.350098,4201320000,227.6345215,5149700,91.42931366,9994100,3.86
21/12/2023,43869.15234,22452766169,2239.54248,12616530536,4746.75,3431180000,230.1515961,4427000,91.42006683,9099100,3.89
22/12/2023,43997.90234,21028503216,2326.524902,16137246310,4754.629883,3046770000,230.678009,3662400,91.29998016,13234700,3.9
26/12/2023,42520.40234,30026850982,2231.465332,10668581464,4774.75,2513910000,231.8185883,3829400,91.48474884,5418500,3.89
27/12/2023,43442.85547,25260941032,2378.73999,14161342927,4781.580078,2748450000,232.2572632,5103700,92.06673431,6919900,3.79
28/12/2023,42627.85547,22992093014,2347.566162,15660799060,4783.350098,2698860000,232.140274,4099400,91.86348724,7172200,3.84
29/12/2023,42099.40234,26000021055,2300.690674,12536968996,4769.830078,3126060000,231.2531891,4188800,91.68798828,7327600,3.88
2/1/2024,44957.96875,39335274536,2355.836426,12910543630,4742.830078,3743050000,229.7031708,4847600,91.25377655,9754400,3.95
3/1/2024,42848.17578,46342323118,2210.761963,19332933581,4704.810059,3950760000,227.5,3925500,91.29998016,10002100,3.91
4/1/2024,44179.92188,30448091210,2269.038086,11044564896,4688.680176,3715480000,226.9151001,3681900,90.93045044,9896600,3.99
5/1/2024,44162.69141,32336029347,2268.647217,10860953290,4697.240234,3844370000,227.2562866,3305500,90.71796417,9038700,4.05
8/1/2024,46970.50391,42746192015,2333.032715,13830287095,4763.540039,3742320000,230.502533,4156600,91.05979156,7946500,4.01
9/1/2024,46139.73047,39821290992,2344.827148,14891130716,4756.5,3529960000,230.0735779,4524800,91.04128265,7157400,4.02
10/1/2024,46627.77734,50114613298,2582.103516,29042100476,4783.450195,3498680000,231.2629242,3343400,90.86579132,7679400,4.04
11/1/2024,46368.58594,45833734549,2619.619141,22575246883,4780.240234,3759890000,231.1069489,3375600,91.38314056,7275900,3.98
12/1/2024,42853.16797,43332698900,2524.460205,23623839263,4783.830078,3486340000,231.1459198,3053400,91.5493927,6359400,3.96
16/1/2024,43154.94531,24062872740,2587.691162,11063317095,4765.97998,4260550000,230.0735779,3646700,90.86579132,14489800,4.07
17/1/2024,42742.65234,20851232595,2528.369385,10441017520,4739.209961,3928600000,228.6893311,3336600,90.6163559,8977500,4.1
18/1/2024,41262.05859,25218357242,2467.018799,11900028080,4780.939941,4019000000,230.7072601,3509900,90.53323364,10575100,4.14
19/1/2024,41618.40625,25752407154,2489.498535,11405278376,4839.810059,4287200000,233.5148163,3850800,90.55168915,9126000,4.15
22/1/2024,39507.36719,31338708143,2310.826416,13923771728,4850.430176,4297610000,234.528656,3952700,90.71796417,8712600,4.11
23/1/2024,39845.55078,29244553045,2240.686035,16182147521,4864.600098,3912800000,234.9575806,3015300,90.49626923,5642800,4.14
24/1/2024,40077.07422,22359526178,2233.561768,10134722960,4868.549805,4330030000,234.9185638,3003000,90.2930069,11278500,4.18
25/1/2024,39933.80859,18491782013,2217.710205,9302247037,4894.160156,4020430000,236.224884,2993900,90.6995163,16521600,4.14
26/1/2024,41816.87109,25598119893,2267.199707,9975117607,4890.970215,3353400000,236.0299072,2858200,90.59788513,5022800,4.15
29/1/2024,43288.24609,20668476578,2317.064209,8948195551,4927.930176,3525160000,238.1745758,3463400,90.95818329,6423600,4.08
30/1/2024,42952.60938,23842814518,2344.493652,10173440062,4924.970215,3836130000,237.8431549,3098900,91.13368225,6740000,4.06
31/1/2024,42582.60547,24673628793,2282.544434,10807883277,4845.649902,4696120000,233.8365021,3884500,91.5493927,10829000,3.99
1/2/2024,43075.77344,21423953779,2303.824707,8895583113,4906.189941,4386090000,236.9852905,3986800,92.07106018,11937400,3.87
2/2/2024,43185.85938,18603843039,2308.038086,7186143091,4958.609863,3974350000,239.0129242,3876600,91.22789764,8422500,4.03
5/2/2024,42658.66797,18715487317,2298.888916,7277068110,4942.810059,4023640000,237.8821106,3324800,90.47738647,7656800,4.17
6/2/2024,43084.67188,16798476726,2372.201904,9520885493,4954.22998,4440880000,238.6912537,2568400,90.94992828,6608400,4.09
7/2/2024,44318.22266,21126587775,2423.745117,9660628536,4995.060059,4895590000,240.5726776,2305700,90.76464844,8785200,4.09
8/2/2024,45301.56641,26154524080,2419.906494,9941841732,4997.910156,4341860000,241.1673584,2668200,90.48664856,12446900,4.15
9/2/2024,47147.19922,39316770844,2487.515625,13634203177,5026.609863,3912990000,242.6393585,2367700,90.45885468,7120500,4.17
12/2/2024,49958.22266,34511985805,2658.115967,13022696866,5021.839844,3805740000,242.8733368,2769700,90.47738647,5696300,4.17
13/2/2024,49742.44141,35593051468,2642.185303,18271237044,4953.169922,4302190000,238.9837036,5832600,89.64350891,15872600,4.31
14/2/2024,51826.69531,39105608050,2777.902344,21448973822,5000.620117,3845600000,241.6255341,2606900,90.04192352,8776900,4.27
15/2/2024,51938.55469,38564360533,2824.378906,23734481937,5029.72998,4137970000,243.4875031,3181900,90.25502777,7194500,4.24
16/2/2024,52160.20313,28180567298,2803.691406,17057114638,5005.569824,3833270000,242.210434,2909200,89.96778107,7723700,4.3
20/2/2024,52284.875,33353758256,3013.503662,20341598470,4975.509766,4034880000,240.6896515,3445100,90.05119324,8735700,4.27
21/2/2024,51839.17969,28624907020,2970.355469,18897136867,4981.799805,3788390000,240.7384186,2169900,89.78248596,7785100,4.32
22/2/2024,51304.97266,25413900611,2971.007324,18058908246,5087.029785,4051710000,245.4956818,3873000,89.8565979,7538200,4.33
23/2/2024,50731.94922,21427078270,2921.658203,12822717059,5088.799805,3672790000,245.6614075,2856000,90.19018555,7737900,4.26
26/2/2024,54522.40234,34074411896,3178.993652,17504464351,5069.529785,3683930000,244.920517,2585800,89.99557495,9374600,4.28
27/2/2024,57085.37109,49756832031,3244.519287,21090315368,5078.180176,3925950000,245.6029205,2024600,89.8751297,9065300,4.31
28/2/2024,62504.78906,83239156760,3385.703857,32885894265,5069.759766,3789370000,245.1934814,2192200,90.05119324,7942500,4.27
29/2/2024,61198.38281,65496611844,3341.919678,28469171094,5096.27002,5219740000,246.2268066,2610400,90.19943237,16774100,4.25
1/3/2024,62440.63281,40186368423,3435.053955,16880101987,5137.080078,4748110000,248.4884644,3693800,90.63247681,8994800,4.19
4/3/2024,68330.41406,70670471105,3630.433838,26772963830,5130.950195,4758440000,248.2447205,4966800,90.40946198,7428200,4.22
5/3/2024,63801.19922,1.02803E+11,3554.9646,47706899137,5078.649902,4418410000,245.6126404,3134800,90.90195465,6815500,4.13
6/3/2024,66106.80469,68750229073,3819.226318,34938642613,5104.759766,4559050000,247.0651855,2501700,91.04134369,16536100,4.11
7/3/2024,66925.48438,46989543159,3874.347656,22457177587,5157.359863,4137980000,249.473053,2940900,91.2365036,7726600,4.09
8/3/2024,68300.09375,59202881172,3892.061035,26135487051,5123.689941,4208870000,248.0302734,3673500,91.32013702,7168700,4.09
11/3/2024,72123.90625,65716656765,4066.445068,28806262507,5117.939941,3896430000,247.6305847,3038700,91.21791077,11354600,4.1
12/3/2024,71481.28906,62554434520,3980.273193,26917010932,5175.27002,4080510000,250.0774384,4380100,90.98561859,7471900,4.16
13/3/2024,73083.5,48212536929,4006.457031,22028114691,5165.310059,4282890000,249.7655029,2667400,90.8183136,5846600,4.19
14/3/2024,71396.59375,59594605698,3883.140381,25434810823,5150.47998,4687970000,248.800415,3664100,90.2421875,10541000,4.29
15/3/2024,69403.77344,78320453976,3735.220215,33505075433,5117.089844,7753670000,247.3283844,3216800,90.2328949,5756800,4.31
18/3/2024,67548.59375,49261579492,3517.985107,21162220224,5149.419922,4036220000,248.5859528,3455400,90.13996887,5227200,4.34
19/3/2024,61912.77344,74215844794,3157.618164,34166976701,5178.509766,4031760000,250.0189514,2900200,90.3629837,5076600,4.3
20/3/2024,67913.67188,66792634382,3513.393066,36605316331,5224.620117,4064850000,252.5535736,2480800,90.54884338,8681200,4.27
21/3/2024,65491.39063,44480350565,3492.991211,22213647922,5241.529785,4207730000,253.5966492,3723200,90.6138916,10100300,4.27
22/3/2024,63778.76172,41401116964,3333.687988,20574952329,5234.180176,3374700000,252.8834991,2465300,90.90195465,8359200,4.22
25/3/2024,69958.8125,42700139523,3590.883789,18603921705,5218.189941,3331360000,252.3161011,2714400,90.73468781,11037700,4.25
26/3/2024,69987.83594,36010437368,3587.504883,18505553577,5203.580078,3871790000,251.8660583,2591500,90.82761383,8830500,4.24
27/3/2024,69455.34375,40827113309,3500.115234,18753082145,5248.490234,3850500000,254.0868073,4030200,91.12496185,9366800,4.2
28/3/2024,70744.95313,34374900617,3561.293945,16419674157,5254.350098,3998270000,254.2530518,2669100,91.01346588,8863300,4.2
1/4/2024,69702.14844,34873527352,3505.030029,16002098681,5243.77002,3325930000,254.0574646,3292300,90.35173035,8667400,4.33
2/4/2024,65446.97266,50705240709,3277.234619,22076539151,5205.810059,3886590000,251.7095184,3213400,90.28649139,10624600,4.36
3/4/2024,65980.8125,34488018367,3311.441895,16010734587,5211.490234,3703250000,252.1008606,3241600,90.3423996,6919300,4.36
4/4/2024,68508.84375,34439527442,3330.040527,14476330517,5147.209961,4075680000,249.0780029,3121300,90.55677795,9327500,4.31
5/4/2024,67837.64063,33748230056,3318.885254,15214447092,5204.339844,3386780000,251.5921631,4178500,90.10939026,12343600,4.39
8/4/2024,71631.35938,37261432669,3695.292725,19055143129,5202.390137,3278180000,251.8856659,3223800,90.02550507,11457100,4.42
9/4/2024,69139.01563,36426900409,3505.16333,18279773833,5209.910156,3400680000,252.2476196,2940600,90.33309174,5736500,4.36
10/4/2024,70587.88281,38318601774,3543.737061,16872482726,5160.640137,3845930000,249.4301758,3348900,89.25192261,11248700,4.55
11/4/2024,70060.60938,30153382941,3505.247803,14076734489,5199.060059,3509380000,251.1226044,3434200,89.27058411,16217600,4.56
12/4/2024,67195.86719,44129299406,3243.034912,22104869556,5123.410156,3963220000,247.5029755,3574400,89.43831635,17284600,4.5
15/4/2024,63426.21094,43595917654,3101.600342,21925843181,5061.819824,3950210000,244.460556,4804300,88.89774323,11705300,4.63
16/4/2024,63811.86328,42847528078,3084.920166,19441391169,5051.410156,4006200000,243.7268677,3466800,88.64609528,17565900,4.67
17/4/2024,61276.69141,41915247049,2984.727539,17711869375,5022.209961,3596130000,242.2985687,2861400,89.05620575,7567800,4.59
18/4/2024,63512.75391,36006307335,3066.027588,15183777035,5011.120117,3619760000,241.7996674,2991700,88.80454254,7717500,4.64
19/4/2024,63843.57031,49920425401,3059.278564,20399982867,4967.22998,3878750000,239.9018097,3469000,88.89774323,9121700,4.62
22/4/2024,66837.67969,28282686673,3201.6521,12063858733,5010.600098,3820250000,242.2594452,3112000,88.95367432,9029000,4.62
23/4/2024,66407.27344,24310975583,3219.911621,11054442653,5070.549805,3751400000,245.14534,2399000,89.14007568,10837100,4.61
24/4/2024,64276.89844,30276655120,3139.805176,14000234760,5071.629883,3656740000,245.2040253,2285900,88.90706635,7961000,4.65
25/4/2024,64481.70703,32155786816,3156.509521,13989030260,5048.419922,3958050000,244.0399323,2473300,88.65542603,6758100,4.7
26/4/2024,63755.32031,24139372950,3130.164795,10622333862,5099.959961,3604140000,246.3095093,3238100,88.85116577,8442500,4.67
29/4/2024,63841.12109,26635912073,3215.428955,15032246816,5116.169922,3447450000,247.2779846,2086000,89.12143707,7384600,4.63
30/4/2024,60636.85547,37840840057,3012.286865,18266894653,5035.689941,4082470000,243.208374,2502700,88.7579422,11228300,4.69
1/5/2024,58254.01172,48439780271,2969.784668,20005057445,5018.390137,4544170000,242.6018524,3509500,89.0711441,11017700,4.63
2/5/2024,59123.43359,32711813559,2988.168457,13163903903,5064.200195,4381660000,245.1160126,2580200,89.47317505,7607300,4.58
3/5/2024,62889.83594,33172023048,3103.541992,12862183229,5127.790039,3924990000,248.0214691,2350200,89.93128967,9146700,4.5
6/5/2024,63161.94922,28697928697,3062.72876,13008587255,5180.740234,3683250000,250.6823883,2811500,89.99671936,10155500,4.49
7/5/2024,62334.81641,25930730982,3006.577148,11743187337,5187.700195,3987890000,250.9073944,1829900,90.18372345,7687000,4.47
8/5/2024,61187.94141,26088172222,2973.657227,11791662158,5187.669922,3842100000,250.7312927,2600100,89.99671936,4587200,4.48
9/5/2024,63049.96094,25453338161,3036.020508,10861947179,5214.080078,3727370000,252.2084961,2418700,90.16501617,6732500,4.45
10/5/2024,60792.77734,27804954694,2909.79126,12278653601,5222.680176,3617900000,252.4432526,1922500,89.97802734,5326400,4.5
13/5/2024,62901.44922,27889181179,2949.359619,13352264795,5221.419922,4255710000,252.5802155,1948400,90.0247879,5263200,4.48
14/5/2024,61552.78906,28186271527,2881.157959,12444516140,5246.680176,4763580000,253.8128662,2466800,90.26786041,5243300,4.45
15/5/2024,66267.49219,39815167074,3037.056641,14666902956,5308.149902,4360810000,256.9335632,2508700,90.8662262,5846300,4.36
16/5/2024,65231.58203,31573077994,2945.131104,13035465176,5297.100098,3817470000,256.2389526,2445000,90.76338196,7894400,4.38
17/5/2024,67051.875,28031279310,3094.118652,14449438097,5303.27002,3578120000,256.6008911,2208700,90.47355652,5267100,4.42
20/5/2024,71448.19531,43850655717,3663.855469,31228143948,5308.129883,3420100000,256.8650208,2366100,90.38939667,5263000,4.44
21/5/2024,70136.53125,46932005990,3789.312744,37643853967,5321.410156,3662240000,257.39328,2241900,90.55770111,5227900,4.41
22/5/2024,69122.33594,32802561717,3737.217773,25155809461,5307.009766,3847130000,256.5226746,2356600,90.44549561,3823600,4.43
23/5/2024,67929.5625,41895680979,3776.927246,45623656317,5267.839844,3869520000,254.3411102,6603000,90.19304657,5094900,4.47
24/5/2024,68526.10156,29197308153,3726.93457,22257061429,5304.720215,3005510000,256.1802979,3123700,90.29589844,3072100,4.46
28/5/2024,68296.21875,32722265965,3840.256348,19846044324,5306.040039,3751540000,256.1802979,3078100,89.87517548,6046100,4.54
29/5/2024,67578.09375,26707072906,3763.196533,17411416736,5266.950195,3552750000,254.0769958,3179000,89.52926636,8249100,4.61
30/5/2024,68364.99219,29509712534,3746.849609,15065849797,5235.47998,3818750000,252.8345947,3030200,89.94998169,5568800,4.55
31/5/2024,67491.41406,27387283769,3760.026611,15290700646,5277.509766,5437160000,254.7813568,3407400,90.23981476,8762900,4.51
3/6/2024,68804.78125,32401285324,3766.38916,14082454300,5283.399902,4046920000,254.8596191,6203400,90.78565979,6095500,4.41
4/6/2024,70567.76563,33149696545,3812.515869,13331489271,5291.339844,3707900000,254.8302612,2489800,91.11391449,3979100,4.33
5/6/2024,71082.82031,32810771409,3864.260986,15480034434,5354.029785,3591460000,257.9509277,2384000,91.3952713,4602500,4.29
6/6/2024,70757.16406,25223152007,3811.605957,13606583873,5352.959961,3609990000,257.7259521,2190200,91.42340851,6568700,4.28
7/6/2024,69342.58594,36188381096,3678.62915,18220286186,5346.990234,3692760000,257.2367859,1838900,90.61685181,5365000,4.43
10/6/2024,69512.28125,20597699541,3666.717529,10377300126,5360.790039,3622280000,258.0976868,1958400,90.54181671,8235900,4.47
11/6/2024,67332.03125,37116136345,3498.330566,19184721538,5375.319824,3568030000,258.5379333,3017300,90.8513031,4650200,4.39
12/6/2024,68241.1875,34497940694,3559.617676,17142905351,5421.029785,3962840000,260.9737854,2762600,91.28271484,7627000,4.31
13/6/2024,66756.39844,28955204146,3469.28125,14472382154,5433.740234,3530380000,261.091156,2285200,91.74228668,7094800,4.24
14/6/2024,66011.09375,27403884779,3480.271973,15793876596,5431.600098,3438650000,260.8955688,2205600,91.83608246,6239500,4.2
17/6/2024,66490.29688,30006354476,3511.378906,17838856988,5473.22998,3447840000,262.8814392,2452000,91.50780487,5265000,4.28
18/6/2024,65140.74609,39481285950,3483.681396,21022514455,5487.029785,3544330000,263.5466919,2024300,91.83608246,7030700,4.22
20/6/2024,64828.65625,25641109124,3511.086914,16115123753,5473.169922,3847060000,262.8814392,3168600,91.67662048,5621600,4.25
21/6/2024,64096.19922,26188171739,3516.075684,15933353456,5464.620117,6773800000,262.4803162,2676000,91.68599701,4715000,4.25
24/6/2024,60277.41406,43152133651,3350.256348,23137744903,5447.870117,3696750000,262.0401001,2226500,91.76100922,5017300,4.25
25/6/2024,61804.64063,29201215431,3395.029053,13235546063,5469.299805,3591960000,262.901001,2073800,91.75166321,5701300,4.23
26/6/2024,60811.27734,22506003064,3369.477295,11694054195,5477.899902,3563920000,262.8912354,1857500,91.33898163,4964100,4.32
27/6/2024,61604.80078,21231745045,3444.800537,11771834016,5482.870117,3589530000,263.5271301,2655400,91.48905945,5276500,4.29
28/6/2024,60320.13672,24952866877,3373.635986,12861158844,5460.47998,7199220000,262.6258545,2822800,91.03888702,12781500,4.36
1/7/2024,62851.98047,25468379421,3440.341553,12281551839,5475.089844,3488760000,263.1560059,2881000,90.55059052,12238900,4.48
2/7/2024,62029.01563,20151616992,3416.354736,9421757718,5509.009766,3329950000,264.6777039,4207800,90.85166168,5441900,4.43
3/7/2024,60173.92188,29756701685,3292.916748,16121324440,5537.02002,2179470000,265.7674255,1948500,91.34085083,4061100,4.36
5/7/2024,56662.375,55417544033,2981.598633,31131942647,5567.189941,3253080000,267.1516724,4237500,91.80186462,3489900,4.28
8/7/2024,56705.09766,39766159899,3018.731934,22627377457,5572.850098,3185670000,267.5148926,2335000,91.8300705,4602900,4.28
9/7/2024,58009.22656,27849512607,3064.032959,15269945822,5576.97998,3232920000,267.4461975,2702100,91.74539948,5004600,4.3
10/7/2024,57742.49609,26175260526,3102.21875,14578679176,5633.910156,3336100000,270.0380249,1992600,91.83948517,4586000,4.28
11/7/2024,57344.91406,28707803842,3100.330811,15230095766,5584.540039,4020950000,268.8304749,3598000,92.30988312,3789000,4.2
12/7/2024,57899.46484,25604805221,3134.158691,12751638331,5615.350098,3700280000,270.6074524,2729500,92.56389618,6329000,4.18
15/7/2024,64870.15234,38094526099,3489.552734,18305490390,5631.220215,3620470000,271.7658997,3386100,92.24402618,6984700,4.23
16/7/2024,65097.14844,41617346768,3443.513428,20446664416,5667.200195,4041760000,274.0042114,3261100,92.62033844,8936100,4.17
17/7/2024,64118.79297,32525071311,3388.752441,16739123962,5588.27002,4246450000,270.1362305,3346100,92.68618774,5680400,4.16
18/7/2024,63974.06641,27239305337,3426.258545,15035622003,5544.589844,4007510000,267.7799988,2904200,92.43218231,10584200,4.2
19/7/2024,66710.15625,37003855410,3505.734863,17705629736,5505,3760570000,266.1110229,2414200,92.24402618,7735700,4.25
22/7/2024,67585.25,42649109453,3440.419922,18723199034,5564.410156,3375180000,268.8893738,2527300,92.20641327,11657500,4.26
23/7/2024,65927.67188,35605668666,3481.99585,24468405650,5555.740234,3500210000,268.6930237,2229500,92.1969986,7225900,4.25
24/7/2024,65372.13281,27470942309,3336.339355,16040945448,5427.129883,3945550000,262.6454773,3050700,91.91474915,6578500,4.28
25/7/2024,65777.22656,38315761670,3174.427246,25293745810,5399.220215,4592120000,261.6343079,3237800,92.16876221,12766200,4.27
26/7/2024,67912.0625,30488630457,3275.951416,15993893521,5459.100098,3638770000,264.7660828,2757900,92.49804688,4243800,4.2
29/7/2024,66819.91406,40780682628,3320.539307,18334852719,5463.540039,3379970000,264.7856445,2814400,92.64855194,6822600,4.17
30/7/2024,66201.01563,31380492109,3278.667725,14045773047,5436.439941,3777740000,263.6861572,2174100,92.74265289,5845800,4.15
31/7/2024,64619.25,31292785994,3231.295654,16135380637,5522.299805,4546910000,267.5934448,2541500,93.24124908,11725100,4.09
1/8/2024,65357.5,40975554494,3201.564453,20217639556,5446.680176,4703620000,263.4014282,3767300,93.63195038,9642700,3.99
2/8/2024,61415.06641,43060875727,2986.013184,21400241741,5346.560059,5156450000,258.1000366,4744200,94.67945099,9397500,3.8
5/8/2024,53991.45703,1.08991E+11,2417.206299,67668132244,5186.330078,5333250000,250.5209808,8463400,94.60391998,12066100,3.78
6/8/2024,56034.31641,49300484106,2458.723877,26041995921,5240.029785,4690190000,253.0636749,5255200,94.03775024,10945200,3.9
7/8/2024,55027.46094,41637562185,2336.589355,24264218606,5199.5,4558260000,251.1296692,3398500,93.75462341,8085200,3.96
8/8/2024,61710.13672,45298472567,2683.352783,23468291180,5319.310059,4016830000,257.0103149,2922800,93.61306763,5558000,3.99
9/8/2024,60880.11328,33425553115,2599.598633,17907141655,5344.160156,3516400000,258.1196594,2667400,93.943367,3879200,3.94
12/8/2024,59354.51563,37078637820,2724.431885,21653090666,5344.390137,3360160000,257.9527283,2548500,94.10379791,7300600,3.9
13/8/2024,60609.56641,30327698167,2703.671875,16383053029,5434.430176,3648980000,262.2429504,2316200,94.48126984,3925500,3.85
14/8/2024,58737.26953,29961696180,2662.914795,15825365408,5455.209961,3380050000,262.9891357,2335300,94.65111542,9871500,3.83
15/8/2024,57560.09766,35682112440,2570.087646,16345801912,5543.220215,3723310000,267.5443726,3031600,94.25476837,8628400,3.92
16/8/2024,58894.10547,29350938673,2593.186523,13275561555,5554.25,3357690000,268.1824951,2571900,94.48126984,6507900,3.89
19/8/2024,59493.45313,25911207712,2637.306396,11968963282,5608.25,3222050000,270.7153931,2660000,94.58505249,4690300,3.86
20/8/2024,59012.79297,31613400008,2573.106934,13249483464,5597.120117,2994420000,270.0576477,2041900,94.86815643,5516700,3.82
21/8/2024,61175.19141,32731154072,2631.395508,12766015263,5620.850098,3119670000,271.4124451,1983700,95.04745483,6366700,3.79
22/8/2024,60381.91406,27625734377,2622.951416,10723280428,5570.640137,2981530000,269.1152039,2554300,94.66056061,7893700,3.86
23/8/2024,64094.35547,42530509233,2764.447021,16857181970,5634.609863,3291940000,272.5217896,2281800,95.09464264,6179500,3.81
26/8/2024,62880.66016,27682040631,2681.340576,12282035835,5616.839844,2938570000,271.8346252,2263800,95.00970459,6653200,3.82
27/8/2024,59504.13281,39103882198,2458.726563,18028996056,5625.799805,2798990000,272.0800476,1787900,95.03801727,7965400,3.83
28/8/2024,59027.625,40289564698,2528.415527,20359545410,5592.180176,3053450000,270.4208679,1856400,94.95310974,6960300,3.84
29/8/2024,59388.17969,32224990582,2528.792725,13946434277,5591.959961,3065640000,270.6859436,3018000,94.83042908,6912700,3.87
30/8/2024,59119.47656,32292756405,2525.822021,15526218255,5648.399902,4185850000,273.2973633,2029300,94.60391998,7213200,3.91
3/9/2024,57431.02344,26666961053,2420.60376,11406800197,5528.930176,3866350000,267.4167786,3818900,95.00341034,6837200,3.84
4/9/2024,57971.53906,35627680312,2448.977051,16709600747,5520.069824,3478140000,266.8178711,2946700,95.4199295,10867700,3.77
5/9/2024,56160.48828,31030280656,2367.737549,13632325040,5503.410156,3521650000,265.9932556,3997800,95.66605377,11921900,3.73
6/9/2024,53948.75391,49361693566,2223.876465,25825618367,5408.419922,3822800000,261.5753784,3599900,95.78912354,8830200,3.72
9/9/2024,57019.53516,34618096173,2358.482178,15887712451,5471.049805,3825940000,264.3733521,2969800,95.93109131,7569300,3.7
10/9/2024,57648.71094,28857630507,2389.581055,12795818970,5495.52002,3848180000,265.4041748,1874700,96.22455597,5979300,3.65
11/9/2024,57343.17188,37049062672,2339.841553,15355180967,5554.129883,3839450000,268.0450745,2640200,96.1961441,4184400,3.65
12/9/2024,58127.01172,33835707949,2361.781738,12162634681,5595.759766,3655070000,270.2736206,2420700,96.11096954,6419400,3.68
13/9/2024,60571.30078,32490528356,2441.607178,13759640866,5626.02002,3500790000,272.1585999,2474700,96.30974579,5330600,3.66
16/9/2024,58192.50781,32032822113,2295.283691,16819033263,5633.089844,3437070000,272.6985168,2065700,96.5369339,8425900,3.63
17/9/2024,60308.53906,38075570118,2341.707764,15356783863,5634.580078,3443600000,272.9734192,2133600,96.442276,9256000,3.65
18/9/2024,61649.67969,40990702891,2369.729004,18159056422,5618.259766,3691390000,272.2862244,3389900,96.13935852,6280000,3.7
19/9/2024,62940.45703,42710252573,2464.752197,18437147349,5713.640137,4024530000,276.9003601,2660200,96.1488266,5079800,3.73
20/9/2024,63192.97656,35177164222,2561.072021,19112788620,5702.549805,7867260000,276.3211365,2293600,96.06362915,8464900,3.73
23/9/2024,63329.80078,31400285425,2648.546387,19912841456,5718.569824,3529550000,277.0083618,1920800,96.02575684,8428100,3.75
24/9/2024,64301.96875,29938335243,2654.35498,16658812503,5732.930176,3872710000,277.7053833,1952100,96.15830231,5803600,3.74
25/9/2024,63143.14453,25078377700,2579.388672,14119729962,5722.259766,3624910000,276.7923889,1744200,95.78912354,9259100,3.79
26/9/2024,65181.01953,36873129847,2632.199951,17336033595,5745.370117,4391180000,278.0294189,2616800,95.80804443,8124400,3.79
27/9/2024,65790.66406,32058813449,2695.900635,17023020294,5738.169922,3898530000,277.7546387,2644100,96.08256531,5033300,3.75
30/9/2024,63329.5,37112957475,2603.062744,17826446789,5762.47998,4425730000,278.8477478,2828300,95.86484528,9105400,3.81
1/10/2024,60837.00781,50220923500,2448.921143,25482371785,5708.75,4025180000,276.3069763,4874900,96.11834717,8811400,3.74
2/10/2024,60632.78516,40762722398,2365.231689,20148256472,5709.540039,3829050000,276.3661194,3637500,95.91895294,11700900,3.79
3/10/2024,60759.40234,36106447279,2349.79126,18051447791,5699.939941,3597450000,275.775238,2369200,95.52967072,8751200,3.85
4/10/2024,62067.47656,29585472513,2414.793945,14879264082,5751.069824,3479400000,278.4440002,2335400,94.9125061,9639700,3.98
7/10/2024,62236.66016,34253562610,2421.796631,17414044416,5695.939941,3637790000,275.9032593,11465600,94.58964539,6382100,4.03
8/10/2024,62131.96875,28134475157,2439.84082,14067361080,5751.129883,3393400000,278.2273254,2164600,94.75106049,7340100,4.04
9/10/2024,60582.10156,27670982363,2368.283447,14954047093,5792.040039,3650340000,280.1672974,2123800,94.50419617,8218300,4.06
10/10/2024,60274.5,30452813570,2383.85791,15327769940,5780.049805,3208790000,279.5863037,2547200,94.44723511,5757700,4.09
11/10/2024,62445.08984,30327141594,2436.513428,13489061564,5815.029785,3208720000,281.7527771,1799500,94.47570038,4878600,4.08
14/10/2024,66046.125,43706958056,2628.899902,21434687898,5859.850098,3005250000,283.9488525,1997000,94.39026642,3512600,4.055
15/10/2024,67041.10938,48863870879,2606.021973,22003780898,5815.259766,3882120000,281.9989929,3260800,94.77005768,7158700,4.03
16/10/2024,67612.71875,38195189534,2611.102051,17012396419,5842.470215,3467230000,283.4367981,2215300,94.89349365,4741300,4.02
17/10/2024,67399.83594,32790898511,2604.273438,15150712321,5841.470215,3480010000,283.377655,2810600,94.42823029,5306300,4.09
18/10/2024,68418.78906,36857165014,2641.552246,17043738652,5864.669922,3374490000,284.490448,1822100,94.49468231,4973000,4.08
21/10/2024,67367.85156,37498611780,2665.712158,17328615363,5853.97998,3407010000,283.5943298,2320100,93.8395462,6873900,4.19
22/10/2024,67361.40625,31808472566,2620.19751,15541911074,5851.200195,3342080000,283.2693176,2029000,93.8585434,11401800,4.2
23/10/2024,66432.19531,32263980353,2509.098877,17876984551,5797.419922,3532650000,280.7089233,2637300,93.62115479,19659700,4.24
24/10/2024,68161.05469,31414428647,2534.498535,16128627601,5809.859863,3543030000,281.4573669,2235600,93.80157471,7559300,4.21
25/10/2024,66642.41406,41469984306,2435.934082,22560233078,5808.120117,3501280000,281.1914978,2813700,93.61164856,9028500,4.25
28/10/2024,69907.75781,38799856657,2565.348145,18971841402,5823.52002,3691280000,282.3338013,1874300,93.45973969,7362900,4.28
29/10/2024,72720.49219,58541874402,2637.95752,22185845095,5832.919922,3879100000,282.7080078,2503400,93.56417847,5421700,4.28
30/10/2024,72339.53906,40646637831,2657.372559,22382690746,5813.669922,3851120000,282.0088501,2204100,93.46922302,11188400,4.29
31/10/2024,70215.1875,40627912076,2515.799316,19760409505,5705.450195,4425660000,276.7501831,3027400,93.45024109,12754500,4.28
1/11/2024,69482.46875,49989795365,2511.885498,20215438328,5728.799805,3796450000,277.9318848,2449400,93.07878113,10387300,4.37
4/11/2024,67811.50781,41184819348,2397.026367,17110200696,5712.689941,3602060000,277.4296875,2383900,93.46928406,6629800,4.31
5/11/2024,69359.5625,46046889204,2422.650635,17894057485,5782.759766,3768310000,280.9551086,2060300,93.68838501,6663000,4.26
6/11/2024,75639.07813,1.18593E+11,2724.169189,41887574364,5929.040039,6329530000,288.8135986,5676800,92.95495605,9158100,4.42
7/11/2024,75904.85938,63467654989,2895.585449,35352318438,5973.100098,4925740000,290.8323364,4109000,93.65979004,17402300,4.31
8/11/2024,76545.47656,55176858003,2962.296631,32303261101,5995.540039,4666740000,292.1913757,4142400,93.82173157,6199800,4.3
11/11/2024,88701.48438,1.17967E+11,3374.812988,55417771668,6001.350098,4333000000,293.008728,3200900,93.61217499,4501200,4.365
12/11/2024,87955.8125,1.33673E+11,3246.257324,56686078066,5983.990234,4243400000,291.8565369,3474800,93.06924438,16775400,4.43
13/11/2024,90584.16406,1.23559E+11,3192.595947,52010205682,5985.379883,4220180000,291.718689,2829100,93.05018616,15834900,4.44
14/11/2024,87250.42969,87616705248,3058.94873,35743352141,5949.169922,4184570000,289.5620422,3280800,93.01209259,7312000,4.43
15/11/2024,91066.00781,78243109518,3103.040527,32701369872,5870.620117,4590960000,285.8888245,4025800,93.0216217,11844300,4.43
18/11/2024,90542.64063,75535775084,3207.856445,35445557613,5893.620117,3983860000,287.0508728,2990100,93.10732269,5260600,4.42
19/11/2024,92343.78906,74521048295,3111.384033,29823634432,5916.97998,4036940000,288.3704529,2342200,93.24068451,4735900,4.39
20/11/2024,94339.49219,71730956426,3072.187988,29785491216,5917.109863,3772620000,288.5378723,2670800,93.14544678,5551100,4.41
21/11/2024,98504.72656,1.06025E+11,3361.053955,51619069348,5948.709961,4230120000,290.5566711,2560700,93.09783173,6348500,4.43
22/11/2024,98997.66406,78473580551,3331.60083,36775716442,5969.339844,4141420000,291.9944153,2639800,93.16448975,4989600,4.41
25/11/2024,93102.29688,80909462490,3413.543945,51544793988,5987.370117,5633150000,293.4223022,3384600,94.00270081,9246200,4.27
26/11/2024,91985.32031,91656519855,3326.517334,39902959158,6021.629883,3835170000,294.4957275,3292800,93.85983276,11303100,4.3
27/11/2024,95962.53125,71133452438,3657.249268,43383987191,5998.740234,3363340000,293.6586609,2730500,94.11698914,8749800,4.25
29/11/2024,97461.52344,54968682476,3593.494385,27622629486,6032.379883,2444420000,295.293396,1811900,94.48848724,9623200,4.18
2/12/2024,95865.30469,72680784305,3644.198486,47284967570,6047.149902,4412470000,295.8546753,3583700,94.49994659,18397600,4.19
3/12/2024,96002.16406,67067810961,3620.71167,36839829742,6049.879883,4095000000,295.8546753,2101200,94.31839752,6889800,4.23
4/12/2024,98768.53125,77199817112,3841.331055,56799745752,6086.490234,4003390000,297.8439636,3258100,94.6241684,7448900,4.19
5/12/2024,96593.57031,1.49219E+11,3811.008301,60568296606,6075.109863,4212020000,297.0167236,2183400,94.64326477,8786700,4.17
6/12/2024,99920.71094,94534772658,4005.810547,52853668566,6090.27002,3924830000,297.8439636,2332900,94.91081238,12890600,4.15
9/12/2024,97432.71875,1.10676E+11,3718.69043,57029832059,6052.850098,4556460000,295.9433289,2953900,94.63371277,10689000,4.2
10/12/2024,96675.42969,1.04824E+11,3631.83374,58416417599,6034.910156,4048410000,294.8305664,2557100,94.51906586,5984500,4.22
11/12/2024,101173.0313,85391409936,3832.822021,35968053196,6084.189941,4269950000,297.2038269,2235300,94.29927826,8095800,4.26
12/12/2024,100043,72073983533,3883.101563,42971675764,6051.25,3678010000,295.5100403,2120000,93.91707611,12353100,4.32
13/12/2024,101459.2578,56894751583,3911.205322,34895127659,6051.089844,3584960000,295.3623047,2279200,93.5635376,6566300,4.4
16/12/2024,106029.7188,91020417816,3987.480957,46536359669,6074.080078,4391100000,296.5637207,2545400,93.64955902,7124100,4.39
17/12/2024,106140.6016,68589364868,3886.766113,35418700472,6050.609863,4544500000,295.0964661,3059900,93.64955902,7239200,4.4
18/12/2024,100041.5391,93865656139,3618.79126,48946681636,5872.160156,5246960000,285.9675903,3890900,92.9363327,14261400,4.5
19/12/2024,97490.95313,97221662392,3417.927979,58879190250,5867.080078,4896880000,285.5638733,4826200,92.69667816,15490100,4.57
20/12/2024,97755.92969,1.05634E+11,3472.553467,66383827229,5930.850098,8223220000,288.8135986,3837000,92.94594574,8657700,4.52
23/12/2024,94686.24219,65239002919,3415.7854,34496081389,5974.069824,3593280000,290.4545288,3704500,92.65835571,10540800,4.59
24/12/2024,98676.09375,47114953674,3492.049805,23083678195,6040.040039,1757720000,293.5369568,2642200,92.76378632,4739300,4.59
26/12/2024,95795.51563,47054980873,3331.22583,22247726776,6037.589844,2904530000,293.704895,4307800,92.83089447,10620200,4.58
27/12/2024,94164.85938,52419934565,3328.916992,24091627403,5970.839844,3159610000,290.5237122,3636800,92.63916779,8601300,4.62
30/12/2024,92643.21094,56188003691,3356.392578,26981583962,5906.939941,3433250000,287.3128967,4968500,93.00344849,10154500,4.55
31/12/2024,93429.20313,43625106843,3332.531738,20845452085,5881.629883,3128350000,286.315094,3893200,92.88840485,12276700,4.58
2/1/2025,96886.875,46009564411,3451.392578,22243574698,5868.549805,3621680000,285.771759,3796400,92.89798737,5547700,4.57
3/1/2025,98107.42969,35611391163,3605.009766,21877299255,5942.470215,3667340000,289.5259094,2726800,92.80212402,5331000,4.6
6/1/2025,102078.0859,51823432705,3688.611328,23973574043,5975.379883,4940120000,291.1461182,3678600,92.70627594,9248300,4.62
7/1/2025,96922.70313,58685738547,3381.577393,32235312545,5909.029785,4517330000,287.895813,3317000,92.38034821,9153300,4.67
8/1/2025,95043.52344,63875859171,3326.329346,34337730882,5918.25,4441740000,288.1625366,2971300,92.4858017,7444500,4.67
10/1/2025,94701.45313,62058693684,3267.48999,26503845190,5827.040039,4751930000,283.8353577,4403700,91.96816254,9822000,4.77
13/1/2025,94516.52344,72978998252,3135.499756,39911742769,5836.220215,4421200000,284.2996826,3633300,91.88188171,10420700,4.79
14/1/2025,96534.04688,53769675818,3223.68457,22847737224,5842.910156,4142280000,284.9418945,3803700,91.9106369,5487600,4.78
15/1/2025,100504.4922,57805923627,3450.537598,25991614661,5949.910156,4544570000,290.1680603,2815300,92.70627594,9563000,4.66
16/1/2025,99756.90625,54103781805,3308.345215,26395516475,5937.339844,4285810000,289.9507141,3130300,92.90756226,9810800,4.61
17/1/2025,104462.0391,71888972663,3474.107178,28200207229,5996.660156,4366830000,292.6280518,2603200,92.90756226,5360200,4.61
21/1/2025,106146.2656,88733878242,3327.40625,32804001146,6049.240234,4702920000,295.5325623,3893500,93.21434021,7725900,4.57
22/1/2025,103653.0703,53878181052,3240.224609,22171220981,6086.370117,4323040000,296.9749756,3515700,92.99385834,7283400,4.6
23/1/2025,103960.1719,1.04105E+11,3334.714111,32419520084,6118.709961,4432250000,298.5359192,2647800,92.84046936,7707000,4.65
24/1/2025,104819.4844,52388229265,3309.554932,25578325671,6101.240234,4214250000,297.6665344,2359000,92.99385834,6459400,4.63
27/1/2025,102087.6875,89006608428,3178.92041,39412486482,6012.279785,5198750000,293.5172424,5321300,93.51148987,7602000,4.53
28/1/2025,101332.4766,47180685494,3077.112549,20718206194,6067.700195,4473640000,296.0364075,2717300,93.48274231,5730300,4.55
29/1/2025,103703.2109,47432049818,3112.999023,22727786058,6039.310059,4115310000,294.7718506,2620200,93.42521667,5912800,4.55
30/1/2025,104735.3047,41915744521,3247.780029,19958405782,6071.169922,4634620000,296.6192932,2891200,93.55941772,6802900,4.52
31/1/2025,102405.0234,45732764360,3298.265137,30128115902,6040.529785,4843770000,294.999115,3335000,93.36771393,10750100,4.58
3/2/2025,101405.4219,1.15401E+11,2884.56665,92453553253,5994.569824,4797210000,292.8453979,5037700,93.45618439,9977100,4.54
4/2/2025,97871.82031,73002130211,2735.05127,48795275985,6037.879883,4410160000,294.9694824,2601900,93.62931061,8483500,4.52
5/2/2025,96615.44531,49125911241,2787.779053,31960764447,6061.47998,4756250000,296.3328247,2226200,94.12943268,9716700,4.43
6/2/2025,96593.29688,45302471947,2688.400879,29500645692,6083.569824,4847120000,297.0639343,2899800,94.03326416,6629400,4.45
7/2/2025,96529.08594,55741290456,2622.211182,29526663418,6025.990234,4766900000,294.4063416,3632000,93.73510742,6422300,4.49
10/2/2025,97437.55469,40078962391,2661.166748,19414208113,6066.439941,4458760000,296.2933044,2623900,93.76396179,6038700,4.51
11/2/2025,95747.42969,37488783272,2602.781982,21156550492,6068.5,4324880000,296.1351929,2719900,93.55235291,8001100,4.54
12/2/2025,97885.85938,49340445530,2736.9021,26919387954,6051.970215,4627960000,295.157196,3283500,93.06188202,6404900,4.62
13/2/2025,96623.86719,37147280860,2675.902588,19481004625,6115.069824,4763800000,298.2395325,3066800,93.61968231,7041200,4.52
14/2/2025,97508.96875,32697987277,2726.091553,17732289901,6114.629883,4335190000,298.2000122,2377000,93.96591949,6257500,4.47
18/2/2025,95539.54688,37325720482,2669.338867,23004152928,6129.580078,4684980000,299.0397644,2851500,93.59085083,8159400,4.55
19/2/2025,96635.60938,28990872862,2715.770996,15272401903,6144.149902,4562330000,299.4645996,2566600,93.72548676,5604800,4.53
20/2/2025,98333.9375,31668022771,2740.386475,15917259320,6117.52002,4813690000,297.8542175,2863900,93.86975098,27958700,4.5
21/2/2025,96125.54688,49608706470,2659.655518,31441524621,6013.129883,5434560000,292.3514404,3595000,94.27371216,7070600,4.42
24/2/2025,91418.17188,44046480529,2513.821289,29127380459,5983.25,4990120000,290.8596191,4465400,94.43721008,7298300,4.4
25/2/2025,88736.17188,92139104128,2493.592529,40044790246,5955.25,5374690000,289.4172363,3509200,95.02389526,5801200,4.3
26/2/2025,84347.02344,64597492134,2331.452637,28815111323,5956.060059,4869580000,289.5160217,2807300,95.17776489,5035900,4.25
27/2/2025,84704.22656,52659591954,2305.484375,24286213447,5861.569824,5057680000,285.0307922,2747300,95.03351593,6263200,4.29
28/2/2025,84373.00781,83610570576,2237.905273,35737904667,5954.5,6441140000,289.4270935,3485800,95.45669556,14453000,4.24
3/3/2025,86065.67188,70072228536,2145.573975,31473561910,5849.720215,5613850000,284.2404175,7835600,95.66314697,7533500,4.16
4/3/2025,87222.19531,68095241474,2170.015137,33935738380,5778.149902,6138110000,280.6937256,6449600,95.42196655,7532400,4.22
5/3/2025,90623.5625,50498988027,2241.977295,22105432727,5842.629883,5285970000,283.8847351,3662300,95.09395599,7302600,4.28
6/3/2025,89961.72656,47749810486,2202.476807,18509069102,5738.52002,5165080000,278.6091614,4836300,94.9974823,9946200,4.29
7/3/2025,86742.67188,65945677657,2138.987549,22425792863,5770.200195,5705140000,279.9230957,3868700,94.88170624,6450700,4.32
10/3/2025,78532,54061099422,1861.151367,35005066442,5614.560059,6409370000,272.2962036,6442900,95.33514404,12318600,4.22
11/3/2025,82862.21094,54702837196,1919.844971,30898385863,5572.069824,6221240000,270.3894958,5282400,94.9974823,10187900,4.28
12/3/2025,83722.35938,40353484454,1908.982666,22898872951,5599.299805,5219830000,271.723175,3996100,94.71770477,8436700,4.32
13/3/2025,81066.70313,31412940153,1862.969604,17977225564,5521.52002,5018980000,267.9097595,3932500,95.00714111,7959500,4.27
14/3/2025,83969.10156,29588112414,1909.467529,12122715282,5638.939941,4863180000,273.6496582,3610100,94.81419373,8949800,4.31
17/3/2025,84075.6875,25092785558,1927.00293,10436892087,5675.120117,5031770000,275.9120789,3981100,94.93959045,10605800,4.31
18/3/2025,82718.5,24095774594,1932.543457,10170844746,5614.660156,4666270000,272.9383545,3120900,95.03607941,9022000,4.29
19/3/2025,86854.22656,34931960257,2057.749023,20065206266,5675.290039,4660090000,276.0404968,2867800,95.31583405,6763800,4.25
20/3/2025,84167.19531,29028988961,1982.099854,13217865782,5662.890137,4678420000,275.3786011,2256400,95.37373352,6556800,4.24
21/3/2025,84043.24219,19030452299,1964.847534,9708125480,5667.560059,9367460000,275.4872742,3382500,95.25795746,5028800,4.25
24/3/2025,87498.91406,34582604933,2077.479004,14044912402,5767.569824,4517990000,280.585083,3251600,94.89137268,4894800,4.34
25/3/2025,87471.70313,30005840049,2067.76416,11735658914,5776.649902,4467340000,281.0592651,2517200,94.97817993,5663000,4.31
26/3/2025,86900.88281,26704046038,2009.189331,13178523590,5712.200195,4183140000,277.7694092,2327500,94.7466507,6744000,4.35
27/3/2025,87177.10156,24413471941,2002.357422,11593274543,5693.310059,4403460000,276.594574,2345300,94.69842529,9513000,4.38
28/3/2025,84353.14844,34198619509,1895.50293,18160526498,5580.939941,4513330000,271.0823059,3912900,95.24832916,8534000,4.27
31/3/2025,82548.91406,29004228247,1823.47998,15765030938,5611.850098,5257250000,272.4801941,6064000,95.43160248,13350700,4.23
1/4/2025,85169.17188,28175650319,1905.491455,15001220420,5633.069824,4434500000,273.4021912,3269900,95.78488159,10295200,4.17
2/4/2025,82485.71094,47584398470,1795.313232,22593742104,5670.970215,4243830000,275.5635071,2594700,95.67842102,8225100,4.2
3/4/2025,83102.82813,36852112080,1815.637207,16450974373,5396.52002,7210470000,261.6936035,8137500,96.18174744,9905000,4.06
4/4/2025,83843.80469,45157640207,1815.335205,18061720814,5074.080078,8853500000,246.3366241,16633700,96.26883698,14914300,4.01
7/4/2025,79235.33594,91262424987,1555.240967,46073959047,5062.25,8691980000,245.5335846,16346700,95.04927826,21796300,4.15
8/4/2025,76271.95313,48314590749,1472.553101,21315312919,4982.77002,7408140000,241.6571655,11064300,94.5556488,13173300,4.26
9/4/2025,82573.95313,84213627038,1668.040039,39252195855,5456.899902,9489600000,266.1748352,12138000,94.76858521,16244400,4.34
10/4/2025,79626.14063,44718000633,1522.518799,21379604307,5268.049805,6677140000,255.2196655,7255700,94.02329254,9940000,4.4
11/4/2025,83404.83594,41656778779,1567.14978,14871838813,5363.359863,5602550000,259.4926758,5007900,93.92649841,8437400,4.48
14/4/2025,84542.39063,34090769777,1622.769897,16518325094,5405.970215,5031440000,261.8819885,4039900,94.47821808,7940600,4.38
15/4/2025,83668.99219,28040322885,1588.632446,13175452875,5396.629883,4317110000,261.4259338,4680400,94.67179108,10074400,4.35
16/4/2025,84033.86719,29617804112,1578.105347,15339621551,5275.700195,4607750000,255.9929962,4295500,94.97185516,10105000,4.29
17/4/2025,84895.75,21276866029,1582.54834,11312160796,5282.700195,4714880000,256.5283508,3401000,94.72987366,5589400,4.34
21/4/2025,87518.90625,41396190190,1579.734497,15403785611,5158.200195,4226340000,250.4311829,5523200,94.15881348,7925700,4.42
22/4/2025,93441.89063,55899038456,1757.331665,23747917555,5287.759766,4666950000,256.8059692,3802300,94.33301544,6521400,4.41
23/4/2025,93699.10938,41719568821,1796.104248,22904644756,5375.859863,5371390000,261.1781006,6842700,94.56532288,13376700,4.4
24/4/2025,93943.79688,31483175315,1769.831665,15207402759,5484.77002,4697710000,266.6804199,3487600,95.08798981,8524400,4.32
25/4/2025,94720.5,40915232364,1786.634521,17459399281,5525.209961,4236580000,268.3162842,3220900,95.43644714,9058900,4.29
28/4/2025,94978.75,32363449569,1798.851807,17043640437,5528.75,4257880000,268.7029114,2507700,95.69778442,4890800,4.23
29/4/2025,94284.78906,25806129921,1799.175659,14734257744,5560.830078,4747150000,270.3189392,2209100,95.93009186,6731100,4.19
30/4/2025,94207.3125,28344679831,1793.775391,14810431362,5569.060059,5449490000,270.4775391,4039500,95.8429718,7370300,4.17
1/5/2025,96492.33594,32875889623,1839.221558,15861442721,5604.140137,4935270000,272.1629333,3238000,95.58176422,6912600,4.25
2/5/2025,96910.07031,26421924677,1842.707886,13570171872,5686.669922,4854380000,276.4062195,3170800,95.11564636,9879200,4.33
5/5/2025,94748.05469,25816260327,1819.69751,11389336489,5650.379883,4358260000,274.8397827,2820800,94.95056915,14273800,4.36
6/5/2025,96802.47656,26551275827,1815.087524,13206516310,5606.910156,4717260000,272.6090698,2444000,95.18362427,11730100,4.3
7/5/2025,97032.32031,76983822462,1811.606689,50540755039,5631.279785,4987440000,273.7392883,2694800,95.3292923,6557000,4.26
8/5/2025,103241.4609,69895404397,2206.514648,37777245241,5663.939941,5627400000,275.890686,2781500,94.83404541,7814200,4.37
9/5/2025,102970.8516,58198593958,2345.507324,43766026875,5659.910156,4645090000,275.583313,2151200,94.93114471,5739200,4.37
12/5/2025,102812.9531,63250475404,2496.397705,32121858921,5844.189941,6014580000,284.8034973,4184800,94.61069489,10768200,4.45
13/5/2025,104169.8125,52608876410,2680.129639,33528741590,5886.549805,5516290000,286.7367554,3286800,94.51359558,6305500,4.49
14/5/2025,103539.4141,45956071155,2610.063232,26602676588,5892.580078,5233450000,286.9251099,3198800,94.24169159,7350600,4.53
15/5/2025,103744.6406,50408241840,2546.856934,26637688883,5916.930176,4991290000,288.0950012,2347000,94.77577972,7638900,4.45
16/5/2025,103489.2891,44386499364,2536.297607,21298907763,5958.379883,4850850000,290.0678711,5440100,94.83404541,5262500,4.43
19/5/2025,105606.1797,61761126647,2529.166748,27351331811,5963.600098,4144010000,290.295929,3083600,94.80490112,7232700,4.46
20/5/2025,106791.0859,36515726122,2524.173096,23453322578,5940.459961,4416850000,289.3441467,2827200,94.63981628,7496600,4.48
21/5/2025,109678.0781,78086364051,2552.347168,31952904125,5844.609863,5254250000,284.3078003,3166700,94.01834869,12393200,4.58
22/5/2025,111673.2813,70157575642,2664.156982,26596978352,5842.009766,5157050000,284.2581787,2738700,94.29025269,6084800,4.54
23/5/2025,107287.7969,67548133399,2526.441895,30536501878,5802.819824,4662820000,282.5926514,2855800,94.42618561,5210500,4.51
27/5/2025,108994.6406,57450176272,2663.069824,26264200536,5921.540039,5366380000,288.4023132,2980600,94.85346222,7461500,4.43
28/5/2025,107802.3281,49155377493,2682.212891,19087366068,5888.549805,4665050000,286.7070313,2413800,94.67868042,4909200,4.47
29/5/2025,105641.7578,56022752042,2632.654785,27567479811,5912.169922,4569750000,287.6289978,3850800,95.02825165,7724100,4.43
30/5/2025,103998.5703,57655287183,2529.943604,24599403943,5911.689941,6378540000,287.3910828,3178000,95.26130676,15488400,4.41
2/6/2025,105881.5313,45819706290,2607.097412,16744168824,5935.939941,4832240000,288.8583679,2845900,95.01091766,28390000,4.46
3/6/2025,105432.4688,46196508367,2593.280273,18291179016,5970.370117,5026680000,290.8511047,3493700,94.94271851,7177600,4.46
4/6/2025,104731.9844,44544857105,2608.643066,18621211035,5970.810059,4767050000,290.8213501,2718900,95.50780487,7761500,4.37
5/6/2025,101575.9531,57479298400,2416.285645,26194462737,5939.299805,5091850000,289.215271,3034300,95.26422119,10456500,4.4
6/6/2025,104390.3438,48856653697,2477.194824,19407449565,6000.359863,4355710000,292.5860901,2308800,94.77709198,6299900,4.51
9/6/2025,110294.1016,55903193732,2681.51709,20605172560,6005.879883,4642360000,292.8240051,3119700,94.89401245,7096500,4.49
10/6/2025,110257.2344,54700101509,2813.517578,35555755055,6038.810059,4882880000,294.370636,2823100,95.10835266,4990900,4.47
11/6/2025,108686.625,50842662052,2773.529297,30705408054,6022.240234,5111550000,293.5874023,2706600,95.42984772,5992400,4.41
12/6/2025,105929.0547,54843867968,2651.795166,25924959613,6045.259766,4669500000,294.5292664,3092300,95.78058624,5726200,4.36
13/6/2025,106090.9688,69550440846,2579.486084,37986747138,5976.970215,5258910000,291.049408,3383100,95.43959808,8050300,4.41
16/6/2025,106796.7578,50366626945,2540.60498,22792449577,6033.109863,5111710000,293.9244995,3113100,95.24475098,5680900,4.46
17/6/2025,104601.1172,55964092176,2510.761475,25653232897,5982.720215,4955700000,291.4756775,2720400,95.53701019,5312000,4.39
18/6/2025,104883.3281,47318089133,2524.301514,19873957905,5980.870117,5106470000,291.5847473,2409300,95.60522461,5907900,4.38
20/6/2025,103309.6016,50951862476,2407.304199,22592586688,5967.839844,7451500000,290.910614,2686100,95.69291687,6213000,4.38
23/6/2025,105577.7734,65237759656,2421.824951,26247439429,6025.169922,5597000000,293.7063599,3340000,95.88776398,5884600,4.34
24/6/2025,106045.6328,48822986421,2448.008789,19539047009,6092.180176,5443690000,297.1366577,3225300,96.27747345,7907600,4.3
25/6/2025,107361.2578,51624120283,2419.310303,17158118625,6092.160156,5171110000,296.7896729,3025900,96.26773834,8434800,4.29
26/6/2025,106960,43891990613,2416.146729,18300413888,6141.02002,5308140000,299.3475342,2286100,96.53078461,9775100,4.26
27/6/2025,107088.4297,45353692675,2423.866943,15309834970,6173.069824,7889350000,300.7057495,3189900,96.25799561,25931600,4.29
30/6/2025,107135.3359,42064804590,2486.464355,16859727663,6204.950195,5782900000,302.2301941,3100000,96.64769745,14036800,4.24
1/7/2025,105698.2813,44110692247,2405.792725,15025451796,6198.009766,6275310000,302.2301941,3970600,96.55874634,18480200,4.26
2/7/2025,108859.3203,56248657737,2571.335449,22792512025,6227.419922,5645710000,303.8013611,4474700,96.44145203,8756000,4.3
3/7/2025,109647.9766,50494742270,2591.007324,20873559425,6279.350098,3378110000,306.307251,2238100,96.24597931,4583200,4.35
7/7/2025,108299.8516,45415696597,2543.013184,18440266947,6229.97998,5236740000,303.8908386,4255800,95.90388489,8088100,4.4
8/7/2025,108950.2734,44282204127,2615.505859,17537487206,6225.52002,5739030000,303.8709412,3497900,95.86479187,7804200,4.42
9/7/2025,111326.5547,57927418065,2770.777588,27229452849,6263.259766,4813340000,305.7802124,2838800,96.26551819,11043600,4.34
10/7/2025,115987.2031,95911605728,2954.845215,33929201261,6280.459961,5367350000,306.5956421,2598100,96.23619843,5125300,4.35
11/7/2025,117516.9922,86928361085,2957.88623,36226558863,6259.75,4656210000,305.302887,2909500,95.83546448,6106500,4.43
14/7/2025,119849.7031,1.81746E+11,3013.35083,36349290556,6268.560059,4722250000,305.9989624,2364500,95.82569885,6231400,4.43
15/7/2025,117777.1875,98321661181,3139.889648,39013656112,6243.759766,5133670000,304.3880615,3447800,95.5422287,9681000,4.5
16/7/2025,118738.5078,72162029070,3371.506836,46771354461,6263.700195,5177460000,305.5415649,3069700,95.67906952,23556800,4.46
17/7/2025,119289.8438,72363841798,3476.784424,47532846793,6297.359863,5512290000,307.530365,4953000,95.7181778,8355500,4.47
18/7/2025,118003.2266,77945799785,3549.016357,59198465810,6296.790039,5184700000,307.3613281,2609100,95.89411163,8443800,4.44
21/7/2025,117439.5391,69820091744,3763.371338,42611467663,6305.600098,5010840000,307.7093506,3205000,96.15801239,6865700,4.38
22/7/2025,119995.4141,79217583118,3749.145508,45248868820,6309.620117,5662040000,308.0673218,2117300,96.34372711,6172700,4.35
23/7/2025,118754.9609,66608604537,3629.703613,41283228953,6358.910156,5642510000,310.6627502,3970900,96.12869263,7466900,4.4
24/7/2025,118368,72627318560,3708.005615,40377960354,6363.350098,5282720000,310.5533447,3661700,96.07004547,9643800,4.43
25/7/2025,117635.8828,1.04857E+11,3727.266846,42264509577,6388.640137,4470720000,311.9356079,3233200,96.22642517,5530400,4.4
28/7/2025,117924.4766,64822943193,3787.425781,35831336149,6389.77002,4565620000,311.8460999,4797900,96.0993576,7032200,4.42
29/7/2025,117922.1484,68463107433,3793.454834,35540435995,6370.859863,5076120000,310.8616333,3745600,96.61739349,12015200,4.34
30/7/2025,117831.1875,68896148592,3808.20166,34392494235,6362.899902,5375070000,310.5036621,5966800,96.34372711,8305400,4.38
31/7/2025,115758.2031,69370346018,3696.707764,32839839444,6339.390137,6077080000,309.1512451,4685900,96.39259338,19774600,4.37
1/8/2025,113320.0859,91294530181,3488.365967,46261558200,6238.009766,5827150000,304.0300293,5607300,97.22618866,12416200,4.23
4/8/2025,115071.8828,35783028986,3718.986084,30905749658,6329.939941,4842580000,308.7932739,4118100,97.30464172,6717900,4.22
5/8/2025,114141.4453,61039182286,3611.899414,32778742296,6299.189941,5517410000,307.4309387,4491800,97.33406067,9092400,4.22
6/8/2025,115028,56379133510,3683.920654,26924415763,6345.060059,5408560000,309.5092468,3226400,97.29482269,8102700,4.22
7/8/2025,117496.8984,64051649681,3914.325928,38627826066,6340,5306090000,309.3302612,2974400,97.21636963,7869300,4.23
8/8/2025,116688.7266,59713005166,4009.848877,45460293892,6389.450195,4769910000,311.2792969,2881400,97.03005219,8238100,4.27
11/8/2025,118731.4453,90528784177,4226.966797,49989853803,6373.450195,4652400000,310.5632935,4275200,97.09869385,9698300,4.27
12/8/2025,120172.9063,72803657984,4590.924805,57237189036,6445.759766,5135300000,314.3619385,3340100,97.09869385,12239500,4.29
13/8/2025,123344.0625,90904808795,4756.275879,62550014642,6466.580078,5195950000,315.8833923,2893600,97.45175934,5386800,4.24
14/8/2025,118359.5781,1.04056E+11,4548.166504,75681632806,6468.540039,4462050000,315.4160156,3487000,97.17715454,5208500,4.29
15/8/2025,117398.3516,68665353159,4439.98877,55445715824,6449.799805,4575060000,314.7000732,3434100,97.03005219,6884600,4.33
18/8/2025,116252.3125,72787808090,4312.504883,53518423360,6449.149902,4162290000,314.819397,3788600,96.92216492,7906400,4.34
19/8/2025,112831.1797,71657600353,4073.464111,50440367102,6411.370117,4377440000,312.9101257,4135700,97.10848999,9946800,4.3
20/8/2025,114274.7422,67993811526,4334.500488,49577862965,6395.779785,4470390000,312.0847473,6190300,97.16735077,5615200,4.29
21/8/2025,112419.0313,57817883700,4223.209961,33618359942,6370.169922,4013560000,311.0108337,2697000,96.94178772,7129200,4.33
22/8/2025,116874.0859,82528088240,4831.348633,75965521535,6466.910156,5046860000,316.4004822,3548300,97.48116302,9451400,4.26
25/8/2025,110124.3516,85706860190,4372.987793,63936163545,6439.319824,4059070000,314.8790283,2792700,97.33406067,5624900,4.28
26/8/2025,111802.6563,69396320317,4600.426758,53829747706,6465.939941,4867680000,316.3109741,2832000,97.45175934,4696000,4.26
27/8/2025,111222.0625,62137056409,4503.393066,43509902322,6481.399902,4143680000,317.1562195,5481300,97.54981995,7320800,4.24
28/8/2025,112544.8047,58860155962,4507.177734,36045274078,6501.859863,4283760000,318.3097534,3236900,97.6674881,7068500,4.22
29/8/2025,108410.8359,77843379644,4360.152832,46899991962,6460.259766,4234840000,316.4203796,3418800,97.54000092,9181400,4.23
2/9/2025,111200.5859,74776999491,4325.365723,39884692334,6415.540039,4784000000,314.2227173,4816300,97.28123474,8529800,4.28
3/9/2025,111723.2109,61119643565,4450.38916,35260873497,6448.259766,4465360000,315.5552063,3161400,97.6354599,8400000,4.22
4/9/2025,110723.6016,60131132901,4298.744141,34919798552,6502.080078,4670770000,318.3495483,3042000,98.02901459,6297100,4.17
5/9/2025,110650.9844,60241647677,4306.98877,44163736676,6481.5,5066120000,317.7628174,3872100,98.49147034,7617200,4.1
8/9/2025,112071.4297,40212813407,4308.072266,32277142378,6495.149902,5211500000,318.7771301,4149800,98.82601166,7202700,4.05
9/9/2025,111530.5469,45984480722,4309.041504,30703320925,6512.609863,4798350000,319.184845,3110500,98.62921906,7090000,4.08
10/9/2025,113955.3594,56377473784,4349.145996,39521365146,6532.040039,5253010000,320.0002136,3702700,98.82601166,5952400,4.04
11/9/2025,115507.5391,45685065332,4461.233398,35959212991,6587.470215,5426460000,322.9635925,3577800,99.01295471,6776500,4.01
12/9/2025,116101.5781,54785725894,4715.246094,43839753626,6584.290039,4641640000,322.4961853,3055600,98.9243927,6525900,4.06
15/9/2025,115444.875,52937859416,4526.820313,40224062009,6615.279785,5045020000,324.0673828,3200800,99.09166718,5039000,4.05
16/9/2025,116843.1875,45781744593,4503.564453,32761501436,6606.759766,5359510000,323.6298523,3709300,99.13101959,8264600,4.04
17/9/2025,116468.5078,60528025996,4592.733398,44120899417,6600.350098,5805340000,323.3414612,3643200,98.95391846,7878300,4.06
18/9/2025,117137.2031,49457272032,4589.918945,33497259158,6631.959961,5292400000,325.3799744,3112500,98.67842102,7123700,4.11
19/9/2025,115688.8594,38828473971,4470.916992,30352619653,6664.359863,9125960000,326.6030884,3610400,98.67842102,7238500,4.14
22/9/2025,112748.5078,70684158591,4202.877441,58221334533,6693.75,5642620000,328.0151367,3434800,98.56034088,5642100,4.15
23/9/2025,112014.5,47211853279,4165.503906,32460075911,6656.919922,5633620000,326.2550659,3455200,98.71778107,8095500,4.12
24/9/2025,113328.6328,48044595085,4153.469238,33538388785,6637.970215,5459180000,325.0617981,2957000,98.53083038,6610800,4.16
25/9/2025,109049.2891,75528654284,3868.333984,68963092031,6604.720215,5874670000,323.3215637,4108100,98.39308167,8743500,4.18
26/9/2025,109712.8281,57738288949,4035.887939,47873508328,6643.700195,5103110000,325.3501587,3169300,98.46194458,6868100,4.2
29/9/2025,114400.3828,60000147466,4217.341797,38560429932,6661.209961,5358760000,326.1748047,3711800,98.64888763,7751600,4.15
30/9/2025,114056.0859,58986330258,4145.95752,37679153330,6688.459961,6057210000,327.2417908,4210900,98.63905334,12400700,4.16
1/10/2025,118648.9297,71328680132,4351.112305,46161664723,6711.200195,6037950000,328.37854,5983100,98.89077759,6961300,4.12
2/10/2025,120681.2578,71415163912,4487.923828,48074066058,6715.350098,5416130000,328.8572083,4010500,98.99935913,6055800,4.1
3/10/2025,122266.5313,83941392228,4514.870605,49603450230,6715.790039,5713110000,329.0366821,4894000,98.89077759,5268700,4.13
6/10/2025,124752.5313,72568881188,4687.771484,44992456374,6740.279785,5604460000,330.2731628,4899400,98.67360687,6950200,4.18
7/10/2025,121451.3828,76149412513,4451.151855,54879425294,6714.589844,5546150000,328.6876831,4956100,98.84141541,6379200,4.14
8/10/2025,123354.8672,65354305286,4527.647949,40456628235,6753.720215,5383130000,330.8714905,3149300,98.85129547,5726900,4.13
9/10/2025,121705.5859,74653009425,4369.143555,47903074596,6735.109863,5385020000,329.7247314,3803200,98.73282623,5199500,4.14
10/10/2025,113214.3672,1.53125E+11,3843.008789,97736621123,6552.509766,6596610000,320.8897705,7886700,99.13755798,10204100,4.05
13/10/2025,115271.0781,71582026739,4245.467773,50253782420,6654.720215,5303960000,326.0052795,4476800,99.32511902,8320400,4.04
14/10/2025,113118.6641,92212917403,4125.412109,67094148347,6644.310059,5666920000,325.9055481,6307300,99.48305511,8508700,4.03
15/10/2025,110783.1641,72574132855,3987.459473,50462889453,6671.060059,5633060000,327.4512024,4245600,99.44356537,6297000,4.05
16/10/2025,108186.0391,87306423067,3894.754395,49147390731,6629.069824,6048180000,324.8485413,5328500,99.79893494,10035200,3.99
17/10/2025,106467.7891,99703051669,3832.558838,57404271888,6664.009766,5358120000,326.3742371,5646800,99.66073608,11738900,4.02
20/10/2025,110588.9297,63507793085,3980.760254,40224612563,6735.129883,4672170000,330.013916,3919600,99.82855225,7299100,4
21/10/2025,108476.8906,1.01194E+11,3876.76416,49960290350,6735.350098,5245020000,329.9740295,4099800,99.92726898,12965900,3.98
22/10/2025,107688.5859,80807013218,3808.122314,46173305673,6699.399902,5710010000,327.969696,7357900,99.91738892,13263200,3.97
23/10/2025,110069.7266,54944076060,3856.026367,36361652714,6738.439941,5565750000,330.073761,2955700,99.73971558,9975000,4.01
24/10/2025,111033.9219,48160816980,3934.567383,34090708715,6791.689941,5058220000,332.7661133,3780100,99.83842468,6544500,4.02
27/10/2025,114119.3281,61761358733,4120.12207,40271333201,6875.160156,5290650000,336.4755859,5496100,99.90752411,8527600,4.01
28/10/2025,112956.1641,64528066504,3982.262451,39684155177,6890.890137,5695930000,336.9941406,3765000,99.9667511,10300500,3.99
29/10/2025,110055.3047,62192043469,3903.353027,35255876156,6890.589844,6280130000,336.7547913,4818800,99.49292755,9275700,4.08
30/10/2025,108305.5469,69673964814,3804.375244,39981939289,6822.339844,6052700000,333.1350403,5025800,99.30537415,13563800,4.11
31/10/2025,109556.1641,60090359560,3847.080322,37800100395,6840.200195,6398280000,334.471283,4243100,99.24613953,13111900,4.11
3/11/2025,106547.5234,72852006359,3602.308105,53091469560,6851.970215,6065720000,334.8501892,3344400,99.12432098,9042100,4.13
4/11/2025,101590.5234,1.10967E+11,3292.574463,76827517773,6771.549805,5739510000,330.8016663,3288700,99.17385101,29687500,4.1
5/11/2025,103891.8359,77584934804,3425.171143,46955882330,6796.290039,5939600000,332.2176819,3147000,98.90644836,8164900,4.17
6/11/2025,101301.2891,63932752861,3312.257813,36731850433,6720.319824,6051900000,328.438385,2968100,99.27288055,7247600,4.11
7/11/2025,103372.4063,92168030081,3435.301025,42609994022,6728.799805,5926070000,329.1563416,4707100,99.23326111,5708300,4.11
10/11/2025,105996.5938,69585887229,3568.459961,35638045619,6832.430176,5366050000,333.9726868,3658900,99.19365692,7945000,4.13
11/11/2025,102997.4688,71130078574,3415.282227,39734688531,6846.609863,4983490000,334.7903442,2506400,99.4907608,5186200,4.105
12/11/2025,101663.1875,64347179408,3413.094238,34898956623,6850.919922,5293610000,334.9100037,2730900,99.45114136,6267300,4.08
13/11/2025,99697.49219,1.01547E+11,3232.75708,50283416669,6737.490234,5473720000,328.9768677,4213800,99.15403748,7541600,4.11
14/11/2025,94397.78906,1.14346E+11,3103.785645,47003809463,6734.109863,5042660000,328.9269714,3669200,99.03520203,6350400,4.14
17/11/2025,92093.875,94186165724,3024.538818,41026793235,6672.410156,5204220000,325.5066833,4336700,99.05500031,7821800,4.13
18/11/2025,92948.875,1.01334E+11,3122.979004,41581494270,6617.319824,5159390000,323.302948,5563300,99.11443329,7731800,4.12
19/11/2025,91465.99219,80350354656,3023.070801,40229739844,6642.160156,5021610000,324.3599548,3538300,99.11443329,8951700,4.13
20/11/2025,86631.89844,97970645638,2831.777588,43917885207,6538.759766,5596080000,319.1946106,4176000,99.23326111,12968000,4.1
21/11/2025,85090.6875,1.29158E+11,2765.699219,51476486049,6602.990234,5929930000,322.8841248,4695300,99.4709549,9334500,4.06
24/11/2025,88270.5625,74433896110,2952.713379,32491657389,6705.120117,6039740000,327.7104492,4167600,99.66902161,7717600,4.04
25/11/2025,87341.89063,64837343545,2957.936279,23336017779,6765.879883,5003330000,331.2204895,3654300,99.82748413,16788400,4.01
26/11/2025,90518.36719,66496301869,3027.812012,21433162961,6812.609863,4485000000,333.4940491,2745500,99.9859314,8935000,4
28/11/2025,90919.26563,60895830289,3032.304443,20659958964,6849.089844,2558540000,335.3587646,2288300,99.84728241,5064800,4.02
1/12/2025,86321.57031,87962894424,2800.188965,36679598313,6812.629883,4549370000,333.7134399,4270600,99.41608429,7249300,4.09
2/12/2025,91350.20313,78546798211,2997.939697,26593645111,6829.370117,4582290000,334.1122742,2920000,99.54524994,7972000,4.09
3/12/2025,93527.80469,77650204986,3191.571777,29949301036,6849.720215,4736780000,335.6080322,3779900,99.73401642,9744400,4.06
4/12/2025,92141.625,64538402681,3134.316406,27434991113,6857.120117,4872440000,336.1365356,3587800,99.49556732,6953200,4.11
5/12/2025,89387.75781,63256398633,3024.432861,28000268228,6870.399902,4944560000,336.6052246,3340500,99.38627625,6870000,4.14
8/12/2025,90640.20313,57394099056,3125.197998,25262165670,6846.509766,4757130000,335.6180115,3532800,99.22730255,8039100,4.17
9/12/2025,92691.71094,66861721440,3321.11499,32012553374,6840.509766,4508050000,335.2789917,3035700,99.13788605,5967900,4.18
10/12/2025,92020.94531,65420694513,3325.390137,30694387989,6886.680176,5526570000,337.7719116,5697100,99.45581818,9279700,4.13
11/12/2025,92511.33594,64532834621,3237.056885,29066243707,6901,5021060000,338.9086914,3819000,99.47569275,9961200,4.14
12/12/2025,90270.41406,80275884583,3084.172607,24391003174,6827.410156,4910160000,335.0396423,4258900,99.16768646,7588300,4.19
15/12/2025,86419.78125,45559514323,2964.183105,28765976892,6816.509766,4975600000,334.3815002,3571900,99.2670517,9960300,4.18
16/12/2025,87843.98438,41262178223,2964.180908,22709189818,6800.259766,4983180000,333.4142456,4129200,99.45581818,8614000,4.15
17/12/2025,86143.75781,44243392914,2831.403564,26159825528,6721.430176,5122120000,329.7745972,3980300,99.42601776,12011000,4.16
18/12/2025,85462.50781,52667115348,2827.069092,29194181349,6774.759766,5101190000,332.3074036,3347700,99.67440796,8191000,4.12
19/12/2025,88103.38281,46733310561,2977.970703,27870687989,6834.5,8554470000,335.2690125,4022600,99.52885437,6216400,4.16
22/12/2025,88490.01563,38047472118,3006.07373,20342034264,6878.490234,4465030000,337.6000061,3782100,99.48899078,6178400,4.17
23/12/2025,87414,43683011533,2963.374023,21453213168,6909.790039,3820560000,338.7200012,3611100,99.48899078,9744100,4.18
24/12/2025,87611.96094,25550297986,2945.590576,13984770325,6932.049805,1798270000,339.8800049,4006500,99.70829773,4483900,4.15
26/12/2025,87301.42969,42455674908,2925.745605,18562196049,6929.939941,2586550000,339.6700134,3543600,99.72824097,6503700,4.14
29/12/2025,87138.14063,48411625849,2934.53833,25957694515,6905.740234,3541750000,338.3900146,3795900,99.84786987,7886700,4.12
30/12/2025,88430.13281,35586356225,2971.416748,18816704381,6896.240234,3309930000,337.8500061,3576200,99.80799103,7955800,4.14
31/12/2025,87508.82813,33830210616,2967.037598,16451891101,6845.5,3261830000,335.269989,3493700,99.56873322,13535500,4.18
