date,open,high,low,close,adj_close,volume
2014-01-02,95.76000213623047,95.76000213623047,94.81999969482422,95.08000183105469,77.64329528808594,3728200
2014-01-03,95.29000091552734,95.44000244140625,94.94999694824219,95.05999755859375,77.62699127197266,3206300
2014-01-06,95.5,95.55999755859375,94.66999816894531,94.80999755859375,77.42280578613281,3169400
2014-01-07,95.19000244140625,95.58999633789062,95.0999984741211,95.41999816894531,77.92096710205078,2617200
2014-01-08,95.44000244140625,95.62000274658203,95.08999633789062,95.48999786376953,77.97811126708984,3783100
2014-01-09,95.83000183105469,95.83000183105469,95.0999984741211,95.56999969482422,78.04344177246094,3440500
2014-01-10,95.77999877929688,95.87000274658203,95.30000305175781,95.83999633789062,78.26393127441406,2903700
2014-01-13,95.75,95.87999725341797,94.38999938964844,94.62999725341797,77.27583312988281,4322200
2014-01-14,94.93000030517578,95.7300033569336,94.7300033569336,95.66999816894531,78.12511444091797,2660500
2014-01-15,95.94000244140625,96.29000091552734,95.83999633789062,96.1500015258789,78.51708221435547,2525100
2014-01-16,96.05000305175781,96.12000274658203,95.79000091552734,96.08000183105469,78.4599380493164,3058200
2014-01-17,96.0,96.12999725341797,95.55000305175781,95.70999908447266,78.15779113769531,2716300
2014-01-21,96.36000061035156,96.36000061035156,95.44000244140625,96.02999877929688,78.41909790039062,5557200
2014-01-22,96.2699966430664,96.30000305175781,95.91000366210938,96.20999908447266,78.5660629272461,1860300
2014-01-23,95.7699966430664,95.8499984741211,94.91000366210938,95.37999725341797,77.88829803466797,3223500
2014-01-24,94.7699966430664,94.88999938964844,93.29000091552734,93.31999969482422,76.20608520507812,7275200
2014-01-27,93.31999969482422,93.5999984741211,92.20999908447266,92.72000122070312,75.71612548828125,6664700
2014-01-28,92.88999938964844,93.47000122070312,92.80000305175781,93.37000274658203,76.24687957763672,10136000
2014-01-29,92.66999816894531,93.08000183105469,92.18000030517578,92.41000366210938,75.46293640136719,4720200
2014-01-30,93.2300033569336,93.77999877929688,92.95999908447266,93.48999786376953,76.34489440917969,2540800
2014-01-31,92.44000244140625,93.55000305175781,92.27999877929688,92.87999725341797,75.84675598144531,4099600
2014-02-03,92.83999633789062,93.05000305175781,90.54000091552734,90.69999694824219,74.06653594970703,6568100
2014-02-04,91.19999694824219,91.62999725341797,90.77999877929688,91.38999938964844,74.63002014160156,3427200
2014-02-05,91.0199966430664,91.44000244140625,90.38999938964844,91.25,74.51568603515625,3407300
2014-02-06,91.48999786376953,92.37000274658203,91.3499984741211,92.36000061035156,75.42211151123047,3237300
2014-02-07,92.94000244140625,93.61000061035156,92.52999877929688,93.55000305175781,76.39391326904297,3538500
2014-02-10,93.62000274658203,93.73999786376953,93.26000213623047,93.66000366210938,76.48371124267578,3419800
2014-02-11,93.98999786376953,94.94999694824219,93.81999969482422,94.7300033569336,77.3575210571289,4287900
2014-02-12,94.91000366210938,95.20999908447266,94.62999725341797,94.86000061035156,77.46366119384766,3128700
2014-02-13,94.1500015258789,95.5199966430664,94.1500015258789,95.44000244140625,77.93728637695312,2726400
2014-02-14,95.4000015258789,96.05000305175781,95.22000122070312,95.9000015258789,78.31291961669922,2244000
2014-02-18,96.05999755859375,96.2699966430664,95.7699966430664,96.18000030517578,78.54157257080078,3006400
2014-02-19,95.97000122070312,96.5,95.44000244140625,95.54000091552734,78.01893615722656,2320600
2014-02-20,95.6500015258789,96.33000183105469,95.33000183105469,96.18000030517578,78.54157257080078,2657600
2014-02-21,96.38999938964844,96.52999877929688,96.02999877929688,96.0999984741211,78.47623443603516,1952000
2014-02-24,96.37999725341797,97.2699966430664,96.30999755859375,96.6500015258789,78.92538452148438,2357600
2014-02-25,96.7699966430664,97.01000213623047,96.27999877929688,96.61000061035156,78.89271545410156,2427300
2014-02-26,96.83000183105469,97.0999984741211,96.44999694824219,96.70999908447266,78.97439575195312,1934600
2014-02-27,96.62999725341797,97.22000122070312,96.47000122070312,97.22000122070312,79.390869140625,1594000
2014-02-28,97.16999816894531,97.86000061035156,96.73999786376953,97.4000015258789,79.5378646850586,2302800
2014-03-03,96.56999969482422,96.87999725341797,96.01000213623047,96.69000244140625,78.95805358886719,2743400
2014-03-04,97.93000030517578,98.3499984741211,97.63999938964844,98.20999908447266,80.1993179321289,3105300
2014-03-05,98.26000213623047,98.37999725341797,98.08999633789062,98.2300033569336,80.21562194824219,1855300
2014-03-06,98.54000091552734,98.6500015258789,98.2699966430664,98.41000366210938,80.36260986328125,2084500
2014-03-07,98.83999633789062,98.8499984741211,98.0,98.37999725341797,80.33811950683594,2312100
2014-03-10,98.31999969482422,98.4000015258789,97.7300033569336,98.30999755859375,80.28096008300781,2586600
2014-03-11,98.5,98.62999725341797,97.52999877929688,97.76000213623047,79.83181762695312,3718500
2014-03-12,97.36000061035156,97.86000061035156,97.02999877929688,97.83000183105469,79.88899230957031,2225600
2014-03-13,98.18000030517578,98.2699966430664,96.41999816894531,96.69999694824219,78.96620178222656,3482400
2014-03-14,96.51000213623047,97.06999969482422,96.43000030517578,96.58000183105469,78.86823272705078,2892400
2014-03-17,97.08999633789062,97.66000366210938,97.05999755859375,97.3499984741211,79.49700164794922,2735800
2014-03-18,97.6500015258789,98.27999877929688,97.5,98.18000030517578,80.17479705810547,3672500
2014-03-19,98.20999908447266,98.27999877929688,97.0199966430664,97.62000274658203,79.71749114990234,2705400
2014-03-20,97.38999938964844,98.19000244140625,97.20999908447266,98.11000061035156,80.1176528930664,1466900
2014-03-21,98.56999969482422,98.69000244140625,97.6500015258789,97.75,79.82363891601562,2821700
2014-03-24,98.11000061035156,98.19999694824219,96.7300033569336,97.18000030517578,79.35819244384766,3922600
2014-03-25,97.19999694824219,97.58000183105469,96.58999633789062,97.0999984741211,79.63948822021484,1740900
2014-03-26,97.5199966430664,97.6500015258789,96.2699966430664,96.29000091552734,78.97518920898438,2896000
2014-03-27,96.08999633789062,96.5,95.69000244140625,96.08999633789062,78.8111343383789,3835100
2014-03-28,96.37000274658203,97.08999633789062,96.27999877929688,96.5199966430664,79.16378784179688,1533200
2014-03-31,97.0999984741211,97.58000183105469,97.05000305175781,97.47000122070312,79.94297790527344,2978400
2014-04-01,97.88999938964844,98.2699966430664,97.75,98.2300033569336,80.5663070678711,3881700
2014-04-02,98.45999908447266,98.66000366210938,98.18000030517578,98.54000091552734,80.82057189941406,2855300
2014-04-03,98.72000122070312,98.73999786376953,97.95999908447266,98.2699966430664,80.59912872314453,2169700
2014-04-04,98.83999633789062,98.8499984741211,96.7699966430664,96.91999816894531,79.49186706542969,3026800
2014-04-07,96.5999984741211,96.80999755859375,95.4800033569336,95.76000213623047,78.54047393798828,5316200
2014-04-08,95.76000213623047,96.37999725341797,95.3499984741211,96.18000030517578,78.88494110107422,3728200
2014-04-09,96.5,97.33000183105469,96.22000122070312,97.33000183105469,79.82815551757812,1975300
2014-04-10,97.30000305175781,97.3499984741211,95.02999877929688,95.19000244140625,78.07295227050781,3283000
2014-04-11,94.66000366210938,95.30999755859375,94.0999984741211,94.25,77.30199432373047,3380100
2014-04-14,95.0199966430664,95.19999694824219,94.12000274658203,94.88999938964844,77.82691192626953,3248600
2014-04-15,95.12999725341797,95.5999984741211,94.02999877929688,95.54000091552734,78.36002349853516,3339400
2014-04-16,96.20999908447266,96.55000305175781,95.75,96.54000091552734,79.18020629882812,4498500
2014-04-17,96.41999816894531,96.97000122070312,96.26000213623047,96.7300033569336,79.33602905273438,2241100
2014-04-21,96.77999877929688,97.12000274658203,96.56999969482422,97.12000274658203,79.65593719482422,3043000
2014-04-22,97.26000213623047,97.91000366210938,97.19000244140625,97.62000274658203,80.06599426269531,2442400
2014-04-23,97.62000274658203,97.68000030517578,97.30000305175781,97.37000274658203,79.86095428466797,1798400
2014-04-24,97.83999633789062,97.9000015258789,96.95999908447266,97.5,79.96759033203125,1471400
2014-04-25,97.19000244140625,97.25,96.33999633789062,96.55000305175781,79.18841552734375,1927700
2014-04-28,96.9000015258789,97.22000122070312,95.6500015258789,96.69000244140625,79.30325317382812,2046000
2014-04-29,97.0,97.30000305175781,96.7699966430664,97.16999816894531,79.69693756103516,3062500
2014-04-30,97.16999816894531,97.55999755859375,96.76000213623047,97.52999877929688,79.9921875,1423900
2014-05-01,97.41000366210938,97.83999633789062,97.13999938964844,97.55999755859375,80.01677703857422,1776300
2014-05-02,97.58999633789062,98.02999877929688,97.3499984741211,97.4800033569336,79.9511947631836,1687900
2014-05-05,97.0,97.69999694824219,96.66000366210938,97.63999938964844,80.08240509033203,1300900
2014-05-06,97.4000015258789,97.48999786376953,96.70999908447266,96.73999786376953,79.34425354003906,1335400
2014-05-07,97.02999877929688,97.20999908447266,96.16000366210938,97.19000244140625,79.71333312988281,1644100
2014-05-08,97.08999633789062,97.80000305175781,96.66000366210938,96.93000030517578,79.50008392333984,1863500
2014-05-09,96.93000030517578,97.16999816894531,96.5,97.16999816894531,79.69693756103516,1637500
2014-05-12,97.61000061035156,98.30000305175781,97.55000305175781,98.2699966430664,80.59912872314453,1847400
2014-05-13,98.4000015258789,98.56999969482422,98.13999938964844,98.20999908447266,80.5499267578125,1526600
2014-05-14,98.13999938964844,98.19000244140625,97.5199966430664,97.66999816894531,80.10701751708984,1387500
2014-05-15,97.36000061035156,97.43000030517578,96.20999908447266,96.7699966430664,79.36885070800781,2149200
2014-05-16,96.91999816894531,97.19000244140625,96.43000030517578,97.18000030517578,79.70512390136719,1149800
2014-05-19,96.94000244140625,97.68000030517578,96.77999877929688,97.62999725341797,80.07421112060547,1209700
2014-05-20,97.5199966430664,97.62000274658203,96.62000274658203,96.9000015258789,79.47547149658203,1858800
2014-05-21,97.2300033569336,97.72000122070312,97.0999984741211,97.6500015258789,80.09062957763672,1286400
2014-05-22,97.69000244140625,98.19000244140625,97.52999877929688,97.9800033569336,80.36127471923828,962400
2014-05-23,98.0999984741211,98.51000213623047,98.01000213623047,98.48999786376953,80.77957153320312,1171900
2014-05-27,98.83000183105469,99.16000366210938,98.77999877929688,99.13999938964844,81.31267547607422,1458800
2014-05-28,99.16000366210938,99.26000213623047,98.81999969482422,99.02999877929688,81.22246551513672,1383000
2014-05-29,99.26000213623047,99.55999755859375,99.0,99.55999755859375,81.65715026855469,1320000
2014-05-30,99.44000244140625,99.68000030517578,99.29000091552734,99.58000183105469,81.67357635498047,1444700
2014-06-02,99.80000305175781,99.83999633789062,99.16000366210938,99.69999694824219,81.77198791503906,2762600
2014-06-03,99.44999694824219,99.72000122070312,99.31999969482422,99.66000366210938,81.73918151855469,942000
2014-06-04,99.37999725341797,99.97000122070312,99.33000183105469,99.87000274658203,81.91140747070312,1754100
2014-06-05,100.0199966430664,100.76000213623047,99.63999938964844,100.68000030517578,82.57575225830078,1797400
2014-06-06,100.98999786376953,101.25,100.8499984741211,101.19999694824219,83.00225067138672,1929400
2014-06-09,101.19999694824219,101.66999816894531,101.13999938964844,101.37000274658203,83.1417007446289,1683400
2014-06-10,101.20999908447266,101.3499984741211,100.9800033569336,101.3499984741211,83.12528228759766,1569800
2014-06-11,101.05999755859375,101.12000274658203,100.7300033569336,101.01000213623047,82.84642791748047,2068800
2014-06-12,100.87999725341797,100.93000030517578,100.05999755859375,100.29000091552734,82.25589752197266,2197400
2014-06-13,100.44999694824219,100.69000244140625,100.11000061035156,100.62000274658203,82.52653503417969,2099300
2014-06-16,100.44999694824219,100.88999938964844,100.30999755859375,100.69999694824219,82.59215545654297,2778000
2014-06-17,100.55999755859375,101.19999694824219,100.45999908447266,101.05999755859375,82.88741302490234,1089700
2014-06-18,101.08000183105469,101.83999633789062,100.87000274658203,101.80999755859375,83.50255584716797,1326200
2014-06-19,101.9000015258789,102.0,101.52999877929688,101.93000030517578,83.6009750366211,2130700
2014-06-20,102.19999694824219,102.19999694824219,101.9800033569336,102.16999816894531,83.79780578613281,1952800
2014-06-23,102.19000244140625,102.25,101.94999694824219,102.13999938964844,83.77324676513672,1308600
2014-06-24,101.54000091552734,102.06999969482422,100.91000366210938,101.01000213623047,83.18846893310547,1613400
2014-06-25,100.81999969482422,101.5999984741211,100.77999877929688,101.5199966430664,83.6085205078125,1379200
2014-06-26,101.52999877929688,101.52999877929688,100.76000213623047,101.45999908447266,83.5591049194336,1423900
2014-06-27,101.22000122070312,101.75,101.22000122070312,101.7300033569336,83.78144836425781,1378800
2014-06-30,101.55000305175781,101.91000366210938,101.55000305175781,101.7699966430664,83.81439971923828,1600800
2014-07-01,102.06999969482422,102.81999969482422,102.0,102.5,84.41558837890625,1818500
2014-07-02,102.52999877929688,102.62999725341797,102.36000061035156,102.44000244140625,84.3661880493164,1504300
2014-07-03,102.73999786376953,103.0,102.66000366210938,102.9800033569336,84.81095123291016,987100
2014-07-07,102.80000305175781,102.80999755859375,102.30999755859375,102.44000244140625,84.3661880493164,2198400
2014-07-08,102.33999633789062,102.33999633789062,101.3499984741211,101.66000366210938,83.72379302978516,2130100
2014-07-09,101.91000366210938,102.16000366210938,101.6500015258789,102.0999984741211,84.08615112304688,1866600
2014-07-10,101.02999877929688,101.94999694824219,100.87000274658203,101.6500015258789,83.7155532836914,1564100
2014-07-11,101.62999725341797,101.79000091552734,101.30000305175781,101.73999786376953,83.78970336914062,1252800
2014-07-14,102.30000305175781,102.41000366210938,102.16000366210938,102.2300033569336,84.19324493408203,1060300
2014-07-15,102.30000305175781,102.5,101.51000213623047,101.97000122070312,83.9791030883789,2591200
2014-07-16,102.36000061035156,102.4800033569336,101.94999694824219,102.2300033569336,84.19324493408203,1933100
2014-07-17,101.87999725341797,102.27999877929688,100.91000366210938,101.05000305175781,83.221435546875,1980400
2014-07-18,101.33999633789062,102.23999786376953,101.30000305175781,102.13999938964844,84.11913299560547,996200
2014-07-21,101.83000183105469,102.37999725341797,101.44999694824219,101.9000015258789,83.92147064208984,1434700
2014-07-22,102.29000091552734,102.62999725341797,102.23999786376953,102.41999816894531,84.3497314453125,1198300
2014-07-23,102.58000183105469,102.77999877929688,102.37000274658203,102.66000366210938,84.54736328125,736500
2014-07-24,102.83999633789062,102.91999816894531,102.56999969482422,102.68000030517578,84.56383514404297,926000
2014-07-25,102.37000274658203,102.41999816894531,101.93000030517578,102.13999938964844,84.11913299560547,1139700
2014-07-28,102.18000030517578,102.27999877929688,101.51000213623047,102.11000061035156,84.09442901611328,1189400
2014-07-29,102.29000091552734,102.4800033569336,101.72000122070312,101.73999786376953,83.78970336914062,1090900
2014-07-30,102.12000274658203,102.26000213623047,101.37999725341797,101.80999755859375,83.84733581542969,1552900
2014-07-31,101.12000274658203,101.27999877929688,99.73999786376953,99.73999786376953,82.142578125,2938500
2014-08-01,99.55000305175781,100.13999938964844,98.95999908447266,99.48999786376953,81.93669128417969,5157300
2014-08-04,99.73999786376953,100.37999725341797,99.20999908447266,100.16999816894531,82.4967041015625,3320100
2014-08-05,99.69999694824219,100.12999725341797,98.93000030517578,99.29000091552734,81.77197265625,2855200
2014-08-06,98.81999969482422,99.77999877929688,98.72000122070312,99.30999755859375,81.78842163085938,1763200
2014-08-07,99.81999969482422,99.87999725341797,98.55999755859375,98.79000091552734,81.36016845703125,3313500
2014-08-08,98.95999908447266,99.97000122070312,98.7699966430664,99.93000030517578,82.29902648925781,1566700
2014-08-11,100.31999969482422,100.73999786376953,100.22000122070312,100.29000091552734,82.59555053710938,1979500
2014-08-12,100.16999816894531,100.48999786376953,99.7699966430664,100.11000061035156,82.44729614257812,1375300
2014-08-13,100.5199966430664,100.9000015258789,100.30999755859375,100.81999969482422,83.03202056884766,1208200
2014-08-14,100.93000030517578,101.26000213623047,100.87000274658203,101.26000213623047,83.39440155029297,1850400
2014-08-15,101.62000274658203,101.73999786376953,100.5199966430664,101.2699966430664,83.40261840820312,3760300
2014-08-18,101.86000061035156,102.22000122070312,101.7300033569336,102.18000030517578,84.15206909179688,2718600
2014-08-19,102.41000366210938,102.76000213623047,102.30000305175781,102.69000244140625,84.57206726074219,1896800
2014-08-20,102.5,103.02999877929688,102.41999816894531,102.93000030517578,84.76972961425781,2929800
2014-08-21,103.0,103.30999755859375,102.80999755859375,103.16000366210938,84.95915985107422,1591300
2014-08-22,103.12000274658203,103.26000213623047,102.77999877929688,103.01000213623047,84.83561706542969,1746400
2014-08-25,103.5999984741211,103.75,103.37999725341797,103.55000305175781,85.28034210205078,1216700
2014-08-26,103.6500015258789,103.95999908447266,103.61000061035156,103.73999786376953,85.4368667602539,1464800
2014-08-27,103.80999755859375,103.87000274658203,103.5199966430664,103.68000030517578,85.38741302490234,1154500
2014-08-28,103.27999877929688,103.6500015258789,103.19000244140625,103.56999969482422,85.29681396484375,1429300
2014-08-29,103.75,103.93000030517578,103.41999816894531,103.87999725341797,85.55213928222656,1737000
2014-09-02,104.04000091552734,104.2699966430664,103.55999755859375,103.95999908447266,85.61799621582031,1738200
2014-09-03,104.38999938964844,104.44000244140625,103.69999694824219,103.8499984741211,85.52739715576172,1523900
2014-09-04,104.01000213623047,104.38999938964844,103.37000274658203,103.62999725341797,85.34622955322266,1591200
2014-09-05,103.58999633789062,104.12000274658203,103.20999908447266,104.11000061035156,85.74156188964844,1490400
2014-09-08,103.97000122070312,104.16000366210938,103.55000305175781,103.9000015258789,85.568603515625,1416200
2014-09-09,103.7699966430664,103.83999633789062,102.98999786376953,103.16999816894531,84.9673843383789,1296100
2014-09-10,103.2300033569336,103.5999984741211,102.8499984741211,103.55999755859375,85.28858947753906,1290900
2014-09-11,103.1500015258789,103.76000213623047,103.08999633789062,103.75,85.44506072998047,1617300
2014-09-12,103.69000244140625,103.69000244140625,102.77999877929688,103.08000183105469,84.89326477050781,2477200
2014-09-15,103.0999984741211,103.23999786376953,102.55999755859375,102.80999755859375,84.67090606689453,3846200
2014-09-16,102.55000305175781,103.69000244140625,102.52999877929688,103.54000091552734,85.27212524414062,1242500
2014-09-17,103.69999694824219,104.16000366210938,103.19000244140625,103.6500015258789,85.36272430419922,2085200
2014-09-18,104.0199966430664,104.2300033569336,103.87999725341797,104.18000030517578,85.7991943359375,1829200
2014-09-19,104.58999633789062,104.58999633789062,103.73999786376953,103.9800033569336,85.63446807861328,1933000
2014-09-22,103.75,103.80000305175781,102.83000183105469,103.0199966430664,84.84383392333984,2333100
2014-09-23,102.75,103.0999984741211,102.3499984741211,102.36000061035156,84.30028533935547,1965300
2014-09-24,101.9800033569336,102.75,101.63999938964844,102.69000244140625,84.95802307128906,2364300
2014-09-25,102.43000030517578,102.5199966430664,101.05000305175781,101.08000183105469,83.62603759765625,3000900
2014-09-26,101.29000091552734,102.0999984741211,101.11000061035156,101.9000015258789,84.30445861816406,2227400
2014-09-29,101.0199966430664,101.83999633789062,100.9000015258789,101.72000122070312,84.1554946899414,2827800
2014-09-30,101.86000061035156,102.0,101.12999725341797,101.23999786376953,83.75841522216797,2140500
2014-10-01,101.11000061035156,101.33999633789062,99.66000366210938,99.91000366210938,82.6580581665039,3989800
2014-10-02,99.86000061035156,100.30999755859375,98.80999755859375,99.95999908447266,82.69941711425781,3237400
2014-10-03,100.69999694824219,101.2699966430664,100.36000061035156,101.08000183105469,83.62603759765625,2303800
2014-10-06,101.56999969482422,101.61000061035156,100.56999969482422,100.87999725341797,83.46057891845703,1758800
2014-10-07,100.38999938964844,100.56999969482422,99.29000091552734,99.31999969482422,82.1699447631836,2152000
2014-10-08,99.3499984741211,101.06999969482422,98.73999786376953,100.97000122070312,83.53501892089844,3455700
2014-10-09,100.75,100.91999816894531,98.87000274658203,98.88999938964844,81.81417846679688,3022400
2014-10-10,98.8499984741211,99.33999633789062,97.6500015258789,97.66000366210938,80.79659271240234,3784900
2014-10-13,97.70999908447266,98.01000213623047,96.02999877929688,96.0999984741211,79.50597381591797,5352300
2014-10-14,96.58999633789062,97.5,96.04000091552734,96.4000015258789,79.7541275024414,3914100
2014-10-15,95.19000244140625,96.20999908447266,93.58000183105469,95.86000061035156,79.3073959350586,8265900
2014-10-16,93.77999877929688,96.72000122070312,93.77999877929688,96.06999969482422,79.48112487792969,6327700
2014-10-17,97.44000244140625,97.80000305175781,96.66999816894531,97.12000274658203,80.34983825683594,3855100
2014-10-20,97.0199966430664,98.12999725341797,96.93000030517578,98.08999633789062,81.1523208618164,2487500
2014-10-21,98.61000061035156,100.12000274658203,98.61000061035156,100.02999877929688,82.75733184814453,4004400
2014-10-22,100.30000305175781,100.4800033569336,99.19999694824219,99.25,82.11201477050781,3905800
2014-10-23,100.2699966430664,101.08000183105469,100.04000091552734,100.44999694824219,83.10482025146484,4211600
2014-10-24,100.58000183105469,101.18000030517578,100.19999694824219,101.1500015258789,83.6839370727539,2899600
2014-10-27,100.8499984741211,101.11000061035156,100.3499984741211,101.01000213623047,83.56816101074219,2585900
2014-10-28,101.44000244140625,102.33000183105469,101.29000091552734,102.31999969482422,84.65191650390625,2847500
2014-10-29,102.45999908447266,102.68000030517578,101.44999694824219,102.16999816894531,84.52782440185547,2621200
2014-10-30,101.87999725341797,103.06999969482422,101.72000122070312,102.80000305175781,85.04903411865234,2593400
2014-10-31,104.0,104.19999694824219,103.52999877929688,104.0199966430664,86.05835723876953,3276300
2014-11-03,104.19000244140625,104.45999908447266,103.83000183105469,104.08000183105469,86.10798645019531,3672500
2014-11-04,103.9000015258789,103.95999908447266,103.1500015258789,103.69999694824219,85.79363250732422,2584200
2014-11-05,104.5,104.51000213623047,103.81999969482422,104.19000244140625,86.19903564453125,2580400
2014-11-06,104.31999969482422,104.69999694824219,103.87999725341797,104.69999694824219,86.62093353271484,2096200
2014-11-07,104.70999908447266,104.87999725341797,104.3499984741211,104.77999877929688,86.6871337890625,1746300
2014-11-10,104.87999725341797,105.0999984741211,104.69000244140625,105.0999984741211,86.951904296875,2923500
2014-11-11,105.16999816894531,105.23999786376953,104.9000015258789,105.19999694824219,87.03460693359375,1178000
2014-11-12,104.80999755859375,105.30000305175781,104.73999786376953,105.18000030517578,87.01805114746094,1089800
2014-11-13,105.31999969482422,105.55999755859375,104.7300033569336,105.16000366210938,87.00154113769531,1671100
2014-11-14,105.2300033569336,105.33000183105469,104.94000244140625,105.16999816894531,87.0097885131836,2173900
2014-11-17,105.0,105.30000305175781,104.83000183105469,105.16000366210938,87.00154113769531,1449600
2014-11-18,105.23999786376953,105.97000122070312,105.22000122070312,105.77999877929688,87.51445007324219,1486000
2014-11-19,105.6500015258789,105.72000122070312,105.02999877929688,105.51000213623047,87.29108428955078,1771200
2014-11-20,105.06999969482422,105.83000183105469,104.94000244140625,105.80999755859375,87.53927612304688,1502500
2014-11-21,106.8499984741211,106.94000244140625,106.05999755859375,106.37000274658203,88.0025863647461,3435600
2014-11-24,106.6500015258789,106.7699966430664,106.5,106.76000213623047,88.32524108886719,3990900
2014-11-25,106.91999816894531,107.06999969482422,106.5,106.73999786376953,88.30867767333984,2310700
2014-11-26,106.7699966430664,107.0,106.62999725341797,106.9800033569336,88.50724792480469,1178300
2014-11-28,106.94999694824219,107.01000213623047,106.4800033569336,106.5999984741211,88.19287109375,944100
2014-12-01,106.5,106.55000305175781,105.52999877929688,105.69999694824219,87.44830322265625,2754700
2014-12-02,105.80000305175781,106.48999786376953,105.75,106.36000061035156,87.99429321289062,2450900
2014-12-03,106.44000244140625,106.98999786376953,106.37999725341797,106.83999633789062,88.39141845703125,3299500
2014-12-04,106.69999694824219,107.01000213623047,106.23999786376953,106.70999908447266,88.28388214111328,2417600
2014-12-05,106.86000061035156,107.16999816894531,106.69999694824219,106.94999694824219,88.482421875,3314700
2014-12-08,106.7699966430664,107.06999969482422,105.80000305175781,106.19000244140625,87.85366821289062,2070200
2014-12-09,105.04000091552734,106.33000183105469,104.81999969482422,106.25,87.90332794189453,3044100
2014-12-10,105.97000122070312,106.19000244140625,104.37000274658203,104.51000213623047,86.46377563476562,3507300
2014-12-11,104.93000030517578,105.98999786376953,104.76000213623047,104.98999786376953,86.86087799072266,3340100
2014-12-12,104.22000122070312,104.75,103.33000183105469,103.33999633789062,85.49576568603516,3956600
2014-12-15,103.75,104.18000030517578,102.23999786376953,102.58999633789062,84.87531280517578,4328100
2014-12-16,102.02999877929688,104.01000213623047,101.80000305175781,101.83000183105469,84.24652099609375,7528300
2014-12-17,102.25,104.20999908447266,102.01000213623047,104.01000213623047,86.05009460449219,4949000
2014-12-18,105.55999755859375,106.47000122070312,105.02999877929688,106.47000122070312,88.08531188964844,6384400
2014-12-19,106.61000061035156,107.25,106.37999725341797,106.91000366210938,88.44935607910156,3575600
2014-12-22,106.66000366210938,106.77999877929688,106.27999877929688,106.7699966430664,88.79945373535156,5630200
2014-12-23,107.23999786376953,107.23999786376953,106.81999969482422,107.01000213623047,88.99908447265625,4050500
2014-12-24,107.3499984741211,107.3499984741211,107.0199966430664,107.04000091552734,89.02403259277344,1702600
2014-12-26,107.30999755859375,107.62999725341797,107.2699966430664,107.36000061035156,89.29017639160156,3293500
2014-12-29,107.36000061035156,107.70999908447266,107.29000091552734,107.58999633789062,89.4814682006836,3746700
2014-12-30,107.41999816894531,107.45999908447266,106.98999786376953,107.05999755859375,89.04066467285156,4473000
2014-12-31,107.19000244140625,107.38999938964844,105.9800033569336,106.0,88.15906524658203,2224400
2015-01-02,106.48999786376953,106.72000122070312,105.2699966430664,105.91999816894531,88.09254455566406,5298300
2015-01-05,105.3499984741211,105.55000305175781,103.86000061035156,104.0999984741211,86.57884979248047,5383500
2015-01-06,104.4000015258789,104.5,102.51000213623047,103.08000183105469,85.73055267333984,4226100
2015-01-07,104.08999633789062,104.44999694824219,103.55000305175781,104.30999755859375,86.7535171508789,3661500
2015-01-08,105.20999908447266,106.23999786376953,105.11000061035156,106.1500015258789,88.2838363647461,2796200
2015-01-09,106.31999969482422,106.3499984741211,104.91999816894531,105.2699966430664,87.55192565917969,3272500
2015-01-12,105.55000305175781,105.55000305175781,104.12000274658203,104.5199966430664,86.92817687988281,3705900
2015-01-13,105.33000183105469,106.0,103.43000030517578,104.27999877929688,86.72859191894531,2936200
2015-01-14,103.04000091552734,103.79000091552734,102.5,103.70999908447266,86.25453186035156,3291600
2015-01-15,104.05000305175781,104.26000213623047,102.56999969482422,102.66000366210938,85.38123321533203,5615200
2015-01-16,102.61000061035156,104.11000061035156,102.41999816894531,104.0199966430664,86.51234436035156,2768900
2015-01-20,104.41999816894531,104.52999877929688,103.19999694824219,104.16999816894531,86.6370849609375,3186900
2015-01-21,103.93000030517578,104.94999694824219,103.5999984741211,104.63999938964844,87.0279769897461,3119400
2015-01-22,105.23999786376953,106.30999755859375,104.2699966430664,106.2300033569336,88.35037994384766,3583500
2015-01-23,106.11000061035156,106.27999877929688,105.68000030517578,105.75,87.95115661621094,4571900
2015-01-26,105.75,106.22000122070312,105.19999694824219,106.19000244140625,88.31709289550781,4106500
2015-01-27,105.37000274658203,105.61000061035156,104.36000061035156,104.94999694824219,87.28582000732422,2709300
2015-01-28,105.63999938964844,105.72000122070312,103.41000366210938,103.52999877929688,86.10480499267578,2830400
2015-01-29,103.69999694824219,104.62000274658203,102.81999969482422,104.5199966430664,86.92817687988281,2607200
2015-01-30,103.66999816894531,104.51000213623047,102.94999694824219,103.0999984741211,85.74716186523438,4486900
2015-02-02,103.48999786376953,104.33000183105469,102.25,104.26000213623047,86.71192169189453,4083200
2015-02-03,104.9000015258789,105.87000274658203,104.70999908447266,105.86000061035156,88.04264068603516,3322000
2015-02-04,105.44000244140625,106.13999938964844,105.23999786376953,105.48999786376953,87.73493194580078,3141700
2015-02-05,105.94000244140625,106.72000122070312,105.83999633789062,106.6500015258789,88.6996841430664,3163500
2015-02-06,106.87999725341797,107.18000030517578,106.0199966430664,106.33000183105469,88.43354034423828,2844500
2015-02-09,105.98999786376953,106.3499984741211,105.58999633789062,105.80000305175781,87.99273681640625,1773800
2015-02-10,106.5,107.04000091552734,105.83999633789062,106.87999725341797,88.8909683227539,1866300
2015-02-11,106.66999816894531,107.19000244140625,106.37000274658203,106.93000030517578,88.93254089355469,2184600
2015-02-12,107.47000122070312,107.98999786376953,107.2699966430664,107.95999908447266,89.78916931152344,4443400
2015-02-13,108.0,108.4800033569336,107.91999816894531,108.47000122070312,90.21336364746094,3147700
2015-02-17,108.37000274658203,108.76000213623047,108.12999725341797,108.63999938964844,90.35474395751953,4147000
2015-02-18,108.41999816894531,108.75,108.2699966430664,108.69999694824219,90.40464782714844,2542600
2015-02-19,108.38999938964844,108.87999725341797,108.26000213623047,108.66999816894531,90.37969970703125,2349000
2015-02-20,108.47000122070312,109.31999969482422,108.01000213623047,109.27999877929688,90.88700103759766,2402600
2015-02-23,109.16999816894531,109.2699966430664,108.86000061035156,109.2699966430664,90.87871551513672,3034000
2015-02-24,109.27999877929688,109.62999725341797,109.04000091552734,109.5199966430664,91.08663177490234,2856500
2015-02-25,109.48999786376953,109.77999877929688,109.26000213623047,109.4800033569336,91.0533676147461,2652100
2015-02-26,109.44999694824219,109.52999877929688,109.0199966430664,109.41000366210938,90.99513244628906,1742000
2015-02-27,109.3499984741211,109.4800033569336,108.97000122070312,109.0199966430664,90.6707534790039,1825400
2015-03-02,109.11000061035156,109.72000122070312,109.0199966430664,109.69000244140625,91.22801971435547,2681100
2015-03-03,109.47000122070312,109.61000061035156,108.73999786376953,109.23999786376953,90.85375213623047,2615700
2015-03-04,108.9000015258789,108.95999908447266,108.19999694824219,108.80000305175781,90.48780822753906,1949900
2015-03-05,109.02999877929688,109.0999984741211,108.62999725341797,108.97000122070312,90.62918090820312,1752500
2015-03-06,108.47000122070312,108.66000366210938,107.23999786376953,107.45999908447266,89.37333679199219,2799000
2015-03-09,107.5999984741211,108.05000305175781,107.5199966430664,107.86000061035156,89.70601654052734,1827900
2015-03-10,107.0,107.0999984741211,106.20999908447266,106.22000122070312,88.34207153320312,3543800
2015-03-11,106.43000030517578,106.48999786376953,105.9800033569336,106.13999938964844,88.27552795410156,3071300
2015-03-12,106.47000122070312,107.51000213623047,106.41999816894531,107.47000122070312,89.38165283203125,3907600
2015-03-13,107.37000274658203,107.4000015258789,106.16999816894531,106.87000274658203,88.88265228271484,2073000
2015-03-16,107.36000061035156,108.2300033569336,107.26000213623047,108.20999908447266,89.99711608886719,2706600
2015-03-17,107.80000305175781,108.19000244140625,107.47000122070312,108.0,89.82247161865234,1754000
2015-03-18,107.68000030517578,109.62999725341797,107.3499984741211,109.23999786376953,90.85375213623047,3662900
2015-03-19,109.02999877929688,109.19999694824219,108.56999969482422,108.8499984741211,90.52940368652344,3901300
2015-03-20,109.48999786376953,110.0199966430664,109.37000274658203,109.76000213623047,91.2862319946289,1741100
2015-03-23,109.72000122070312,110.08999633789062,109.56999969482422,109.56999969482422,91.1281967163086,2084200
2015-03-24,109.54000091552734,109.73999786376953,108.94000244140625,108.98999786376953,90.64583587646484,3398600
2015-03-25,108.63999938964844,108.75,106.79000091552734,106.79000091552734,89.23202514648438,2817000
2015-03-26,106.38999938964844,107.12000274658203,105.9800033569336,106.58000183105469,89.05657958984375,3164500
2015-03-27,106.5999984741211,106.97000122070312,106.41999816894531,106.87000274658203,89.29887390136719,3298000
2015-03-30,107.58999633789062,108.38999938964844,107.5199966430664,108.2300033569336,90.4352798461914,1885800
2015-03-31,107.7300033569336,108.66999816894531,107.0,107.25,89.61637878417969,2077100
2015-04-01,107.33999633789062,107.41000366210938,106.38999938964844,107.05000305175781,89.44927215576172,11026400
2015-04-02,107.02999877929688,107.69999694824219,106.8499984741211,107.38999938964844,89.73335266113281,2041200
2015-04-06,107.2699966430664,108.41000366210938,106.79000091552734,108.12999725341797,90.35166931152344,2186600
2015-04-07,108.12999725341797,108.54000091552734,107.7699966430664,107.7699966430664,90.05089569091797,1983900
2015-04-08,108.0,108.43000030517578,107.72000122070312,108.2300033569336,90.4352798461914,2454300
2015-04-09,108.19999694824219,108.70999908447266,107.73999786376953,108.61000061035156,90.75279998779297,2214200
2015-04-10,108.87000274658203,109.1500015258789,108.63999938964844,109.12000274658203,91.17893981933594,2406100
2015-04-13,109.04000091552734,109.43000030517578,108.66000366210938,108.69000244140625,90.81962585449219,3524800
2015-04-14,108.66000366210938,108.9800033569336,108.16000366210938,108.8499984741211,90.95333099365234,1460800
2015-04-15,109.23999786376953,109.69000244140625,109.08000183105469,109.4000015258789,91.41289520263672,1512400
2015-04-16,109.2300033569336,109.62999725341797,109.05999755859375,109.3499984741211,91.37112426757812,1490200
2015-04-17,108.69999694824219,108.80000305175781,107.61000061035156,108.08000183105469,90.3099365234375,2657000
2015-04-20,108.66999816894531,109.18000030517578,108.62000274658203,108.95999908447266,91.04525756835938,2005000
2015-04-21,109.44999694824219,109.5199966430664,108.75,108.93000030517578,91.02017211914062,3909900
2015-04-22,109.08000183105469,109.5,108.52999877929688,109.38999938964844,91.40453338623047,1469300
2015-04-23,109.13999938964844,110.08000183105469,109.0999984741211,109.7300033569336,91.68863677978516,2340700
2015-04-24,109.91999816894531,110.0,109.62000274658203,109.8499984741211,91.78889465332031,1775100
2015-04-27,110.19000244140625,110.27999877929688,109.16999816894531,109.27999877929688,91.31260681152344,1827800
2015-04-28,109.54000091552734,109.6500015258789,108.5,109.56999969482422,91.554931640625,2595000
2015-04-29,109.01000213623047,109.45999908447266,108.62999725341797,109.08999633789062,91.15386962890625,2432000
2015-04-30,108.77999877929688,108.91999816894531,107.47000122070312,107.91000366210938,90.1678695678711,3635900
2015-05-01,108.4000015258789,108.9800033569336,108.2300033569336,108.9000015258789,90.9950942993164,3924700
2015-05-04,109.23999786376953,109.66000366210938,109.12000274658203,109.27999877929688,91.31260681152344,1713300
2015-05-05,109.16999816894531,109.36000061035156,107.87999725341797,107.9800033569336,90.22636413574219,1692700
2015-05-06,108.37999725341797,108.54000091552734,107.01000213623047,107.68000030517578,89.97571563720703,3691700
2015-05-07,107.5999984741211,108.37000274658203,107.37999725341797,108.08999633789062,90.31826782226562,2363500
2015-05-08,109.11000061035156,109.58999633789062,109.08000183105469,109.44999694824219,91.4546890258789,1796400
2015-05-11,109.33000183105469,109.58999633789062,108.93000030517578,108.98999786376953,91.07029724121094,1656900
2015-05-12,108.4800033569336,109.01000213623047,107.93000030517578,108.66999816894531,90.80293273925781,1657500
2015-05-13,108.97000122070312,109.30000305175781,108.58000183105469,108.7300033569336,90.8530502319336,2424500
2015-05-14,109.33000183105469,109.8499984741211,109.0999984741211,109.80999755859375,91.75547790527344,1579200
2015-05-15,109.87999725341797,109.98999786376953,109.5999984741211,109.94000244140625,91.8641128540039,1862700
2015-05-18,109.80999755859375,110.5,109.75,110.3499984741211,92.20669555664062,2769100
2015-05-19,110.37999725341797,110.55999755859375,110.12000274658203,110.30000305175781,92.16492462158203,2845000
2015-05-20,110.33999633789062,110.68000030517578,110.02999877929688,110.2300033569336,92.10643768310547,2478400
2015-05-21,110.18000030517578,110.66000366210938,110.06999969482422,110.51000213623047,92.34037780761719,1476400
2015-05-22,110.37999725341797,110.55000305175781,110.22000122070312,110.30000305175781,92.16492462158203,1187900
2015-05-26,110.0199966430664,110.0199966430664,108.87000274658203,109.1500015258789,91.2040023803711,2226700
2015-05-27,109.44999694824219,110.27999877929688,109.19999694824219,110.1500015258789,92.03960418701172,2562200
2015-05-28,109.97000122070312,110.08000183105469,109.56999969482422,110.05000305175781,91.95600891113281,2022400
2015-05-29,109.98999786376953,110.0199966430664,109.18000030517578,109.30999755859375,91.33769226074219,1943200
2015-06-01,109.80000305175781,109.95999908447266,109.05999755859375,109.58000183105469,91.56330871582031,2354900
2015-06-02,109.25,109.93000030517578,108.94999694824219,109.5,91.4964370727539,1925300
2015-06-03,109.77999877929688,110.22000122070312,109.52999877929688,109.87999725341797,91.81398010253906,1731100
2015-06-04,109.5,109.80000305175781,108.7699966430664,109.0,91.07867431640625,1845800
2015-06-05,108.91000366210938,109.19999694824219,108.33000183105469,108.91000366210938,91.00345611572266,3342700
2015-06-08,108.87999725341797,108.95999908447266,108.18000030517578,108.23999786376953,90.4436264038086,2990700
2015-06-09,108.25,108.4800033569336,107.7300033569336,108.1500015258789,90.368408203125,2976500
2015-06-10,108.69999694824219,109.66000366210938,108.58999633789062,109.47000122070312,91.47138977050781,1592600
2015-06-11,109.70999908447266,110.01000213623047,109.58000183105469,109.77999877929688,91.73041534423828,1850500
2015-06-12,109.27999877929688,109.5,108.87999725341797,109.05999755859375,91.12882232666016,1490900
2015-06-15,108.27999877929688,108.76000213623047,107.87000274658203,108.55999755859375,90.71099090576172,2865500
2015-06-16,108.44999694824219,109.25,108.4000015258789,109.16000366210938,91.21237182617188,2604800
2015-06-17,109.33000183105469,109.69000244140625,108.73999786376953,109.33999633789062,91.36278533935547,1911700
2015-06-18,109.58000183105469,110.76000213623047,109.58000183105469,110.41999816894531,92.26519775390625,2496300
2015-06-19,110.38999938964844,110.41999816894531,109.86000061035156,109.94000244140625,91.8641128540039,1735900
2015-06-22,110.68000030517578,110.9000015258789,110.44999694824219,110.61000061035156,92.42393493652344,1864800
2015-06-23,110.7300033569336,110.8499984741211,110.45999908447266,110.72000122070312,92.515869140625,3080400
2015-06-24,110.55999755859375,110.70999908447266,109.86000061035156,109.87999725341797,91.81398010253906,4931200
2015-06-25,110.19999694824219,110.23999786376953,109.44999694824219,109.54000091552734,91.52989196777344,2110800
2015-06-26,109.29000091552734,109.38999938964844,108.6500015258789,109.01000213623047,91.47786712646484,1503900
2015-06-29,108.02999877929688,108.5,106.6500015258789,106.7300033569336,89.56454467773438,3642700
2015-06-30,107.62000274658203,107.6500015258789,106.68000030517578,107.0199966430664,89.80789947509766,3394000
2015-07-01,108.0199966430664,108.11000061035156,107.27999877929688,107.72000122070312,90.39530944824219,12016300
2015-07-02,108.05000305175781,108.19999694824219,107.3499984741211,107.58000183105469,90.27787017822266,3140000
2015-07-06,106.98999786376953,107.79000091552734,106.62000274658203,107.30000305175781,90.0428695678711,2570800
2015-07-07,107.44000244140625,108.0,105.93000030517578,107.88999938964844,90.53797912597656,3329600
2015-07-08,107.0999984741211,107.27999877929688,105.91000366210938,106.08999633789062,89.02748107910156,2938900
2015-07-09,107.1500015258789,107.69000244140625,106.2699966430664,106.30999755859375,89.21209716796875,3064800
2015-07-10,107.58000183105469,107.83999633789062,107.0999984741211,107.5999984741211,90.29461669921875,3432400
2015-07-13,108.58000183105469,108.88999938964844,108.37999725341797,108.81999969482422,91.31839752197266,2835300
2015-07-14,108.80000305175781,109.5,108.58999633789062,109.30999755859375,91.7296142578125,2292500
2015-07-15,109.37000274658203,109.55999755859375,108.91000366210938,109.16999816894531,91.61211395263672,2555700
2015-07-16,109.8499984741211,109.94999694824219,109.6500015258789,109.93000030517578,92.2499008178711,1314000
2015-07-17,109.98999786376953,110.0,109.6500015258789,109.95999908447266,92.2750473022461,1295400
2015-07-20,110.05000305175781,110.20999908447266,109.77999877929688,109.97000122070312,92.28345489501953,1339000
2015-07-21,109.87999725341797,110.04000091552734,109.30000305175781,109.48999786376953,91.88066101074219,1661000
2015-07-22,109.0999984741211,109.5,109.0,109.33000183105469,91.74637603759766,1852400
2015-07-23,109.47000122070312,109.52999877929688,108.5199966430664,108.69999694824219,91.21768188476562,1569500
2015-07-24,108.75,108.83000183105469,107.38999938964844,107.55999755859375,90.26105499267578,2073500
2015-07-27,107.05999755859375,107.45999908447266,106.5999984741211,106.8499984741211,89.66522979736328,2958400
2015-07-28,107.16000366210938,108.2300033569336,106.77999877929688,108.12000274658203,90.7309799194336,2198600
2015-07-29,108.18000030517578,108.9800033569336,108.05999755859375,108.86000061035156,91.35196685791016,1624200
2015-07-30,108.56999969482422,109.04000091552734,108.16999816894531,108.94999694824219,91.427490234375,1390400
2015-07-31,109.30999755859375,109.33999633789062,108.69999694824219,108.83999633789062,91.33519744873047,2422700
2015-08-03,108.98999786376953,108.98999786376953,107.88999938964844,108.44999694824219,91.00790405273438,2654600
2015-08-04,108.44999694824219,108.75,108.0,108.2699966430664,90.85686492919922,1600000
2015-08-05,108.83999633789062,109.33999633789062,108.45999908447266,108.62999725341797,91.15895080566406,1253600
2015-08-06,108.91999816894531,108.91999816894531,107.23999786376953,107.73999786376953,90.4120864868164,1969500
2015-08-07,107.62000274658203,107.69999694824219,106.88999938964844,107.43000030517578,90.1519546508789,3295100
2015-08-10,108.08000183105469,108.8499984741211,108.05000305175781,108.7699966430664,91.27645111083984,1981300
2015-08-11,108.0,108.2300033569336,107.37000274658203,107.79000091552734,90.45405578613281,1833100
2015-08-12,107.01000213623047,108.02999877929688,106.08999633789062,107.9000015258789,90.54635620117188,2611300
2015-08-13,107.91000366210938,108.23999786376953,107.44000244140625,107.75,90.42049407958984,3545400
2015-08-14,107.69999694824219,108.2300033569336,107.54000091552734,108.16000366210938,90.76456451416016,1154500
2015-08-17,107.88999938964844,108.86000061035156,107.51000213623047,108.8499984741211,91.34359741210938,1739100
2015-08-18,108.77999877929688,108.88999938964844,108.37000274658203,108.56999969482422,91.10862731933594,2695000
2015-08-19,108.05000305175781,108.44999694824219,107.08000183105469,107.5999984741211,90.29461669921875,2183200
2015-08-20,106.80000305175781,107.0,105.25,105.26000213623047,88.3309555053711,4377900
2015-08-21,104.31999969482422,104.73999786376953,102.18000030517578,102.2300033569336,85.78828430175781,9877600
2015-08-24,96.4000015258789,101.2699966430664,93.0,98.12000274658203,82.33930206298828,18137000
2015-08-25,101.41000366210938,101.72000122070312,96.87000274658203,96.94999694824219,81.35747528076172,9215900
2015-08-26,99.98999786376953,100.58000183105469,97.38999938964844,100.47000122070312,84.31134033203125,8299100
2015-08-27,101.97000122070312,103.05000305175781,100.91999816894531,102.9000015258789,86.35050964355469,8779300
2015-08-28,102.58999633789062,103.31999969482422,102.37000274658203,102.9800033569336,86.41764068603516,5165600
2015-08-31,102.52999877929688,103.01000213623047,101.94999694824219,102.20999908447266,85.77149963378906,4526300
2015-09-01,99.94999694824219,100.83000183105469,98.75,99.20999908447266,83.25399780273438,9264700
2015-09-02,100.77999877929688,101.08000183105469,99.55000305175781,101.08000183105469,84.82323455810547,7681000
2015-09-03,101.58000183105469,102.44000244140625,100.9000015258789,101.19999694824219,84.92393493652344,5151300
2015-09-04,99.91999816894531,100.41000366210938,99.26000213623047,99.76000213623047,83.71554565429688,4317800
2015-09-08,101.58999633789062,102.31999969482422,101.05999755859375,102.27999877929688,85.83021545410156,3342000
2015-09-09,103.23999786376953,103.4000015258789,100.69000244140625,100.87999725341797,84.65538787841797,3691200
2015-09-10,100.87999725341797,102.06999969482422,100.62999725341797,101.4000015258789,85.09178924560547,3696000
2015-09-11,101.04000091552734,101.87999725341797,100.69999694824219,101.86000061035156,85.477783203125,2007900
2015-09-14,101.91000366210938,101.91000366210938,101.19999694824219,101.47000122070312,85.1505126953125,3711100
2015-09-15,101.80999755859375,102.97000122070312,101.52999877929688,102.75,86.22466278076172,2388300
2015-09-16,102.87000274658203,103.7300033569336,102.69999694824219,103.62000274658203,86.9547119140625,2447500
2015-09-17,103.63999938964844,105.0199966430664,103.23999786376953,103.4800033569336,86.83723449707031,4726600
2015-09-18,102.05000305175781,102.88999938964844,101.58999633789062,101.83999633789062,85.46098327636719,3271800
2015-09-21,102.41999816894531,103.0199966430664,101.66999816894531,102.25,85.80509185791016,2680300
2015-09-22,101.0,101.23999786376953,100.20999908447266,100.87999725341797,84.65538787841797,3034000
2015-09-23,101.04000091552734,101.27999877929688,100.33999633789062,100.68000030517578,84.48755645751953,1788900
2015-09-24,100.0199966430664,100.52999877929688,99.0999984741211,100.31999969482422,84.18545532226562,3723400
2015-09-25,100.76000213623047,100.87000274658203,99.06999969482422,99.61000061035156,84.01509857177734,4937800
2015-09-28,99.05999755859375,99.12999725341797,96.80000305175781,96.94000244140625,81.76309204101562,5606400
2015-09-29,97.2300033569336,97.83999633789062,96.37000274658203,96.91999816894531,81.74624633789062,4548600
2015-09-30,98.11000061035156,98.79000091552734,97.55000305175781,98.72000122070312,83.2644271850586,3747800
2015-10-01,98.95999908447266,99.12000274658203,97.70999908447266,98.91999816894531,83.43312072753906,3808800
2015-10-02,97.95999908447266,100.37000274658203,97.37999725341797,100.36000061035156,84.64767456054688,3654500
2015-10-05,101.0999984741211,102.36000061035156,101.04000091552734,102.20999908447266,86.20803833007812,3405800
2015-10-06,102.20999908447266,102.45999908447266,101.37999725341797,101.87999725341797,85.9296875,2463100
2015-10-07,102.44000244140625,102.87999725341797,101.69999694824219,102.80000305175781,86.70567321777344,2583900
2015-10-08,102.52999877929688,103.87999725341797,102.37999725341797,103.69000244140625,87.45633697509766,2521000
2015-10-09,103.80000305175781,104.05999755859375,103.43000030517578,103.83000183105469,87.57440948486328,1649500
2015-10-12,103.8499984741211,103.94999694824219,103.51000213623047,103.8499984741211,87.5912857055664,1680100
2015-10-13,103.29000091552734,104.16999816894531,102.98999786376953,103.08999633789062,86.95025634765625,2221000
2015-10-14,103.05000305175781,103.44000244140625,102.37999725341797,102.55999755859375,86.50324249267578,1902900
2015-10-15,102.91999816894531,104.12000274658203,102.62999725341797,104.11000061035156,87.81058502197266,2218200
2015-10-16,104.37000274658203,104.54000091552734,103.8499984741211,104.51000213623047,88.14794921875,1902100
2015-10-19,104.30000305175781,104.66999816894531,103.97000122070312,104.62999725341797,88.24916076660156,1457900
2015-10-20,104.38999938964844,104.91000366210938,104.19000244140625,104.51000213623047,88.14794921875,1806000
2015-10-21,104.70999908447266,104.86000061035156,103.58999633789062,103.69000244140625,87.45633697509766,1777800
2015-10-22,104.27999877929688,105.43000030517578,104.12000274658203,105.20999908447266,88.73834228515625,1979200
2015-10-23,106.12999725341797,106.47000122070312,105.66999816894531,106.30999755859375,89.6661376953125,2404300
2015-10-26,106.26000213623047,106.30000305175781,105.8499984741211,106.05999755859375,89.45529174804688,3078300
2015-10-27,105.83000183105469,105.94000244140625,105.26000213623047,105.70999908447266,89.16009521484375,1686000
2015-10-28,105.94000244140625,107.12000274658203,105.62000274658203,107.0999984741211,90.33245086669922,2421700
2015-10-29,106.72000122070312,107.18000030517578,106.68000030517578,106.94000244140625,90.1974868774414,2666900
2015-10-30,107.13999938964844,107.27999877929688,106.5,106.52999877929688,89.85167694091797,2203200
2015-11-02,106.77999877929688,108.0,106.68000030517578,107.93000030517578,91.03252410888672,3396400
2015-11-03,107.70999908447266,108.56999969482422,107.55000305175781,108.19999694824219,91.26022338867188,3100800
2015-11-04,108.51000213623047,108.52999877929688,107.56999969482422,107.94000244140625,91.04094696044922,2893600
2015-11-05,108.04000091552734,108.2300033569336,107.20999908447266,107.81999969482422,90.93973541259766,2144000
2015-11-06,107.56999969482422,107.8499984741211,106.91999816894531,107.83999633789062,90.95660400390625,2078900
2015-11-09,107.9000015258789,107.9000015258789,106.19999694824219,106.76000213623047,90.04573059082031,2620800
2015-11-10,106.45999908447266,107.04000091552734,106.29000091552734,107.0,90.24811553955078,1605400
2015-11-11,107.2699966430664,107.2699966430664,106.52999877929688,106.54000091552734,89.86015319824219,1342200
2015-11-12,105.97000122070312,106.16000366210938,104.94999694824219,104.94999694824219,88.51905822753906,3110400
2015-11-13,104.76000213623047,104.87999725341797,103.80999755859375,103.83999633789062,87.58283996582031,3003700
2015-11-16,103.80000305175781,105.36000061035156,103.69000244140625,105.3499984741211,88.85643768310547,2635400
2015-11-17,105.51000213623047,106.08999633789062,104.97000122070312,105.22000122070312,88.74678039550781,2243300
2015-11-18,105.58000183105469,107.0,105.54000091552734,106.9000015258789,90.16376495361328,2106100
2015-11-19,106.91000366210938,107.08000183105469,106.62000274658203,106.76000213623047,90.04573059082031,1623400
2015-11-20,107.2300033569336,107.5999984741211,106.9800033569336,107.22000122070312,90.43366241455078,1563500
2015-11-23,107.2300033569336,107.58999633789062,106.87999725341797,107.11000061035156,90.34088134765625,3145000
2015-11-24,106.56999969482422,107.58999633789062,106.30999755859375,107.38999938964844,90.57706451416016,2032600
2015-11-25,107.51000213623047,107.66000366210938,107.25,107.47000122070312,90.64451599121094,1820300
2015-11-27,107.58999633789062,107.76000213623047,107.22000122070312,107.62999725341797,90.77947235107422,552400
2015-11-30,107.77999877929688,107.8499984741211,107.11000061035156,107.16999816894531,90.3915023803711,3618100
2015-12-01,107.58999633789062,108.20999908447266,107.37000274658203,108.18000030517578,91.24337005615234,2443600
2015-12-02,108.0999984741211,108.2699966430664,106.87999725341797,107.05000305175781,90.29029083251953,2937200
2015-12-03,107.29000091552734,107.4800033569336,105.05999755859375,105.44999694824219,88.9407730102539,3345600
2015-12-04,105.80999755859375,107.54000091552734,105.62000274658203,107.38999938964844,90.57706451416016,4520000
2015-12-07,107.2300033569336,107.2699966430664,106.05999755859375,106.55000305175781,89.86857604980469,3000500
2015-12-08,105.94000244140625,106.4000015258789,105.2699966430664,105.91000366210938,89.32876586914062,3149600
2015-12-09,105.55000305175781,106.75,104.4800033569336,105.0,88.56122589111328,4179800
2015-12-10,105.18000030517578,106.05999755859375,104.91999816894531,105.30999755859375,88.82270812988281,3684900
2015-12-11,104.16999816894531,104.43000030517578,103.06999969482422,103.23999786376953,87.0767822265625,5100700
2015-12-14,103.36000061035156,103.72000122070312,102.18000030517578,103.61000061035156,87.38883972167969,7237800
2015-12-15,104.44000244140625,105.19000244140625,104.36000061035156,104.72000122070312,88.3250961303711,2918000
2015-12-16,105.45999908447266,106.41999816894531,104.69999694824219,106.23999786376953,89.60706329345703,5972400
2015-12-17,106.44000244140625,106.47000122070312,104.68000030517578,104.68000030517578,88.29132080078125,4939900
2015-12-18,104.16999816894531,104.36000061035156,102.9000015258789,102.9000015258789,86.79000854492188,4207700
2015-12-21,103.19000244140625,103.27999877929688,102.37000274658203,103.12999725341797,87.47962188720703,3240700
2015-12-22,103.6500015258789,104.26000213623047,103.04000091552734,104.05999755859375,88.26850128173828,2876600
2015-12-23,104.62999725341797,105.4000015258789,104.51000213623047,105.36000061035156,89.3712158203125,3342300
2015-12-24,105.22000122070312,105.5999984741211,105.08000183105469,105.2300033569336,89.26093292236328,1460500
2015-12-28,104.87999725341797,105.0,104.31999969482422,105.0,89.06584930419922,3479600
2015-12-29,105.69000244140625,106.23999786376953,105.54000091552734,106.12000274658203,90.0158920288086,2508300
2015-12-30,105.95999908447266,106.0,105.25,105.31999969482422,89.33731842041016,2405900
2015-12-31,104.93000030517578,105.31999969482422,104.30000305175781,104.30000305175781,88.47207641601562,3652200
2016-01-04,102.58000183105469,102.94999694824219,101.58000183105469,102.73999786376953,87.14881134033203,6138300
2016-01-05,102.9000015258789,103.18000030517578,102.30000305175781,102.97000122070312,87.34392547607422,3652300
2016-01-06,101.52999877929688,102.2300033569336,100.94999694824219,101.58999633789062,86.17333221435547,3732800
2016-01-07,99.9000015258789,100.80000305175781,98.87000274658203,99.0999984741211,84.0611801147461,9256200
2016-01-08,99.61000061035156,99.98999786376953,97.77999877929688,97.97000122070312,83.1026840209961,7015800
2016-01-11,98.55000305175781,98.66999816894531,96.77999877929688,97.91000366210938,83.05180358886719,6863800
2016-01-12,98.80000305175781,99.16999816894531,97.27999877929688,98.58000183105469,83.62012481689453,4457300
2016-01-13,99.0,99.19999694824219,95.77999877929688,96.04000091552734,81.465576171875,6163000
2016-01-14,96.36000061035156,98.18000030517578,95.33000183105469,97.51000213623047,82.7125015258789,5085100
2016-01-15,95.05000305175781,95.87999725341797,94.22000122070312,95.45999908447266,80.97359466552734,8101700
2016-01-19,96.56999969482422,96.66999816894531,94.5,95.36000061035156,80.88874816894531,7435700
2016-01-20,94.0,95.2699966430664,91.79000091552734,94.41999816894531,80.09141540527344,13844900
2016-01-21,94.69999694824219,95.95999908447266,93.81999969482422,94.79000091552734,80.4052734375,7169500
2016-01-22,96.33000183105469,96.88999938964844,95.94999694824219,96.80999755859375,82.11874389648438,3701500
2016-01-25,96.63999938964844,96.6500015258789,95.11000061035156,95.22000122070312,80.77001190185547,4470500
2016-01-26,95.5999984741211,96.81999969482422,95.44000244140625,96.66999816894531,81.99996948242188,3333400
2016-01-27,96.4000015258789,97.31999969482422,95.05000305175781,95.56999969482422,81.06686401367188,5202400
2016-01-28,96.55999755859375,96.66000366210938,95.05000305175781,95.94999694824219,81.38923645019531,4540700
2016-01-29,96.44999694824219,98.36000061035156,96.3499984741211,98.33000183105469,83.4080581665039,5005400
2016-02-01,97.75,98.80999755859375,97.37000274658203,98.3499984741211,83.42501068115234,3868900
2016-02-02,97.5,97.55000305175781,96.16000366210938,96.44999694824219,81.8133773803711,3279600
2016-02-03,97.08999633789062,97.29000091552734,94.88999938964844,97.02999877929688,82.3053207397461,5457300
2016-02-04,96.79000091552734,97.91999816894531,96.47000122070312,97.26000213623047,82.50043487548828,3431800
2016-02-05,96.94000244140625,97.0,94.94999694824219,95.26000213623047,80.8039321899414,3993600
2016-02-08,94.19999694824219,94.37999725341797,92.5,93.77999877929688,79.54853057861328,6303900
2016-02-09,92.83999633789062,94.47000122070312,92.69999694824219,93.66000366210938,79.44673919677734,4793900
2016-02-10,94.19000244140625,95.2699966430664,93.62000274658203,93.72000122070312,79.4976577758789,3580000
2016-02-11,92.38999938964844,93.05999755859375,91.58000183105469,92.55999755859375,78.513671875,7239700
2016-02-12,93.47000122070312,94.37999725341797,93.01000213623047,94.36000061035156,80.04051971435547,2948100
2016-02-16,95.62000274658203,96.08999633789062,94.95999908447266,96.08000183105469,81.49949645996094,3577700
2016-02-17,96.7699966430664,97.93000030517578,96.58999633789062,97.66999816894531,82.84818267822266,3635000
2016-02-18,97.9000015258789,97.91999816894531,97.08999633789062,97.27999877929688,82.51737213134766,2432100
2016-02-19,96.8499984741211,97.36000061035156,96.43000030517578,97.30000305175781,82.53434753417969,2243700
2016-02-22,98.23999786376953,98.80000305175781,98.11000061035156,98.72000122070312,83.73886108398438,2235400
2016-02-23,98.37999725341797,98.5199966430664,97.47000122070312,97.52999877929688,82.72945404052734,3203900
2016-02-24,96.58000183105469,98.13999938964844,95.98999786376953,98.02999877929688,83.15357971191406,3253400
2016-02-25,98.2699966430664,99.19000244140625,97.81999969482422,99.19000244140625,84.13752746582031,4961900
2016-02-26,99.66999816894531,99.76000213623047,98.95999908447266,99.11000061035156,84.0696792602539,3194300
2016-02-29,99.12000274658203,99.69000244140625,98.31999969482422,98.31999969482422,83.39956665039062,2749400
2016-03-01,99.12999725341797,100.68000030517578,98.83999633789062,100.66000366210938,85.38445281982422,2955700
2016-03-02,100.5199966430664,101.23999786376953,100.26000213623047,101.22000122070312,85.85948944091797,3591400
2016-03-03,101.12999725341797,101.75,100.8499984741211,101.72000122070312,86.28360748291016,2703100
2016-03-04,101.88999938964844,102.5999984741211,101.4000015258789,102.06999969482422,86.58050537109375,2442100
2016-03-07,101.6500015258789,102.55999755859375,101.55999755859375,102.27999877929688,86.75862884521484,2963900
2016-03-08,101.7300033569336,101.80000305175781,100.91000366210938,101.01000213623047,85.68136596679688,3436900
2016-03-09,101.5,101.69999694824219,100.9800033569336,101.5,86.09699249267578,2131700
2016-03-10,101.80000305175781,102.30000305175781,100.4000015258789,101.47000122070312,86.07156372070312,3702000
2016-03-11,102.37000274658203,103.23999786376953,102.33000183105469,103.19000244140625,87.53055572509766,3253500
2016-03-14,102.87999725341797,103.31999969482422,102.69000244140625,103.06999969482422,87.42874145507812,2987100
2016-03-15,102.0,102.26000213623047,101.76000213623047,102.23999786376953,87.1304931640625,2992400
2016-03-16,101.98999786376953,103.08999633789062,101.91000366210938,102.87999725341797,87.67588806152344,3473600
2016-03-17,102.87000274658203,103.91999816894531,102.5999984741211,103.66999816894531,88.34915161132812,3472500
2016-03-18,103.94999694824219,104.27999877929688,103.80000305175781,104.12999725341797,88.74114990234375,2942300
2016-03-21,103.9800033569336,104.36000061035156,103.80000305175781,104.2300033569336,88.82636260986328,2539300
2016-03-22,103.75,104.5199966430664,103.61000061035156,104.19999694824219,88.80079650878906,1962600
2016-03-23,104.04000091552734,104.04000091552734,103.27999877929688,103.3499984741211,88.07643127441406,6087100
2016-03-24,102.76000213623047,103.33000183105469,102.52999877929688,103.31999969482422,88.05087280273438,2173000
2016-03-28,103.58000183105469,103.70999908447266,103.06999969482422,103.38999938964844,88.1104965209961,2103400
2016-03-29,103.19000244140625,104.55000305175781,102.95999908447266,104.54000091552734,89.09054565429688,2925100
2016-03-30,105.04000091552734,105.38999938964844,104.7300033569336,104.94000244140625,89.43144989013672,2258800
2016-03-31,104.97000122070312,105.22000122070312,104.69999694824219,104.81999969482422,89.32917785644531,2230100
2016-04-01,104.30000305175781,105.56999969482422,103.94999694824219,105.4800033569336,89.89164733886719,2996000
2016-04-04,105.48999786376953,105.55000305175781,104.88999938964844,105.04000091552734,89.51668548583984,1847400
2016-04-05,104.30999755859375,104.55000305175781,103.87000274658203,104.0199966430664,88.64739990234375,2572500
2016-04-06,104.08999633789062,105.19999694824219,103.9000015258789,105.16000366210938,89.61893463134766,2572000
2016-04-07,104.5,104.73999786376953,103.44000244140625,103.9000015258789,88.54513549804688,2134800
2016-04-08,104.56999969482422,104.9000015258789,103.91000366210938,104.19999694824219,88.80079650878906,2337000
2016-04-11,104.6500015258789,105.05000305175781,103.91000366210938,103.91000366210938,88.55367279052734,2276300
2016-04-12,104.0999984741211,105.0999984741211,103.77999877929688,104.91999816894531,89.4144058227539,2358000
2016-04-13,105.5,106.16999816894531,105.43000030517578,106.1500015258789,90.4626235961914,2864500
2016-04-14,106.23999786376953,106.38999938964844,105.9000015258789,106.11000061035156,90.42855072021484,1666900
2016-04-15,106.12000274658203,106.19000244140625,105.87000274658203,106.05999755859375,90.38594055175781,1622600
2016-04-18,105.73999786376953,106.79000091552734,105.61000061035156,106.7699966430664,90.99101257324219,1767100
2016-04-19,107.0199966430664,107.30999755859375,106.61000061035156,107.06999969482422,91.24667358398438,2103700
2016-04-20,107.20999908447266,107.63999938964844,106.83000183105469,107.18000030517578,91.3404312133789,1958900
2016-04-21,107.26000213623047,107.33000183105469,106.4800033569336,106.6500015258789,90.88873291015625,1675200
2016-04-22,106.51000213623047,106.93000030517578,106.23999786376953,106.80000305175781,91.01655578613281,1893600
2016-04-25,106.5,106.58999633789062,106.05999755859375,106.54000091552734,90.79500579833984,2088100
2016-04-26,106.77999877929688,107.05000305175781,106.44000244140625,106.83000183105469,91.0421371459961,1747500
2016-04-27,106.66000366210938,107.33000183105469,106.41999816894531,107.08999633789062,91.2636947631836,2267900
2016-04-28,106.62999725341797,107.30000305175781,105.87000274658203,106.12999725341797,90.44556427001953,4834200
2016-04-29,105.80000305175781,105.95999908447266,104.80999755859375,105.51000213623047,89.91722106933594,3068000
2016-05-02,105.80000305175781,106.4000015258789,105.47000122070312,106.33000183105469,90.61602020263672,2546500
2016-05-03,105.62000274658203,105.68000030517578,104.81999969482422,105.26000213623047,89.70413970947266,5172600
2016-05-04,104.76000213623047,105.16999816894531,104.37000274658203,104.63999938964844,89.17579650878906,2578800
2016-05-05,104.94999694824219,105.16999816894531,104.37000274658203,104.5999984741211,89.14167785644531,1616700
2016-05-06,104.13999938964844,104.98999786376953,104.0,104.9800033569336,89.46553802490234,1759600
2016-05-09,104.87000274658203,105.33999633789062,104.7699966430664,105.08999633789062,89.55924224853516,1747300
2016-05-10,105.5,106.4000015258789,105.41000366210938,106.33999633789062,90.62454223632812,2400900
2016-05-11,106.08999633789062,106.29000091552734,105.33999633789062,105.37000274658203,89.79791259765625,1531600
2016-05-12,105.81999969482422,105.87999725341797,104.72000122070312,105.33000183105469,89.76382446289062,2470000
2016-05-13,105.08000183105469,105.4800033569336,104.22000122070312,104.41999816894531,88.98826599121094,3754800
2016-05-16,104.58000183105469,105.75,104.41000366210938,105.45999908447266,89.87458038330078,2069600
2016-05-17,105.26000213623047,105.45999908447266,104.16000366210938,104.51000213623047,89.06498718261719,2792200
2016-05-18,104.51000213623047,105.19999694824219,103.81999969482422,104.5,89.05648040771484,2797700
2016-05-19,104.08000183105469,104.36000061035156,103.37000274658203,104.08999633789062,88.70703887939453,2616800
2016-05-20,104.54000091552734,105.13999938964844,104.44999694824219,104.88999938964844,89.38883209228516,2005700
2016-05-23,104.91999816894531,105.12000274658203,104.66000366210938,104.76000213623047,89.27801513671875,1662200
2016-05-24,105.22000122070312,106.37000274658203,105.22000122070312,106.16000366210938,90.47114562988281,2409000
2016-05-25,106.51000213623047,107.13999938964844,106.51000213623047,106.93000030517578,91.1273422241211,3266500
2016-05-26,107.0199966430664,107.13999938964844,106.7300033569336,106.91000366210938,91.1103286743164,1803600
2016-05-27,106.97000122070312,107.38999938964844,106.94999694824219,107.38999938964844,91.51937866210938,1691400
2016-05-31,107.56999969482422,107.69000244140625,106.95999908447266,107.33999633789062,91.47676849365234,2570700
2016-06-01,107.0,107.69999694824219,106.80000305175781,107.62999725341797,91.7238998413086,2679600
2016-06-02,107.4000015258789,107.98999786376953,107.11000061035156,107.98999786376953,92.03069305419922,2112700
2016-06-03,107.77999877929688,107.87000274658203,106.94000244140625,107.69000244140625,91.77505493164062,2502500
2016-06-06,107.83999633789062,108.45999908447266,107.80000305175781,108.25,92.25227355957031,1782300
2016-06-07,108.38999938964844,108.80999755859375,108.31999969482422,108.45999908447266,92.43120574951172,1271500
2016-06-08,108.61000061035156,108.93000030517578,108.5,108.83999633789062,92.75507354736328,1286500
2016-06-09,108.44999694824219,108.7300033569336,108.22000122070312,108.62000274658203,92.5676040649414,1743400
2016-06-10,107.77999877929688,107.91999816894531,107.16000366210938,107.5,91.61309814453125,1666400
2016-06-13,107.1500015258789,107.68000030517578,106.58999633789062,106.61000061035156,90.85466003417969,2354800
2016-06-14,105.9000015258789,106.33000183105469,105.36000061035156,105.94999694824219,90.69115447998047,2170100
2016-06-15,106.19000244140625,106.5999984741211,105.73999786376953,105.83999633789062,90.59698486328125,1841500
2016-06-16,105.30000305175781,106.18000030517578,104.69999694824219,106.1500015258789,90.86233520507812,1884300
2016-06-17,106.12000274658203,106.12000274658203,105.38999938964844,105.80000305175781,90.56275177001953,1713000
2016-06-20,106.93000030517578,107.38999938964844,106.45999908447266,106.5199966430664,91.17906188964844,2402900
2016-06-21,106.80000305175781,106.98999786376953,106.38999938964844,106.75,91.37593841552734,2248300
2016-06-22,106.80000305175781,107.27999877929688,106.44000244140625,106.51000213623047,91.17051696777344,2002700
2016-06-23,107.41999816894531,108.0,107.13999938964844,107.9800033569336,92.42879486083984,1622300
2016-06-24,104.12000274658203,105.94000244140625,103.86000061035156,104.05000305175781,89.0647964477539,7370400
2016-06-27,103.22000122070312,103.2300033569336,101.51000213623047,101.9800033569336,87.29288482666016,5213600
2016-06-28,103.08000183105469,103.86000061035156,102.83000183105469,103.8499984741211,88.89360809326172,7569500
2016-06-29,104.68000030517578,105.83000183105469,104.6500015258789,105.70999908447266,90.4857406616211,2635700
2016-06-30,106.01000213623047,107.19999694824219,105.62000274658203,107.16000366210938,91.72691345214844,5552300
2016-07-01,107.16000366210938,107.75,107.06999969482422,107.37000274658203,91.90665435791016,2938000
2016-07-05,106.94000244140625,107.0,106.13999938964844,106.56999969482422,91.22187042236328,3019900
2016-07-06,106.19999694824219,107.26000213623047,105.87999725341797,107.22000122070312,91.77825164794922,1767700
2016-07-07,107.37000274658203,107.7699966430664,106.75,107.16999816894531,91.73544311523438,1669800
2016-07-08,107.91000366210938,108.98999786376953,107.86000061035156,108.83999633789062,93.16494750976562,2362200
2016-07-11,109.19000244140625,109.62000274658203,109.0,109.29000091552734,93.55015563964844,3868300
2016-07-12,109.87999725341797,110.4000015258789,109.68000030517578,110.19999694824219,94.32907104492188,3222800
2016-07-13,110.43000030517578,110.5,109.80999755859375,110.13999938964844,94.27771759033203,1485700
2016-07-14,110.72000122070312,110.98999786376953,110.45999908447266,110.66999816894531,94.73136138916016,1561100
2016-07-15,110.88999938964844,110.97000122070312,110.29000091552734,110.55000305175781,94.628662109375,1385500
2016-07-18,110.6500015258789,110.93000030517578,110.44000244140625,110.86000061035156,94.89404296875,1359900
2016-07-19,110.62000274658203,110.75,110.4000015258789,110.63999938964844,94.70569610595703,3154100
2016-07-20,110.68000030517578,111.33000183105469,110.66000366210938,111.2300033569336,95.21073150634766,1135900
2016-07-21,111.18000030517578,111.29000091552734,110.5199966430664,110.79000091552734,94.8340835571289,3393400
2016-07-22,110.9000015258789,111.36000061035156,110.70999908447266,111.31999969482422,95.28775787353516,3546700
2016-07-25,111.23999786376953,111.2699966430664,110.69000244140625,111.02999877929688,95.03951263427734,1394200
2016-07-26,111.05999755859375,111.33999633789062,110.62999725341797,111.1500015258789,95.14225769042969,1432300
2016-07-27,111.41000366210938,111.41999816894531,110.55999755859375,111.0199966430664,95.03097534179688,1977500
2016-07-28,110.88999938964844,111.37999725341797,110.66000366210938,111.16000366210938,95.15082550048828,1945800
2016-07-29,111.08999633789062,111.62000274658203,110.81999969482422,111.41999816894531,95.37335205078125,1638200
2016-08-01,111.4000015258789,111.66999816894531,111.0,111.2699966430664,95.24496459960938,2093200
2016-08-02,111.19000244140625,111.2300033569336,109.94999694824219,110.43000030517578,94.52595520019531,2473900
2016-08-03,110.38999938964844,110.86000061035156,110.20999908447266,110.83999633789062,94.87686920166016,1353600
2016-08-04,110.8499984741211,111.18000030517578,110.69000244140625,110.97000122070312,94.9881820678711,1113600
2016-08-05,111.41999816894531,111.91999816894531,111.31999969482422,111.88999938964844,95.77567291259766,1379600
2016-08-08,111.98999786376953,112.12000274658203,111.69000244140625,111.81999969482422,95.71575927734375,1238800
2016-08-09,111.94000244140625,112.18000030517578,111.75,111.91999816894531,95.80138397216797,1032500
2016-08-10,111.94000244140625,112.05000305175781,111.41999816894531,111.58999633789062,95.51891326904297,1259100
2016-08-11,111.9800033569336,112.26000213623047,111.7300033569336,112.1500015258789,95.99825286865234,1378000
2016-08-12,111.97000122070312,112.16999816894531,111.76000213623047,112.04000091552734,95.90410614013672,1542900
2016-08-15,112.29000091552734,112.63999938964844,112.06999969482422,112.44999694824219,96.25505065917969,1442800
2016-08-16,112.2300033569336,112.23999786376953,111.80999755859375,111.80999755859375,95.70720672607422,1228600
2016-08-17,111.83999633789062,112.02999877929688,111.2699966430664,111.94999694824219,95.82704162597656,2791500
2016-08-18,111.91999816894531,112.30000305175781,111.70999908447266,112.30000305175781,96.12665557861328,972100
2016-08-19,112.0,112.2300033569336,111.7300033569336,112.13999938964844,95.98966217041016,1000600
2016-08-22,112.04000091552734,112.25,111.7699966430664,112.16999816894531,96.01536560058594,1102000
2016-08-23,112.4800033569336,112.77999877929688,112.44000244140625,112.47000122070312,96.27213287353516,3252300
2016-08-24,112.43000030517578,112.45999908447266,111.58999633789062,111.83999633789062,95.73291015625,2267800
2016-08-25,111.69999694824219,112.06999969482422,111.55000305175781,111.7699966430664,95.6729507446289,1205200
2016-08-26,111.87000274658203,112.55000305175781,111.05000305175781,111.54000091552734,95.47605895996094,1851100
2016-08-29,111.72000122070312,112.33000183105469,111.69999694824219,112.1500015258789,95.99825286865234,1071200
2016-08-30,112.16000366210938,112.30000305175781,111.66000366210938,111.97000122070312,95.84414672851562,1534600
2016-08-31,111.87999725341797,111.9000015258789,111.19999694824219,111.6500015258789,95.57024383544922,1393700
2016-09-01,111.7699966430664,111.88999938964844,110.97000122070312,111.70999908447266,95.62162017822266,1670900
2016-09-02,112.19000244140625,112.51000213623047,111.91999816894531,112.27999877929688,96.10950469970703,1563200
2016-09-06,112.45999908447266,112.62000274658203,112.0199966430664,112.5999984741211,96.38341522216797,4111700
2016-09-07,112.54000091552734,112.75,112.29000091552734,112.75,96.51184844970703,1590000
2016-09-08,112.56999969482422,112.66999816894531,112.26000213623047,112.45999908447266,96.2635726928711,1152400
2016-09-09,111.72000122070312,111.7300033569336,109.6500015258789,109.66000366210938,93.86685180664062,3337400
2016-09-12,109.19000244140625,111.4000015258789,109.05000305175781,111.19000244140625,95.17648315429688,3043500
2016-09-13,109.94999694824219,110.01000213623047,108.56999969482422,108.91999816894531,93.68755340576172,5122100
2016-09-14,109.05000305175781,109.70999908447266,108.61000061035156,108.93000030517578,93.69617462158203,2041600
2016-09-15,108.86000061035156,110.25,108.73999786376953,110.05000305175781,94.6595458984375,2960400
2016-09-16,109.75,109.7699966430664,109.22000122070312,109.61000061035156,94.2811050415039,2779400
2016-09-19,110.19000244140625,110.5,109.5199966430664,109.7699966430664,94.41868591308594,3430200
2016-09-20,110.29000091552734,110.33000183105469,109.69000244140625,109.72000122070312,94.37568664550781,1603400
2016-09-21,110.11000061035156,111.08000183105469,109.70999908447266,110.9800033569336,95.45947265625,1971800
2016-09-22,111.62999725341797,111.91999816894531,111.52999877929688,111.79000091552734,96.15618133544922,1525300
2016-09-23,111.58999633789062,111.68000030517578,111.11000061035156,111.1500015258789,95.605712890625,1531900
2016-09-26,110.63999938964844,110.87000274658203,110.20999908447266,110.2699966430664,94.84877014160156,2136700
2016-09-27,110.2300033569336,110.94999694824219,109.98999786376953,110.9000015258789,95.39067077636719,1292400
2016-09-28,111.05999755859375,111.5999984741211,110.45999908447266,111.55000305175781,95.94979858398438,1439800
2016-09-29,111.4800033569336,111.62000274658203,110.16999816894531,110.45999908447266,95.01222229003906,2037100
2016-09-30,110.97000122070312,111.70999908447266,110.75,111.33000183105469,95.76055145263672,1722500
2016-10-03,111.08999633789062,111.2300033569336,110.62999725341797,110.98999786376953,95.46810150146484,2207600
2016-10-04,111.12000274658203,111.22000122070312,110.0999984741211,110.48999786376953,95.03800964355469,2701100
2016-10-05,110.77999877929688,111.22000122070312,110.58999633789062,110.91999816894531,95.40788269042969,2119000
2016-10-06,110.75,111.08999633789062,110.38999938964844,110.95999908447266,95.44229125976562,1067600
2016-10-07,111.1500015258789,111.2300033569336,110.05999755859375,110.54000091552734,95.08102416992188,1770400
2016-10-10,110.54000091552734,111.44000244140625,110.54000091552734,111.13999938964844,95.59710693359375,1135000
2016-10-11,110.94000244140625,110.94999694824219,109.23999786376953,109.66000366210938,94.3240966796875,1996900
2016-10-12,109.77999877929688,110.12999725341797,109.45999908447266,109.79000091552734,94.4359130859375,1849100
2016-10-13,109.01000213623047,109.72000122070312,108.4800033569336,109.4000015258789,94.10045623779297,1986200
2016-10-14,110.0,110.31999969482422,109.36000061035156,109.37000274658203,94.07464599609375,2673900
2016-10-17,109.37999725341797,109.54000091552734,108.94000244140625,109.05999755859375,93.80801391601562,2507700
2016-10-18,109.91999816894531,110.02999877929688,109.5,109.69999694824219,94.3584976196289,1635200
2016-10-19,109.94000244140625,110.25,109.62000274658203,110.05000305175781,94.6595458984375,1408200
2016-10-20,109.9000015258789,110.16999816894531,109.41999816894531,109.83999633789062,94.4789047241211,2017000
2016-10-21,109.41000366210938,109.9000015258789,109.19999694824219,109.80000305175781,94.44450378417969,1234400
2016-10-24,110.38999938964844,110.5999984741211,110.12999725341797,110.3499984741211,94.9176025390625,2004700
2016-10-25,110.25,110.33000183105469,109.79000091552734,109.87999725341797,94.5132827758789,2079100
2016-10-26,109.47000122070312,109.97000122070312,109.26000213623047,109.55000305175781,94.2294921875,1827200
2016-10-27,110.0,110.0,109.08000183105469,109.18000030517578,93.91119384765625,1597800
2016-10-28,109.11000061035156,109.55999755859375,108.47000122070312,108.81999969482422,93.6015625,2868100
2016-10-31,109.05000305175781,109.20999908447266,108.80999755859375,108.88999938964844,93.6617660522461,1913600
2016-11-01,109.0999984741211,109.19000244140625,107.38999938964844,108.08000183105469,92.96504211425781,3169800
2016-11-02,107.87000274658203,108.08000183105469,107.11000061035156,107.33000183105469,92.31995391845703,2957400
2016-11-03,107.41999816894531,107.62999725341797,106.70999908447266,106.86000061035156,91.91568756103516,2096400
2016-11-04,106.88999938964844,107.51000213623047,106.69000244140625,106.79000091552734,91.85545349121094,2805400
2016-11-07,108.41000366210938,109.16999816894531,108.20999908447266,109.1500015258789,93.88542175292969,2527700
2016-11-08,109.01000213623047,109.98999786376953,108.7300033569336,109.62000274658203,94.2896728515625,2074200
2016-11-09,108.7699966430664,111.33000183105469,108.5,110.9800033569336,95.45947265625,6482000
2016-11-10,111.58999633789062,112.12999725341797,110.4800033569336,111.37000274658203,95.7949447631836,5083500
2016-11-11,111.0,111.51000213623047,110.69000244140625,111.41000366210938,95.8293685913086,4005200
2016-11-14,111.77999877929688,112.05000305175781,111.29000091552734,111.69999694824219,96.07879638671875,5234000
2016-11-15,112.04000091552734,112.5999984741211,111.76000213623047,112.56999969482422,96.82714080810547,6037200
2016-11-16,112.37000274658203,112.52999877929688,112.13999938964844,112.41000366210938,96.68949127197266,7113900
2016-11-17,112.52999877929688,113.04000091552734,112.3499984741211,112.9800033569336,97.1798095703125,1874800
2016-11-18,113.05000305175781,113.12000274658203,112.66999816894531,112.7699966430664,96.9991683959961,2298200
2016-11-21,113.12000274658203,113.62999725341797,112.87000274658203,113.62000274658203,97.73027038574219,2493900
2016-11-22,113.87999725341797,114.04000091552734,113.44000244140625,113.94999694824219,98.01414489746094,2673200
2016-11-23,113.72000122070312,114.12000274658203,113.48999786376953,114.11000061035156,98.1517562866211,1818700
2016-11-25,114.3499984741211,114.55000305175781,114.20999908447266,114.55000305175781,98.53022003173828,889800
2016-11-28,114.31999969482422,114.41000366210938,113.80000305175781,113.88999938964844,97.9625244140625,1849800
2016-11-29,113.9000015258789,114.3499984741211,113.68000030517578,114.05000305175781,98.10015106201172,1544200
2016-11-30,114.47000122070312,114.55000305175781,113.77999877929688,113.77999877929688,97.86791229248047,4406200
2016-12-01,114.02999877929688,114.02999877929688,113.06999969482422,113.30999755859375,97.46365356445312,2601100
2016-12-02,113.33999633789062,113.66999816894531,113.1500015258789,113.30999755859375,97.46365356445312,1755900
2016-12-05,113.9000015258789,114.37000274658203,113.7699966430664,114.0999984741211,98.14315032958984,3842900
2016-12-06,114.33999633789062,114.70999908447266,114.0199966430664,114.68000030517578,98.64205169677734,2357100
2016-12-07,114.62999725341797,116.19000244140625,114.51000213623047,116.0999984741211,99.86347198486328,4000000
2016-12-08,116.18000030517578,116.8499984741211,115.97000122070312,116.5199966430664,100.22471618652344,2679400
2016-12-09,116.7699966430664,117.1500015258789,116.62000274658203,117.1500015258789,100.76663208007812,2310200
2016-12-12,117.12000274658203,117.3499984741211,116.58999633789062,116.8499984741211,100.50857543945312,4224500
2016-12-13,117.30000305175781,117.79000091552734,117.12999725341797,117.52999877929688,101.09346771240234,4393900
2016-12-14,117.4800033569336,117.7300033569336,116.2300033569336,116.47000122070312,100.18171691894531,3885400
2016-12-15,116.55999755859375,117.52999877929688,116.5,116.94999694824219,100.59457397460938,3343100
2016-12-16,117.2699966430664,117.37999725341797,116.58999633789062,116.7699966430664,100.43976593017578,1991600
2016-12-19,116.95999908447266,117.31999969482422,116.80000305175781,117.0999984741211,100.7236099243164,2405700
2016-12-20,116.87999725341797,116.93000030517578,116.5999984741211,116.87000274658203,101.1537857055664,2942400
2016-12-21,116.87000274658203,116.91999816894531,116.54000091552734,116.54000091552734,100.86814880371094,2248600
2016-12-22,116.41999816894531,116.51000213623047,115.9800033569336,116.23999786376953,100.6084976196289,3105800
2016-12-23,116.2300033569336,116.41999816894531,116.12999725341797,116.41999816894531,100.76428985595703,2325800
2016-12-27,116.56999969482422,116.98999786376953,116.5,116.70999908447266,101.0152816772461,3386800
2016-12-28,116.87999725341797,116.93000030517578,115.66000366210938,115.73999786376953,100.17572784423828,2591000
2016-12-29,115.73999786376953,116.02999877929688,115.47000122070312,115.75,100.18439483642578,1622700
2016-12-30,116.0,116.0,114.95999908447266,115.31999969482422,99.81218719482422,2909900
2017-01-03,116.1500015258789,116.55000305175781,115.48999786376953,116.19999694824219,100.57390594482422,2731600
2017-01-04,116.47000122070312,117.19000244140625,116.41999816894531,117.08999633789062,101.34416198730469,3228700
2017-01-05,116.94999694824219,117.08999633789062,116.4000015258789,116.86000061035156,101.14511108398438,2604000
2017-01-06,117.0199966430664,117.5199966430664,116.63999938964844,117.2300033569336,101.46537017822266,2317600
2017-01-09,117.0999984741211,117.13999938964844,116.73999786376953,116.77999877929688,101.0759048461914,2461400
2017-01-10,116.76000213623047,117.36000061035156,116.62000274658203,116.87000274658203,101.1537857055664,2055300
2017-01-11,116.91000366210938,117.23999786376953,116.48999786376953,117.23999786376953,101.47402954101562,2751800
2017-01-12,117.04000091552734,117.04000091552734,116.01000213623047,116.93000030517578,101.2057113647461,2342300
2017-01-13,116.98999786376953,117.4000015258789,116.9800033569336,117.22000122070312,101.45669555664062,2031800
2017-01-17,116.86000061035156,117.05999755859375,116.47000122070312,116.69999694824219,101.00664520263672,2583600
2017-01-18,116.80000305175781,117.0,116.4800033569336,116.97000122070312,101.24031829833984,1901700
2017-01-19,117.02999877929688,117.13999938964844,116.23999786376953,116.51000213623047,100.84217071533203,1899300
2017-01-20,116.83999633789062,117.2300033569336,116.58999633789062,116.91000366210938,101.18838500976562,2636100
2017-01-23,116.75,116.97000122070312,116.16999816894531,116.5999984741211,100.92007446289062,1938900
2017-01-24,116.81999969482422,117.73999786376953,116.73999786376953,117.51000213623047,101.70771026611328,2165400
2017-01-25,118.0199966430664,118.55999755859375,117.94000244140625,118.5199966430664,102.5818862915039,2427800
2017-01-26,118.55999755859375,118.62000274658203,118.2300033569336,118.3499984741211,102.43475341796875,2178500
2017-01-27,118.44999694824219,118.4800033569336,118.0199966430664,118.16000366210938,102.27027893066406,1479500
2017-01-30,117.7300033569336,117.80000305175781,116.68000030517578,117.36000061035156,101.577880859375,3006100
2017-01-31,117.0,117.45999908447266,116.7300033569336,117.45999908447266,101.66443634033203,3309700
2017-02-01,117.86000061035156,118.04000091552734,117.06999969482422,117.44999694824219,101.65576934814453,2614500
2017-02-02,117.20999908447266,117.72000122070312,117.0199966430664,117.52999877929688,101.72502136230469,1745200
2017-02-03,117.98999786376953,118.5199966430664,117.91999816894531,118.41999816894531,102.49532318115234,1837600
2017-02-06,118.26000213623047,118.41000366210938,117.94000244140625,118.13999938964844,102.25298309326172,1598800
2017-02-07,118.43000030517578,118.52999877929688,117.95999908447266,118.12999725341797,102.24434661865234,3365700
2017-02-08,118.12999725341797,118.31999969482422,117.69000244140625,118.26000213623047,102.3568344116211,1836000
2017-02-09,118.26000213623047,119.20999908447266,118.26000213623047,119.04000091552734,103.0319595336914,1635300
2017-02-10,119.29000091552734,119.69999694824219,119.20999908447266,119.54000091552734,103.46470642089844,1837800
2017-02-13,119.91999816894531,120.33000183105469,119.87000274658203,120.13999938964844,103.98405456542969,1985500
2017-02-14,120.0999984741211,120.62999725341797,119.8499984741211,120.58000183105469,104.3648452758789,2051200
2017-02-15,120.56999969482422,121.3499984741211,120.44999694824219,121.23999786376953,104.93608856201172,1998200
2017-02-16,121.25,121.37000274658203,120.63999938964844,121.12999725341797,104.84090423583984,2034600
2017-02-17,120.66000366210938,121.30999755859375,120.66000366210938,121.30999755859375,104.9967041015625,1948400
2017-02-21,121.55000305175781,122.12999725341797,121.38999938964844,122.02999877929688,105.61988067626953,2422800
2017-02-22,121.81999969482422,122.02999877929688,121.68000030517578,121.87000274658203,105.48138427734375,1974000
2017-02-23,122.20999908447266,122.2300033569336,121.31999969482422,121.77999877929688,105.40351104736328,2024900
2017-02-24,121.37999725341797,121.98999786376953,121.23999786376953,121.9800033569336,105.57660675048828,2962900
2017-02-27,121.91999816894531,122.36000061035156,121.73999786376953,122.25,105.8102798461914,2625100
2017-02-28,122.18000030517578,122.18000030517578,121.61000061035156,121.80000305175781,105.4207992553711,2231800
2017-03-01,122.80999755859375,123.7300033569336,122.6500015258789,123.44000244140625,106.84026336669922,2874400
2017-03-02,123.41999816894531,123.41999816894531,122.61000061035156,122.6500015258789,106.15650939941406,2421400
2017-03-03,122.62999725341797,122.80000305175781,122.33000183105469,122.75,106.2430419921875,1651200
2017-03-06,122.4800033569336,122.4800033569336,121.9000015258789,122.2699966430664,105.82758331298828,1716200
2017-03-07,122.20999908447266,122.29000091552734,121.75,121.87999725341797,105.49004364013672,1612500
2017-03-08,121.98999786376953,122.18000030517578,121.47000122070312,121.54000091552734,105.19576263427734,2374200
2017-03-09,121.5999984741211,121.88999938964844,121.0199966430664,121.5999984741211,105.24769592285156,3852800
2017-03-10,122.19000244140625,122.25,121.45999908447266,122.04000091552734,105.62852478027344,2987300
2017-03-13,122.05999755859375,122.16000366210938,121.86000061035156,122.12999725341797,105.70640563964844,2003900
2017-03-14,121.87000274658203,121.87000274658203,121.23999786376953,121.69000244140625,105.32559967041016,2269500
2017-03-15,121.9800033569336,123.04000091552734,121.88999938964844,122.79000091552734,106.27767181396484,1892200
2017-03-16,122.95999908447266,123.0,122.43000030517578,122.63999938964844,106.14781951904297,2050100
2017-03-17,122.83999633789062,122.87999725341797,122.44999694824219,122.56999969482422,106.08726501464844,1974000
2017-03-20,122.51000213623047,122.62000274658203,122.06999969482422,122.27999877929688,105.83626556396484,3239900
2017-03-21,122.69000244140625,122.72000122070312,120.44000244140625,120.56999969482422,104.35623931884766,3355100
2017-03-22,120.4800033569336,120.91000366210938,120.0999984741211,120.7300033569336,104.49470520019531,2896300
2017-03-23,120.66000366210938,121.38999938964844,120.47000122070312,120.69000244140625,104.4601058959961,2257100
2017-03-24,120.41999816894531,120.73999786376953,119.66000366210938,120.16000366210938,104.47051239013672,2305400
2017-03-27,119.18000030517578,120.19000244140625,118.88999938964844,120.0199966430664,104.34878540039062,2927700
2017-03-28,119.95999908447266,121.13999938964844,119.77999877929688,120.86000061035156,105.07911682128906,2699200
2017-03-29,120.87999725341797,121.2300033569336,120.58000183105469,121.08000183105469,105.2703857421875,3196500
2017-03-30,121.13999938964844,121.62000274658203,120.98999786376953,121.52999877929688,105.66161346435547,2076900
2017-03-31,121.41999816894531,121.72000122070312,121.26000213623047,121.31999969482422,105.47906494140625,1815900
2017-04-03,121.44999694824219,121.5,120.33000183105469,121.0199966430664,105.21820068359375,3103100
2017-04-04,120.88999938964844,121.11000061035156,120.63999938964844,121.08000183105469,105.2703857421875,2462600
2017-04-05,121.48999786376953,122.0199966430664,120.44000244140625,120.58999633789062,104.84435272216797,3905800
2017-04-06,120.69000244140625,121.26000213623047,120.37999725341797,120.97000122070312,105.17474365234375,2056100
2017-04-07,120.83999633789062,121.29000091552734,120.58999633789062,120.87999725341797,105.09647369384766,1997000
2017-04-10,121.04000091552734,121.51000213623047,120.69999694824219,121.02999877929688,105.2269287109375,1669500
2017-04-11,120.87000274658203,121.0,120.05999755859375,120.98999786376953,105.19213104248047,2895500
2017-04-12,120.87999725341797,120.98999786376953,120.2300033569336,120.37000274658203,104.65308380126953,1967200
2017-04-13,120.1500015258789,120.55999755859375,119.55000305175781,119.55000305175781,103.94017028808594,2852200
2017-04-17,119.87999725341797,120.61000061035156,119.68000030517578,120.58999633789062,104.84435272216797,3198700
2017-04-18,120.19999694824219,120.56999969482422,119.8499984741211,120.33000183105469,104.61831665039062,1865800
2017-04-19,120.72000122070312,120.91999816894531,120.08000183105469,120.2300033569336,104.5313720703125,1806900
2017-04-20,120.58999633789062,121.43000030517578,120.37000274658203,121.22000122070312,105.39210510253906,1783400
2017-04-21,121.20999908447266,121.20999908447266,120.61000061035156,120.83000183105469,105.05303192138672,2006500
2017-04-24,122.16999816894531,122.27999877929688,121.87999725341797,122.11000061035156,106.16590118408203,2178800
2017-04-25,122.55999755859375,123.08999633789062,122.5199966430664,122.87000274658203,106.82666015625,2145200
2017-04-26,122.9000015258789,123.44999694824219,122.8499984741211,122.9000015258789,106.85274505615234,3080100
2017-04-27,123.12000274658203,123.20999908447266,122.69000244140625,123.0199966430664,106.95707702636719,1868200
2017-04-28,123.16000366210938,123.20999908447266,122.55000305175781,122.61000061035156,106.6006088256836,1795800
2017-05-01,122.93000030517578,123.19000244140625,122.62000274658203,122.93000030517578,106.87881469726562,1983100
2017-05-02,123.08999633789062,123.25,122.69999694824219,122.93000030517578,106.87881469726562,1756900
2017-05-03,122.58999633789062,122.77999877929688,122.27999877929688,122.62999725341797,106.61798858642578,3691000
2017-05-04,122.83000183105469,122.83000183105469,122.16000366210938,122.72000122070312,106.69625854492188,1564300
2017-05-05,122.94999694824219,123.33000183105469,122.68000030517578,123.33000183105469,107.22660064697266,2057700
2017-05-08,123.36000061035156,123.44999694824219,122.9000015258789,123.13999938964844,107.06139373779297,2150900
2017-05-09,123.36000061035156,123.43000030517578,122.8499984741211,123.0999984741211,107.02664184570312,1846200
2017-05-10,123.08999633789062,123.37999725341797,122.93000030517578,123.37000274658203,107.26139068603516,1468500
2017-05-11,123.0199966430664,123.12999725341797,122.33000183105469,123.01000213623047,106.9483871459961,1499600
2017-05-12,122.91000366210938,122.91000366210938,122.5999984741211,122.7699966430664,106.73970031738281,1235300
2017-05-15,123.06999969482422,123.58999633789062,123.04000091552734,123.43000030517578,107.31354522705078,3097000
2017-05-16,123.62999725341797,123.6500015258789,123.06999969482422,123.36000061035156,107.25267791748047,2128400
2017-05-17,122.30999755859375,122.55999755859375,121.06999969482422,121.13999938964844,105.32254028320312,3703500
2017-05-18,120.94000244140625,122.0199966430664,120.8499984741211,121.5,105.63555145263672,2883400
2017-05-19,121.91000366210938,122.7699966430664,121.81999969482422,122.37000274658203,106.39195251464844,2144200
2017-05-22,122.66999816894531,123.0999984741211,122.63999938964844,123.0199966430664,106.95707702636719,1810100
2017-05-23,123.25,123.38999938964844,122.94999694824219,123.2300033569336,107.13964080810547,1796600
2017-05-24,123.44000244140625,123.66000366210938,123.2300033569336,123.58999633789062,107.45265197753906,1552200
2017-05-25,123.9000015258789,124.2699966430664,123.79000091552734,124.11000061035156,107.90473175048828,1492300
2017-05-26,124.0,124.1500015258789,123.93000030517578,124.08999633789062,107.88734436035156,1320800
2017-05-30,123.87000274658203,124.05999755859375,123.70999908447266,123.88999938964844,107.71346282958984,1348300
2017-05-31,124.01000213623047,124.08999633789062,123.30999755859375,123.8499984741211,107.6786880493164,2043800
2017-06-01,124.16999816894531,125.0,123.95999908447266,125.0,108.67852783203125,1926700
2017-06-02,125.08999633789062,125.58000183105469,124.87000274658203,125.41000366210938,109.03500366210938,2839300
2017-06-05,125.41999816894531,125.5,125.22000122070312,125.25,108.89588165283203,1494200
2017-06-06,124.95999908447266,125.29000091552734,124.77999877929688,124.93000030517578,108.61768341064453,2985200
2017-06-07,125.12000274658203,125.23999786376953,124.68000030517578,125.06999969482422,108.73938751220703,1253300
2017-06-08,125.12000274658203,125.52999877929688,124.87999725341797,125.29000091552734,108.93067169189453,1826700
2017-06-09,125.4800033569336,126.0199966430664,124.44999694824219,125.19000244140625,108.84375,2585600
2017-06-12,125.05999755859375,125.19999694824219,124.62999725341797,125.16999816894531,108.82632446289062,1973500
2017-06-13,125.5199966430664,125.83999633789062,125.31999969482422,125.79000091552734,109.3653793334961,1567400
2017-06-14,126.0,126.0199966430664,125.0999984741211,125.61000061035156,109.20889282226562,2584300
2017-06-15,124.7699966430664,125.3499984741211,124.62999725341797,125.33000183105469,108.9654541015625,2483500
2017-06-16,125.41999816894531,125.52999877929688,124.73999786376953,125.25,108.89588165283203,2018000
2017-06-19,125.66999816894531,126.3499984741211,125.66999816894531,126.2699966430664,109.7826919555664,1816100
2017-06-20,126.16000366210938,126.16999816894531,125.4000015258789,125.41000366210938,109.03500366210938,1359500
2017-06-21,125.11000061035156,125.19999694824219,124.51000213623047,124.69000244140625,108.9083480834961,3364600
2017-06-22,124.77999877929688,125.08000183105469,124.58999633789062,124.73999786376953,108.95204162597656,1639300
2017-06-23,124.80999755859375,125.19000244140625,124.58000183105469,125.05000305175781,109.22281646728516,1829300
2017-06-26,125.44999694824219,125.69000244140625,124.94999694824219,125.13999938964844,109.30140686035156,2605600
2017-06-27,125.08999633789062,125.2300033569336,124.0999984741211,124.11000061035156,108.4017333984375,2386300
2017-06-28,124.7699966430664,125.41000366210938,124.58999633789062,125.27999877929688,109.42366790771484,2444400
2017-06-29,125.45999908447266,125.4800033569336,123.4800033569336,124.27999877929688,108.55025482177734,2354500
2017-06-30,124.76000213623047,124.9000015258789,124.30000305175781,124.44999694824219,108.69873046875,1910000
2017-07-03,124.98999786376953,125.30000305175781,124.75,124.75,108.96076965332031,1645700
2017-07-05,124.9800033569336,125.0199966430664,124.38999938964844,124.88999938964844,109.08305358886719,2167500
2017-07-06,124.44000244140625,124.55000305175781,123.55999755859375,123.66000366210938,108.00873565673828,1881800
2017-07-07,123.95999908447266,124.62000274658203,123.9000015258789,124.5199966430664,108.7598648071289,1709700
2017-07-10,124.5,124.83000183105469,124.36000061035156,124.61000061035156,108.83849334716797,1404700
2017-07-11,124.52999877929688,124.7300033569336,123.83000183105469,124.58000183105469,108.81228637695312,1560200
2017-07-12,125.19999694824219,125.62999725341797,125.0999984741211,125.47000122070312,109.58963775634766,1993100
2017-07-13,125.55999755859375,125.76000213623047,125.30999755859375,125.66999816894531,109.76433563232422,1514100
2017-07-14,125.7699966430664,126.5,125.6500015258789,126.2300033569336,110.2534408569336,1410900
2017-07-17,126.27999877929688,126.44999694824219,126.12000274658203,126.2300033569336,110.2534408569336,1798400
2017-07-18,126.11000061035156,126.33000183105469,125.77999877929688,126.30999755859375,110.32334899902344,2010000
2017-07-19,126.51000213623047,127.05000305175781,126.51000213623047,127.04000091552734,110.9609146118164,1276400
2017-07-20,127.27999877929688,127.27999877929688,126.80000305175781,127.12000274658203,111.03079986572266,1463800
2017-07-21,126.80999755859375,126.98999786376953,126.63999938964844,126.94999694824219,110.88232421875,1819500
2017-07-24,126.91000366210938,127.05999755859375,126.69000244140625,126.95999908447266,110.89104461669922,4897700
2017-07-25,127.51000213623047,127.56999969482422,127.19999694824219,127.37999725341797,111.25789642333984,1709400
2017-07-26,127.55000305175781,127.5999984741211,127.16999816894531,127.29000091552734,111.17929077148438,1624400
2017-07-27,127.58000183105469,127.58000183105469,126.30999755859375,127.06999969482422,110.98712921142578,1707800
2017-07-28,126.77999877929688,126.95999908447266,126.54000091552734,126.86000061035156,110.80370330810547,1651800
2017-07-31,127.11000061035156,127.18000030517578,126.62000274658203,126.79000091552734,110.7425765991211,1496600
2017-08-01,127.18000030517578,127.20999908447266,126.80000305175781,127.05000305175781,110.96965789794922,1790600
2017-08-02,127.13999938964844,127.13999938964844,126.37000274658203,126.93000030517578,110.86482238769531,2929400
2017-08-03,126.9000015258789,126.91000366210938,126.5199966430664,126.63999938964844,110.61154174804688,2582500
2017-08-04,127.0,127.06999969482422,126.69999694824219,126.91000366210938,110.8473892211914,972400
2017-08-07,127.05999755859375,127.18000030517578,126.87999725341797,127.16000366210938,111.06572723388672,1114700
2017-08-08,127.05000305175781,127.72000122070312,126.61000061035156,126.80999755859375,110.76004791259766,1360300
2017-08-09,126.3499984741211,126.69000244140625,126.16999816894531,126.66999816894531,110.63774108886719,1679900
2017-08-10,126.13999938964844,126.20999908447266,124.80000305175781,124.80999755859375,109.01315307617188,2455300
2017-08-11,124.94000244140625,125.33000183105469,124.80000305175781,125.04000091552734,109.21404266357422,2039100
2017-08-14,125.80000305175781,126.43000030517578,125.61000061035156,126.31999969482422,110.33206176757812,1467400
2017-08-15,126.61000061035156,126.62999725341797,126.08000183105469,126.19999694824219,110.22726440429688,1523000
2017-08-16,126.5,126.80000305175781,126.2300033569336,126.43000030517578,110.42811584472656,1379800
2017-08-17,126.08999633789062,126.29000091552734,124.41999816894531,124.41999816894531,108.67253112792969,3440500
2017-08-18,124.4800033569336,124.94000244140625,123.94999694824219,124.20999908447266,108.48910522460938,2836500
2017-08-21,124.22000122070312,124.4800033569336,123.79000091552734,124.38999938964844,108.64633178710938,1627300
2017-08-22,124.7300033569336,125.75,124.55999755859375,125.63999938964844,109.73812103271484,2089500
2017-08-23,125.06999969482422,125.51000213623047,125.0199966430664,125.26000213623047,109.40621948242188,1268800
2017-08-24,125.5,125.62999725341797,124.94000244140625,125.05999755859375,109.2315444946289,1381700
2017-08-25,125.41999816894531,125.8499984741211,125.23999786376953,125.36000061035156,109.49354553222656,1158200
2017-08-28,125.66000366210938,125.66000366210938,125.11000061035156,125.41000366210938,109.53723907470703,1787900
2017-08-29,124.58999633789062,125.62000274658203,124.5199966430664,125.45999908447266,109.58088684082031,1312300
2017-08-30,125.45999908447266,126.27999877929688,125.37999725341797,126.12000274658203,110.1573715209961,1730600
2017-08-31,126.45999908447266,127.13999938964844,126.45999908447266,126.9800033569336,110.90852355957031,3384400
2017-09-01,127.2300033569336,127.45999908447266,127.12000274658203,127.2699966430664,111.16181182861328,2122600
2017-09-05,126.91999816894531,127.0999984741211,125.69000244140625,126.29000091552734,110.30583953857422,2319000
2017-09-06,126.69000244140625,126.86000061035156,126.31999969482422,126.63999938964844,110.61154174804688,1449900
2017-09-07,126.95999908447266,126.95999908447266,126.31999969482422,126.58000183105469,110.55912780761719,1218600
2017-09-08,126.3499984741211,126.73999786376953,126.2699966430664,126.48999786376953,110.48053741455078,1206100
2017-09-11,127.1500015258789,127.91000366210938,127.1500015258789,127.8499984741211,111.66841888427734,1346500
2017-09-12,128.0399932861328,128.33999633789062,128.0,128.33999633789062,112.09638977050781,2264200
2017-09-13,128.22999572753906,128.41000366210938,128.1199951171875,128.39999389648438,112.14881134033203,1692500
2017-09-14,128.22999572753906,128.47999572753906,128.07000732421875,128.36000061035156,112.11384582519531,1493200
2017-09-15,128.30999755859375,128.6199951171875,128.1999969482422,128.60000610351562,112.3234634399414,1531300
2017-09-18,128.85000610351562,129.10000610351562,128.69000244140625,128.91000366210938,112.59426879882812,1792300
2017-09-19,129.05999755859375,129.10000610351562,128.85000610351562,128.97000122070312,112.64669036865234,1241700
2017-09-20,129.10000610351562,129.2100067138672,128.60000610351562,129.17999267578125,112.83008575439453,1729200
2017-09-21,129.1199951171875,129.1300048828125,128.72000122070312,128.82000732421875,112.51566314697266,1730600
2017-09-22,128.13999938964844,128.44000244140625,127.98999786376953,128.3699951171875,112.60599517822266,1601600
2017-09-25,128.24000549316406,128.42999267578125,127.69000244140625,128.16000366210938,112.4217758178711,2186000
2017-09-26,128.35000610351562,128.50999450683594,128.11000061035156,128.19000244140625,112.44811248779297,1851500
2017-09-27,128.83999633789062,129.10000610351562,128.1699981689453,128.88999938964844,113.0621109008789,2374400
2017-09-28,128.82000732421875,129.1300048828125,128.66000366210938,129.10000610351562,113.24633026123047,1484800
2017-09-29,129.02000427246094,129.55999755859375,129.00999450683594,129.52000427246094,113.61474609375,1720600
2017-10-02,129.63999938964844,130.1999969482422,129.5500030517578,130.1999969482422,114.21125793457031,2678000
2017-10-03,130.30999755859375,130.5,130.1300048828125,130.4600067138672,114.43931579589844,1825100
2017-10-04,130.4499969482422,130.77999877929688,130.3000030517578,130.58999633789062,114.55335998535156,1495700
2017-10-05,130.72999572753906,131.33999633789062,130.72000122070312,131.27999877929688,115.15864562988281,2387200
2017-10-06,131.05999755859375,131.22999572753906,130.91000366210938,131.19000244140625,115.07966613769531,1635000
2017-10-09,131.3000030517578,131.36000061035156,130.75999450683594,130.92999267578125,114.85159301757812,1012100
2017-10-10,131.25,131.47999572753906,130.94000244140625,131.24000549316406,115.12354278564453,2915300
2017-10-11,131.24000549316406,131.42999267578125,131.10000610351562,131.4199981689453,115.28143310546875,2012700
2017-10-12,131.16000366210938,131.4499969482422,131.1199951171875,131.25999450683594,115.14107513427734,2171200
2017-10-13,131.5500030517578,131.58999633789062,131.27999877929688,131.36000061035156,115.22880554199219,1543900
2017-10-16,131.5,131.64999389648438,131.27000427246094,131.4499969482422,115.30775451660156,1789500
2017-10-17,131.5,131.57000732421875,131.33999633789062,131.50999450683594,115.36040496826172,1340600
2017-10-18,131.8000030517578,131.8300018310547,131.57000732421875,131.67999267578125,115.50946807861328,1470900
2017-10-19,131.25,131.7100067138672,130.94000244140625,131.7100067138672,115.53585815429688,1942600
2017-10-20,132.07000732421875,132.4499969482422,132.07000732421875,132.4199981689453,116.15861511230469,1751000
2017-10-23,132.6300048828125,132.67999267578125,131.7899932861328,131.86000061035156,115.66741943359375,1755700
2017-10-24,132.16000366210938,132.22999572753906,131.88999938964844,132.08999633789062,115.86919403076172,1574400
2017-10-25,131.91000366210938,131.9499969482422,130.69000244140625,131.39999389648438,115.26385498046875,2186500
2017-10-26,131.72000122070312,132.00999450683594,131.49000549316406,131.57000732421875,115.41304779052734,5396300
2017-10-27,131.94000244140625,132.6699981689453,131.75999450683594,132.63999938964844,116.35162353515625,2672600
2017-10-30,131.94000244140625,132.5399932861328,131.89999389648438,132.05999755859375,115.84286499023438,1688900
2017-10-31,132.27000427246094,132.5,132.1199951171875,132.3300018310547,116.07968139648438,2378300
2017-11-01,132.8300018310547,133.02999877929688,132.1699981689453,132.44000244140625,116.17619323730469,2275500
2017-11-02,132.33999633789062,132.52999877929688,131.82000732421875,132.47000122070312,116.20250701904297,5097200
2017-11-03,132.5399932861328,132.88999938964844,132.27999877929688,132.82000732421875,116.509521484375,2677400
2017-11-06,132.77000427246094,133.1699981689453,132.75,133.07000732421875,116.72882843017578,2017700
2017-11-07,133.16000366210938,133.3300018310547,132.52999877929688,132.83999633789062,116.52706146240234,2527400
2017-11-08,132.72999572753906,133.1199951171875,132.5500030517578,133.05999755859375,116.72003173828125,1267700
2017-11-09,132.3800048828125,132.74000549316406,131.6199951171875,132.52000427246094,116.24635314941406,4320300
2017-11-10,132.24000549316406,132.6300048828125,132.1699981689453,132.5399932861328,116.2638931274414,2042100
2017-11-13,132.11000061035156,132.75,132.0800018310547,132.61000061035156,116.32528686523438,1876000
2017-11-14,132.22000122070312,132.4199981689453,131.7899932861328,132.3699951171875,116.11479187011719,3776500
2017-11-15,131.7899932861328,132.0800018310547,131.2100067138672,131.69000244140625,115.51828002929688,1772400
2017-11-16,132.11000061035156,133.10000610351562,132.11000061035156,132.88999938964844,116.57093811035156,1730600
2017-11-17,132.63999938964844,132.91000366210938,132.61000061035156,132.63999938964844,116.35162353515625,4850200
2017-11-20,132.82000732421875,133.0500030517578,132.67999267578125,132.97999572753906,116.64988708496094,1805700
2017-11-21,133.44000244140625,133.94000244140625,133.4199981689453,133.89999389648438,117.45687866210938,1956900
2017-11-22,133.94000244140625,134.0,133.69000244140625,133.8000030517578,117.36917114257812,1295600
2017-11-24,134.0800018310547,134.1300048828125,133.97999572753906,134.11000061035156,117.64111328125,670500
2017-11-27,134.1199951171875,134.2899932861328,133.8699951171875,133.97000122070312,117.51831817626953,1754300
2017-11-28,134.25,135.36000061035156,134.13999938964844,135.3000030517578,118.68501281738281,2922900
2017-11-29,135.4600067138672,135.7899932861328,135.02000427246094,135.3000030517578,118.68501281738281,2066300
2017-11-30,135.8800048828125,136.9199981689453,135.77999877929688,136.33999633789062,119.59725189208984,2854400
2017-12-01,136.27999877929688,136.5,134.0399932861328,136.07000732421875,119.36042022705078,3585700
2017-12-04,137.0399932861328,137.3800048828125,135.8800048828125,135.88999938964844,119.20252227783203,3119400
2017-12-05,136.08999633789062,136.3300018310547,135.22999572753906,135.30999755859375,118.69377136230469,2583300
2017-12-06,135.33999633789062,135.4600067138672,135.0,135.22999572753906,118.62358093261719,2835600
2017-12-07,135.13999938964844,135.94000244140625,135.0800018310547,135.77000427246094,119.09725189208984,1537600
2017-12-08,136.3699951171875,136.52000427246094,136.07000732421875,136.47999572753906,119.72007751464844,1502600
2017-12-11,136.5,136.8300018310547,136.47999572753906,136.8000030517578,120.00077056884766,1934300
2017-12-12,136.97999572753906,137.25,136.80999755859375,136.9499969482422,120.13235473632812,1517200
2017-12-13,137.02999877929688,137.42999267578125,136.91000366210938,136.97000122070312,120.14990997314453,1858800
2017-12-14,137.22000122070312,137.24000549316406,136.27000427246094,136.3300018310547,119.58848571777344,1856100
2017-12-15,136.9499969482422,137.8300018310547,136.8699951171875,137.5500030517578,120.65866088867188,2293000
2017-12-18,138.25999450683594,138.67999267578125,138.25999450683594,138.5,121.49198913574219,2696300
2017-12-19,138.72000122070312,138.72000122070312,137.89999389648438,137.94000244140625,121.00077056884766,3642100
2017-12-20,138.5,138.5500030517578,137.67999267578125,137.92999267578125,120.99201965332031,2522200
2017-12-21,137.6199951171875,137.92999267578125,137.38999938964844,137.57000732421875,121.2679214477539,2111200
2017-12-22,137.63999938964844,137.86000061035156,137.19000244140625,137.52000427246094,121.22386169433594,1926000
2017-12-26,137.33999633789062,137.52000427246094,137.2899932861328,137.41000366210938,121.12686157226562,2051300
2017-12-27,137.5800018310547,137.72000122070312,137.33999633789062,137.4600067138672,121.1709213256836,2242400
2017-12-28,137.7899932861328,137.80999755859375,137.50999450683594,137.75999450683594,121.4354019165039,2936500
2017-12-29,138.0800018310547,138.10000610351562,137.14999389648438,137.25,120.98583221435547,2256500
2018-01-02,137.75,138.22999572753906,137.44000244140625,138.22000122070312,121.84086608886719,3699700
2018-01-03,138.38999938964844,139.10000610351562,138.3000030517578,139.02000427246094,122.54608154296875,3052300
2018-01-04,139.4199981689453,139.80999755859375,139.35000610351562,139.5500030517578,123.0132827758789,2572400
2018-01-05,140.02000427246094,140.44000244140625,139.72000122070312,140.3699951171875,123.73611450195312,2188500
2018-01-08,140.30999755859375,140.77000427246094,140.10000610351562,140.69000244140625,124.01819610595703,2655300
2018-01-09,140.9199981689453,141.30999755859375,140.7100067138672,140.9499969482422,124.24740600585938,2625200
2018-01-10,140.57000732421875,140.85000610351562,140.07000732421875,140.72999572753906,124.05343627929688,2014900
2018-01-11,141.0,141.9199981689453,140.97000122070312,141.9199981689453,125.10247039794922,2188000
2018-01-12,142.0800018310547,142.85000610351562,142.0,142.75,125.83409118652344,2661800
2018-01-16,143.52999877929688,143.82000732421875,141.7100067138672,142.1199951171875,125.27871704101562,3973400
2018-01-17,142.72000122070312,143.63999938964844,142.25,143.42999267578125,126.43350219726562,2756400
2018-01-18,143.4199981689453,143.5800018310547,142.89999389648438,143.17999267578125,126.21311950683594,2705800
2018-01-19,143.49000549316406,143.92999267578125,143.19000244140625,143.9199981689453,126.86541748046875,2119000
2018-01-22,143.83999633789062,145.05999755859375,143.83999633789062,145.05999755859375,127.87035369873047,2849900
2018-01-23,145.10000610351562,145.57000732421875,144.9199981689453,145.4199981689453,128.18765258789062,2261300
2018-01-24,145.85000610351562,146.11000061035156,144.6300048828125,145.27999877929688,128.0642547607422,3409300
2018-01-25,145.83999633789062,145.83999633789062,144.8699951171875,145.33999633789062,128.1171417236328,4234600
2018-01-26,145.82000732421875,146.8699951171875,145.6300048828125,146.86000061035156,129.45701599121094,1995900
2018-01-29,146.5800018310547,146.82000732421875,145.82000732421875,145.89999389648438,128.61077880859375,2688200
2018-01-30,144.74000549316406,145.14999389648438,144.14999389648438,144.3800048828125,127.27095794677734,4898200
2018-01-31,144.94000244140625,145.24000549316406,143.7899932861328,144.42999267578125,127.31501770019531,4670200
2018-02-01,143.97999572753906,145.02000427246094,143.83999633789062,144.3699951171875,127.26213836669922,2924800
2018-02-02,143.50999450683594,143.67999267578125,141.24000549316406,141.3000030517578,124.5559310913086,5323600
2018-02-05,140.2100067138672,141.39999389648438,135.14999389648438,135.74000549316406,119.65477752685547,10357400
2018-02-06,133.25999450683594,138.24000549316406,132.5,137.9600067138672,121.61168670654297,10791200
2018-02-07,137.8300018310547,139.55999755859375,137.35000610351562,137.35000610351562,121.07400512695312,6176300
2018-02-08,137.52999877929688,137.8000030517578,132.35000610351562,132.41000366210938,116.7193832397461,7683300
2018-02-09,133.89999389648438,135.2100067138672,129.83999633789062,134.22999572753906,118.32373809814453,9474000
2018-02-12,135.35000610351562,136.85000610351562,134.22999572753906,136.02000427246094,119.90155792236328,4251900
2018-02-13,135.33999633789062,136.6999969482422,135.00999450683594,136.4499969482422,120.28063201904297,2973000
2018-02-14,135.6199951171875,138.5500030517578,135.57000732421875,138.36000061035156,121.96431732177734,3076800
2018-02-15,139.3300018310547,140.0500030517578,137.9499969482422,140.0500030517578,123.4540023803711,2853000
2018-02-16,139.67999267578125,141.22999572753906,139.6699981689453,140.11000061035156,123.50689697265625,2813100
2018-02-20,139.55999755859375,140.44000244140625,138.82000732421875,139.27000427246094,122.76649475097656,2490000
2018-02-21,139.4499969482422,140.9600067138672,138.61000061035156,138.6199951171875,122.19349670410156,2182200
2018-02-22,139.19000244140625,140.08999633789062,138.3800048828125,138.7100067138672,122.27284240722656,2111700
2018-02-23,139.4499969482422,140.86000061035156,139.13999938964844,140.86000061035156,124.16804504394531,1439500
2018-02-26,141.5,142.41000366210938,141.0399932861328,142.33999633789062,125.4726791381836,1765700
2018-02-27,142.41000366210938,142.86000061035156,140.5500030517578,140.5500030517578,123.8947982788086,2305100
2018-02-28,141.17999267578125,141.39999389648438,138.97000122070312,139.0,122.52845764160156,2290500
2018-03-01,139.07000732421875,139.8800048828125,136.39999389648438,137.35000610351562,121.07400512695312,4846700
2018-03-02,136.27999877929688,138.50999450683594,135.8300018310547,138.24000549316406,121.85848999023438,3021300
2018-03-05,137.5500030517578,140.14999389648438,137.5,139.8000030517578,123.23362731933594,2916600
2018-03-06,140.36000061035156,140.61000061035156,139.32000732421875,140.30999755859375,123.68321228027344,2788000
2018-03-07,139.0500030517578,140.61000061035156,138.97000122070312,140.42999267578125,123.78900146484375,2569100
2018-03-08,140.8300018310547,141.02999877929688,140.11000061035156,140.9600067138672,124.2562484741211,2307500
2018-03-09,141.7899932861328,143.3000030517578,141.5500030517578,143.3000030517578,126.3188705444336,2325100
2018-03-12,143.49000549316406,143.85000610351562,142.9600067138672,143.22000122070312,126.24839782714844,1999200
2018-03-13,143.86000061035156,144.13999938964844,142.00999450683594,142.3300018310547,125.4638671875,2080500
2018-03-14,142.89999389648438,142.99000549316406,141.35000610351562,141.61000061035156,124.82919311523438,2103100
2018-03-15,141.9600067138672,142.22000122070312,141.11000061035156,141.4199981689453,124.66168212890625,1927900
2018-03-16,141.5800018310547,142.19000244140625,141.5800018310547,141.66000366210938,124.87324523925781,2641400
2018-03-19,141.16000366210938,141.39999389648438,138.86000061035156,139.83999633789062,123.26892852783203,3154300
2018-03-20,140.0,140.4199981689453,139.66000366210938,140.0500030517578,123.4540023803711,1672000
2018-03-21,140.0500030517578,141.24000549316406,139.77999877929688,139.92999267578125,123.34825134277344,2106700
2018-03-22,138.14999389648438,138.61000061035156,135.85000610351562,135.9499969482422,120.32655334472656,3130600
2018-03-23,136.1300048828125,136.44000244140625,133.02999877929688,133.10000610351562,117.80411529541016,5697000
2018-03-26,135.08999633789062,136.72999572753906,133.75999450683594,136.61000061035156,120.91073608398438,3859500
2018-03-27,137.17999267578125,137.30999755859375,133.42999267578125,134.19000244140625,118.76885986328125,3309900
2018-03-28,134.36000061035156,135.19000244140625,133.22999572753906,133.8800048828125,118.49449920654297,4740000
2018-03-29,134.49000549316406,136.58999633789062,134.16000366210938,135.72000122070312,120.1230239868164,2346400
2018-04-02,135.2899932861328,135.57000732421875,131.25999450683594,132.6300048828125,117.38814544677734,5703700
2018-04-03,133.35000610351562,134.5399932861328,132.35000610351562,134.27999877929688,118.8485107421875,3737200
2018-04-04,132.19000244140625,136.10000610351562,132.10000610351562,135.7899932861328,120.18499755859375,2928000
2018-04-05,136.64999389648438,137.22999572753906,136.11000061035156,136.74000549316406,121.02584075927734,2683600
2018-04-06,135.72999572753906,136.5399932861328,132.9199981689453,133.8699951171875,118.48563385009766,4942600
2018-04-09,134.72000122070312,136.3000030517578,134.16000366210938,134.32000732421875,118.88391876220703,2239400
2018-04-10,136.0,136.97000122070312,135.4600067138672,136.5,120.81339263916016,2153900
2018-04-11,135.6699981689453,136.8300018310547,135.39999389648438,135.8699951171875,120.25581359863281,2063800
2018-04-12,136.72999572753906,137.52999877929688,136.50999450683594,136.97000122070312,121.22937774658203,1858700
2018-04-13,137.72000122070312,137.75,136.00999450683594,136.5800018310547,120.88417053222656,2192600
2018-04-16,137.5399932861328,138.14999389648438,136.97000122070312,137.72000122070312,121.8931655883789,2892600
2018-04-17,138.72999572753906,139.52999877929688,138.42999267578125,139.1699981689453,123.17652893066406,2219900
2018-04-18,139.5399932861328,139.85000610351562,139.08999633789062,139.36000061035156,123.34474182128906,1554400
2018-04-19,138.97999572753906,139.17999267578125,138.02000427246094,138.60000610351562,122.67208099365234,4003900
2018-04-20,138.55999755859375,138.6699981689453,137.02999877929688,137.5,121.69847869873047,1669600
2018-04-23,137.77999877929688,138.16000366210938,136.80999755859375,137.4499969482422,121.65422821044922,2033700
2018-04-24,138.10000610351562,138.19000244140625,134.86000061035156,135.8000030517578,120.1938247680664,3053500
2018-04-25,135.77000427246094,136.25,134.61000061035156,135.9499969482422,120.32655334472656,2275400
2018-04-26,136.52000427246094,137.67999267578125,136.25,137.24000549316406,121.46835327148438,1284600
2018-04-27,137.5399932861328,137.74000549316406,136.8000030517578,137.3300018310547,121.54798889160156,1133600
2018-04-30,137.69000244140625,137.99000549316406,136.25,136.3300018310547,120.66292572021484,2277100
2018-05-01,136.0399932861328,136.60000610351562,135.1199951171875,136.5399932861328,120.8487777709961,1762700
2018-05-02,136.4600067138672,136.97000122070312,135.5399932861328,135.75,120.14957427978516,1661600
2018-05-03,135.19000244140625,135.8000030517578,133.66000366210938,135.3800048828125,119.82209014892578,2638000
2018-05-04,134.97000122070312,137.55999755859375,134.63999938964844,137.1300048828125,121.37098693847656,2379400
2018-05-07,137.64999389648438,138.30999755859375,137.3800048828125,137.72999572753906,121.90204620361328,1448000
2018-05-08,137.58999633789062,138.00999450683594,136.97999572753906,137.77999877929688,121.9462890625,1357400
2018-05-09,138.1999969482422,139.27000427246094,137.89999389648438,139.0800018310547,123.09687805175781,1451700
2018-05-10,139.50999450683594,140.5399932861328,139.44000244140625,140.2899932861328,124.1678466796875,1810100
2018-05-11,140.41000366210938,140.8699951171875,140.0500030517578,140.57000732421875,124.41566467285156,1199100
2018-05-14,140.94000244140625,141.3000030517578,140.38999938964844,140.63999938964844,124.47760772705078,1396900
2018-05-15,139.9499969482422,140.11000061035156,139.33999633789062,139.7899932861328,123.72530364990234,2279700
2018-05-16,139.85000610351562,140.75999450683594,139.85000610351562,140.47000122070312,124.32714080810547,1345900
2018-05-17,140.3800048828125,141.0399932861328,140.02000427246094,140.50999450683594,124.3625259399414,1658500
2018-05-18,140.36000061035156,140.50999450683594,139.97000122070312,140.1999969482422,124.08818054199219,910200
2018-05-21,141.05999755859375,141.52999877929688,140.83999633789062,141.25,125.01752471923828,1299600
2018-05-22,141.55999755859375,141.66000366210938,140.58999633789062,140.72999572753906,124.5572509765625,1213000
2018-05-23,140.08999633789062,141.10000610351562,140.0,141.10000610351562,124.88473510742188,1431800
2018-05-24,140.92999267578125,141.05999755859375,139.86000061035156,140.8699951171875,124.68118286132812,1405100
2018-05-25,140.60000610351562,140.91000366210938,140.27999877929688,140.60000610351562,124.44223022460938,1264500
2018-05-29,139.8000030517578,140.16000366210938,138.5399932861328,139.2100067138672,123.21195983886719,2695000
2018-05-30,139.97000122070312,141.30999755859375,139.91000366210938,141.00999450683594,124.80508422851562,1587000
2018-05-31,140.8800048828125,140.9499969482422,139.80999755859375,140.0399932861328,123.94654846191406,1700900
2018-06-01,140.92999267578125,141.64999389648438,140.75999450683594,141.5,125.23880004882812,1857800
2018-06-04,141.89999389648438,142.25999450683594,141.72999572753906,142.16000366210938,125.8229751586914,1592000
2018-06-05,142.25999450683594,142.52000427246094,141.8300018310547,142.3699951171875,126.00879669189453,2952100
2018-06-06,142.75,143.6300048828125,142.3800048828125,143.6300048828125,127.1240234375,3011000
2018-06-07,143.80999755859375,144.0,142.89999389648438,143.4199981689453,126.9381103515625,1663400
2018-06-08,143.27000427246094,143.94000244140625,143.1199951171875,143.91000366210938,127.37181091308594,1084200
2018-06-11,144.0,144.47000122070312,143.97000122070312,144.1199951171875,127.55772399902344,1664500
2018-06-12,144.39999389648438,144.61000061035156,144.0,144.4199981689453,127.82321166992188,1582300
2018-06-13,144.5399932861328,144.66000366210938,143.8000030517578,143.8800048828125,127.34526062011719,1402000
2018-06-14,144.39999389648438,144.57000732421875,143.88999938964844,144.2899932861328,127.70817565917969,1809800
2018-06-15,143.85000610351562,144.3300018310547,143.22999572753906,144.14999389648438,127.584228515625,3328300
2018-06-18,143.3000030517578,144.05999755859375,143.02999877929688,143.99000549316406,127.44264221191406,1603500
2018-06-19,142.75,143.6199951171875,142.39999389648438,143.50999450683594,127.01777648925781,1962500
2018-06-20,143.9499969482422,144.19000244140625,143.58999633789062,143.83999633789062,127.30984497070312,1468400
2018-06-21,143.8300018310547,143.85000610351562,142.55999755859375,142.85000610351562,126.43362426757812,1881300
2018-06-22,143.0,143.0800018310547,142.3699951171875,142.4499969482422,126.61407470703125,1226300
2018-06-25,141.85000610351562,141.99000549316406,139.5399932861328,140.4499969482422,124.83642578125,4347700
2018-06-26,140.6999969482422,141.25,140.3000030517578,140.77000427246094,125.12084197998047,2085300
2018-06-27,141.1999969482422,141.88999938964844,139.4499969482422,139.4600067138672,123.95646667480469,2958800
2018-06-28,139.42999267578125,140.69000244140625,138.99000549316406,140.3300018310547,124.72977447509766,2490500
2018-06-29,140.89999389648438,141.66000366210938,140.38999938964844,140.42999267578125,124.8186264038086,1834000
2018-07-02,139.55999755859375,140.8800048828125,139.42999267578125,140.77000427246094,125.12084197998047,2825900
2018-07-03,141.36000061035156,141.47000122070312,140.22000122070312,140.41000366210938,124.80082702636719,1325900
2018-07-05,141.1300048828125,141.6199951171875,140.4499969482422,141.60000610351562,125.85855865478516,2796400
2018-07-06,141.66000366210938,143.0,141.44000244140625,142.7899932861328,126.91625213623047,1756400
2018-07-09,143.4600067138672,144.11000061035156,143.13999938964844,144.08999633789062,128.07176208496094,2153000
2018-07-10,144.38999938964844,144.61000061035156,144.02999877929688,144.4600067138672,128.40061950683594,1437000
2018-07-11,143.6199951171875,144.10000610351562,143.10000610351562,143.42999267578125,127.48513793945312,2042300
2018-07-12,144.17999267578125,144.66000366210938,143.72000122070312,144.61000061035156,128.53395080566406,1440600
2018-07-13,144.52999877929688,144.97999572753906,144.25999450683594,144.6999969482422,128.6139373779297,1964700
2018-07-16,144.77000427246094,144.83999633789062,144.22000122070312,144.47000122070312,128.40951538085938,1571100
2018-07-17,144.02000427246094,145.3300018310547,144.00999450683594,145.1300048828125,128.99615478515625,1767100
2018-07-18,145.1300048828125,145.5,144.85000610351562,145.4499969482422,129.28057861328125,1327700
2018-07-19,145.07000732421875,145.4199981689453,144.60000610351562,145.10000610351562,128.96949768066406,2034200
2018-07-20,145.0,145.24000549316406,144.55999755859375,144.83999633789062,128.7383270263672,1507800
2018-07-23,144.7899932861328,145.16000366210938,144.47000122070312,145.07000732421875,128.9428253173828,1444500
2018-07-24,145.77000427246094,146.08999633789062,144.89999389648438,145.38999938964844,129.227294921875,2340000
2018-07-25,145.3000030517578,146.6699981689453,145.00999450683594,146.6300048828125,130.3293914794922,2125700
2018-07-26,146.22999572753906,146.74000549316406,146.0,146.38999938964844,130.11607360839844,2084600
2018-07-27,146.60000610351562,146.63999938964844,144.6300048828125,145.22000122070312,129.07611083984375,2535000
2018-07-30,145.22000122070312,145.33999633789062,144.05999755859375,144.27000427246094,128.23175048828125,5379700
2018-07-31,144.82000732421875,145.50999450683594,144.5399932861328,145.08999633789062,128.96058654785156,2003800
2018-08-01,145.19000244140625,145.52999877929688,144.49000549316406,144.9199981689453,128.8094940185547,1524100
2018-08-02,144.1699981689453,145.91000366210938,144.0800018310547,145.77999877929688,129.5738525390625,1508400
2018-08-03,145.88999938964844,146.2899932861328,145.75999450683594,146.27000427246094,130.0093994140625,1977100
2018-08-06,146.30999755859375,147.05999755859375,146.08999633789062,146.92999267578125,130.5960235595703,1802000
2018-08-07,146.30999755859375,147.6199951171875,146.30999755859375,147.41000366210938,131.02267456054688,2532500
2018-08-08,147.3300018310547,147.52999877929688,146.97999572753906,147.27000427246094,130.89820861816406,1270600
2018-08-09,147.3699951171875,147.67999267578125,147.07000732421875,147.1699981689453,130.8093719482422,1233800
2018-08-10,146.35000610351562,146.75999450683594,145.94000244140625,146.25,129.9916534423828,1854000
2018-08-13,146.39999389648438,146.75,145.4600067138672,145.69000244140625,129.49388122558594,1898200
2018-08-14,146.11000061035156,146.77999877929688,145.9199981689453,146.64999389648438,130.34718322753906,1784200
2018-08-15,145.8699951171875,146.02999877929688,144.63999938964844,145.49000549316406,129.31617736816406,2684700
2018-08-16,146.27999877929688,147.14999389648438,146.25999450683594,146.6300048828125,130.3293914794922,1347500
2018-08-17,146.4499969482422,147.38999938964844,146.3000030517578,147.1699981689453,130.8093719482422,2188300
2018-08-20,147.4499969482422,147.69000244140625,147.16000366210938,147.4499969482422,131.05821228027344,5759800
2018-08-21,147.77999877929688,148.50999450683594,147.77999877929688,148.0,131.5470733642578,2090900
2018-08-22,147.7899932861328,148.2899932861328,147.7100067138672,148.0500030517578,131.591552734375,1169600
2018-08-23,147.89999389648438,148.3699951171875,147.5800018310547,147.75999450683594,131.33375549316406,1351100
2018-08-24,148.14999389648438,148.75999450683594,148.10000610351562,148.67999267578125,132.15150451660156,1712700
2018-08-27,149.32000732421875,149.8699951171875,149.10000610351562,149.75,133.10255432128906,2126000
2018-08-28,150.10000610351562,150.1999969482422,149.52999877929688,149.83999633789062,133.18255615234375,3015300
2018-08-29,149.9600067138672,150.77000427246094,149.82000732421875,150.6300048828125,133.8846893310547,2688600
2018-08-30,150.30999755859375,150.60000610351562,149.6699981689453,150.00999450683594,133.33364868164062,2150400
2018-08-31,149.80999755859375,150.27999877929688,149.58999633789062,150.07000732421875,133.386962890625,2537500
2018-09-04,149.88999938964844,150.10000610351562,149.22000122070312,149.86000061035156,133.2003631591797,2342700
2018-09-05,149.66000366210938,149.69000244140625,148.7100067138672,149.3699951171875,132.7647247314453,2772000
2018-09-06,149.4600067138672,149.69000244140625,148.36000061035156,148.9199981689453,132.3648223876953,2592200
2018-09-07,148.3699951171875,149.1699981689453,148.1300048828125,148.5800018310547,132.06260681152344,2334400
2018-09-10,149.1999969482422,149.3300018310547,148.7899932861328,148.89999389648438,132.34706115722656,2156000
2018-09-11,148.5500030517578,149.6199951171875,148.3300018310547,149.39999389648438,132.79148864746094,2575100
2018-09-12,149.30999755859375,149.63999938964844,148.7899932861328,149.41000366210938,132.8003692626953,2181100
2018-09-13,149.97000122070312,150.3300018310547,149.75,150.16000366210938,133.46701049804688,1905900
2018-09-14,150.27999877929688,150.47999572753906,149.7899932861328,150.27999877929688,133.57366943359375,1363900
2018-09-17,150.24000549316406,150.27999877929688,149.19000244140625,149.3300018310547,132.72921752929688,1661600
2018-09-18,149.42999267578125,150.44000244140625,149.39999389648438,150.1300048828125,133.4403076171875,1665400
2018-09-19,150.1199951171875,150.47999572753906,150.00999450683594,150.14999389648438,133.4580535888672,1809800
2018-09-20,150.8300018310547,151.47000122070312,150.52000427246094,151.30999755859375,134.48912048339844,1713900
2018-09-21,151.82000732421875,151.83999633789062,151.0500030517578,151.16000366210938,134.35581970214844,1986100
2018-09-24,150.8699951171875,150.92999267578125,150.27000427246094,150.61000061035156,133.86697387695312,1668600
2018-09-25,150.88999938964844,151.07000732421875,150.4199981689453,150.52999877929688,133.7958221435547,2318900
2018-09-26,150.61000061035156,151.2899932861328,149.7899932861328,149.9499969482422,133.2802734375,4903500
2018-09-27,150.24000549316406,150.9499969482422,150.0800018310547,150.3000030517578,133.59140014648438,1808300
2018-09-28,149.27999877929688,149.99000549316406,149.22999572753906,149.64999389648438,133.6485595703125,1797000
2018-10-01,150.4199981689453,150.77000427246094,149.52000427246094,149.8800048828125,133.85397338867188,2718800
2018-10-02,149.86000061035156,150.10000610351562,149.42999267578125,149.66000366210938,133.65750122070312,2159200
2018-10-03,150.25999450683594,150.49000549316406,149.64999389648438,149.86000061035156,133.83612060546875,2563900
2018-10-04,149.5800018310547,149.61000061035156,147.7100067138672,148.58999633789062,132.701904296875,3220800
2018-10-05,148.6199951171875,148.9499969482422,146.72999572753906,147.6300048828125,131.8445587158203,3197900
2018-10-08,147.27999877929688,147.75999450683594,146.36000061035156,147.52000427246094,131.74632263183594,2515600
2018-10-09,147.25,148.02000427246094,147.02000427246094,147.25999450683594,131.5140838623047,3690600
2018-10-10,146.92999267578125,146.9499969482422,142.41000366210938,142.57000732421875,127.32559204101562,6890300
2018-10-11,142.02000427246094,142.97000122070312,138.75,139.52999877929688,124.61064910888672,11707900
2018-10-12,142.0,142.32000732421875,139.49000549316406,141.3699951171875,126.2538833618164,7981200
2018-10-15,141.16000366210938,141.97999572753906,140.5,140.74000549316406,125.69129180908203,3386400
2018-10-16,141.75,144.05999755859375,141.36000061035156,143.83999633789062,128.45982360839844,3990400
2018-10-17,143.91000366210938,144.14999389648438,142.3300018310547,143.8000030517578,128.42405700683594,3148300
2018-10-18,143.30999755859375,143.61000061035156,141.0,141.72000122070312,126.5665054321289,3783800
2018-10-19,142.13999938964844,143.07000732421875,141.00999450683594,141.35000610351562,126.23603057861328,2997700
2018-10-22,141.72999572753906,141.94000244140625,140.4199981689453,140.7899932861328,125.73590087890625,3220600
2018-10-23,138.69000244140625,140.6699981689453,137.4600067138672,139.9600067138672,124.99471282958984,4981600
2018-10-24,139.88999938964844,140.08999633789062,135.39999389648438,135.61000061035156,121.10977935791016,6013700
2018-10-25,136.6300048828125,138.9600067138672,136.1699981689453,138.16000366210938,123.38715362548828,4886000
2018-10-26,136.1199951171875,137.52999877929688,134.1699981689453,135.77000427246094,121.25269317626953,6623500
2018-10-29,137.50999450683594,138.3300018310547,133.07000732421875,135.02000427246094,120.58287811279297,5167200
2018-10-30,134.9600067138672,137.2899932861328,134.61000061035156,137.1300048828125,122.46725463867188,3675500
2018-10-31,138.60000610351562,139.83999633789062,138.3699951171875,138.55999755859375,123.744384765625,4034500
2018-11-01,139.0399932861328,140.3699951171875,138.52000427246094,140.1300048828125,125.14649963378906,3713900
2018-11-02,140.92999267578125,141.1999969482422,138.38999938964844,139.55999755859375,124.6374282836914,3171400
2018-11-05,139.8000030517578,140.52000427246094,139.19000244140625,140.24000549316406,125.2447509765625,3140200
2018-11-06,140.19000244140625,141.11000061035156,140.1699981689453,141.0399932861328,125.95919799804688,2029700
2018-11-07,142.3000030517578,144.0,141.97000122070312,143.9199981689453,128.53125,2781200
2018-11-08,143.5500030517578,144.05999755859375,142.97999572753906,143.63999938964844,128.28115844726562,1874800
2018-11-09,142.91000366210938,142.9600067138672,141.2899932861328,142.1699981689453,126.96839141845703,2226900
2018-11-12,141.7899932861328,141.97000122070312,139.17999267578125,139.44000244140625,124.53024291992188,3530700
2018-11-13,139.77000427246094,140.9199981689453,138.82000732421875,139.24000549316406,124.35167694091797,2290500
2018-11-14,140.33999633789062,140.57000732421875,137.3800048828125,138.22000122070312,123.44071197509766,2766000
2018-11-15,137.5500030517578,140.00999450683594,136.6999969482422,139.77999877929688,124.83390045166016,3600900
2018-11-16,139.07000732421875,140.57000732421875,138.82000732421875,140.0800018310547,125.1018295288086,2272300
2018-11-19,139.8300018310547,139.92999267578125,137.1699981689453,137.64999389648438,122.931640625,3481800
2018-11-20,135.72999572753906,136.6199951171875,134.63999938964844,135.1999969482422,120.74363708496094,4627200
2018-11-21,136.0,136.88999938964844,135.75,135.86000061035156,121.33306884765625,4151300
2018-11-23,134.9199981689453,135.9199981689453,134.72999572753906,135.1300048828125,120.68113708496094,1300000
2018-11-26,136.47999572753906,137.27999877929688,136.17999267578125,137.22999572753906,122.55658721923828,4699700
2018-11-27,136.64999389648438,137.4199981689453,136.27000427246094,137.39999389648438,122.70840454101562,2860100
2018-11-28,138.02999877929688,140.60000610351562,137.4199981689453,140.60000610351562,125.56625366210938,6061100
2018-11-29,140.19000244140625,141.16000366210938,139.47999572753906,140.33999633789062,125.33406829833984,2895000
2018-11-30,140.24000549316406,141.50999450683594,140.07000732421875,141.35000610351562,126.23603057861328,2142100
2018-12-03,143.60000610351562,144.0,142.02999877929688,143.0,127.7095947265625,3655400
2018-12-04,142.63999938964844,142.82000732421875,138.10000610351562,138.3300018310547,123.53890991210938,3917700
2018-12-06,136.14999389648438,138.16000366210938,134.35000610351562,138.16000366210938,123.38715362548828,6542900
2018-12-07,137.94000244140625,138.8699951171875,134.42999267578125,134.89999389648438,120.47571563720703,4986900
2018-12-10,134.80999755859375,135.60000610351562,132.4499969482422,135.0500030517578,120.60968780517578,5046800
2018-12-11,136.86000061035156,137.00999450683594,134.22999572753906,135.02000427246094,120.58287811279297,3459200
2018-12-12,136.72000122070312,137.50999450683594,135.75,135.7899932861328,121.27058410644531,3720100
2018-12-13,136.24000549316406,136.69000244140625,134.88999938964844,135.4600067138672,120.975830078125,3298400
2018-12-14,134.25999450683594,134.9199981689453,132.75999450683594,133.1199951171875,118.88604736328125,4503200
2018-12-17,132.5399932861328,133.16000366210938,129.47000122070312,130.27999877929688,116.34970092773438,7193100
2018-12-18,131.25999450683594,131.74000549316406,129.36000061035156,130.24000549316406,116.31401062011719,8065500
2018-12-19,130.27999877929688,132.38999938964844,127.30000305175781,128.24000549316406,114.52783203125,8010800
2018-12-20,127.51000213623047,128.3800048828125,124.80000305175781,126.16999816894531,112.6791763305664,13119700
2018-12-21,126.51000213623047,127.97000122070312,123.12000274658203,123.48999786376953,110.28572845458984,13605000
2018-12-24,121.9000015258789,122.54000091552734,119.66999816894531,119.69999694824219,107.5287857055664,14488500
2018-12-26,120.33999633789062,125.5199966430664,119.3499984741211,125.45999908447266,112.70310974121094,12512300
2018-12-27,123.76000213623047,126.58999633789062,121.91000366210938,126.58999633789062,113.71821594238281,16128500
2018-12-28,127.5,128.30999755859375,125.7300033569336,126.43000030517578,113.5744857788086,11668700
2018-12-31,127.37999725341797,127.7300033569336,126.27999877929688,127.62999725341797,114.6524429321289,9414800
2019-01-02,125.75,128.16000366210938,125.33999633789062,127.7300033569336,114.7422866821289,5093200
2019-01-03,126.91000366210938,126.91000366210938,124.56999969482422,124.7699966430664,112.08326721191406,5252900
2019-01-04,126.4800033569336,129.3699951171875,126.31999969482422,128.89999389648438,115.79332733154297,4776900
2019-01-07,129.19000244140625,131.0399932861328,128.80999755859375,130.1999969482422,116.96116638183594,4485100
2019-01-08,131.4499969482422,131.72999572753906,130.0500030517578,131.5399932861328,118.16487884521484,3949400
2019-01-09,132.02000427246094,132.6699981689453,131.36000061035156,132.16000366210938,118.72187042236328,6405100
2019-01-10,131.44000244140625,132.88999938964844,131.0,132.80999755859375,119.3057632446289,2685700
2019-01-11,132.1300048828125,132.86000061035156,131.85000610351562,132.83999633789062,119.33270263671875,3033800
2019-01-14,131.7899932861328,132.49000549316406,131.55999755859375,132.0,118.57813262939453,2479400
2019-01-15,132.19000244140625,133.55999755859375,132.0500030517578,133.44000244140625,119.87171173095703,4542100
2019-01-16,133.6699981689453,134.3300018310547,133.61000061035156,133.82000732421875,120.21305847167969,2963100
2019-01-17,133.39999389648438,135.39999389648438,133.16000366210938,134.89999389648438,121.18324279785156,4401100
2019-01-18,135.88999938964844,136.94000244140625,135.4499969482422,136.64999389648438,122.75527954101562,4224900
2019-01-22,135.88999938964844,135.9199981689453,133.88999938964844,134.77999877929688,121.07542419433594,5037900
2019-01-23,135.3800048828125,135.77000427246094,133.60000610351562,134.9199981689453,121.20121765136719,3934200
2019-01-24,134.92999267578125,135.47000122070312,134.4600067138672,135.1999969482422,121.4527359008789,3785200
2019-01-25,136.22999572753906,136.82000732421875,136.02999877929688,136.47000122070312,122.59358978271484,2987300
2019-01-28,135.24000549316406,135.52000427246094,134.47999572753906,135.47000122070312,121.69528198242188,4371600
2019-01-29,135.6199951171875,135.8699951171875,134.83999633789062,135.27999877929688,121.52460479736328,2975100
2019-01-30,136.14999389648438,137.80999755859375,135.6199951171875,137.32000732421875,123.357177734375,3060700
2019-01-31,137.27000427246094,138.77000427246094,137.24000549316406,138.52999877929688,124.4441146850586,3932900
2019-02-01,138.6999969482422,139.1999969482422,138.25,138.72999572753906,124.623779296875,3225400
2019-02-04,138.75999450683594,139.75,138.36000061035156,139.72000122070312,125.51315307617188,4938100
2019-02-05,139.9499969482422,140.4499969482422,139.66000366210938,140.3000030517578,126.03414916992188,2759100
2019-02-06,140.14999389648438,140.39999389648438,139.64999389648438,140.16000366210938,125.90841674804688,2945200
2019-02-07,139.17999267578125,139.49000549316406,137.1199951171875,138.8300018310547,124.71365356445312,5097500
2019-02-08,138.13999938964844,138.99000549316406,137.66000366210938,138.97000122070312,124.83940887451172,2105800
2019-02-11,139.39999389648438,139.5500030517578,138.88999938964844,139.25999450683594,125.09990692138672,2337000
2019-02-12,140.1199951171875,141.17999267578125,140.05999755859375,141.0,126.6629638671875,3312300
2019-02-13,141.4499969482422,141.8800048828125,141.13999938964844,141.44000244140625,127.0582504272461,2369300
2019-02-14,140.86000061035156,141.80999755859375,140.38999938964844,141.19000244140625,126.83365631103516,2731400
2019-02-15,142.16000366210938,142.77000427246094,141.91000366210938,142.74000549316406,128.22607421875,2537600
2019-02-19,142.41000366210938,143.38999938964844,142.33999633789062,143.02000427246094,128.47755432128906,2469900
2019-02-20,143.0500030517578,143.52999877929688,142.74000549316406,143.32000732421875,128.74708557128906,2357400
2019-02-21,143.05999755859375,143.13999938964844,142.25,142.8300018310547,128.30690002441406,3684900
2019-02-22,143.1999969482422,143.83999633789062,143.02999877929688,143.77000427246094,129.15133666992188,1838400
2019-02-25,144.55999755859375,144.8800048828125,143.89999389648438,143.97999572753906,129.33999633789062,3920000
2019-02-26,143.75,144.22999572753906,143.58999633789062,143.7100067138672,129.097412109375,2155200
2019-02-27,143.38999938964844,143.97000122070312,142.8800048828125,143.75999450683594,129.1422882080078,2046800
2019-02-28,143.64999389648438,143.89999389648438,143.32000732421875,143.4600067138672,128.8728790283203,2275100
2019-03-01,144.3800048828125,144.60000610351562,143.5,144.4199981689453,129.73521423339844,2985100
2019-03-04,145.0,145.02999877929688,142.4199981689453,143.75,129.1333770751953,3555400
2019-03-05,143.80999755859375,143.89999389648438,143.17999267578125,143.47999572753906,128.89080810546875,2838000
2019-03-06,143.52000427246094,143.5500030517578,142.22999572753906,142.38999938964844,127.91165924072266,2139600
2019-03-07,142.16000366210938,142.25,140.75999450683594,141.27999877929688,126.91453552246094,2851800
2019-03-08,140.1300048828125,141.02999877929688,139.9199981689453,140.99000549316406,126.65398406982422,2328000
2019-03-11,141.38999938964844,143.11000061035156,141.36000061035156,143.05999755859375,128.51353454589844,1910400
2019-03-12,143.3300018310547,143.83999633789062,143.22999572753906,143.5399932861328,128.94471740722656,1966100
2019-03-13,143.9600067138672,144.9499969482422,143.94000244140625,144.4600067138672,129.7711639404297,2013500
2019-03-14,144.4600067138672,144.63999938964844,144.0500030517578,144.33999633789062,129.6633758544922,1494000
2019-03-15,144.6199951171875,145.47999572753906,144.5500030517578,145.00999450683594,130.2652587890625,2324300
2019-03-18,145.10000610351562,145.75999450683594,144.9499969482422,145.5500030517578,130.7503662109375,2489700
2019-03-19,146.1199951171875,146.47000122070312,144.99000549316406,145.52000427246094,130.72341918945312,6104600
2019-03-20,145.32000732421875,145.99000549316406,144.25,144.9199981689453,130.1843719482422,2900900
2019-03-21,144.47999572753906,146.83999633789062,144.36000061035156,146.6199951171875,131.71153259277344,2949700
2019-03-22,145.83999633789062,146.07000732421875,143.5,143.55999755859375,128.9626922607422,5151000
2019-03-25,142.5800018310547,143.30999755859375,141.89999389648438,142.69000244140625,128.87420654296875,3676500
2019-03-26,143.6999969482422,144.3800048828125,143.00999450683594,143.7899932861328,129.86766052246094,2861000
2019-03-27,143.83999633789062,144.14999389648438,142.14999389648438,143.1300048828125,129.2716064453125,3402700
2019-03-28,143.4600067138672,143.97999572753906,142.8300018310547,143.75999450683594,129.84051513671875,2654500
2019-03-29,144.61000061035156,144.7899932861328,144.02999877929688,144.7100067138672,130.6986083984375,3614700
2019-04-01,145.75999450683594,146.47999572753906,145.58999633789062,146.38999938964844,132.21591186523438,3666800
2019-04-02,146.4199981689453,146.5,145.8699951171875,146.3800048828125,132.2068634033203,4292800
2019-04-03,147.0800018310547,147.33999633789062,146.32000732421875,146.72999572753906,132.52297973632812,2404400
2019-04-04,146.83999633789062,147.14999389648438,146.35000610351562,147.0399932861328,132.80296325683594,2248400
2019-04-05,147.38999938964844,147.8300018310547,147.25999450683594,147.77999877929688,133.4713134765625,1744500
2019-04-08,147.5399932861328,147.92999267578125,147.11000061035156,147.91000366210938,133.58876037597656,2130500
2019-04-09,147.32000732421875,147.47999572753906,146.7100067138672,147.02000427246094,132.78488159179688,2150700
2019-04-10,147.24000549316406,147.72000122070312,147.07000732421875,147.6999969482422,133.39906311035156,2019000
2019-04-11,147.94000244140625,147.9600067138672,147.33999633789062,147.69000244140625,133.39004516601562,1794600
2019-04-12,148.5500030517578,148.8000030517578,148.1300048828125,148.67999267578125,134.28419494628906,2612000
2019-04-15,148.75,148.8000030517578,148.05999755859375,148.55999755859375,134.17579650878906,2083000
2019-04-16,149.0,149.05999755859375,148.24000549316406,148.60000610351562,134.21194458007812,2953300
2019-04-17,149.1999969482422,149.22000122070312,147.77000427246094,148.0500030517578,133.71522521972656,2983900
2019-04-18,148.39999389648438,148.39999389648438,147.50999450683594,148.27000427246094,133.91392517089844,2457000
2019-04-22,147.9499969482422,148.41000366210938,147.77000427246094,148.30999755859375,133.9499969482422,2148600
2019-04-23,148.5500030517578,149.9199981689453,148.4499969482422,149.8000030517578,135.2957305908203,2344200
2019-04-24,149.77999877929688,150.0500030517578,149.47000122070312,149.60000610351562,135.1151123046875,1924600
2019-04-25,149.5399932861328,149.69000244140625,148.60000610351562,149.35000610351562,134.88938903808594,2428600
2019-04-26,149.41000366210938,150.16000366210938,148.99000549316406,150.16000366210938,135.62088012695312,2184500
2019-04-29,150.22000122070312,150.69000244140625,150.1300048828125,150.3800048828125,135.81959533691406,2461500
2019-04-30,150.27999877929688,150.60000610351562,149.3000030517578,150.38999938964844,135.8285675048828,2224500
2019-05-01,150.8000030517578,150.8699951171875,149.24000549316406,149.27000427246094,134.81707763671875,3761300
2019-05-02,149.14999389648438,149.74000549316406,148.05999755859375,149.02000427246094,134.59132385253906,2537800
2019-05-03,149.8000030517578,150.6999969482422,149.6999969482422,150.6300048828125,136.04539489746094,2147100
2019-05-06,148.19000244140625,150.33999633789062,148.02000427246094,150.14999389648438,135.61184692382812,2635300
2019-05-07,148.83999633789062,149.08999633789062,146.42999267578125,147.55999755859375,133.2726593017578,4385800
2019-05-08,147.35000610351562,148.24000549316406,147.00999450683594,147.32000732421875,133.055908203125,2492100
2019-05-09,146.05999755859375,147.17999267578125,145.05999755859375,146.85000610351562,132.6313934326172,2768000
2019-05-10,146.3300018310547,147.9600067138672,144.64999389648438,147.52999877929688,133.2455291748047,3175300
2019-05-13,144.6999969482422,145.14999389648438,143.25,143.8000030517578,129.876708984375,4241900
2019-05-14,144.27999877929688,145.91000366210938,144.13999938964844,145.10000610351562,131.0508270263672,3090200
2019-05-15,144.22999572753906,146.27000427246094,144.0500030517578,145.9600067138672,131.82757568359375,2072300
2019-05-16,146.3300018310547,148.02999877929688,146.2899932861328,147.27999877929688,133.01976013183594,2319500
2019-05-17,146.05999755859375,147.63999938964844,146.00999450683594,146.24000549316406,132.08041381835938,1923900
2019-05-20,145.25999450683594,145.9199981689453,144.77999877929688,145.1999969482422,131.14114379882812,1669200
2019-05-21,146.11000061035156,146.80999755859375,146.0399932861328,146.6199951171875,132.42364501953125,1438800
2019-05-22,146.05999755859375,146.57000732421875,145.77000427246094,146.08999633789062,131.9449920654297,1539800
2019-05-23,144.8300018310547,144.85000610351562,143.3800048828125,144.22999572753906,130.26507568359375,2701100
2019-05-24,144.9600067138672,145.22999572753906,144.16000366210938,144.5800018310547,130.5811767578125,1381900
2019-05-28,144.82000732421875,145.27999877929688,143.25,143.30999755859375,129.4341278076172,3866100
2019-05-29,142.6199951171875,142.8000030517578,141.44000244140625,142.3300018310547,128.54901123046875,2955100
2019-05-30,142.69000244140625,143.1699981689453,141.9499969482422,142.61000061035156,128.80189514160156,2621700
2019-05-31,141.11000061035156,141.58999633789062,140.60000610351562,140.69000244140625,127.06780242919922,2836300
2019-06-03,140.69000244140625,141.3800048828125,139.6199951171875,140.41000366210938,126.81492614746094,4765100
2019-06-04,141.72999572753906,143.61000061035156,141.47000122070312,143.55999755859375,129.6599578857422,2767600
2019-06-05,144.38999938964844,144.82000732421875,143.27000427246094,144.66000366210938,130.65345764160156,5059700
2019-06-06,144.82000732421875,145.85000610351562,144.35000610351562,145.47000122070312,131.38499450683594,2795600
2019-06-07,146.05999755859375,147.4499969482422,145.97999572753906,146.7899932861328,132.5771942138672,1667900
2019-06-10,147.72999572753906,148.57000732421875,147.5399932861328,147.61000061035156,133.31777954101562,2259800
2019-06-11,148.6199951171875,148.8300018310547,147.0800018310547,147.47000122070312,133.1913299560547,1724500
2019-06-12,147.35000610351562,147.63999938964844,146.92999267578125,147.27000427246094,133.01068115234375,1729900
2019-06-13,147.7899932861328,148.08999633789062,147.42999267578125,147.9499969482422,133.62486267089844,1726600
2019-06-14,147.8000030517578,147.99000549316406,147.27000427246094,147.6300048828125,133.33587646484375,1401000
2019-06-17,147.27999877929688,147.6699981689453,147.13999938964844,147.19000244140625,133.43283081054688,2506100
2019-06-18,148.1999969482422,149.47000122070312,148.07000732421875,148.8000030517578,134.89239501953125,2261100
2019-06-19,148.91000366210938,149.49000549316406,148.38999938964844,149.30999755859375,135.3546905517578,4049900
2019-06-20,150.72999572753906,150.85000610351562,149.4499969482422,150.67999267578125,136.5966796875,2968100
2019-06-21,150.39999389648438,150.94000244140625,150.0399932861328,150.6999969482422,136.61483764648438,2414300
2019-06-24,150.3300018310547,150.47000122070312,149.7100067138672,149.86000061035156,135.85333251953125,1977300
2019-06-25,149.8699951171875,149.89999389648438,148.3000030517578,148.44000244140625,134.56602478027344,2309500
2019-06-26,148.86000061035156,149.19000244140625,148.1300048828125,148.16000366210938,134.31222534179688,1903700
2019-06-27,148.66000366210938,149.1999969482422,148.55999755859375,149.0500030517578,135.11903381347656,2392200
2019-06-28,149.50999450683594,150.1699981689453,149.30999755859375,150.08999633789062,136.0618133544922,2589600
2019-07-01,151.85000610351562,151.9199981689453,150.50999450683594,151.14999389648438,137.0227508544922,3960800
2019-07-02,151.1199951171875,151.5,150.66000366210938,151.5,137.33999633789062,2705400
2019-07-03,151.8699951171875,152.66000366210938,151.75,152.63999938964844,138.37350463867188,2286800
2019-07-05,152.00999450683594,152.6199951171875,151.25999450683594,152.5500030517578,138.29188537597656,2446300
2019-07-08,151.8699951171875,152.02999877929688,151.3699951171875,151.72999572753906,137.54852294921875,2611300
2019-07-09,151.02000427246094,152.08999633789062,151.02000427246094,152.0,137.79327392578125,3178000
2019-07-10,152.58999633789062,153.1300048828125,152.1199951171875,152.6199951171875,138.3553466796875,1852500
2019-07-11,152.94000244140625,153.02999877929688,152.24000549316406,152.8300018310547,138.5457305908203,2641000
2019-07-12,153.10000610351562,153.63999938964844,152.99000549316406,153.61000061035156,139.2528076171875,1656000
2019-07-15,153.8300018310547,153.8300018310547,153.27000427246094,153.50999450683594,139.16213989257812,2155000
2019-07-16,153.5,153.6699981689453,152.9499969482422,153.1199951171875,138.80860900878906,1778500
2019-07-17,153.10000610351562,153.1699981689453,152.11000061035156,152.11000061035156,137.89306640625,2575500
2019-07-18,151.8699951171875,152.83999633789062,151.58999633789062,152.6699981689453,138.40069580078125,1463500
2019-07-19,153.2100067138672,153.27999877929688,151.74000549316406,151.8000030517578,137.6120147705078,1487900
2019-07-22,152.05999755859375,152.39999389648438,151.75999450683594,152.16000366210938,137.93832397460938,1510000
2019-07-23,152.77999877929688,153.1999969482422,152.3000030517578,153.17999267578125,138.86297607421875,1643800
2019-07-24,152.75999450683594,154.14999389648438,152.75999450683594,154.1199951171875,139.71511840820312,2168900
2019-07-25,153.94000244140625,153.9499969482422,152.88999938964844,153.3000030517578,138.97178649902344,2046000
2019-07-26,153.64999389648438,154.50999450683594,153.61000061035156,154.41000366210938,139.9780731201172,1721600
2019-07-29,154.35000610351562,154.3800048828125,153.6300048828125,154.0399932861328,139.64260864257812,1587600
2019-07-30,153.19000244140625,154.0,152.9600067138672,153.88999938964844,139.50662231445312,1970300
2019-07-31,153.91000366210938,154.11000061035156,151.07000732421875,152.2100067138672,137.9836883544922,2512000
2019-08-01,152.2899932861328,153.85000610351562,150.25999450683594,150.8000030517578,136.7054443359375,3901500
2019-08-02,150.3000030517578,150.41000366210938,148.5800018310547,149.5800018310547,135.59950256347656,7062200
2019-08-05,147.17999267578125,147.25,143.8699951171875,145.13999938964844,131.5745086669922,5701800
2019-08-06,146.19000244140625,147.0800018310547,145.2100067138672,147.02999877929688,133.2877960205078,3408400
2019-08-07,145.3000030517578,147.52999877929688,144.17999267578125,147.19000244140625,133.43283081054688,3195500
2019-08-08,147.97999572753906,150.02000427246094,147.6999969482422,149.99000549316406,135.97117614746094,4143200
2019-08-09,149.55999755859375,149.7899932861328,148.02000427246094,148.9199981689453,135.0011749267578,2349700
2019-08-12,148.1199951171875,148.25999450683594,146.5500030517578,147.0800018310547,133.33309936523438,2610200
2019-08-13,146.88999938964844,150.0800018310547,146.52999877929688,149.17999267578125,135.2368621826172,2721400
2019-08-14,146.9499969482422,147.1999969482422,144.77999877929688,144.8699951171875,131.32968139648438,3938800
2019-08-15,145.30999755859375,145.66000366210938,144.0500030517578,145.13999938964844,131.5745086669922,3591900
2019-08-16,146.0800018310547,147.60000610351562,146.0,147.33999633789062,133.56883239746094,3659300
2019-08-19,149.08999633789062,149.47999572753906,148.6300048828125,149.08999633789062,135.15524291992188,2875000
2019-08-20,148.80999755859375,149.02999877929688,147.89999389648438,147.9499969482422,134.12181091308594,1739000
2019-08-21,149.16000366210938,149.39999389648438,148.82000732421875,149.1999969482422,135.2550048828125,1439700
2019-08-22,149.61000061035156,149.89999389648438,148.1300048828125,149.07000732421875,135.13714599609375,1730700
2019-08-23,148.41000366210938,149.3000030517578,144.63999938964844,145.30999755859375,131.72854614257812,3808300
2019-08-26,146.52999877929688,146.8800048828125,145.66000366210938,146.77999877929688,133.0612030029297,3623000
2019-08-27,147.63999938964844,147.8300018310547,145.67999267578125,146.10000610351562,132.44479370117188,1984700
2019-08-28,145.69000244140625,147.24000549316406,145.30999755859375,147.13999938964844,133.38754272460938,1981000
2019-08-29,148.58999633789062,149.3800048828125,148.10000610351562,149.08999633789062,135.15524291992188,2576000
2019-08-30,149.8800048828125,149.88999938964844,148.44000244140625,149.0399932861328,135.1099395751953,2267900
2019-09-03,147.99000549316406,148.5500030517578,147.3699951171875,148.07000732421875,134.23062133789062,4307800
2019-09-04,149.3000030517578,149.64999389648438,148.82000732421875,149.64999389648438,135.66293334960938,2071700
2019-09-05,151.0,152.11000061035156,150.75,151.64999389648438,137.47598266601562,2991800
2019-09-06,151.80999755859375,152.05999755859375,151.39999389648438,151.67999267578125,137.503173828125,1568700
2019-09-09,152.22000122070312,152.27000427246094,151.14999389648438,151.77000427246094,137.58480834960938,2575200
2019-09-10,151.36000061035156,151.9199981689453,150.6300048828125,151.9199981689453,137.72079467773438,3435200
2019-09-11,152.08999633789062,153.1699981689453,151.6999969482422,153.16000366210938,138.84487915039062,3848100
2019-09-12,153.6300048828125,154.1300048828125,153.0500030517578,153.6199951171875,139.2618865966797,3486800
2019-09-13,153.8699951171875,154.0800018310547,153.27999877929688,153.47000122070312,139.1259307861328,3002500
2019-09-16,152.22000122070312,152.69000244140625,152.0399932861328,152.4600067138672,138.84353637695312,1690800
2019-09-17,152.35000610351562,152.8699951171875,152.0,152.8300018310547,139.18052673339844,2104500
2019-09-18,152.64999389648438,152.83999633789062,151.35000610351562,152.80999755859375,139.1623077392578,1716700
2019-09-19,153.1300048828125,153.61000061035156,152.5500030517578,152.7100067138672,139.07130432128906,2061400
2019-09-20,153.0,153.22999572753906,151.60000610351562,152.0399932861328,138.46107482910156,2106100
2019-09-23,151.7100067138672,152.4600067138672,151.57000732421875,152.1199951171875,138.533935546875,2051800
2019-09-24,152.60000610351562,152.80999755859375,150.1999969482422,150.7100067138672,137.2499237060547,4234600
2019-09-25,150.72999572753906,151.91000366210938,149.9199981689453,151.66000366210938,138.1150360107422,6144100
2019-09-26,151.66000366210938,151.66000366210938,150.47000122070312,151.1999969482422,137.6961212158203,1723000
2019-09-27,151.63999938964844,151.7100067138672,149.44000244140625,150.3000030517578,136.87648010253906,1940200
2019-09-30,150.64999389648438,151.3699951171875,150.5500030517578,151.0,137.51397705078125,1702000
2019-10-01,151.5,151.8800048828125,148.9199981689453,149.02999877929688,135.7199249267578,2823000
2019-10-02,148.17999267578125,148.24000549316406,145.82000732421875,146.61000061035156,133.51605224609375,3811500
2019-10-03,146.47999572753906,147.8000030517578,144.89999389648438,147.8000030517578,134.5997772216797,4380400
2019-10-04,148.36000061035156,149.80999755859375,148.0399932861328,149.72999572753906,136.35740661621094,2509200
2019-10-07,149.3800048828125,150.19000244140625,148.88999938964844,149.13999938964844,135.82009887695312,2237400
2019-10-08,148.0399932861328,148.36000061035156,146.7100067138672,146.72999572753906,133.6253204345703,2213900
2019-10-09,147.85000610351562,148.58999633789062,147.52000427246094,148.0800018310547,134.8548126220703,3294600
2019-10-10,148.0,149.5,147.99000549316406,149.02999877929688,135.7199249267578,3508900
2019-10-11,150.50999450683594,151.89999389648438,150.47000122070312,150.6300048828125,137.1770477294922,3377100
2019-10-14,150.52000427246094,150.75,150.25,150.49000549316406,137.04957580566406,1213500
2019-10-15,151.02999877929688,152.3300018310547,150.9199981689453,151.97000122070312,138.39736938476562,2153200
2019-10-16,151.63999938964844,152.0500030517578,151.3699951171875,151.69000244140625,138.1423797607422,1578400
2019-10-17,152.3300018310547,152.63999938964844,151.83999633789062,152.19000244140625,138.59771728515625,1640400
2019-10-18,151.94000244140625,152.1999969482422,150.89999389648438,151.5800018310547,138.04217529296875,1720000
2019-10-21,152.35000610351562,152.69000244140625,152.05999755859375,152.57000732421875,138.9437713623047,1710100
2019-10-22,152.92999267578125,153.00999450683594,152.0399932861328,152.11000061035156,138.52488708496094,1711800
2019-10-23,151.97000122070312,152.49000549316406,151.77000427246094,152.4199981689453,138.80711364746094,1804000
2019-10-24,153.00999450683594,153.0800018310547,152.27999877929688,152.83999633789062,139.1896514892578,1582200
2019-10-25,152.49000549316406,153.75999450683594,152.4199981689453,153.4499969482422,139.74514770507812,2461600
2019-10-28,154.1199951171875,154.66000366210938,154.0,154.3800048828125,140.59210205078125,2725500
2019-10-29,154.22999572753906,154.8000030517578,154.11000061035156,154.35000610351562,140.56475830078125,1561500
2019-10-30,154.39999389648438,154.94000244140625,153.63999938964844,154.72000122070312,140.90171813964844,2246000
2019-10-31,154.67999267578125,154.67999267578125,153.4199981689453,154.17999267578125,140.4099884033203,2224400
2019-11-01,155.0,155.8300018310547,154.9199981689453,155.8300018310547,141.91261291503906,2341400
2019-11-04,156.6999969482422,156.77000427246094,156.17999267578125,156.39999389648438,142.43170166015625,2150600
2019-11-05,156.60000610351562,156.77999877929688,156.07000732421875,156.25999450683594,142.30413818359375,2377100
2019-11-06,156.24000549316406,156.3000030517578,155.6300048828125,156.19000244140625,142.2404327392578,2288400
2019-11-07,157.0,157.33999633789062,156.41000366210938,156.72000122070312,142.72311401367188,2407300
2019-11-08,156.55999755859375,157.16000366210938,156.0800018310547,157.16000366210938,143.12380981445312,2132400
2019-11-11,156.39999389648438,156.92999267578125,156.25,156.85000610351562,142.84152221679688,1738900
2019-11-12,157.02999877929688,157.69000244140625,156.74000549316406,157.1199951171875,143.08740234375,1730700
2019-11-13,156.57000732421875,157.38999938964844,156.38999938964844,157.19000244140625,143.15115356445312,2189400
2019-11-14,156.99000549316406,157.44000244140625,156.72000122070312,157.35000610351562,143.29685974121094,2096200
2019-11-15,158.14999389648438,158.5500030517578,157.7899932861328,158.5500030517578,144.38970947265625,2615300
2019-11-18,158.4199981689453,158.74000549316406,158.1199951171875,158.63999938964844,144.47161865234375,3128400
2019-11-19,159.0500030517578,159.14999389648438,158.25999450683594,158.69000244140625,144.51715087890625,2225200
2019-11-20,158.32000732421875,158.72000122070312,157.25,158.19000244140625,144.06182861328125,3336200
2019-11-21,158.27000427246094,158.33999633789062,157.44000244140625,157.7899932861328,143.6975555419922,2220300
2019-11-22,158.30999755859375,158.33999633789062,157.61000061035156,158.13999938964844,144.0163116455078,1886000
2019-11-25,158.75999450683594,159.63999938964844,158.60000610351562,159.63999938964844,145.38230895996094,2525300
2019-11-26,159.6699981689453,160.05999755859375,159.47999572753906,159.97999572753906,145.6919708251953,1884900
2019-11-27,160.3800048828125,160.74000549316406,160.02000427246094,160.74000549316406,146.3840789794922,2343200
2019-11-29,160.4600067138672,160.5500030517578,159.9199981689453,160.02000427246094,145.7283935546875,1171000
2019-12-02,160.25999450683594,160.36000061035156,158.4499969482422,158.57000732421875,144.4079132080078,3766700
2019-12-03,157.08999633789062,157.7100067138672,156.3800048828125,157.6300048828125,143.55184936523438,4040300
2019-12-04,158.2899932861328,158.9600067138672,158.10000610351562,158.64999389648438,144.480712890625,2132100
2019-12-05,159.0,159.0,158.17999267578125,158.8800048828125,144.69017028808594,1858100
2019-12-06,159.97999572753906,160.5399932861328,159.88999938964844,160.2899932861328,145.97427368164062,2021000
2019-12-09,160.08999633789062,160.42999267578125,159.75,159.77999877929688,145.5098419189453,1934300
2019-12-10,159.77000427246094,160.10000610351562,159.2899932861328,159.63999938964844,145.38230895996094,2150800
2019-12-11,159.88999938964844,160.13999938964844,159.57000732421875,160.02000427246094,145.7283935546875,1781300
2019-12-12,160.02000427246094,161.77999877929688,159.83999633789062,161.3300018310547,146.92137145996094,3012200
2019-12-13,161.25,162.08999633789062,160.6699981689453,161.3300018310547,146.92137145996094,3023500
2019-12-16,162.36000061035156,162.8800048828125,162.22000122070312,162.50999450683594,147.9960174560547,2466000
2019-12-17,162.77000427246094,162.86000061035156,162.44000244140625,162.57000732421875,148.0506591796875,4421500
2019-12-18,162.8300018310547,162.9199981689453,162.25999450683594,162.63999938964844,148.1144256591797,2139800
2019-12-19,162.74000549316406,163.35000610351562,162.6999969482422,163.35000610351562,148.760986328125,3018600
2019-12-20,164.0,164.33999633789062,163.86000061035156,164.19000244140625,149.5259552001953,3142900
2019-12-23,164.55999755859375,164.58999633789062,164.1999969482422,164.2899932861328,149.6170196533203,3822900
2019-12-24,163.67999267578125,163.72000122070312,163.25,163.44000244140625,149.64993286132812,1624900
2019-12-26,163.6999969482422,164.22999572753906,163.6300048828125,164.22999572753906,150.37335205078125,2515000
2019-12-27,164.61000061035156,164.67999267578125,163.8000030517578,164.0800018310547,150.23602294921875,2356700
2019-12-30,164.3000030517578,164.3800048828125,162.91000366210938,163.19000244140625,149.42105102539062,4503500
2019-12-31,163.0,163.75999450683594,162.72000122070312,163.6199951171875,149.8147430419922,3262400
2020-01-02,164.67999267578125,164.97999572753906,163.77999877929688,164.97999572753906,151.06002807617188,3291100
2020-01-03,163.2899932861328,164.47000122070312,163.00999450683594,163.92999267578125,150.09864807128906,3625400
2020-01-06,162.9199981689453,164.52000427246094,162.8300018310547,164.49000549316406,150.61138916015625,6813800
2020-01-07,164.27000427246094,164.4600067138672,163.77999877929688,164.10000610351562,150.2543487548828,2498400
2020-01-08,164.1999969482422,165.5500030517578,164.0399932861328,164.91000366210938,150.9959716796875,4244800
2020-01-09,165.80999755859375,165.97999572753906,165.36000061035156,165.94000244140625,151.9390869140625,2216900
2020-01-10,166.25999450683594,166.3000030517578,165.1999969482422,165.4600067138672,151.49952697753906,4023000
2020-01-13,166.0,166.6300048828125,165.52000427246094,166.58999633789062,152.53421020507812,3997100
2020-01-14,166.5500030517578,167.1199951171875,166.1699981689453,166.5,152.4517822265625,3062000
2020-01-15,166.5,167.39999389648438,166.4199981689453,166.91000366210938,152.82717895507812,2479200
2020-01-16,167.7100067138672,168.3699951171875,167.61000061035156,168.33999633789062,154.1365509033203,2205600
2020-01-17,169.00999450683594,169.00999450683594,168.3699951171875,168.75999450683594,154.5211181640625,2272000
2020-01-21,168.39999389648438,168.85000610351562,168.1699981689453,168.39999389648438,154.19149780273438,3174200
2020-01-22,168.92999267578125,169.32000732421875,168.35000610351562,168.5,154.28309631347656,2113600
2020-01-23,168.11000061035156,168.77000427246094,167.38999938964844,168.69000244140625,154.4570770263672,2370000
2020-01-24,169.08999633789062,169.08999633789062,166.3300018310547,167.08999633789062,152.99203491210938,3292500
2020-01-27,164.22999572753906,165.32000732421875,163.83999633789062,164.5800018310547,150.69378662109375,4692800
2020-01-28,165.3300018310547,166.6699981689453,165.05999755859375,166.1699981689453,152.14968872070312,4010700
2020-01-29,166.9600067138672,166.99000549316406,165.9199981689453,166.05999755859375,152.0488739013672,1751700
2020-01-30,165.0,166.61000061035156,164.47000122070312,166.4600067138672,152.4151611328125,2835900
2020-01-31,166.16000366210938,166.2100067138672,163.0399932861328,163.52000427246094,149.72328186035156,4525300
2020-02-03,164.35000610351562,165.8300018310547,164.30999755859375,164.9600067138672,151.04171752929688,2783200
2020-02-04,166.97000122070312,168.02000427246094,166.80999755859375,167.55999755859375,153.42237854003906,2732700
2020-02-05,169.1300048828125,169.35000610351562,168.1699981689453,169.2100067138672,154.9331817626953,4133700
2020-02-06,169.75999450683594,169.8300018310547,169.19000244140625,169.67999267578125,155.36349487304688,2202300
2020-02-07,169.0500030517578,169.39999389648438,168.41000366210938,168.7100067138672,154.47540283203125,2579200
2020-02-10,168.27999877929688,169.9499969482422,168.25999450683594,169.9499969482422,155.61073303222656,2494100
2020-02-11,170.74000549316406,171.25,170.11000061035156,170.4199981689453,156.0410614013672,2921700
2020-02-12,171.24000549316406,171.5500030517578,170.91000366210938,171.49000549316406,157.020751953125,2154100
2020-02-13,170.6999969482422,171.92999267578125,170.5500030517578,171.4199981689453,156.95668029785156,2827500
2020-02-14,171.60000610351562,171.77000427246094,170.97999572753906,171.6999969482422,157.2130584716797,2527800
2020-02-18,171.27000427246094,171.5399932861328,170.52999877929688,171.3000030517578,156.84683227539062,2459400
2020-02-19,171.9199981689453,172.55999755859375,171.77000427246094,172.1699981689453,157.6433868408203,2488100
2020-02-20,171.9600067138672,172.42999267578125,169.89999389648438,171.64999389648438,157.16725158691406,7061600
2020-02-21,170.9499969482422,171.02999877929688,169.39999389648438,169.88999938964844,155.55580139160156,2983500
2020-02-24,164.5,165.8699951171875,163.58999633789062,164.3000030517578,150.43743896484375,8710900
2020-02-25,165.0399932861328,165.38999938964844,158.77000427246094,159.27999877929688,145.84097290039062,10112300
2020-02-26,160.00999450683594,161.80999755859375,158.0,158.39999389648438,145.03521728515625,8210300
2020-02-27,155.0399932861328,157.52999877929688,151.39999389648438,151.4600067138672,138.68080139160156,14384200
2020-02-28,146.4199981689453,150.58999633789062,145.3000030517578,150.44000244140625,137.74685668945312,22272400
2020-03-02,151.41000366210938,156.82000732421875,149.5800018310547,156.6699981689453,143.4512176513672,12071600
2020-03-03,157.33999633789062,159.3000030517578,151.0800018310547,152.6300048828125,139.75205993652344,8623100
2020-03-04,155.52000427246094,158.75,154.0500030517578,158.72999572753906,145.33740234375,5226600
2020-03-05,154.80999755859375,156.36000061035156,152.11000061035156,153.44000244140625,140.4937286376953,5343100
2020-03-06,148.97999572753906,151.33999633789062,147.1199951171875,150.58999633789062,137.88418579101562,9947700
2020-03-09,140.0,143.6300048828125,138.24000549316406,138.5,126.81428527832031,18537100
2020-03-10,144.35000610351562,145.41000366210938,137.89999389648438,145.3699951171875,133.10462951660156,11693300
2020-03-11,141.4499969482422,142.1999969482422,136.3000030517578,138.00999450683594,126.36561584472656,10760200
2020-03-12,129.17999267578125,133.6699981689453,124.41000366210938,124.58999633789062,114.07791900634766,20969500
2020-03-13,132.0,135.92999267578125,125.0,135.92999267578125,124.46110534667969,15351600
2020-03-16,121.05999755859375,127.98999786376953,120.0,120.45999908447266,110.29637145996094,14652900
2020-03-17,122.20999908447266,127.37000274658203,118.0,126.5,115.82675170898438,16645800
2020-03-18,118.5,122.36000061035156,113.0,119.20999908447266,109.15184020996094,15388000
2020-03-19,117.41000366210938,122.80000305175781,114.58999633789062,120.08999633789062,109.95760345458984,11083500
2020-03-20,121.1500015258789,122.66000366210938,114.80000305175781,115.19000244140625,105.47102355957031,12264900
2020-03-23,113.6500015258789,114.9000015258789,109.48999786376953,111.91000366210938,102.46773529052734,16443000
2020-03-24,117.62999725341797,122.58000183105469,117.0,122.52999877929688,112.19171905517578,10986900
2020-03-25,123.54000091552734,129.02999877929688,120.58999633789062,124.22000122070312,113.73910522460938,14428100
2020-03-26,124.83999633789062,131.6300048828125,124.66000366210938,131.11000061035156,120.64412689208984,10549100
2020-03-27,127.12000274658203,130.50999450683594,125.51000213623047,126.93000030517578,116.79778289794922,9731500
2020-03-30,127.77999877929688,131.1699981689453,126.63999938964844,130.77999877929688,120.34043884277344,10416300
2020-03-31,130.97000122070312,131.61000061035156,128.02000427246094,128.91000366210938,118.6197280883789,8662400
2020-04-01,124.12999725341797,125.62000274658203,121.7699966430664,122.95999908447266,113.14469909667969,7911500
2020-04-02,122.37999725341797,126.12999725341797,122.0199966430664,125.5199966430664,115.50032806396484,6244300
2020-04-03,124.8499984741211,126.04000091552734,121.86000061035156,123.37999725341797,113.53116607666016,6584400
2020-04-06,128.42999267578125,132.8000030517578,127.77999877929688,132.00999450683594,121.47225952148438,9369400
2020-04-07,137.02000427246094,137.27999877929688,132.0800018310547,132.16000366210938,121.61030578613281,10469900
2020-04-08,133.72999572753906,137.4499969482422,132.4199981689453,136.8000030517578,125.87992095947266,6610400
2020-04-09,138.9199981689453,140.77999877929688,137.80999755859375,139.36000061035156,128.2355499267578,9311600
2020-04-13,138.75,140.05999755859375,135.6300048828125,137.6999969482422,126.70808410644531,7291600
2020-04-14,140.58999633789062,142.2100067138672,139.97000122070312,141.8800048828125,130.55438232421875,5609300
2020-04-15,138.74000549316406,139.49000549316406,137.42999267578125,138.5500030517578,127.4902114868164,5164100
2020-04-16,139.27000427246094,139.5500030517578,137.42999267578125,139.1999969482422,128.08831787109375,5301200
2020-04-17,142.7100067138672,143.47999572753906,141.0800018310547,143.13999938964844,131.71380615234375,6411200
2020-04-20,141.0,143.0500030517578,140.50999450683594,140.82000732421875,129.57899475097656,5414000
2020-04-21,138.10000610351562,138.97999572753906,135.8699951171875,136.4499969482422,125.5578384399414,6367500
2020-04-22,139.25999450683594,140.3000030517578,138.36000061035156,139.52999877929688,128.39199829101562,6340900
2020-04-23,140.22000122070312,141.97999572753906,139.44000244140625,139.5500030517578,128.4103546142578,6198300
2020-04-24,140.5,141.97000122070312,139.25999450683594,141.6300048828125,130.32431030273438,4403600
2020-04-27,142.64999389648438,144.66000366210938,141.0,144.13999938964844,132.6339569091797,4968200
2020-04-28,146.1699981689453,146.47999572753906,143.3699951171875,143.69000244140625,132.2198944091797,3594500
2020-04-29,146.80999755859375,148.5399932861328,146.02999877929688,147.75999450683594,135.9650115966797,4990900
2020-04-30,146.77999877929688,147.0500030517578,145.1199951171875,145.83999633789062,134.19827270507812,4228800
2020-05-01,143.1199951171875,143.60000610351562,139.8000030517578,141.80999755859375,130.489990234375,4232500
2020-05-04,140.6699981689453,142.4499969482422,139.91000366210938,142.35000610351562,130.98687744140625,4741200
2020-05-05,144.0800018310547,145.33999633789062,143.4600067138672,143.6699981689453,132.20152282714844,3665900
2020-05-06,144.61000061035156,144.8699951171875,142.6999969482422,142.8800048828125,131.47459411621094,3927300
2020-05-07,144.6999969482422,145.75999450683594,144.39999389648438,144.75,133.19529724121094,3796300
2020-05-08,146.4499969482422,147.6300048828125,145.8800048828125,147.47000122070312,135.6981658935547,4248400
2020-05-11,146.22000122070312,148.2100067138672,146.02999877929688,147.49000549316406,135.71653747558594,4240900
2020-05-12,148.0800018310547,148.30999755859375,144.1999969482422,144.35000610351562,132.82720947265625,4864400
2020-05-13,143.89999389648438,144.30999755859375,140.02000427246094,141.4499969482422,130.15870666503906,5862100
2020-05-14,139.85000610351562,143.08999633789062,138.3699951171875,142.97000122070312,131.557373046875,7561000
2020-05-15,141.77000427246094,143.86000061035156,141.19000244140625,143.8300018310547,132.34873962402344,3845600
2020-05-18,147.52999877929688,149.41000366210938,147.25,148.60000610351562,136.7379608154297,4557800
2020-05-19,148.36000061035156,149.3000030517578,147.02000427246094,147.02000427246094,135.2840576171875,3180900
2020-05-20,149.1699981689453,150.19000244140625,148.91000366210938,149.74000549316406,137.78695678710938,3894000
2020-05-21,149.60000610351562,150.1300048828125,148.02000427246094,148.83999633789062,136.95883178710938,3419200
2020-05-22,148.75999450683594,149.27999877929688,147.97000122070312,149.25999450683594,137.34527587890625,3003000
2020-05-26,152.83999633789062,152.88999938964844,151.11000061035156,151.33999633789062,139.2592315673828,4197500
2020-05-27,153.0,153.72999572753906,150.02000427246094,153.72999572753906,141.45843505859375,5077700
2020-05-28,154.41000366210938,155.19000244140625,152.72999572753906,153.1999969482422,140.9707489013672,4601500
2020-05-29,152.8000030517578,154.1300048828125,151.41000366210938,153.7100067138672,141.44004821777344,4776100
2020-06-01,153.6199951171875,155.08999633789062,153.27000427246094,154.75,142.39706420898438,3478900
2020-06-02,155.1999969482422,156.0,154.42999267578125,155.9199981689453,143.4736328125,4157200
2020-06-03,157.1999969482422,158.8000030517578,157.00999450683594,158.35000610351562,145.70968627929688,9496400
2020-06-04,157.7100067138672,158.64999389648438,156.6199951171875,157.85000610351562,145.2495880126953,5629200
2020-06-05,161.39999389648438,163.0800018310547,161.0,161.89999389648438,148.97630310058594,4373400
2020-06-08,162.89999389648438,164.1999969482422,162.32000732421875,164.10000610351562,151.0006866455078,5851300
2020-06-09,162.64999389648438,163.47999572753906,161.8800048828125,162.60000610351562,149.62042236328125,3200400
2020-06-10,162.80999755859375,163.25,161.00999450683594,161.38999938964844,148.5070037841797,4292900
2020-06-11,156.91000366210938,157.6999969482422,151.6300048828125,151.8699951171875,139.74693298339844,12504600
2020-06-12,156.49000549316406,156.49000549316406,150.8300018310547,153.97000122070312,141.67929077148438,6882100
2020-06-15,150.55999755859375,156.16000366210938,149.85000610351562,155.6199951171875,143.1975860595703,4859200
2020-06-16,160.1199951171875,160.1199951171875,155.91000366210938,158.61000061035156,145.94894409179688,4581200
2020-06-17,159.13999938964844,159.2100067138672,157.41000366210938,157.83999633789062,145.2404022216797,3702200
2020-06-18,156.94000244140625,158.3000030517578,156.42999267578125,157.97000122070312,145.36004638671875,2797800
2020-06-19,159.86000061035156,159.8800048828125,156.2899932861328,157.0800018310547,144.5410614013672,3824900
2020-06-22,156.9499969482422,158.3000030517578,156.0500030517578,158.1699981689453,145.54403686523438,2561300
2020-06-23,159.6300048828125,159.97999572753906,158.5500030517578,158.7899932861328,146.1145477294922,2555100
2020-06-24,157.6300048828125,157.91000366210938,153.41000366210938,154.47999572753906,142.14859008789062,3729100
2020-06-25,153.42999267578125,155.77000427246094,152.41000366210938,155.63999938964844,143.86790466308594,4029200
2020-06-26,154.97999572753906,155.1699981689453,151.72999572753906,152.02000427246094,140.5216827392578,3508500
2020-06-29,152.6999969482422,154.27999877929688,151.35000610351562,154.25,142.5830535888672,3161600
2020-06-30,154.47999572753906,157.22000122070312,154.07000732421875,156.52999877929688,144.69058227539062,4317400
2020-07-01,156.89999389648438,158.0399932861328,156.61000061035156,157.44000244140625,145.5317840576172,3640900
2020-07-02,159.3000030517578,160.07000732421875,157.86000061035156,158.07000732421875,146.1141357421875,3181600
2020-07-06,160.5,161.02999877929688,159.86000061035156,160.55999755859375,148.41574096679688,3307600
2020-07-07,159.7899932861328,160.8800048828125,158.72999572753906,158.92999267578125,146.90904235839844,2357400
2020-07-08,159.30999755859375,160.27999877929688,158.3699951171875,160.22999572753906,148.1107177734375,2434900
2020-07-09,160.55999755859375,160.6999969482422,157.27999877929688,159.24000549316406,147.19561767578125,2465200
2020-07-10,159.1699981689453,161.00999450683594,158.42999267578125,160.9499969482422,148.77626037597656,2391800
2020-07-13,162.0800018310547,163.5500030517578,158.8800048828125,159.2100067138672,147.16790771484375,4694700
2020-07-14,158.5,161.4199981689453,157.74000549316406,161.3000030517578,149.0997772216797,3221300
2020-07-15,163.3300018310547,163.63999938964844,161.6699981689453,163.3000030517578,150.94854736328125,3747800
2020-07-16,162.16000366210938,162.8000030517578,161.67999267578125,162.57000732421875,150.27377319335938,2190700
2020-07-17,163.08999633789062,163.50999450683594,162.07000732421875,163.19000244140625,150.84681701660156,2141100
2020-07-20,163.02000427246094,164.86000061035156,162.60000610351562,164.44000244140625,152.0023193359375,3113200
2020-07-21,165.63999938964844,165.89999389648438,164.3699951171875,164.91000366210938,152.43678283691406,2345600
2020-07-22,164.58999633789062,165.94000244140625,164.58999633789062,165.77000427246094,153.2317352294922,2723200
2020-07-23,165.61000061035156,166.1999969482422,163.0800018310547,163.9600067138672,151.55862426757812,3114900
2020-07-24,162.8300018310547,163.39999389648438,161.89999389648438,162.69000244140625,150.38467407226562,2360800
2020-07-27,163.05999755859375,164.10000610351562,162.6300048828125,164.08999633789062,151.6787872314453,2423500
2020-07-28,163.6199951171875,164.22999572753906,162.77999877929688,162.88999938964844,150.569580078125,1904900
2020-07-29,163.4600067138672,165.42999267578125,163.4600067138672,165.0500030517578,152.56619262695312,2153300
2020-07-30,163.44000244140625,164.8699951171875,162.41000366210938,164.67999267578125,152.22413635253906,2473300
2020-07-31,165.5399932861328,165.6199951171875,162.9600067138672,165.52000427246094,153.0006561279297,3159700
2020-08-03,166.47000122070312,167.3000030517578,166.14999389648438,166.9600067138672,154.33169555664062,4341600
2020-08-04,166.61000061035156,167.6199951171875,166.52999877929688,167.6199951171875,154.9417724609375,2811700
2020-08-05,168.47999572753906,168.9199981689453,168.3000030517578,168.83999633789062,156.0695037841797,2683000
2020-08-06,168.6199951171875,169.77999877929688,168.27999877929688,169.66000366210938,156.82749938964844,2150900
2020-08-07,169.22000122070312,169.9499969482422,168.60000610351562,169.8000030517578,156.95687866210938,2194200
2020-08-10,170.02999877929688,170.38999938964844,169.0500030517578,170.27000427246094,157.391357421875,2496700
2020-08-11,171.0,171.3300018310547,168.47999572753906,168.89999389648438,156.12496948242188,3124600
2020-08-12,170.3699951171875,171.52000427246094,170.33999633789062,171.16000366210938,158.2140350341797,3364900
2020-08-13,170.7899932861328,171.75,170.47999572753906,171.02999877929688,158.09388732910156,2247200
2020-08-14,170.72000122070312,171.3000030517578,170.3800048828125,170.97999572753906,158.0476837158203,2213900
2020-08-17,171.42999267578125,171.86000061035156,171.38999938964844,171.7100067138672,158.72244262695312,3422400
2020-08-18,172.0,172.27000427246094,170.97999572753906,171.97000122070312,158.9627685546875,3551400
2020-08-19,172.1699981689453,172.5,170.99000549316406,171.3000030517578,158.3434600830078,2291000
2020-08-20,170.25999450683594,172.05999755859375,170.19000244140625,171.7899932861328,158.79637145996094,2184400
2020-08-21,171.5399932861328,172.3000030517578,171.41000366210938,172.22000122070312,159.19384765625,2284500
2020-08-24,173.50999450683594,173.8699951171875,172.8699951171875,173.8699951171875,160.71900939941406,2467500
2020-08-25,174.22000122070312,174.47000122070312,173.4199981689453,174.4499969482422,161.2552032470703,5162700
2020-08-26,174.72999572753906,176.17999267578125,174.47999572753906,176.02999877929688,162.7156524658203,2441100
2020-08-27,176.52000427246094,177.2899932861328,175.52999877929688,176.4499969482422,163.1038818359375,3435300
2020-08-28,177.17999267578125,177.7100067138672,176.5399932861328,177.67999267578125,164.24087524414062,4163100
2020-08-31,177.66000366210938,178.13999938964844,176.9499969482422,177.27999877929688,163.87110900878906,3189600
2020-09-01,177.69000244140625,178.99000549316406,177.1699981689453,178.85000610351562,165.32240295410156,2877700
2020-09-02,180.0,181.6699981689453,179.00999450683594,181.24000549316406,167.53163146972656,4021900
2020-09-03,180.0,180.49000549316406,173.50999450683594,174.94000244140625,161.7081756591797,5341400
2020-09-04,175.33999633789062,176.13999938964844,169.1999969482422,173.4499969482422,160.33084106445312,4379900
2020-09-08,170.3000030517578,171.0399932861328,168.36000061035156,168.5800018310547,155.82916259765625,3976000
2020-09-09,170.8300018310547,173.13999938964844,170.3300018310547,171.8800048828125,158.8795623779297,4290400
2020-09-10,173.05999755859375,173.49000549316406,168.60000610351562,169.05999755859375,156.27288818359375,3507600
2020-09-11,170.24000549316406,170.55999755859375,167.5,169.1199951171875,156.32830810546875,3407700
2020-09-14,171.0,172.3699951171875,170.60000610351562,171.75999450683594,158.76866149902344,3080800
2020-09-15,173.1999969482422,173.63999938964844,172.11000061035156,172.74000549316406,159.67454528808594,2129700
2020-09-16,173.4600067138672,174.3800048828125,172.07000732421875,172.1699981689453,159.14764404296875,2826900
2020-09-17,169.55999755859375,171.5399932861328,169.22000122070312,170.75,157.8350067138672,2780400
2020-09-18,171.2100067138672,171.2100067138672,167.52999877929688,169.08999633789062,156.3006134033203,3178000
2020-09-21,166.47000122070312,167.05999755859375,164.27000427246094,167.0500030517578,154.41490173339844,4175300
2020-09-22,167.75999450683594,168.92999267578125,166.3699951171875,168.7100067138672,155.94937133789062,2090900
2020-09-23,169.0,169.1300048828125,164.35000610351562,164.63999938964844,152.18716430664062,2071400
2020-09-24,163.9199981689453,166.69000244140625,162.85000610351562,164.99000549316406,152.51068115234375,3792200
2020-09-25,163.77999877929688,167.44000244140625,163.52999877929688,166.9600067138672,154.9647979736328,2986000
2020-09-28,169.32000732421875,170.3000030517578,168.88999938964844,169.99000549316406,157.7770233154297,3291300
2020-09-29,169.83999633789062,170.22999572753906,168.69000244140625,169.0399932861328,156.8953094482422,2120600
2020-09-30,169.50999450683594,171.97000122070312,169.25,170.30999755859375,158.07406616210938,4786400
2020-10-01,171.72000122070312,172.25,170.61000061035156,171.72999572753906,159.3920440673828,3234100
2020-10-02,168.64999389648438,171.30999755859375,168.22999572753906,170.38999938964844,158.14830017089844,2325600
2020-10-05,171.61000061035156,173.52999877929688,171.3300018310547,173.4600067138672,160.99777221679688,2574200
2020-10-06,173.72999572753906,174.97999572753906,171.00999450683594,171.32000732421875,159.0115203857422,2803300
2020-10-07,172.99000549316406,174.72999572753906,172.94000244140625,174.30999755859375,161.7866973876953,1952400
2020-10-08,175.52999877929688,175.88999938964844,174.8800048828125,175.83999633789062,163.2067413330078,2335200
2020-10-09,176.89999389648438,177.6300048828125,176.44000244140625,177.32000732421875,164.58045959472656,2489200
2020-10-12,178.64999389648438,180.63999938964844,178.41000366210938,179.9499969482422,167.021484375,2895800
2020-10-13,179.6699981689453,179.82000732421875,178.42999267578125,179.0,166.13970947265625,2448900
2020-10-14,179.1999969482422,179.9199981689453,177.49000549316406,177.80999755859375,165.0352325439453,2155600
2020-10-15,175.61000061035156,178.07000732421875,175.16000366210938,177.8699951171875,165.0909423828125,2865300
2020-10-16,178.47999572753906,179.30999755859375,177.5500030517578,177.5500030517578,164.7938995361328,1910200
2020-10-19,178.30999755859375,179.25,174.6199951171875,175.00999450683594,162.43643188476562,2713800
2020-10-20,175.89999389648438,177.36000061035156,175.24000549316406,175.6199951171875,163.0025634765625,2622900
2020-10-21,175.66000366210938,176.72000122070312,175.02000427246094,175.02000427246094,162.4456787109375,3237200
2020-10-22,175.3300018310547,176.55999755859375,174.1199951171875,176.25999450683594,163.59661865234375,3762200
2020-10-23,176.80999755859375,176.9499969482422,175.4600067138672,176.83999633789062,164.1349334716797,2412700
2020-10-26,175.0399932861328,175.49000549316406,171.60000610351562,173.6300048828125,161.155517578125,3873600
2020-10-27,173.8300018310547,174.02000427246094,172.82000732421875,172.92999267578125,160.50584411621094,2525200
2020-10-28,169.89999389648438,170.22999572753906,167.00999450683594,167.1999969482422,155.18751525878906,4617500
2020-10-29,167.5,170.47000122070312,166.5,168.77999877929688,156.65402221679688,3101000
2020-10-30,167.88999938964844,168.75,165.02000427246094,166.99000549316406,154.9925994873047,3990400
2020-11-02,168.7899932861328,169.80999755859375,167.16000366210938,168.72999572753906,156.60760498046875,3741600
2020-11-03,170.6999969482422,172.9600067138672,170.33999633789062,171.97000122070312,159.61480712890625,4096000
2020-11-04,174.16000366210938,177.85000610351562,173.69000244140625,175.72000122070312,163.0954132080078,3632100
2020-11-05,178.6699981689453,180.0800018310547,178.41000366210938,179.35000610351562,166.46461486816406,3678100
2020-11-06,179.17999267578125,179.8000030517578,178.0800018310547,179.25999450683594,166.3810272216797,3222100
2020-11-09,187.52000427246094,187.52000427246094,181.1199951171875,181.38999938964844,168.35801696777344,5549800
2020-11-10,181.00999450683594,181.69000244140625,179.08999633789062,181.08999633789062,168.07957458496094,5609200
2020-11-11,182.42999267578125,182.89999389648438,181.58999633789062,182.55999755859375,169.44398498535156,2878800
2020-11-12,181.9499969482422,182.39999389648438,179.6999969482422,180.75999450683594,167.77330017089844,3325700
2020-11-13,181.8800048828125,183.63999938964844,181.5800018310547,183.32000732421875,170.14938354492188,4769900
2020-11-16,185.5399932861328,185.61000061035156,184.08999633789062,185.55999755859375,172.2283935546875,6214800
2020-11-17,184.75999450683594,185.69000244140625,183.61000061035156,185.13999938964844,171.83860778808594,5733100
2020-11-18,185.4499969482422,185.75,183.1699981689453,183.17999267578125,170.01943969726562,3281900
2020-11-19,183.0,184.35000610351562,182.2100067138672,184.1999969482422,170.9661407470703,3038500
2020-11-20,184.1699981689453,184.1699981689453,183.16000366210938,183.22999572753906,170.0658416748047,2785700
2020-11-23,184.2899932861328,185.1999969482422,183.3699951171875,184.72999572753906,171.45806884765625,4390900
2020-11-24,186.2899932861328,187.82000732421875,185.60000610351562,187.58999633789062,174.1126251220703,5378100
2020-11-25,187.4499969482422,187.67999267578125,186.57000732421875,187.52000427246094,174.04762268066406,3459400
2020-11-27,188.1300048828125,188.3699951171875,187.67999267578125,188.17999267578125,174.6602020263672,1742500
2020-11-30,188.05999755859375,188.1300048828125,185.5399932861328,186.6999969482422,173.28652954101562,3721800
2020-12-01,189.1699981689453,189.8000030517578,188.64999389648438,189.07000732421875,175.48626708984375,3867300
2020-12-02,188.44000244140625,189.2899932861328,187.8000030517578,189.22999572753906,175.63473510742188,3831400
2020-12-03,189.32000732421875,190.3000030517578,189.02000427246094,189.61000061035156,175.9875030517578,4408600
2020-12-04,190.0,191.50999450683594,189.99000549316406,191.50999450683594,177.75091552734375,4401400
2020-12-07,191.3000030517578,191.5,190.6199951171875,191.3000030517578,177.5560302734375,4319700
2020-12-08,190.63999938964844,192.38999938964844,190.60000610351562,192.1300048828125,178.32638549804688,3449000
2020-12-09,192.5399932861328,192.63999938964844,189.50999450683594,190.24000549316406,176.5721893310547,4470500
2020-12-10,189.3300018310547,190.91000366210938,188.7100067138672,190.52000427246094,176.83212280273438,3223500
2020-12-11,189.55999755859375,190.3699951171875,188.60000610351562,190.17999267578125,176.51651000976562,3463000
2020-12-14,191.69000244140625,192.19000244140625,189.5800018310547,189.63999938964844,176.01528930664062,3530500
2020-12-15,191.19000244140625,192.27000427246094,190.3800048828125,192.24000549316406,178.42855834960938,3226100
2020-12-16,192.47000122070312,192.99000549316406,191.88999938964844,192.50999450683594,178.67910766601562,2983900
2020-12-17,193.4199981689453,194.02000427246094,193.2100067138672,194.02000427246094,180.08067321777344,4132800
2020-12-18,194.3800048828125,194.47000122070312,192.2100067138672,193.47000122070312,179.57017517089844,4542100
2020-12-21,191.60000610351562,193.35000610351562,189.82000732421875,192.91000366210938,179.05039978027344,5011900
2020-12-22,193.30999755859375,193.47999572753906,192.2100067138672,192.9499969482422,179.0874786376953,4336000
2020-12-23,193.64999389648438,194.22000122070312,193.16000366210938,193.27999877929688,179.39378356933594,3451400
2020-12-24,192.8800048828125,193.0,192.24000549316406,192.82000732421875,179.69390869140625,1744000
2020-12-28,194.58999633789062,194.60000610351562,193.8000030517578,194.0399932861328,180.83082580566406,3780500
2020-12-29,194.86000061035156,194.9499969482422,192.82000732421875,193.22999572753906,180.07595825195312,4606200
2020-12-30,193.89999389648438,194.3800048828125,193.61000061035156,193.75,180.560546875,4314000
2020-12-31,193.75,194.8699951171875,193.25,194.63999938964844,181.3899688720703,3746400
2021-01-04,195.38999938964844,195.42999267578125,189.75999450683594,191.8699951171875,178.8085479736328,8825800
2021-01-05,191.49000549316406,193.9499969482422,191.4199981689453,193.4199981689453,180.2530059814453,3894000
2021-01-06,192.5,196.88999938964844,192.4600067138672,195.16000366210938,181.87461853027344,6175700
2021-01-07,196.4199981689453,198.6199951171875,196.39999389648438,198.2899932861328,184.79150390625,4830900
2021-01-08,199.13999938964844,199.4600067138672,196.97999572753906,199.25,185.68614196777344,7538700
2021-01-11,197.4199981689453,199.05999755859375,197.22000122070312,198.05999755859375,184.57717895507812,3858600
2021-01-12,198.3699951171875,198.99000549316406,197.33999633789062,198.75999450683594,185.2295379638672,3874100
2021-01-13,198.72999572753906,199.5800018310547,198.0500030517578,198.97999572753906,185.43450927734375,3465800
2021-01-14,199.5500030517578,200.02999877929688,198.52000427246094,198.7899932861328,185.25746154785156,4289000
2021-01-15,197.9600067138672,198.25,195.97999572753906,197.05999755859375,183.64523315429688,3444800
2021-01-19,198.66000366210938,199.0399932861328,197.8300018310547,198.86000061035156,185.3226776123047,4153700
2021-01-20,200.0800018310547,201.75999450683594,199.97000122070312,201.3699951171875,187.66184997558594,5224900
2021-01-21,201.85000610351562,202.0,200.77999877929688,201.22000122070312,187.52207946777344,2960600
2021-01-22,200.25999450683594,201.30999755859375,199.9600067138672,200.88999938964844,187.2145233154297,3045900
2021-01-25,201.27000427246094,201.9499969482422,198.35000610351562,201.4600067138672,187.74571228027344,5323200
2021-01-26,201.88999938964844,202.33999633789062,200.67999267578125,200.72999572753906,187.06541442871094,4046900
2021-01-27,199.0500030517578,199.0800018310547,194.64999389648438,195.91000366210938,182.57351684570312,6727700
2021-01-28,196.83999633789062,199.67999267578125,196.74000549316406,197.4499969482422,184.00868225097656,5310100
2021-01-29,196.74000549316406,197.25,192.82000732421875,193.99000549316406,180.7842559814453,8315700
2021-02-01,195.8800048828125,197.72999572753906,194.52999877929688,197.3000030517578,183.868896484375,3900700
2021-02-02,199.1999969482422,200.9600067138672,199.0500030517578,200.1300048828125,186.50625610351562,3278700
2021-02-03,200.82000732421875,201.25999450683594,199.58999633789062,200.42999267578125,186.78582763671875,2905600
2021-02-04,201.16000366210938,202.97000122070312,201.02999877929688,202.97000122070312,189.15292358398438,2746400
2021-02-05,204.1199951171875,204.2899932861328,203.16000366210938,204.11000061035156,190.21531677246094,3127200
2021-02-08,205.19000244140625,205.97999572753906,204.77999877929688,205.94000244140625,191.92076110839844,3676700
2021-02-09,205.60000610351562,206.4499969482422,205.25,206.02000427246094,191.9952850341797,3384800
2021-02-10,207.07000732421875,207.22000122070312,204.4499969482422,205.92999267578125,191.91140747070312,3682400
2021-02-11,206.6999969482422,206.94000244140625,204.82000732421875,206.4199981689453,192.36805725097656,2630000
2021-02-12,205.88999938964844,207.50999450683594,205.8000030517578,207.49000549316406,193.36521911621094,2416700
2021-02-16,208.30999755859375,208.38999938964844,206.52000427246094,207.1199951171875,193.02041625976562,4955700
2021-02-17,206.02000427246094,206.89999389648438,205.0399932861328,206.69000244140625,192.6196746826172,4484000
2021-02-18,205.22999572753906,206.08999633789062,204.00999450683594,205.5,191.5106964111328,3658900
2021-02-19,206.42999267578125,207.02999877929688,205.64999389648438,205.97000122070312,191.94869995117188,4921800
2021-02-22,204.72000122070312,205.52999877929688,203.91000366210938,204.00999450683594,190.12213134765625,4400300
2021-02-23,202.5500030517578,204.67999267578125,199.36000061035156,203.97999572753906,190.09417724609375,5707900
2021-02-24,203.60000610351562,206.47999572753906,202.77999877929688,206.27000427246094,192.22825622558594,3722800
2021-02-25,205.74000549316406,206.3800048828125,200.0,200.8800048828125,187.2052001953125,7581100
2021-02-26,201.99000549316406,202.69000244140625,198.5500030517578,200.0800018310547,186.45965576171875,6324600
2021-03-01,203.14999389648438,205.85000610351562,203.07000732421875,205.22000122070312,191.24974060058594,4691800
2021-03-02,205.5,205.5500030517578,203.1699981689453,203.2899932861328,189.45115661621094,4859000
2021-03-03,203.22000122070312,203.5399932861328,200.17999267578125,200.36000061035156,186.7205810546875,4334000
2021-03-04,200.0399932861328,201.24000549316406,194.52000427246094,197.19000244140625,183.76641845703125,7198800
2021-03-05,199.3699951171875,201.2100067138672,194.11000061035156,200.75,187.08404541015625,6614800
2021-03-08,201.44000244140625,202.88999938964844,199.57000732421875,199.77000427246094,186.17079162597656,4281400
2021-03-09,202.22999572753906,204.35000610351562,201.7100067138672,202.8699951171875,189.0597381591797,4116100
2021-03-10,204.5500030517578,205.27000427246094,203.61000061035156,204.32000732421875,190.4110107421875,4133800
2021-03-11,206.0800018310547,207.8300018310547,205.7100067138672,206.99000549316406,192.8992462158203,4102700
2021-03-12,206.16000366210938,207.4600067138672,205.5500030517578,207.39999389648438,193.28138732910156,4069000
2021-03-15,207.72999572753906,208.89999389648438,206.38999938964844,208.85000610351562,194.63267517089844,3421900
2021-03-16,209.13999938964844,209.3000030517578,207.36000061035156,208.00999450683594,193.84982299804688,4599900
2021-03-17,207.30999755859375,209.2899932861328,206.36000061035156,208.8000030517578,194.5860137939453,3347000
2021-03-18,207.4499969482422,208.44000244140625,204.77000427246094,205.0,191.0447235107422,3641900
2021-03-19,205.13999938964844,206.14999389648438,203.57000732421875,205.25999450683594,191.2870330810547,3871000
2021-03-22,205.8800048828125,207.25999450683594,205.3800048828125,206.3699951171875,192.32142639160156,3603900
2021-03-23,206.19000244140625,206.44000244140625,203.63999938964844,204.02000427246094,190.13150024414062,4764800
2021-03-24,205.1699981689453,205.85000610351562,202.3300018310547,202.3300018310547,188.55650329589844,4014500
2021-03-25,200.9199981689453,203.66000366210938,199.5,203.14999389648438,189.95152282714844,4976800
2021-03-26,204.11000061035156,206.63999938964844,203.24000549316406,206.47000122070312,193.0558319091797,3554900
2021-03-29,205.58999633789062,206.36000061035156,204.24000549316406,205.5,192.14886474609375,4562900
2021-03-30,205.1699981689453,205.88999938964844,204.2899932861328,205.44000244140625,192.09275817871094,3960500
2021-03-31,206.0500030517578,207.6199951171875,206.0,206.69000244140625,193.2615203857422,5494800
2021-04-01,207.99000549316406,209.3000030517578,207.55999755859375,209.27999877929688,195.6832733154297,4543300
2021-04-05,210.85000610351562,211.9600067138672,210.55999755859375,211.72000122070312,197.9647674560547,5941400
2021-04-06,211.69000244140625,212.49000549316406,211.41000366210938,211.8000030517578,198.03956604003906,4029900
2021-04-07,211.7899932861328,212.1199951171875,211.08999633789062,211.6199951171875,197.87124633789062,3299100
2021-04-08,212.5399932861328,212.85000610351562,211.77000427246094,212.85000610351562,199.02134704589844,3628900
2021-04-09,212.85000610351562,214.25,212.6199951171875,214.13999938964844,200.2275390625,3559100
2021-04-12,214.05999755859375,214.3699951171875,213.3300018310547,214.1999969482422,200.2836456298828,3882800
2021-04-13,214.36000061035156,215.27999877929688,214.0,214.8000030517578,200.8446807861328,4056900
2021-04-14,215.05999755859375,215.8699951171875,214.0399932861328,214.32000732421875,200.39585876464844,3765600
2021-04-15,215.72999572753906,216.6699981689453,215.4600067138672,216.60000610351562,202.5277557373047,5439600
2021-04-16,217.4600067138672,217.47000122070312,216.32000732421875,217.14999389648438,203.04200744628906,4306000
2021-04-19,216.72999572753906,216.91000366210938,215.0,215.72999572753906,201.7142333984375,3986900
2021-04-20,215.22000122070312,215.5399932861328,212.9199981689453,213.75,199.86288452148438,5210300
2021-04-21,213.64999389648438,216.3300018310547,213.25,216.3000030517578,202.24720764160156,3167900
2021-04-22,216.4499969482422,217.0399932861328,213.8800048828125,214.61000061035156,200.6669921875,4394800
2021-04-23,215.0800018310547,217.8699951171875,214.97000122070312,217.2100067138672,203.09808349609375,4374300
2021-04-26,217.74000549316406,218.27000427246094,217.4499969482422,218.0,203.8367919921875,3202500
2021-04-27,218.3000030517578,218.3300018310547,217.35000610351562,217.89999389648438,203.7432861328125,2670000
2021-04-28,218.07000732421875,218.63999938964844,217.6199951171875,217.8699951171875,203.71517944335938,2603900
2021-04-29,219.60000610351562,219.64999389648438,216.94000244140625,218.6999969482422,204.49130249023438,4178800
2021-04-30,217.50999450683594,218.1699981689453,216.75,217.10000610351562,202.9952392578125,3256600
2021-05-03,218.57000732421875,218.57000732421875,217.3000030517578,217.47999572753906,203.3505401611328,3846300
2021-05-04,216.47999572753906,216.5399932861328,213.80999755859375,215.85000610351562,201.8264617919922,4900000
2021-05-05,216.94000244140625,216.94000244140625,215.27999877929688,215.80999755859375,201.7890625,2032600
2021-05-06,215.77999877929688,216.9499969482422,214.0800018310547,216.91000366210938,202.8175811767578,4131200
2021-05-07,217.39999389648438,218.99000549316406,217.10000610351562,218.75,204.5380401611328,3868100
2021-05-10,218.88999938964844,218.89999389648438,216.0500030517578,216.17999267578125,202.13499450683594,4443800
2021-05-11,213.2899932861328,214.91000366210938,212.02000427246094,214.44000244140625,200.50804138183594,5959900
2021-05-12,212.94000244140625,213.6300048828125,209.2100067138672,209.61000061035156,195.9918670654297,5788400
2021-05-13,210.3800048828125,212.9199981689453,210.3300018310547,211.9199981689453,198.15176391601562,4970900
2021-05-14,213.5500030517578,215.9600067138672,213.5,215.5399932861328,201.53660583496094,4292600
2021-05-17,214.89999389648438,215.3800048828125,213.74000549316406,215.0800018310547,201.1064910888672,4063200
2021-05-18,215.25,215.6300048828125,213.33999633789062,213.39999389648438,199.53558349609375,3173100
2021-05-19,210.57000732421875,212.77999877929688,209.75,212.77999877929688,198.95591735839844,6015000
2021-05-20,213.2100067138672,215.66000366210938,213.17999267578125,215.08999633789062,201.1158447265625,3478300
2021-05-21,216.0800018310547,216.74000549316406,214.7100067138672,214.97000122070312,201.0036163330078,3623300
2021-05-24,216.24000549316406,217.6999969482422,215.9199981689453,217.13999938964844,203.03265380859375,2873700
2021-05-25,217.83999633789062,218.02000427246094,216.1999969482422,216.5399932861328,202.4716339111328,3700600
2021-05-26,216.97999572753906,217.55999755859375,216.47999572753906,217.32000732421875,203.200927734375,3258100
2021-05-27,218.0,218.24000549316406,217.58999633789062,217.72000122070312,203.57496643066406,2617200
2021-05-28,218.60000610351562,218.72999572753906,218.02999877929688,218.08999633789062,203.9208984375,2635700
2021-06-01,219.52999877929688,219.52999877929688,217.80999755859375,218.17999267578125,204.0050506591797,3805700
2021-06-02,218.6199951171875,218.82000732421875,217.88999938964844,218.47000122070312,204.27621459960938,3599400
2021-06-03,217.3000030517578,218.0500030517578,216.0800018310547,217.5,203.36923217773438,2967000
2021-06-04,218.57000732421875,219.47999572753906,218.4600067138672,219.38999938964844,205.13648986816406,2287100
2021-06-07,219.5500030517578,219.67999267578125,219.02999877929688,219.57000732421875,205.30474853515625,2762800
2021-06-08,220.02999877929688,220.27999877929688,218.66000366210938,220.02000427246094,205.72557067871094,2831700
2021-06-09,220.41000366210938,220.5,219.35000610351562,219.39999389648438,205.1457977294922,2688600
2021-06-10,220.2100067138672,220.89999389648438,219.19000244140625,220.3699951171875,206.0527801513672,2936700
2021-06-11,220.77999877929688,221.02000427246094,220.1300048828125,221.02000427246094,206.66053771972656,2837200
2021-06-14,221.1999969482422,221.38999938964844,220.3800048828125,221.36000061035156,206.9784393310547,3189400
2021-06-15,221.49000549316406,221.52999877929688,220.1699981689453,220.77999877929688,206.43612670898438,3094000
2021-06-16,220.97000122070312,220.97000122070312,218.3800048828125,219.67999267578125,205.40762329101562,3459600
2021-06-17,219.44000244140625,220.05999755859375,217.9499969482422,219.47000122070312,205.21128845214844,3002900
2021-06-18,217.99000549316406,218.14999389648438,216.52999877929688,216.75,202.66798400878906,4538300
2021-06-21,217.6699981689453,219.8000030517578,217.0800018310547,219.74000549316406,205.4637451171875,3870000
2021-06-22,219.85000610351562,221.35000610351562,219.17999267578125,220.99000549316406,206.63253784179688,2684300
2021-06-23,221.10000610351562,221.58999633789062,220.80999755859375,220.89999389648438,206.54833984375,2662200
2021-06-24,221.50999450683594,221.8699951171875,221.2899932861328,221.72000122070312,207.95050048828125,2931600
2021-06-25,222.25999450683594,222.6999969482422,221.91000366210938,222.5500030517578,208.7289581298828,2801300
2021-06-28,222.99000549316406,222.99000549316406,221.86000061035156,222.8000030517578,208.9634552001953,3094900
2021-06-29,223.30999755859375,223.39999389648438,222.47000122070312,222.80999755859375,208.97280883789062,4068000
2021-06-30,222.69000244140625,223.14999389648438,222.4600067138672,222.82000732421875,208.98219299316406,3041700
2021-07-01,223.39999389648438,224.05999755859375,223.10000610351562,224.02999877929688,210.1170196533203,3836000
2021-07-02,224.7100067138672,225.41000366210938,224.30999755859375,225.27000427246094,211.28005981445312,3026400
2021-07-06,225.3800048828125,225.52000427246094,223.16000366210938,224.77999877929688,210.82044982910156,4147200
2021-07-07,225.0800018310547,225.36000061035156,223.52000427246094,225.0800018310547,211.10182189941406,4042200
2021-07-08,221.92999267578125,223.72000122070312,221.13999938964844,223.17999267578125,209.31983947753906,4486100
2021-07-09,224.16000366210938,225.97999572753906,224.02000427246094,225.8800048828125,211.85218811035156,3886600
2021-07-12,225.9499969482422,226.61000061035156,225.47000122070312,226.50999450683594,212.44302368164062,3294600
2021-07-13,226.10000610351562,226.52000427246094,225.1199951171875,225.25,211.26129150390625,4668400
2021-07-14,226.27000427246094,226.4600067138672,224.4199981689453,224.94000244140625,210.97052001953125,2830200
2021-07-15,224.4499969482422,224.75999450683594,222.86000061035156,224.14999389648438,210.2296142578125,3276500
2021-07-16,225.0,225.0,222.19000244140625,222.38999938964844,208.5789337158203,3203300
2021-07-19,219.80999755859375,219.80999755859375,217.82000732421875,219.22999572753906,205.6151580810547,6966200
2021-07-20,219.9499969482422,223.7100067138672,219.38999938964844,223.02000427246094,209.1697540283203,5362900
2021-07-21,223.75,225.02000427246094,223.5500030517578,225.02000427246094,211.0455780029297,2542500
2021-07-22,225.1999969482422,225.35000610351562,224.17999267578125,225.2100067138672,211.22377014160156,2236200
2021-07-23,226.25,227.61000061035156,225.8300018310547,227.4600067138672,213.3340301513672,2982700
2021-07-26,227.25,227.9199981689453,227.1300048828125,227.9199981689453,213.7654571533203,2849700
2021-07-27,227.3800048828125,227.42999267578125,224.97999572753906,226.69000244140625,212.6118621826172,4169600
2021-07-28,227.1199951171875,227.80999755859375,226.19000244140625,227.0399932861328,212.9401092529297,3306700
2021-07-29,227.5800018310547,228.75,227.5800018310547,228.0399932861328,213.87802124023438,2960900
2021-07-30,226.57000732421875,227.9199981689453,226.39999389648438,226.69000244140625,212.6118621826172,2846800
2021-08-02,227.85000610351562,228.10000610351562,226.19000244140625,226.3699951171875,212.31173706054688,3558100
2021-08-03,226.8300018310547,228.0,225.27999877929688,227.99000549316406,213.8311309814453,3245400
2021-08-04,227.19000244140625,227.69000244140625,226.75,226.97000122070312,212.8744659423828,3374500
2021-08-05,227.52000427246094,228.60000610351562,227.24000549316406,228.58999633789062,214.39382934570312,2461700
2021-08-06,228.92999267578125,229.30999755859375,228.38999938964844,228.8699951171875,214.65646362304688,2343100
2021-08-09,228.86000061035156,229.0399932861328,228.02000427246094,228.77999877929688,214.57208251953125,3295500
2021-08-10,229.0,229.30999755859375,228.50999450683594,228.92999267578125,214.71273803710938,2946700
2021-08-11,229.44000244140625,229.49000549316406,228.41000366210938,229.3800048828125,215.134765625,3051400
2021-08-12,229.35000610351562,230.02000427246094,228.77000427246094,230.02000427246094,215.73509216308594,2746000
2021-08-13,230.22999572753906,230.25,229.75999450683594,230.14999389648438,215.8569793701172,2516000
2021-08-16,229.47999572753906,230.25,228.27999877929688,230.24000549316406,215.94139099121094,3193200
2021-08-17,228.72000122070312,229.0399932861328,226.77999877929688,228.52999877929688,214.3376007080078,3735100
2021-08-18,228.11000061035156,228.8300018310547,226.05999755859375,226.25,212.19915771484375,3194100
2021-08-19,224.72000122070312,226.82000732421875,224.39999389648438,226.0800018310547,212.0397491455078,3964500
2021-08-20,226.32000732421875,228.19000244140625,226.02000427246094,228.11000061035156,213.94366455078125,2655100
2021-08-23,229.07000732421875,230.74000549316406,228.77999877929688,230.32000732421875,216.0164337158203,3180600
2021-08-24,230.86000061035156,231.41000366210938,230.6699981689453,231.13999938964844,216.7854766845703,2772300
2021-08-25,231.38999938964844,232.02000427246094,230.97999572753906,231.8000030517578,217.40452575683594,2897000
2021-08-26,231.6199951171875,231.7899932861328,230.16000366210938,230.25,215.9507598876953,3352000
2021-08-27,230.8000030517578,232.94000244140625,230.6699981689453,232.72999572753906,218.27679443359375,3749800
2021-08-30,233.22000122070312,233.97000122070312,232.8000030517578,233.61000061035156,219.10214233398438,3194000
2021-08-31,233.55999755859375,233.6300048828125,232.77000427246094,233.1699981689453,218.689453125,3099400
2021-09-01,233.82000732421875,234.2100067138672,233.25,233.5800018310547,219.07398986816406,3533100
2021-09-02,234.30999755859375,234.64999389648438,233.67999267578125,234.3699951171875,219.81491088867188,3274600
2021-09-03,234.0,234.5,233.6300048828125,234.2899932861328,219.7399139404297,2484200
2021-09-07,234.2899932861328,234.3000030517578,233.02000427246094,233.27999877929688,218.79261779785156,3256800
2021-09-08,233.00999450683594,233.25999450683594,231.58999633789062,232.72999572753906,218.27679443359375,3027600
2021-09-09,232.6699981689453,233.64999389648438,231.75,231.9199981689453,217.51702880859375,3265900
2021-09-10,233.02999877929688,233.19000244140625,229.9600067138672,230.0800018310547,215.7913055419922,3385600
2021-09-13,231.50999450683594,231.74000549316406,229.3300018310547,230.60000610351562,216.279052734375,3312700
2021-09-14,231.41000366210938,231.49000549316406,228.6199951171875,229.2100067138672,214.97535705566406,3158900
2021-09-15,229.4199981689453,231.33999633789062,228.72000122070312,231.10000610351562,216.74798583984375,2598900
2021-09-16,230.94000244140625,231.52000427246094,229.3000030517578,230.88999938964844,216.55105590820312,2537200
2021-09-17,230.5399932861328,230.8300018310547,228.64999389648438,229.0399932861328,214.81591796875,3078200
2021-09-20,225.50999450683594,226.30999755859375,222.30999755859375,225.07000732421875,211.09246826171875,7749300
2021-09-21,226.50999450683594,227.02999877929688,224.4600067138672,225.0500030517578,211.07366943359375,4564400
2021-09-22,226.3300018310547,228.42999267578125,225.8300018310547,227.32000732421875,213.2027587890625,4187300
2021-09-23,228.44000244140625,230.9499969482422,228.0500030517578,230.08999633789062,215.8007049560547,3778100
2021-09-24,228.5500030517578,229.9499969482422,228.19000244140625,229.63999938964844,216.0585174560547,3122800
2021-09-27,229.16000366210938,229.8699951171875,228.50999450683594,229.13999938964844,215.5880584716797,2856700
2021-09-28,227.64999389648438,227.7899932861328,224.0500030517578,224.33999633789062,211.0719757080078,5078600
2021-09-29,225.22000122070312,225.99000549316406,224.27999877929688,224.49000549316406,211.2130889892578,4585500
2021-09-30,225.35000610351562,228.39999389648438,221.94000244140625,222.05999755859375,208.92678833007812,5080200
2021-10-01,223.10000610351562,225.6300048828125,221.02000427246094,225.1199951171875,211.80580139160156,5148600
2021-10-04,224.24000549316406,224.39999389648438,220.5399932861328,221.72999572753906,208.6163330078125,4984000
2021-10-05,222.42999267578125,224.99000549316406,222.10000610351562,223.8000030517578,210.56390380859375,3568200
2021-10-06,221.88999938964844,224.80999755859375,220.97999572753906,224.72999572753906,211.43890380859375,3076000
2021-10-07,226.5,228.36000061035156,226.11000061035156,226.88999938964844,213.47116088867188,3081300
2021-10-08,227.39999389648438,227.5500030517578,226.02000427246094,226.38999938964844,213.00071716308594,1922600
2021-10-11,226.07000732421875,227.58999633789062,224.67999267578125,224.75999450683594,211.4671173095703,2354900
2021-10-12,225.30999755859375,225.6999969482422,224.16000366210938,224.60000610351562,211.31655883789062,2898400
2021-10-13,225.1699981689453,226.02999877929688,223.64999389648438,225.6199951171875,212.27627563476562,3179500
2021-10-14,227.7100067138672,229.42999267578125,227.5,229.3699951171875,215.80445861816406,2688800
2021-10-15,230.69000244140625,231.16000366210938,230.27000427246094,230.72999572753906,217.0840301513672,2717900
2021-10-18,230.07000732421875,231.66000366210938,229.4499969482422,231.57000732421875,217.87435913085938,3078300
2021-10-19,232.5,233.27999877929688,232.11000061035156,233.25999450683594,219.46438598632812,2683100
2021-10-20,233.5500030517578,234.35000610351562,233.38999938964844,234.1699981689453,220.32057189941406,2838400
2021-10-21,233.91000366210938,234.9499969482422,233.6699981689453,234.80999755859375,220.92269897460938,2839800
2021-10-22,234.60000610351562,235.30999755859375,233.32000732421875,234.36000061035156,220.49932861328125,2144500
2021-10-25,235.07000732421875,235.9600067138672,234.10000610351562,235.8000030517578,221.85418701171875,2170100
2021-10-26,236.64999389648438,237.19000244140625,235.4600067138672,235.7100067138672,221.76953125,2759900
2021-10-27,236.0500030517578,236.0800018310547,233.99000549316406,234.10000610351562,220.2547149658203,3409600
2021-10-28,234.94000244140625,236.60000610351562,234.77999877929688,236.60000610351562,222.60684204101562,2104900
2021-10-29,235.47999572753906,237.1300048828125,235.3699951171875,236.91000366210938,222.89854431152344,3565900
2021-11-01,237.75,238.1199951171875,236.72000122070312,238.08999633789062,224.0087127685547,3967500
2021-11-02,238.32000732421875,238.92999267578125,237.91000366210938,238.8300018310547,224.7050018310547,4004800
2021-11-03,238.69000244140625,240.72999572753906,238.3000030517578,240.52000427246094,226.29505920410156,3704400
2021-11-04,241.02999877929688,241.8000030517578,240.52999877929688,241.42999267578125,227.15118408203125,3557000
2021-11-05,242.75,243.50999450683594,241.38999938964844,242.36000061035156,228.02618408203125,3919400
2021-11-08,243.1699981689453,243.55999755859375,242.42999267578125,242.75999450683594,228.40257263183594,3401400
2021-11-09,243.0399932861328,243.13999938964844,241.19000244140625,242.05999755859375,227.7439422607422,2764100
2021-11-10,241.13999938964844,241.9600067138672,238.72999572753906,239.67999267578125,225.5047149658203,3356500
2021-11-11,240.6699981689453,240.75999450683594,239.9600067138672,239.97000122070312,225.777587890625,2277100
2021-11-12,240.63999938964844,242.0399932861328,240.2100067138672,241.75,227.4522705078125,2419900
2021-11-15,242.44000244140625,242.6699981689453,241.13999938964844,241.75,227.4522705078125,3630500
2021-11-16,241.66000366210938,243.3300018310547,241.41000366210938,242.7899932861328,228.43077087402344,2947400
2021-11-17,242.60000610351562,242.60000610351562,241.42999267578125,241.7899932861328,227.48989868164062,2809000
2021-11-18,242.3000030517578,242.44000244140625,240.52000427246094,242.1699981689453,227.84747314453125,3507700
2021-11-19,242.08999633789062,242.6199951171875,241.3300018310547,241.47999572753906,227.1982421875,3353800
2021-11-22,242.33999633789062,243.60000610351562,240.25,240.32000732421875,226.1068572998047,3902900
2021-11-23,240.10000610351562,241.10000610351562,238.24000549316406,240.39999389648438,226.18211364746094,3826200
2021-11-24,239.13999938964844,241.2100067138672,238.6300048828125,241.2100067138672,226.94419860839844,2195400
2021-11-26,237.24000549316406,238.10000610351562,234.94000244140625,235.99000549316406,222.03298950195312,5730300
2021-11-29,238.47999572753906,239.27999877929688,236.52000427246094,238.2100067138672,224.1216583251953,4789200
2021-11-30,236.99000549316406,237.72999572753906,233.10000610351562,233.4499969482422,219.64321899414062,7231400
2021-12-01,236.41000366210938,237.8699951171875,229.8800048828125,230.16000366210938,216.54774475097656,5274700
2021-12-02,230.2100067138672,234.67999267578125,230.08999633789062,233.89999389648438,220.06654357910156,4257400
2021-12-03,234.8300018310547,235.27000427246094,229.02000427246094,231.19000244140625,217.51683044433594,5821900
2021-12-06,232.61000061035156,235.17999267578125,230.9499969482422,234.16000366210938,220.31117248535156,4210600
2021-12-07,237.55999755859375,239.6999969482422,237.33999633789062,239.1699981689453,225.0248565673828,4284700
2021-12-08,239.57000732421875,240.3800048828125,238.63999938964844,240.1999969482422,225.9939422607422,3417400
2021-12-09,239.52000427246094,239.89999389648438,237.77999877929688,237.91000366210938,223.83941650390625,2853800
2021-12-10,239.4199981689453,239.8699951171875,237.57000732421875,239.52999877929688,225.3636016845703,2610800
2021-12-13,239.5,239.60000610351562,237.13999938964844,237.35000610351562,223.31248474121094,5839100
2021-12-14,235.4499969482422,236.86000061035156,234.0500030517578,235.57000732421875,221.63780212402344,3360400
2021-12-15,235.55999755859375,239.25,233.85000610351562,239.1999969482422,225.0531005859375,3720700
2021-12-16,240.2899932861328,240.49000549316406,235.66000366210938,236.52000427246094,222.53158569335938,3876100
2021-12-17,235.0,237.16000366210938,233.33999633789062,235.44000244140625,221.51547241210938,4455100
2021-12-20,232.10000610351562,232.35000610351562,230.07000732421875,232.1300048828125,218.40122985839844,5839800
2021-12-21,234.19000244140625,236.83999633789062,233.22000122070312,236.67999267578125,222.68211364746094,4158800
2021-12-22,236.6300048828125,239.10000610351562,236.5500030517578,239.02000427246094,224.8837432861328,3202900
2021-12-23,239.8699951171875,241.36000061035156,239.5,240.6699981689453,226.43617248535156,2925100
2021-12-27,240.47999572753906,242.9600067138672,240.33999633789062,242.9600067138672,229.40951538085938,4395100
2021-12-28,243.05999755859375,243.77999877929688,242.0399932861328,242.4600067138672,228.93740844726562,3960900
2021-12-29,242.5500030517578,243.16000366210938,241.7100067138672,242.60000610351562,229.0696258544922,3044300
2021-12-30,243.11000061035156,243.69000244140625,242.0,242.2100067138672,228.70135498046875,4501500
2021-12-31,242.08999633789062,242.69000244140625,241.44000244140625,241.44000244140625,227.97434997558594,3499900
2022-01-03,242.4199981689453,242.97000122070312,240.86000061035156,242.97000122070312,229.41896057128906,4204000
2022-01-04,243.72999572753906,244.05999755859375,241.35000610351562,242.50999450683594,228.984619140625,4217000
2022-01-05,242.0800018310547,242.66000366210938,237.1999969482422,237.25,224.0179901123047,4878300
2022-01-06,237.1999969482422,238.77000427246094,235.5399932861328,237.19000244140625,223.96131896972656,4519200
2022-01-07,237.19000244140625,238.07000732421875,235.32000732421875,236.11000061035156,222.94158935546875,3580200
2022-01-10,234.2100067138672,235.83999633789062,230.97000122070312,235.6999969482422,222.55441284179688,5819600
2022-01-11,235.7100067138672,238.11000061035156,234.08999633789062,238.0500030517578,224.77337646484375,3524800
2022-01-12,239.0399932861328,239.85000610351562,237.30999755859375,238.4199981689453,225.12274169921875,4033100
2022-01-13,239.17999267578125,239.39999389648438,234.47999572753906,234.92999267578125,221.82740783691406,4049300
2022-01-14,233.5,235.1300048828125,232.30999755859375,235.02000427246094,221.91238403320312,3829900
2022-01-18,232.5,232.6999969482422,229.94000244140625,230.4499969482422,217.59722900390625,6511600
2022-01-19,231.22000122070312,232.16000366210938,227.89999389648438,228.02999877929688,215.31222534179688,4868100
2022-01-20,229.1300048828125,231.91000366210938,225.13999938964844,225.3699951171875,212.80055236816406,5175100
2022-01-21,224.6199951171875,226.08999633789062,220.8300018310547,220.91000366210938,208.5893096923828,8582600
2022-01-24,217.99000549316406,222.57000732421875,212.10000610351562,222.3300018310547,209.9301300048828,22004300
2022-01-25,219.10000610351562,222.02000427246094,215.63999938964844,219.22000122070312,206.99356079101562,6600400
2022-01-26,222.72000122070312,224.16000366210938,216.0500030517578,218.3699951171875,206.19097900390625,7096400
2022-01-27,220.80999755859375,222.39999389648438,215.89999389648438,216.75,204.66134643554688,5789200
2022-01-28,217.5,222.1699981689453,214.92999267578125,222.08999633789062,209.70350646972656,4961200
2022-01-31,222.08999633789062,226.9499969482422,221.22000122070312,226.80999755859375,214.16024780273438,5306400
2022-02-01,227.94000244140625,228.92999267578125,225.13999938964844,228.5399932861328,215.7937774658203,4697600
2022-02-02,229.88999938964844,230.44000244140625,227.99000549316406,230.0500030517578,217.21957397460938,4048200
2022-02-03,226.80999755859375,227.92999267578125,224.1300048828125,224.5800018310547,212.0546112060547,4217700
2022-02-04,224.8300018310547,227.99000549316406,223.32000732421875,226.07000732421875,213.4615478515625,3585300
2022-02-07,226.47999572753906,227.3800048828125,224.83999633789062,225.5,212.92333984375,2757300
2022-02-08,225.27000427246094,228.0500030517578,224.47999572753906,227.57000732421875,214.87786865234375,3075500
2022-02-09,229.86000061035156,231.3000030517578,229.60000610351562,231.27000427246094,218.37149047851562,3698700
2022-02-10,228.16000366210938,231.80999755859375,226.13999938964844,227.35000610351562,214.67013549804688,3511200
2022-02-11,227.3800048828125,228.5,222.00999450683594,222.94000244140625,210.50608825683594,4839800
2022-02-14,222.52000427246094,223.5500030517578,220.3000030517578,222.1199951171875,209.73179626464844,4402100
2022-02-15,224.5800018310547,226.1699981689453,224.39999389648438,226.07000732421875,213.4615478515625,4406200
2022-02-16,225.0,226.8800048828125,223.80999755859375,226.27999877929688,213.65980529785156,4812400
2022-02-17,224.41000366210938,224.6999969482422,220.72000122070312,221.13999938964844,208.80648803710938,5784600
2022-02-18,221.13999938964844,221.99000549316406,218.2100067138672,219.3699951171875,207.1352081298828,7007900
2022-02-22,218.11000061035156,220.0800018310547,215.05999755859375,216.85000610351562,204.7557373046875,7748900
2022-02-23,218.57000732421875,218.8300018310547,212.57000732421875,212.86000061035156,200.98828125,7684500
2022-02-24,207.63999938964844,216.85000610351562,207.0,216.58999633789062,204.51028442382812,10471000
2022-02-25,217.27999877929688,221.44000244140625,216.16000366210938,221.41000366210938,209.06146240234375,4615100
2022-02-28,219.25,222.05999755859375,218.25,221.1699981689453,208.8348388671875,4219800
2022-03-01,220.6199951171875,221.49000549316406,216.3300018310547,217.72000122070312,205.57725524902344,4765000
2022-03-02,219.0,222.61000061035156,218.4199981689453,221.85000610351562,209.47689819335938,3884900
2022-03-03,222.5399932861328,223.08999633789062,219.19000244140625,220.16000366210938,207.88113403320312,4161700
2022-03-04,218.2100067138672,218.61000061035156,215.85000610351562,217.9600067138672,205.80384826660156,4518100
2022-03-07,217.67999267578125,217.9199981689453,211.22000122070312,211.24000549316406,199.45863342285156,7953400
2022-03-08,211.07000732421875,215.49000549316406,209.27999877929688,210.0500030517578,198.33499145507812,6132200
2022-03-09,214.6699981689453,216.91000366210938,213.57000732421875,215.8800048828125,203.83984375,4558400
2022-03-10,213.77000427246094,215.35000610351562,212.3000030517578,214.91000366210938,202.92391967773438,5271300
2022-03-11,216.32000732421875,216.5399932861328,211.6999969482422,211.99000549316406,200.16680908203125,5511000
2022-03-14,212.27999877929688,213.80999755859375,209.27000427246094,209.89999389648438,198.193359375,6284200
2022-03-15,211.0,214.63999938964844,210.5,214.27999877929688,202.32908630371094,6491000
2022-03-16,216.36000061035156,219.63999938964844,213.99000549316406,219.63999938964844,207.39015197753906,4863500
2022-03-17,218.52999877929688,222.60000610351562,218.27999877929688,222.5800018310547,210.16615295410156,6570100
2022-03-18,221.99000549316406,225.4499969482422,221.42999267578125,225.17999267578125,212.62115478515625,3425100
2022-03-21,225.44000244140625,226.1999969482422,223.07000732421875,224.97000122070312,212.42288208007812,2802200
2022-03-22,225.77999877929688,228.14999389648438,225.60000610351562,227.72999572753906,215.02894592285156,3269300
2022-03-23,225.72999572753906,226.5,223.92999267578125,223.92999267578125,212.1002655029297,2695400
2022-03-24,225.00999450683594,227.19000244140625,224.3300018310547,227.1199951171875,215.12173461914062,2375100
2022-03-25,227.57000732421875,228.25,225.89999389648438,228.08999633789062,216.04051208496094,3851100
2022-03-28,228.02999877929688,229.57000732421875,226.47999572753906,229.57000732421875,217.4423370361328,6799400
2022-03-29,231.4199981689453,233.36000061035156,230.4499969482422,233.0500030517578,220.7384490966797,4470500
2022-03-30,232.38999938964844,232.80999755859375,230.02999877929688,231.16000366210938,218.94833374023438,3436400
2022-03-31,230.67999267578125,231.32000732421875,227.61000061035156,227.6699981689453,215.64271545410156,4087000
2022-04-01,228.66000366210938,228.75,226.6300048828125,228.5800018310547,216.504638671875,3456400
2022-04-04,228.86000061035156,230.5399932861328,228.3800048828125,230.52000427246094,218.34214782714844,3241100
2022-04-05,229.88999938964844,230.8800048828125,226.5800018310547,227.14999389648438,215.150146484375,3268800
2022-04-06,225.02999877929688,225.83999633789062,222.94000244140625,224.5399932861328,212.67803955078125,4122000
2022-04-07,224.1999969482422,226.44000244140625,222.63999938964844,225.38999938964844,213.48313903808594,4347500
2022-04-08,224.97999572753906,226.35000610351562,223.91000366210938,224.69000244140625,212.82012939453125,2954800
2022-04-11,223.1699981689453,223.57000732421875,221.0,221.17999267578125,209.49554443359375,2942200
2022-04-12,222.86000061035156,224.5,219.74000549316406,220.5,208.85145568847656,3164200
2022-04-13,220.50999450683594,223.7899932861328,220.27000427246094,223.38999938964844,211.58880615234375,2404600
2022-04-14,223.5800018310547,224.2100067138672,220.61000061035156,220.6699981689453,209.0124969482422,2465500
2022-04-18,220.41000366210938,221.2899932861328,219.14999389648438,220.2899932861328,208.65260314941406,3674400
2022-04-19,220.22999572753906,224.60000610351562,220.22999572753906,224.1699981689453,212.3275909423828,2631200
2022-04-20,225.0,225.52000427246094,223.39999389648438,223.8800048828125,212.05291748046875,2933200
2022-04-21,225.6999969482422,226.67999267578125,219.6999969482422,220.22000122070312,208.5862579345703,3172100
2022-04-22,219.72999572753906,219.72999572753906,214.02000427246094,214.22000122070312,202.90322875976562,6361400
2022-04-25,213.07000732421875,215.6999969482422,210.7899932861328,215.38999938964844,204.01144409179688,9271800
2022-04-26,214.25999450683594,214.41000366210938,209.25,209.25,198.19580078125,6891100
2022-04-27,209.85000610351562,212.39999389648438,208.5500030517578,209.66000366210938,198.58412170410156,4955900
2022-04-28,211.8800048828125,215.75,209.4499969482422,214.77000427246094,203.42417907714844,3767700
2022-04-29,212.89999389648438,214.30999755859375,206.7100067138672,206.8800048828125,195.95098876953125,7330500
2022-05-02,207.14999389648438,209.1300048828125,203.7100067138672,208.44000244140625,197.42857360839844,10630500
2022-05-03,208.49000549316406,210.61000061035156,207.8800048828125,209.42999267578125,198.3662872314453,3901800
2022-05-04,209.72000122070312,215.91000366210938,207.69000244140625,215.57000732421875,204.1819305419922,3870600
2022-05-05,213.2899932861328,213.38999938964844,205.4600067138672,207.6199951171875,196.65187072753906,5186700
2022-05-06,206.4199981689453,207.82000732421875,203.11000061035156,205.9499969482422,195.0701141357422,5193900
2022-05-09,203.0,203.3800048828125,197.86000061035156,198.64999389648438,188.15577697753906,9551400
2022-05-10,201.88999938964844,202.7100067138672,196.5500030517578,199.0500030517578,188.53465270996094,7605000
2022-05-11,198.58999633789062,201.6300048828125,195.14999389648438,195.4499969482422,185.1248016357422,6365500
2022-05-12,194.05999755859375,197.58999633789062,192.1199951171875,195.66000366210938,185.32371520996094,7964900
2022-05-13,197.91000366210938,201.75,197.74000549316406,200.89999389648438,190.2869110107422,4543200
2022-05-16,200.38999938964844,201.86000061035156,198.86000061035156,199.91000366210938,189.34921264648438,4479400
2022-05-17,203.3800048828125,204.25999450683594,201.16000366210938,204.17999267578125,193.39364624023438,3954500
2022-05-18,201.82000732421875,202.02000427246094,195.44000244140625,196.19000244140625,185.82571411132812,4712200
2022-05-19,194.49000549316406,197.66000366210938,193.8800048828125,195.32000732421875,185.00164794921875,5710900
2022-05-20,197.0399932861328,197.5399932861328,190.66000366210938,195.32000732421875,185.00164794921875,5153300
2022-05-23,196.64999389648438,199.14999389648438,195.4600067138672,198.66000366210938,188.1652374267578,5018000
2022-05-24,196.57000732421875,197.3000030517578,193.32000732421875,196.6699981689453,186.2803497314453,4788700
2022-05-25,195.9499969482422,199.86000061035156,195.77999877929688,198.86000061035156,188.3546600341797,4921900
2022-05-26,199.39999389648438,203.8000030517578,199.3699951171875,202.92999267578125,192.2096710205078,4216700
2022-05-27,204.27000427246094,208.08999633789062,204.17999267578125,208.07000732421875,197.078125,4381100
2022-05-31,207.1699981689453,208.35000610351562,205.19000244140625,206.36000061035156,195.45848083496094,4100900
2022-06-01,207.6699981689453,208.32000732421875,203.4600067138672,205.0,194.17030334472656,3087800
2022-06-02,205.0,209.1999969482422,204.0,209.17999267578125,198.12950134277344,2977800
2022-06-03,206.67999267578125,207.61000061035156,205.3000030517578,205.83999633789062,194.9659423828125,2694100
2022-06-06,208.1199951171875,208.7899932861328,205.91000366210938,206.4499969482422,195.543701171875,2745500
2022-06-07,204.6300048828125,208.8800048828125,204.35000610351562,208.69000244140625,197.66539001464844,3350500
2022-06-08,207.92999267578125,208.6999969482422,205.91000366210938,206.35000610351562,195.4490203857422,2187200
2022-06-09,205.4199981689453,206.3300018310547,201.3800048828125,201.41000366210938,190.7699737548828,3061100
2022-06-10,198.38999938964844,198.38999938964844,195.36000061035156,195.42999267578125,185.10589599609375,5703800
2022-06-13,190.64999389648438,191.17999267578125,186.67999267578125,187.4499969482422,177.54742431640625,10468300
2022-06-14,188.50999450683594,189.0500030517578,185.27000427246094,186.9199981689453,177.04542541503906,7045900
2022-06-15,188.61000061035156,192.1300048828125,186.17999267578125,189.63999938964844,179.6217498779297,5011700
2022-06-16,185.3800048828125,185.67999267578125,181.6699981689453,183.02000427246094,173.35145568847656,8225100
2022-06-17,183.25999450683594,185.41000366210938,181.8000030517578,183.7100067138672,174.00502014160156,5252700
2022-06-21,186.69000244140625,189.02999877929688,186.69000244140625,188.16000366210938,178.21994018554688,6103400
2022-06-22,185.91000366210938,189.9499969482422,185.6199951171875,188.1300048828125,178.19151306152344,7321300
2022-06-23,188.1300048828125,189.57000732421875,186.4600067138672,189.0800018310547,179.80718994140625,6675800
2022-06-24,190.9199981689453,195.22000122070312,190.58999633789062,195.19000244140625,185.61753845214844,3856400
2022-06-27,195.6300048828125,196.00999450683594,193.89999389648438,194.58999633789062,185.04696655273438,5950400
2022-06-28,195.44000244140625,196.85000610351562,190.55999755859375,190.5800018310547,181.23361206054688,6012700
2022-06-29,190.7899932861328,191.17999267578125,189.17999267578125,190.25999450683594,180.92929077148438,4155800
2022-06-30,188.0,190.30999755859375,186.1300048828125,188.6199951171875,179.36973571777344,4250300
2022-07-01,188.19000244140625,190.8699951171875,186.89999389648438,190.61000061035156,181.2621307373047,3223100
2022-07-05,188.36000061035156,191.30999755859375,186.36000061035156,191.2899932861328,181.90878295898438,3986100
2022-07-06,191.2899932861328,192.89999389648438,189.8800048828125,191.6699981689453,182.27017211914062,2981000
2022-07-07,192.6300048828125,195.22000122070312,192.58999633789062,194.8300018310547,185.27520751953125,2919300
2022-07-08,194.05999755859375,195.6999969482422,193.00999450683594,194.6300048828125,185.0850067138672,2799200
2022-07-11,193.3800048828125,193.75,191.80999755859375,192.1699981689453,182.74566650390625,3033800
2022-07-12,192.0,193.24000549316406,189.60000610351562,190.50999450683594,181.16705322265625,2640300
2022-07-13,187.7899932861328,191.08999633789062,187.38999938964844,189.67999267578125,180.37774658203125,3322400
2022-07-14,187.27999877929688,189.19000244140625,185.5800018310547,188.83999633789062,179.5789337158203,3355600
2022-07-15,191.19000244140625,192.5500030517578,189.97999572753906,192.50999450683594,183.0689697265625,2914600
2022-07-18,194.2899932861328,194.77000427246094,190.5399932861328,191.17999267578125,181.80419921875,3974200
2022-07-19,193.27000427246094,196.72000122070312,192.99000549316406,196.52000427246094,186.88232421875,3287500
2022-07-20,196.42999267578125,198.75,195.99000549316406,198.11000061035156,188.3943328857422,3332400
2022-07-21,197.6300048828125,200.07000732421875,196.4600067138672,200.07000732421875,190.2582244873047,2929300
2022-07-22,200.0,200.8000030517578,196.72999572753906,197.89999389648438,188.19461059570312,2717400
2022-07-25,198.33999633789062,198.60000610351562,196.99000549316406,198.1699981689453,188.45140075683594,2997100
2022-07-26,197.2899932861328,197.3300018310547,195.27999877929688,195.72000122070312,186.12155151367188,2918500
2022-07-27,197.50999450683594,201.72000122070312,197.30999755859375,200.86000061035156,191.00949096679688,2902200
2022-07-28,201.02000427246094,203.72999572753906,199.3300018310547,203.47999572753906,193.50099182128906,2670700
2022-07-29,204.1699981689453,206.77999877929688,203.60000610351562,206.25,196.13511657714844,3342400
2022-08-01,204.97000122070312,207.0399932861328,204.2899932861328,205.77000427246094,195.67869567871094,3531500
2022-08-02,205.0,207.0399932861328,203.8800048828125,204.66000366210938,194.62313842773438,3020900
2022-08-03,205.9199981689453,208.52999877929688,205.74000549316406,207.9499969482422,197.75177001953125,2827100
2022-08-04,207.94000244140625,208.25,206.9199981689453,207.75,197.56158447265625,2261800
2022-08-05,205.69000244140625,208.0800018310547,205.5,207.67999267578125,197.49501037597656,2758900
2022-08-08,208.6199951171875,210.1699981689453,207.27000427246094,207.8699951171875,197.6757354736328,3024200
2022-08-09,207.44000244140625,207.57000732421875,205.97000122070312,206.55999755859375,196.429931640625,1829500
2022-08-10,210.2899932861328,211.4199981689453,209.5399932861328,211.27000427246094,200.90899658203125,2878200
2022-08-11,212.82000732421875,214.0399932861328,210.9199981689453,211.27999877929688,200.91842651367188,2835000
2022-08-12,212.42999267578125,214.99000549316406,211.8699951171875,214.94000244140625,204.3989715576172,2366500
2022-08-15,213.83999633789062,216.0800018310547,213.69000244140625,215.77999877929688,205.19778442382812,4479200
2022-08-16,215.41000366210938,217.1999969482422,214.58999633789062,216.24000549316406,205.63522338867188,2835600
2022-08-17,214.38999938964844,215.77999877929688,213.16000366210938,214.3000030517578,203.7903594970703,4007900
2022-08-18,214.3300018310547,215.27999877929688,213.6999969482422,214.86000061035156,204.32289123535156,1640200
2022-08-19,213.36000061035156,213.47000122070312,211.22999572753906,211.7899932861328,201.40342712402344,2555000
2022-08-22,209.0800018310547,209.44000244140625,206.82000732421875,207.25999450683594,197.0955810546875,3142900
2022-08-23,207.36000061035156,208.5800018310547,206.64999389648438,206.8699951171875,196.72474670410156,2856400
2022-08-24,206.83999633789062,208.52000427246094,206.42999267578125,207.74000549316406,197.55209350585938,1790900
2022-08-25,208.60000610351562,210.82000732421875,208.1300048828125,210.75,200.41445922851562,1874100
2022-08-26,210.86000061035156,210.9199981689453,203.6999969482422,203.77000427246094,193.77676391601562,3550200
2022-08-29,202.1999969482422,203.9499969482422,201.6199951171875,202.27999877929688,192.3598175048828,3529100
2022-08-30,202.94000244140625,203.1300048828125,198.89999389648438,200.02999877929688,190.22018432617188,4799400
2022-08-31,200.9499969482422,201.55999755859375,198.5,198.55999755859375,188.82228088378906,2911400
2022-09-01,197.39999389648438,198.88999938964844,195.52999877929688,198.67999267578125,188.9364013671875,4555800
2022-09-02,200.64999389648438,201.36000061035156,195.8300018310547,196.7100067138672,187.06297302246094,3810400
2022-09-06,197.47000122070312,197.6699981689453,194.72999572753906,195.91000366210938,186.30221557617188,5382900
2022-09-07,195.72999572753906,199.94000244140625,195.63999938964844,199.52999877929688,189.74473571777344,3032400
2022-09-08,198.33999633789062,201.17999267578125,197.7100067138672,201.11000061035156,191.24717712402344,2971300
2022-09-09,202.3800048828125,204.85000610351562,202.32000732421875,204.4499969482422,194.42340087890625,2953400
2022-09-12,205.52999877929688,206.99000549316406,205.32000732421875,206.64999389648438,196.51551818847656,2736900
2022-09-13,201.97000122070312,202.5500030517578,197.14999389648438,197.77000427246094,188.07102966308594,5190300
2022-09-14,198.4199981689453,199.1999969482422,196.75,198.5399932861328,188.80322265625,2793400
2022-09-15,197.86000061035156,199.3699951171875,195.69000244140625,196.4199981689453,186.78720092773438,2491000
2022-09-16,194.47000122070312,194.86000061035156,192.82000732421875,194.6300048828125,185.0850067138672,4966100
2022-09-19,192.89999389648438,196.0800018310547,192.86000061035156,196.00999450683594,186.3973388671875,3346700
2022-09-20,194.42999267578125,194.75,192.2899932861328,193.72999572753906,184.22914123535156,3244200
2022-09-21,194.63999938964844,196.41000366210938,190.39999389648438,190.4199981689453,181.08148193359375,3060200
2022-09-22,190.11000061035156,190.50999450683594,187.97000122070312,188.2899932861328,179.05593872070312,5279700
2022-09-23,185.52999877929688,185.8699951171875,181.82000732421875,184.25999450683594,175.96746826171875,8249900
2022-09-26,183.5,185.47999572753906,181.6199951171875,182.24000549316406,174.03839111328125,6603500
2022-09-27,184.2100067138672,185.39999389648438,180.6699981689453,181.97000122070312,173.78053283691406,6910700
2022-09-28,182.5500030517578,186.6999969482422,181.6999969482422,185.8000030517578,177.43820190429688,6929100
2022-09-29,184.24000549316406,184.30999755859375,180.30999755859375,181.94000244140625,173.7518768310547,8241100
2022-09-30,181.55999755859375,183.7100067138672,179.27999877929688,179.47000122070312,171.39305114746094,8431700
2022-10-03,181.52000427246094,185.02000427246094,180.22999572753906,184.02999877929688,175.74783325195312,7321600
2022-10-04,187.19000244140625,190.07000732421875,187.13999938964844,189.94000244140625,181.39186096191406,6212800
2022-10-05,187.91000366210938,190.69000244140625,186.36000061035156,189.5800018310547,181.04806518554688,4548100
2022-10-06,188.8800048828125,190.4600067138672,187.44000244140625,187.77000427246094,179.31951904296875,3784100
2022-10-07,185.69000244140625,185.8300018310547,181.4600067138672,182.39999389648438,174.19117736816406,4780100
2022-10-10,182.89999389648438,183.1999969482422,179.69000244140625,180.9499969482422,172.80641174316406,4304000
2022-10-11,180.02999877929688,182.47000122070312,178.52000427246094,179.7899932861328,171.69863891601562,4419100
2022-10-12,180.1699981689453,180.72999572753906,178.9499969482422,179.3000030517578,171.23068237304688,5016700
2022-10-13,176.3699951171875,184.5500030517578,174.83999633789062,183.75,175.4804229736328,5626900
2022-10-14,185.08999633789062,185.99000549316406,179.13999938964844,179.4199981689453,171.3452911376953,3798800
2022-10-17,182.75999450683594,184.80999755859375,182.5800018310547,184.2100067138672,175.9197235107422,4025800
2022-10-18,188.13999938964844,188.6999969482422,184.7100067138672,186.4600067138672,178.0684814453125,3906800
2022-10-19,185.25,186.63999938964844,183.33999633789062,184.8699951171875,176.55003356933594,2589100
2022-10-20,184.5399932861328,186.99000549316406,182.80999755859375,183.27000427246094,175.0220489501953,2636200
2022-10-21,182.99000549316406,187.77999877929688,182.2899932861328,187.49000549316406,179.05210876464844,3381200
2022-10-24,188.3800048828125,190.1199951171875,186.69000244140625,189.50999450683594,180.98118591308594,4527800
2022-10-25,189.57000732421875,193.16000366210938,189.52999877929688,192.94000244140625,184.2568359375,3287100
2022-10-26,191.25999450683594,194.63999938964844,191.25999450683594,191.75,183.12037658691406,4091100
2022-10-27,192.4600067138672,193.47000122070312,190.61000061035156,190.85000610351562,182.2609100341797,3556300
2022-10-28,190.83999633789062,195.52999877929688,190.74000549316406,195.2899932861328,186.50108337402344,3178800
2022-10-31,193.99000549316406,195.1699981689453,193.50999450683594,194.02999877929688,185.29779052734375,5053900
2022-11-01,196.0,196.44000244140625,192.75999450683594,193.42999267578125,184.7248077392578,9873800
2022-11-02,193.07000732421875,195.27000427246094,188.2899932861328,188.33999633789062,179.8638458251953,4686000
2022-11-03,186.5,188.08999633789062,185.1300048828125,186.5399932861328,178.14486694335938,3935600
2022-11-04,189.32000732421875,190.3000030517578,185.75,188.94000244140625,180.43687438964844,3586200
2022-11-07,189.58999633789062,190.97000122070312,188.47000122070312,190.66000366210938,182.0794677734375,3420000
2022-11-08,191.25,193.30999755859375,189.4199981689453,191.66000366210938,183.03443908691406,4847500
2022-11-09,190.4600067138672,191.0399932861328,187.2100067138672,187.52999877929688,179.09030151367188,13959600
2022-11-10,194.35000610351562,198.30999755859375,193.64999389648438,198.13999938964844,189.2228240966797,3981600
2022-11-11,198.5800018310547,200.6999969482422,197.82000732421875,200.16000366210938,191.15191650390625,4550200
2022-11-14,199.25999450683594,200.9199981689453,198.2100067138672,198.35000610351562,189.42337036132812,4248200
2022-11-15,201.5,202.13999938964844,198.33999633789062,200.36000061035156,191.3428955078125,4606200
2022-11-16,199.4499969482422,199.72000122070312,198.02999877929688,198.32000732421875,189.39474487304688,2905000
2022-11-17,195.6699981689453,197.89999389648438,195.4499969482422,197.49000549316406,188.60208129882812,3704700
2022-11-18,199.0800018310547,199.41000366210938,196.89999389648438,198.4199981689453,189.490234375,3039000
2022-11-21,197.72000122070312,198.2100067138672,196.64999389648438,197.5800018310547,188.68800354003906,2961700
2022-11-22,198.1300048828125,200.2899932861328,197.7899932861328,200.1699981689453,191.16146850585938,3390300
2022-11-23,200.0,201.75999450683594,199.8300018310547,201.38999938964844,192.32655334472656,2685700
2022-11-25,201.22000122070312,201.8300018310547,201.02999877929688,201.5399932861328,192.4698028564453,1289100
2022-11-28,199.92999267578125,200.75999450683594,197.8000030517578,198.27000427246094,189.346923828125,3365800
2022-11-29,198.49000549316406,199.05999755859375,197.10000610351562,197.9600067138672,189.0509033203125,2640700
2022-11-30,198.13999938964844,204.10000610351562,197.0399932861328,204.05999755859375,194.87637329101562,4201300
2022-12-01,204.8300018310547,205.47000122070312,202.7899932861328,204.17999267578125,194.99099731445312,4354300
2022-12-02,201.5500030517578,204.47999572753906,201.1999969482422,203.99000549316406,194.80955505371094,2917100
2022-12-05,202.50999450683594,202.9600067138672,199.25,199.97999572753906,190.97999572753906,3840500
2022-12-06,199.91000366210938,200.0500030517578,195.83999633789062,196.97999572753906,188.11502075195312,3901000
2022-12-07,196.4499969482422,197.97000122070312,196.02000427246094,196.66000366210938,187.80941772460938,3438100
2022-12-08,197.5500030517578,198.9199981689453,196.82000732421875,198.36000061035156,189.43292236328125,3982600
2022-12-09,197.52999877929688,198.8300018310547,196.6199951171875,196.6999969482422,187.84762573242188,3784900
2022-12-12,197.0,199.52999877929688,196.6999969482422,199.52999877929688,190.55027770996094,3931600
2022-12-13,205.6300048828125,205.6300048828125,199.6199951171875,201.02000427246094,191.97320556640625,4191900
2022-12-14,200.9199981689453,202.72000122070312,198.27000427246094,199.89999389648438,190.90362548828125,3331200
2022-12-15,197.2100067138672,197.7100067138672,194.07000732421875,194.9199981689453,186.14772033691406,5537100
2022-12-16,193.50999450683594,194.22000122070312,191.4199981689453,192.69000244140625,184.01809692382812,4755400
2022-12-19,192.8000030517578,192.9199981689453,189.9499969482422,190.75,182.1654052734375,6433800
2022-12-20,190.4199981689453,191.97000122070312,189.72999572753906,191.14999389648438,182.54736328125,5637800
2022-12-21,192.47000122070312,194.64999389648438,192.1999969482422,194.0399932861328,185.30734252929688,4973400
2022-12-22,191.61000061035156,191.67999267578125,187.3800048828125,190.3699951171875,182.6790008544922,5153500
2022-12-23,190.0,191.44000244140625,189.00999450683594,191.4199981689453,183.68658447265625,4214400
2022-12-27,191.38999938964844,191.52000427246094,189.75,190.6199951171875,182.91888427734375,6037700
2022-12-28,190.64999389648438,191.5,188.05999755859375,188.22000122070312,180.61587524414062,5711900
2022-12-29,189.49000549316406,192.16000366210938,189.3699951171875,191.67999267578125,183.93605041503906,5425700
2022-12-30,190.17999267578125,191.27000427246094,189.27999877929688,191.19000244140625,183.4658660888672,5979800
2023-01-03,192.3800048828125,193.36000061035156,188.92999267578125,190.41000366210938,182.71739196777344,4092500
2023-01-04,191.50999450683594,193.05999755859375,190.13999938964844,192.10000610351562,184.33909606933594,3852500
2023-01-05,191.22000122070312,191.27000427246094,189.4600067138672,189.85000610351562,182.18002319335938,4150000
2023-01-06,191.1199951171875,194.63999938964844,189.85000610351562,194.0399932861328,186.20071411132812,3184300
2023-01-09,195.4600067138672,196.88999938964844,194.00999450683594,194.1199951171875,186.27749633789062,3888300
2023-01-10,193.64999389648438,195.64999389648438,193.2899932861328,195.64999389648438,187.74566650390625,2963500
2023-01-11,196.5500030517578,198.25,196.14999389648438,198.22999572753906,190.221435546875,3435300
2023-01-12,198.7899932861328,199.8000030517578,196.6300048828125,199.19000244140625,191.14266967773438,3552700
2023-01-13,197.6199951171875,200.27000427246094,197.3000030517578,200.0399932861328,191.95831298828125,2798600
2023-01-17,200.0399932861328,200.8800048828125,199.33999633789062,199.77000427246094,191.69923400878906,5426700
2023-01-18,200.39999389648438,201.08999633789062,196.55999755859375,196.6199951171875,188.67648315429688,3890200
2023-01-19,195.41000366210938,196.24000549316406,194.32000732421875,195.02000427246094,187.14112854003906,2282400
2023-01-20,195.85000610351562,198.80999755859375,194.92999267578125,198.75999450683594,190.7300567626953,2429300
2023-01-23,199.1999969482422,202.16000366210938,198.6999969482422,201.27999877929688,193.1482391357422,3438100
2023-01-24,200.39999389648438,201.4600067138672,199.74000549316406,200.9499969482422,192.83157348632812,2679400
2023-01-25,198.9499969482422,201.1999969482422,197.58999633789062,201.0500030517578,192.92752075195312,2802000
2023-01-26,202.35000610351562,203.27999877929688,200.85000610351562,203.1199951171875,194.9138946533203,2806200
2023-01-27,202.60000610351562,205.0500030517578,202.5800018310547,203.94000244140625,195.70077514648438,4521900
2023-01-30,202.27999877929688,203.61000061035156,201.08999633789062,201.2100067138672,193.08103942871094,2992300
2023-01-31,201.64999389648438,204.49000549316406,201.4499969482422,204.42999267578125,196.1709747314453,4827600
2023-02-01,203.91000366210938,208.32000732421875,202.50999450683594,206.9199981689453,198.56036376953125,4385600
2023-02-02,209.0,210.8800048828125,208.10000610351562,210.00999450683594,201.52552795410156,3730800
2023-02-03,207.50999450683594,210.17999267578125,207.0399932861328,207.83999633789062,199.4431915283203,2854200
2023-02-06,206.41000366210938,207.07000732421875,205.5,206.27999877929688,197.9462127685547,2841700
2023-02-07,206.0,209.55999755859375,205.02999877929688,208.8800048828125,200.44119262695312,3028100
2023-02-08,207.91000366210938,208.7100067138672,206.25999450683594,206.64999389648438,198.30125427246094,2945400
2023-02-09,208.4600067138672,208.61000061035156,204.10000610351562,204.63999938964844,196.3724822998047,2705900
2023-02-10,204.02000427246094,205.17999267578125,203.47000122070312,205.00999450683594,196.72752380371094,2159800
2023-02-13,205.41000366210938,207.5,204.99000549316406,207.4499969482422,199.06898498535156,3467200
2023-02-14,206.64999389648438,208.66000366210938,205.30999755859375,207.52999877929688,199.1457061767578,2743400
2023-02-15,206.4600067138672,208.5,206.0399932861328,208.4600067138672,200.0381622314453,2001600
2023-02-16,205.97000122070312,208.02000427246094,205.5399932861328,205.67999267578125,197.37046813964844,2458800
2023-02-17,204.77000427246094,205.22999572753906,203.52999877929688,205.0800018310547,196.7947235107422,2324000
2023-02-21,203.14999389648438,203.5,200.64999389648438,200.8300018310547,192.71640014648438,3110800
2023-02-22,201.0,201.9600067138672,199.92999267578125,200.66000366210938,192.5532989501953,3011700
2023-02-23,202.08999633789062,202.4600067138672,199.3800048828125,201.72999572753906,193.58001708984375,3440100
2023-02-24,199.2899932861328,199.92999267578125,198.16000366210938,199.47999572753906,191.42095947265625,3020600
2023-02-27,201.30999755859375,202.02999877929688,199.72000122070312,200.19000244140625,192.10226440429688,2850300
2023-02-28,200.25,201.0800018310547,199.52000427246094,199.52000427246094,191.4593505859375,2299100
2023-03-01,199.3800048828125,200.0,198.1999969482422,200.0,191.91993713378906,4176000
2023-03-02,197.99000549316406,200.8000030517578,197.5,200.30999755859375,192.2174072265625,3364000
2023-03-03,201.0800018310547,203.6999969482422,200.91000366210938,203.57000732421875,195.345703125,2484700
2023-03-06,203.86000061035156,204.97999572753906,203.02999877929688,203.3000030517578,195.08663940429688,3812700
2023-03-07,203.10000610351562,203.47000122070312,199.9499969482422,200.27000427246094,192.17904663085938,3346700
2023-03-08,200.39999389648438,201.0,199.39999389648438,200.52999877929688,192.4285430908203,1985900
2023-03-09,200.8000030517578,201.75,196.1199951171875,196.57000732421875,188.6285400390625,2974300
2023-03-10,196.25,197.0,192.25999450683594,193.25999450683594,185.4522247314453,6310500
2023-03-13,190.89999389648438,195.16000366210938,190.17999267578125,192.4600067138672,184.68453979492188,6253700
2023-03-14,195.5,196.9499969482422,193.57000732421875,195.88999938964844,187.97596740722656,4473800
2023-03-15,192.6300048828125,194.39999389648438,191.52999877929688,194.3800048828125,186.52699279785156,3855400
2023-03-16,193.3300018310547,197.91000366210938,192.8000030517578,197.74000549316406,189.75125122070312,3224900
2023-03-17,197.25,197.42999267578125,194.3800048828125,195.19000244140625,187.30426025390625,2902400
2023-03-20,195.75,197.3800048828125,195.2899932861328,196.88999938964844,188.9355926513672,2898100
2023-03-21,198.75999450683594,200.0500030517578,198.22999572753906,199.6999969482422,191.63204956054688,2421700
2023-03-22,199.85000610351562,201.41000366210938,196.1199951171875,196.1300048828125,188.206298828125,2187900
2023-03-23,196.85000610351562,198.9499969482422,194.25,195.6999969482422,188.54925537109375,2629700
2023-03-24,194.8800048828125,196.97000122070312,193.64999389648438,196.92999267578125,189.7343292236328,2324800
2023-03-27,198.27000427246094,198.60000610351562,196.9199981689453,197.42999267578125,190.21604919433594,2425400
2023-03-28,197.1999969482422,197.64999389648438,196.13999938964844,197.14999389648438,189.9462890625,3678600
2023-03-29,199.08999633789062,200.08999633789062,198.61000061035156,199.99000549316406,192.68255615234375,3486500
2023-03-30,201.27000427246094,201.58999633789062,200.1199951171875,201.07000732421875,193.7230682373047,2259200
2023-03-31,201.57000732421875,204.19000244140625,201.57000732421875,204.10000610351562,196.642333984375,2986300
2023-04-03,203.72000122070312,204.99000549316406,203.3300018310547,204.63999938964844,197.16261291503906,3068200
2023-04-04,205.0,205.05999755859375,202.52999877929688,203.27000427246094,195.8426513671875,2881800
2023-04-05,202.69000244140625,203.16000366210938,201.5800018310547,202.52999877929688,195.12969970703125,3119400
2023-04-06,202.24000549316406,203.33999633789062,201.4499969482422,203.1999969482422,195.77523803710938,1989800
2023-04-10,202.0,203.67999267578125,201.64999389648438,203.66000366210938,196.21839904785156,2545300
2023-04-11,203.8699951171875,204.63999938964844,203.39999389648438,203.8699951171875,196.4207763671875,3389300
2023-04-12,205.0,205.25999450683594,202.7100067138672,203.00999450683594,195.5921630859375,2431200
2023-04-13,203.52999877929688,205.8000030517578,203.33999633789062,205.64999389648438,198.1356964111328,2197600
2023-04-14,205.3300018310547,206.5,203.80999755859375,205.0800018310547,197.5865478515625,4142000
2023-04-17,205.02999877929688,205.91000366210938,204.4499969482422,205.89999389648438,198.3765411376953,2780400
2023-04-18,206.67999267578125,206.8300018310547,205.3000030517578,206.0,198.47291564941406,2784500
2023-04-19,205.02999877929688,206.47999572753906,204.97000122070312,206.10000610351562,198.5692596435547,2531400
2023-04-20,204.4600067138672,205.77000427246094,204.07000732421875,204.82000732421875,197.3360595703125,2563100
2023-04-21,204.9600067138672,205.24000549316406,203.9199981689453,205.0,197.5094451904297,2341600
2023-04-24,204.89999389648438,205.44000244140625,204.10000610351562,205.0800018310547,197.5865478515625,3704400
2023-04-25,204.02000427246094,204.22999572753906,201.6199951171875,201.66000366210938,194.29150390625,2606400
2023-04-26,202.16000366210938,202.50999450683594,200.41000366210938,200.75,193.41476440429688,2762300
2023-04-27,201.86000061035156,204.69000244140625,201.8300018310547,204.52000427246094,197.04701232910156,2254600
2023-04-28,204.0,206.3000030517578,204.0,206.3000030517578,198.76197814941406,2309100
2023-05-01,206.0,207.17999267578125,205.99000549316406,206.1999969482422,198.66558837890625,2838500
2023-05-02,205.6199951171875,205.89999389648438,202.07000732421875,203.67999267578125,196.23770141601562,2700600
2023-05-03,203.85000610351562,205.49000549316406,202.35000610351562,202.49000549316406,195.0911865234375,2154000
2023-05-04,201.83999633789062,202.02000427246094,200.1999969482422,200.97999572753906,193.63633728027344,2577600
2023-05-05,202.85000610351562,205.27000427246094,202.7899932861328,204.69000244140625,197.2107696533203,1942300
2023-05-08,204.92999267578125,205.10000610351562,204.1199951171875,204.91000366210938,197.4227294921875,2632600
2023-05-09,204.02999877929688,204.6300048828125,203.8000030517578,204.07000732421875,196.6134490966797,1802500
2023-05-10,205.6199951171875,205.94000244140625,203.0500030517578,204.97000122070312,197.48057556152344,2677600
2023-05-11,204.47000122070312,204.6999969482422,203.49000549316406,204.6999969482422,197.22042846679688,2108300
2023-05-12,205.0399932861328,205.27999877929688,202.92999267578125,204.22000122070312,196.7579803466797,2252400
2023-05-15,204.1699981689453,205.3800048828125,203.7100067138672,205.08999633789062,197.59616088867188,3240000
2023-05-16,204.41000366210938,204.80999755859375,203.47000122070312,203.5,196.0642852783203,1884400
2023-05-17,204.4600067138672,206.4499969482422,203.64999389648438,206.13999938964844,198.60780334472656,2650100
2023-05-18,206.0,208.3699951171875,205.82000732421875,208.19000244140625,200.58290100097656,2370200
2023-05-19,208.63999938964844,208.83999633789062,207.07000732421875,207.69000244140625,200.10118103027344,2683900
2023-05-22,207.67999267578125,208.80999755859375,207.1999969482422,208.0500030517578,200.447998046875,2229400
2023-05-23,207.3000030517578,207.99000549316406,205.63999938964844,205.85000610351562,198.32839965820312,2386700
2023-05-24,205.0,205.1300048828125,203.69000244140625,204.25999450683594,196.7965087890625,2083700
2023-05-25,205.8699951171875,206.3300018310547,204.52999877929688,205.64999389648438,198.1356964111328,2230400
2023-05-26,206.0,208.72000122070312,205.97000122070312,208.36000061035156,200.74668884277344,2347000
2023-05-30,209.6300048828125,209.67999267578125,207.69000244140625,208.42999267578125,200.81411743164062,2772300
2023-05-31,207.49000549316406,207.97999572753906,206.3000030517578,207.17999267578125,199.6097869873047,2325400
2023-06-01,207.3000030517578,209.8000030517578,206.64999389648438,209.25,201.6041717529297,2696700
2023-06-02,210.67999267578125,213.08999633789062,210.5,212.7100067138672,204.93775939941406,3018700
2023-06-05,212.74000549316406,213.36000061035156,207.47000122070312,212.14999389648438,204.39820861816406,2249400
2023-06-06,212.0,213.3699951171875,211.63999938964844,213.1199951171875,205.33274841308594,2227700
2023-06-07,213.33999633789062,214.1199951171875,212.38999938964844,212.6999969482422,204.9281005859375,2272800
2023-06-08,212.6300048828125,213.97000122070312,212.08999633789062,213.6999969482422,205.8915557861328,1943100
2023-06-09,214.10000610351562,215.0800018310547,213.41000366210938,213.92999267578125,206.1131591796875,2084600
2023-06-12,214.5,215.86000061035156,214.0500030517578,215.85000610351562,207.9630126953125,2479900
2023-06-13,216.77999877929688,217.77000427246094,216.4600067138672,217.44000244140625,209.49488830566406,4295700
2023-06-14,217.5500030517578,218.52999877929688,215.6999969482422,217.44000244140625,209.49488830566406,4131000
2023-06-15,216.99000549316406,220.7100067138672,216.91000366210938,220.08999633789062,212.04808044433594,2895100
2023-06-16,221.4199981689453,221.4199981689453,219.1300048828125,219.25999450683594,211.24839782714844,4763700
2023-06-20,218.3800048828125,218.6699981689453,217.07000732421875,218.17999267578125,210.20787048339844,3156500
2023-06-21,217.82000732421875,218.0800018310547,216.6999969482422,216.97999572753906,209.0516815185547,2713400
2023-06-22,216.50999450683594,217.58999633789062,216.1699981689453,217.55999755859375,209.61053466796875,2669100
2023-06-23,215.1300048828125,215.88999938964844,214.5800018310547,214.94000244140625,207.87644958496094,3338400
2023-06-26,214.8000030517578,215.82000732421875,214.13999938964844,214.19000244140625,207.151123046875,2846800
2023-06-27,214.75,217.11000061035156,214.5500030517578,216.8000030517578,209.6753387451172,2653000
2023-06-28,216.47999572753906,217.50999450683594,215.9600067138672,216.97999572753906,209.84938049316406,4362100
2023-06-29,216.89999389648438,218.10000610351562,216.66000366210938,218.02000427246094,210.85523986816406,2857900
2023-06-30,219.61000061035156,220.86000061035156,219.47999572753906,220.27999877929688,213.0409393310547,3444100
2023-07-03,220.27999877929688,220.94000244140625,220.0500030517578,220.94000244140625,213.67929077148438,2423600
2023-07-05,220.0800018310547,220.61000061035156,219.6300048828125,220.27000427246094,213.0312957763672,3341400
2023-07-06,218.5399932861328,218.5399932861328,216.8300018310547,218.30999755859375,211.13568115234375,3404300
2023-07-07,217.91000366210938,220.0800018310547,217.80999755859375,218.0399932861328,210.87454223632812,2771700
2023-07-10,217.89999389648438,219.02999877929688,217.8000030517578,218.99000549316406,211.79335021972656,2080500
2023-07-11,219.3800048828125,220.92999267578125,219.00999450683594,220.7100067138672,213.4568328857422,2155700
2023-07-12,222.57000732421875,223.10000610351562,221.86000061035156,222.39999389648438,215.09127807617188,3030200
2023-07-13,223.4600067138672,224.63999938964844,223.1300048828125,224.27999877929688,216.90951538085938,4113300
2023-07-14,224.85000610351562,224.86000061035156,223.5,223.9499969482422,216.59034729003906,2914100
2023-07-17,223.9499969482422,225.36000061035156,223.75999450683594,224.8000030517578,217.41241455078125,2688200
2023-07-18,224.6999969482422,226.9199981689453,224.52999877929688,226.58999633789062,219.14358520507812,2916500
2023-07-19,227.0800018310547,227.75999450683594,226.67999267578125,227.17999267578125,219.7141876220703,3106700
2023-07-20,226.61000061035156,227.00999450683594,225.13999938964844,225.5399932861328,218.12811279296875,2651700
2023-07-21,226.4199981689453,226.5399932861328,225.4600067138672,225.52000427246094,218.1087646484375,2296800
2023-07-24,226.0500030517578,226.7100067138672,225.63999938964844,226.32000732421875,218.8824462890625,2291700
2023-07-25,226.02000427246094,227.60000610351562,226.02000427246094,226.88999938964844,219.43374633789062,2084400
2023-07-26,226.42999267578125,227.77000427246094,226.0500030517578,227.05999755859375,219.59814453125,1985600
2023-07-27,228.80999755859375,228.97000122070312,224.8300018310547,225.30999755859375,217.90565490722656,4730600
2023-07-28,227.1699981689453,228.02999877929688,226.77000427246094,227.66000366210938,220.1784210205078,2257600
2023-07-31,228.1199951171875,228.55999755859375,227.55999755859375,228.35000610351562,220.8457489013672,2658500
2023-08-01,227.64999389648438,228.0,227.07000732421875,227.72999572753906,220.24610900878906,2809500
2023-08-02,225.99000549316406,226.13999938964844,224.07000732421875,224.5,217.12225341796875,4239000
2023-08-03,223.47999572753906,224.77000427246094,222.99000549316406,223.85000610351562,216.49363708496094,2925200
2023-08-04,224.74000549316406,225.83999633789062,222.61000061035156,222.89999389648438,215.57484436035156,3024600
2023-08-07,223.72000122070312,224.7100067138672,223.22000122070312,224.61000061035156,217.22865295410156,2376600
2023-08-08,223.1999969482422,223.77000427246094,221.6999969482422,223.57000732421875,216.2228546142578,2796400
2023-08-09,223.66000366210938,223.69000244140625,221.55999755859375,221.97000122070312,214.6754150390625,2203400
2023-08-10,223.24000549316406,224.8800048828125,221.33999633789062,222.00999450683594,214.714111328125,3033300
2023-08-11,221.10000610351562,222.41000366210938,220.77000427246094,221.8000030517578,214.510986328125,2220400
2023-08-14,221.32000732421875,222.9199981689453,221.0500030517578,222.89999389648438,215.57484436035156,2435100
2023-08-15,222.0,222.24000549316406,220.0399932861328,220.3699951171875,213.1280059814453,2997300
2023-08-16,220.1300048828125,220.9600067138672,218.5500030517578,218.5500030517578,211.36782836914062,2933500
2023-08-17,219.27999877929688,219.5,216.5500030517578,216.75999450683594,209.6366424560547,3135900
2023-08-18,215.22999572753906,217.55999755859375,215.02999877929688,217.00999450683594,209.87838745117188,2933300
2023-08-21,217.41000366210938,218.67999267578125,216.36000061035156,218.25999450683594,211.0873260498047,2755400
2023-08-22,219.22000122070312,219.22000122070312,217.3800048828125,217.67999267578125,210.5264129638672,2891900
2023-08-23,218.0800018310547,220.39999389648438,218.0800018310547,220.05999755859375,212.8282012939453,2560200
2023-08-24,220.6999969482422,221.13999938964844,217.0800018310547,217.11000061035156,209.9751434326172,3099400
2023-08-25,217.97999572753906,219.24000549316406,216.0500030517578,218.58999633789062,211.40647888183594,3631000
2023-08-28,219.57000732421875,220.32000732421875,219.10000610351562,219.99000549316406,212.760498046875,2364700
2023-08-29,219.94000244140625,223.32000732421875,219.8000030517578,223.19000244140625,215.85533142089844,3160300
2023-08-30,223.25,224.5,223.0500030517578,224.17999267578125,216.8127899169922,2420800
2023-08-31,224.5,225.17999267578125,223.8800048828125,223.94000244140625,216.5806884765625,3044000
2023-09-01,225.33999633789062,225.77999877929688,223.9600067138672,224.67999267578125,217.29635620117188,3047600
2023-09-05,224.25999450683594,224.63999938964844,223.27999877929688,223.33999633789062,216.00039672851562,2531500
2023-09-06,222.99000549316406,223.17999267578125,220.75,221.94000244140625,214.64642333984375,2473700
2023-09-07,220.3800048828125,221.5,220.0800018310547,221.17999267578125,213.91136169433594,2964700
2023-09-08,221.2100067138672,222.17999267578125,220.97999572753906,221.4199981689453,214.14349365234375,2244400
2023-09-11,222.66000366210938,223.0399932861328,221.9499969482422,222.80999755859375,215.48779296875,2087900
2023-09-12,222.13999938964844,222.97000122070312,221.4499969482422,221.72999572753906,214.4433135986328,2448500
2023-09-13,221.7899932861328,222.3000030517578,221.10000610351562,221.75999450683594,214.47230529785156,1990000
2023-09-14,222.85000610351562,223.97999572753906,222.33999633789062,223.66000366210938,216.30987548828125,2002400
2023-09-15,222.88999938964844,222.9199981689453,220.75999450683594,221.02999877929688,213.7663116455078,2639200
2023-09-18,220.91000366210938,221.69000244140625,220.5500030517578,221.0500030517578,213.78565979003906,2259600
2023-09-19,220.61000061035156,220.8699951171875,219.1699981689453,220.49000549316406,213.24404907226562,2977800
2023-09-20,221.1300048828125,221.49000549316406,218.4499969482422,218.5399932861328,211.35813903808594,2448400
2023-09-21,216.36000061035156,216.4199981689453,213.97999572753906,214.08999633789062,207.8131866455078,4190400
2023-09-22,214.67999267578125,215.3000030517578,213.39999389648438,213.63999938964844,207.3764190673828,3261300
2023-09-25,213.14999389648438,214.5,212.75,214.5,208.21119689941406,3440000
2023-09-26,213.05999755859375,213.42999267578125,211.00999450683594,211.41000366210938,205.21180725097656,4371900
2023-09-27,212.1199951171875,212.4600067138672,209.83999633789062,211.6300048828125,205.4253387451172,4407300
2023-09-28,211.4199981689453,213.8699951171875,211.13999938964844,213.02999877929688,206.78427124023438,2952400
2023-09-29,214.5500030517578,214.6699981689453,211.7899932861328,212.41000366210938,206.18247985839844,4441400
2023-10-02,212.1999969482422,212.85000610351562,210.74000549316406,212.1300048828125,205.91070556640625,4358100
2023-10-03,211.0,211.69000244140625,208.3300018310547,209.0500030517578,202.92095947265625,4389100
2023-10-04,209.22999572753906,210.88999938964844,208.39999389648438,210.55999755859375,204.38668823242188,3045400
2023-10-05,210.3800048828125,210.86000061035156,208.77999877929688,210.4499969482422,204.27992248535156,2679700
2023-10-06,209.05999755859375,213.77999877929688,208.57000732421875,212.9600067138672,206.7163543701172,3666300
2023-10-09,211.91000366210938,214.64999389648438,211.75999450683594,214.3000030517578,208.01702880859375,2869700
2023-10-10,214.60000610351562,216.9499969482422,214.57000732421875,215.6300048828125,209.30807495117188,3494600
2023-10-11,216.1999969482422,216.6300048828125,214.8800048828125,216.47999572753906,210.13314819335938,3033000
2023-10-12,216.6300048828125,216.72000122070312,213.52999877929688,214.74000549316406,208.4441680908203,3244200
2023-10-13,215.52999877929688,216.00999450683594,212.75,213.52999877929688,207.26962280273438,3267700
2023-10-16,214.72999572753906,216.4600067138672,214.55999755859375,216.00999450683594,209.6769256591797,3361600
2023-10-17,214.3699951171875,217.3800048828125,214.1699981689453,216.2899932861328,209.9486846923828,3627700
2023-10-18,215.11000061035156,215.6300048828125,212.58999633789062,213.08999633789062,206.84254455566406,3255000
2023-10-19,213.39999389648438,214.35000610351562,210.69000244140625,211.0800018310547,204.89144897460938,4322700
2023-10-20,210.86000061035156,211.0500030517578,208.3800048828125,208.47000122070312,202.35797119140625,4447600
2023-10-23,207.6699981689453,209.97000122070312,206.66000366210938,207.89999389648438,201.80467224121094,5473000
2023-10-24,209.07000732421875,210.2100067138672,208.1199951171875,209.47000122070312,203.3286895751953,3180900
2023-10-25,208.4499969482422,208.5399932861328,206.08999633789062,206.36000061035156,200.3098602294922,3454500
2023-10-26,205.9199981689453,206.36000061035156,203.6300048828125,204.22000122070312,198.2325897216797,4133400
2023-10-27,205.0,205.11000061035156,202.44000244140625,203.1199951171875,197.16482543945312,4290700
2023-10-30,204.52999877929688,205.97999572753906,203.75999450683594,205.4600067138672,199.43624877929688,3562700
2023-10-31,205.6300048828125,207.0,204.82000732421875,206.7899932861328,200.7272186279297,3325300
2023-11-01,207.13999938964844,209.22000122070312,206.8699951171875,208.86000061035156,202.73654174804688,5789300
2023-11-02,210.85000610351562,213.11000061035156,210.85000610351562,213.00999450683594,206.76487731933594,4111600
2023-11-03,214.32000732421875,216.1999969482422,214.27000427246094,215.41000366210938,209.0945281982422,4217100
2023-11-06,215.8300018310547,216.07000732421875,214.47000122070312,215.5,209.18186950683594,2915000
2023-11-07,215.3800048828125,216.5,214.89999389648438,216.13999938964844,209.80308532714844,3194300
2023-11-08,216.33999633789062,216.72000122070312,215.0,216.11000061035156,209.7739715576172,2813800
2023-11-09,216.6300048828125,216.77999877929688,214.05999755859375,214.27000427246094,207.98793029785156,2771200
2023-11-10,215.10000610351562,217.61000061035156,214.4499969482422,217.4600067138672,211.08441162109375,3303400
2023-11-13,216.80999755859375,217.86000061035156,216.33999633789062,217.3300018310547,210.9582061767578,2829400
2023-11-14,220.50999450683594,222.77999877929688,220.50999450683594,222.14999389648438,215.63690185546875,4055100
2023-11-15,222.86000061035156,223.8000030517578,222.2899932861328,222.6999969482422,216.17076110839844,2819200
2023-11-16,222.3000030517578,222.8800048828125,221.60000610351562,222.5500030517578,216.02517700195312,2754500
2023-11-17,222.8699951171875,223.44000244140625,222.4199981689453,223.11000061035156,216.56874084472656,3123700
2023-11-20,223.11000061035156,225.25,223.0,224.7899932861328,218.19949340820312,2875600
2023-11-21,224.25,224.42999267578125,223.61000061035156,224.17999267578125,217.6073760986328,2513800
2023-11-22,224.85000610351562,225.75999450683594,224.52999877929688,225.13999938964844,218.53921508789062,2880400
2023-11-24,225.0399932861328,225.44000244140625,225.00999450683594,225.3800048828125,218.772216796875,1219500
2023-11-27,225.1199951171875,225.52999877929688,224.77000427246094,225.08999633789062,218.49070739746094,2410000
2023-11-28,224.77000427246094,225.91000366210938,224.4499969482422,225.22999572753906,218.62660217285156,2761900
2023-11-29,226.3800048828125,227.19000244140625,225.11000061035156,225.3300018310547,218.72366333007812,2653700
2023-11-30,225.72999572753906,226.38999938964844,224.82000732421875,226.25999450683594,219.6263885498047,3148000
2023-12-01,225.99000549316406,228.3300018310547,225.58999633789062,228.1699981689453,221.4803924560547,4078700
2023-12-04,226.5800018310547,227.42999267578125,226.0800018310547,227.35000610351562,220.6844482421875,3837800
2023-12-05,226.5800018310547,227.4499969482422,226.2100067138672,226.91000366210938,220.25735473632812,3019000
2023-12-06,227.88999938964844,228.16000366210938,225.8800048828125,225.9499969482422,219.32550048828125,3172900
2023-12-07,226.99000549316406,228.0500030517578,226.7100067138672,227.75999450683594,221.0823974609375,2724300
2023-12-08,227.36000061035156,229.08999633789062,227.27000427246094,228.85000610351562,222.14048767089844,2741500
2023-12-11,228.69000244140625,229.8300018310547,228.50999450683594,229.7899932861328,223.05288696289062,3076600
2023-12-12,229.58999633789062,230.77999877929688,228.9600067138672,230.66000366210938,223.8974151611328,3214900
2023-12-13,230.77000427246094,234.42999267578125,230.5500030517578,234.24000549316406,227.37245178222656,4231100
2023-12-14,235.66000366210938,236.5800018310547,234.19000244140625,235.6300048828125,228.7216796875,5014500
2023-12-15,234.7899932861328,235.94000244140625,234.6300048828125,235.30999755859375,228.4110870361328,4298600
2023-12-18,235.86000061035156,236.82000732421875,235.82000732421875,236.3300018310547,229.4011688232422,3855100
2023-12-19,236.72000122070312,238.10000610351562,236.72000122070312,238.05999755859375,231.08042907714844,3731700
2023-12-20,237.74000549316406,238.69000244140625,234.44000244140625,234.50999450683594,227.634521484375,5149700
2023-12-21,235.0800018310547,236.1699981689453,234.05999755859375,236.08999633789062,230.15159606933594,4427000
2023-12-22,236.58999633789062,237.52000427246094,235.63999938964844,236.6300048828125,230.67800903320312,3662400
2023-12-26,236.97999572753906,238.30999755859375,236.86000061035156,237.8000030517578,231.81858825683594,3829400
2023-12-27,238.0,238.44000244140625,237.47000122070312,238.25,232.25726318359375,5103700
2023-12-28,238.25,238.74000549316406,238.1300048828125,238.1300048828125,232.14027404785156,4099400
2023-12-29,238.13999938964844,238.47000122070312,236.47999572753906,237.22000122070312,231.25318908691406,4188800
2024-01-02,235.64999389648438,236.50999450683594,234.77000427246094,235.6300048828125,229.7031707763672,4847600
2024-01-03,234.52999877929688,234.74000549316406,233.11000061035156,233.3699951171875,227.5,3925500
2024-01-04,233.25999450683594,234.5500030517578,232.66000366210938,232.77000427246094,226.91510009765625,3681900
2024-01-05,232.6999969482422,234.38999938964844,232.39999389648438,233.1199951171875,227.25628662109375,3305500
2024-01-08,233.27000427246094,236.55999755859375,233.25999450683594,236.4499969482422,230.50253295898438,4156600
2024-01-09,235.14999389648438,236.55999755859375,234.74000549316406,236.00999450683594,230.07357788085938,4524800
2024-01-10,236.1199951171875,237.66000366210938,235.7899932861328,237.22999572753906,231.26292419433594,3343400
2024-01-11,237.52000427246094,237.86000061035156,234.9199981689453,237.07000732421875,231.10694885253906,3375600
2024-01-12,237.97999572753906,238.3699951171875,236.4199981689453,237.11000061035156,231.1459197998047,3053400
2024-01-16,236.2899932861328,236.91000366210938,235.10000610351562,236.00999450683594,230.07357788085938,3646700
2024-01-17,234.41000366210938,234.8699951171875,233.42999267578125,234.58999633789062,228.6893310546875,3336600
2024-01-18,235.63999938964844,236.9600067138672,234.6199951171875,236.66000366210938,230.70726013183594,3509900
2024-01-19,237.3800048828125,239.74000549316406,236.75999450683594,239.5399932861328,233.5148162841797,3850800
2024-01-22,240.5399932861328,241.39999389648438,240.0500030517578,240.5800018310547,234.52865600585938,3952700
2024-01-23,241.02000427246094,241.1699981689453,240.05999755859375,241.02000427246094,234.95758056640625,3015300
2024-01-24,242.66000366210938,242.8699951171875,240.85000610351562,240.97999572753906,234.91856384277344,3003000
2024-01-25,242.19000244140625,242.55999755859375,241.07000732421875,242.32000732421875,236.22488403320312,2993900
2024-01-26,242.30999755859375,243.02000427246094,241.72999572753906,242.1199951171875,236.0299072265625,2858200
2024-01-29,242.33999633789062,244.33999633789062,242.1300048828125,244.32000732421875,238.17457580566406,3463400
2024-01-30,244.07000732421875,244.3300018310547,243.57000732421875,243.97999572753906,237.84315490722656,3098900
2024-01-31,242.83999633789062,243.24000549316406,239.86000061035156,239.8699951171875,233.8365020751953,3884500
2024-02-01,240.89999389648438,243.10000610351562,240.0399932861328,243.10000610351562,236.98529052734375,3986800
2024-02-02,242.9600067138672,246.00999450683594,242.69000244140625,245.17999267578125,239.01292419433594,3876600
2024-02-05,244.8300018310547,244.99000549316406,242.74000549316406,244.02000427246094,237.88211059570312,3324800
2024-02-06,244.47999572753906,245.02000427246094,243.89999389648438,244.85000610351562,238.69125366210938,2568400
2024-02-07,246.0,247.08999633789062,245.38999938964844,246.77999877929688,240.5726776123047,2305700
2024-02-08,246.80999755859375,247.47000122070312,246.50999450683594,247.38999938964844,241.1673583984375,2668200
2024-02-09,247.75,249.14999389648438,247.50999450683594,248.89999389648438,242.6393585205078,2367700
2024-02-12,249.0399932861328,250.33999633789062,248.72000122070312,249.13999938964844,242.8733367919922,2769700
2024-02-13,245.61000061035156,246.32000732421875,243.35000610351562,245.14999389648438,238.98370361328125,5832600
2024-02-14,246.8699951171875,248.02999877929688,245.61000061035156,247.86000061035156,241.6255340576172,2606900
2024-02-15,248.33999633789062,249.94000244140625,248.02000427246094,249.77000427246094,243.4875030517578,3181900
2024-02-16,249.61000061035156,250.22999572753906,248.10000610351562,248.4600067138672,242.21043395996094,2909200
2024-02-20,247.5500030517578,247.75,245.75999450683594,246.89999389648438,240.6896514892578,3445100
2024-02-21,246.0500030517578,246.99000549316406,245.1300048828125,246.9499969482422,240.73841857910156,2169900
2024-02-22,249.9600067138672,252.2100067138672,249.61000061035156,251.8300018310547,245.4956817626953,3873000
2024-02-23,252.4600067138672,252.9199981689453,251.52999877929688,252.0,245.66140747070312,2856000
2024-02-26,252.02000427246094,252.44000244140625,251.1999969482422,251.24000549316406,244.92051696777344,2585800
2024-02-27,251.7899932861328,252.10000610351562,250.9499969482422,251.94000244140625,245.60292053222656,2024600
2024-02-28,251.10000610351562,251.9600067138672,250.97000122070312,251.52000427246094,245.1934814453125,2192200
2024-02-29,252.67999267578125,253.3000030517578,251.1199951171875,252.5800018310547,246.226806640625,2610400
2024-03-01,253.0399932861328,255.07000732421875,252.67999267578125,254.89999389648438,248.48846435546875,3693800
2024-03-04,254.77999877929688,255.5800018310547,254.52999877929688,254.64999389648438,248.24472045898438,4966800
2024-03-05,253.67999267578125,253.86000061035156,250.91000366210938,251.9499969482422,245.61264038085938,3134800
2024-03-06,253.8699951171875,254.50999450683594,252.67999267578125,253.44000244140625,247.065185546875,2501700
2024-03-07,255.0,256.3699951171875,254.64999389648438,255.91000366210938,249.47305297851562,2940900
2024-03-08,256.4200134277344,257.7099914550781,254.0399932861328,254.42999267578125,248.0302734375,3673500
2024-03-11,253.88999938964844,254.35000610351562,252.6999969482422,254.02000427246094,247.63058471679688,3038700
2024-03-12,254.99000549316406,256.739990234375,253.64999389648438,256.5299987792969,250.0774383544922,4380100
2024-03-13,256.57000732421875,256.8699951171875,255.47000122070312,256.2099914550781,249.7655029296875,2667400
2024-03-14,256.69000244140625,256.8699951171875,253.72000122070312,255.22000122070312,248.8004150390625,3664100
2024-03-15,253.60000610351562,254.64999389648438,252.6999969482422,253.7100067138672,247.32838439941406,3216800
2024-03-18,255.5800018310547,256.2099914550781,254.80999755859375,255.0,248.58595275878906,3455400
2024-03-19,254.42999267578125,256.54998779296875,254.1699981689453,256.4700012207031,250.01895141601562,2900200
2024-03-20,256.4599914550781,259.20001220703125,256.19000244140625,259.07000732421875,252.55357360839844,2480800
2024-03-21,260.6499938964844,261.07000732421875,260.0400085449219,260.1400146484375,253.59664916992188,3723200
2024-03-22,259.19000244140625,259.45001220703125,258.3399963378906,258.5,252.8834991455078,2465300
2024-03-25,258.1000061035156,258.489990234375,257.7900085449219,257.9200134277344,252.31610107421875,2714400
2024-03-26,258.79998779296875,258.8299865722656,257.2799987792969,257.4599914550781,251.86605834960938,2591500
2024-03-27,259.1300048828125,259.8500061035156,258.010009765625,259.7300109863281,254.08680725097656,4030200
2024-03-28,259.79998779296875,260.5799865722656,259.760009765625,259.8999938964844,254.2530517578125,2669100
2024-04-01,260.32000732421875,260.3800048828125,258.67999267578125,259.70001220703125,254.05746459960938,3292300
2024-04-02,257.5,257.5,256.19000244140625,257.29998779296875,251.7095184326172,3213400
2024-04-03,256.7300109863281,258.44000244140625,256.6600036621094,257.70001220703125,252.10086059570312,3241600
2024-04-04,259.6499938964844,259.989990234375,254.44000244140625,254.61000061035156,249.0780029296875,3121300
2024-04-05,255.11000061035156,258.20001220703125,255.0,257.17999267578125,251.5921630859375,4178500
2024-04-08,257.79998779296875,258.1400146484375,257.1000061035156,257.4800109863281,251.8856658935547,3223800
2024-04-09,258.3500061035156,258.5,255.39999389648438,257.8500061035156,252.24761962890625,2940600
2024-04-10,254.72000122070312,256.0400085449219,253.9199981689453,254.97000122070312,249.43017578125,3348900
2024-04-11,255.75,257.42999267578125,253.8800048828125,256.70001220703125,251.1226043701172,3434200
2024-04-12,255.27000427246094,255.63999938964844,252.16000366210938,253.0,247.5029754638672,3574400
2024-04-15,255.0,255.2100067138672,249.25999450683594,249.88999938964844,244.46055603027344,4804300
2024-04-16,249.88999938964844,250.64999389648438,248.47000122070312,249.13999938964844,243.72686767578125,3466800
2024-04-17,250.44000244140625,250.92999267578125,246.97999572753906,247.67999267578125,242.29856872558594,2861400
2024-04-18,248.32000732421875,249.52999877929688,246.64999389648438,247.1699981689453,241.79966735839844,2991700
2024-04-19,247.07000732421875,247.69000244140625,244.57000732421875,245.22999572753906,239.9018096923828,3469000
2024-04-22,246.58999633789062,248.8800048828125,245.3800048828125,247.63999938964844,242.2594451904297,3112000
2024-04-23,248.57000732421875,250.9499969482422,248.27000427246094,250.58999633789062,245.1453399658203,2399000
2024-04-24,251.2100067138672,251.50999450683594,249.3000030517578,250.64999389648438,245.2040252685547,2285900
2024-04-25,247.30999755859375,249.88999938964844,246.42999267578125,249.4600067138672,244.03993225097656,2473300
2024-04-26,250.86000061035156,252.5399932861328,250.44000244140625,251.77999877929688,246.30950927734375,3238100
2024-04-29,252.75,253.1199951171875,251.35000610351562,252.77000427246094,247.27798461914062,2086000
2024-04-30,251.94000244140625,252.3300018310547,248.55999755859375,248.61000061035156,243.2083740234375,2502700
2024-05-01,248.4600067138672,251.97999572753906,247.60000610351562,247.99000549316406,242.6018524169922,3509500
2024-05-02,250.1300048828125,250.9199981689453,247.61000061035156,250.55999755859375,245.1160125732422,2580200
2024-05-03,253.60000610351562,254.39999389648438,252.1999969482422,253.52999877929688,248.02146911621094,2350200
2024-05-06,254.8000030517578,256.25,254.6199951171875,256.25,250.68238830566406,2811500
2024-05-07,256.5899963378906,257.1700134277344,256.1400146484375,256.4800109863281,250.9073944091797,1829900
2024-05-08,255.47999572753906,256.54998779296875,255.3300018310547,256.29998779296875,250.73129272460938,2600100
2024-05-09,256.29998779296875,257.8800048828125,256.0,257.80999755859375,252.20849609375,2418700
2024-05-10,258.6700134277344,259.0299987792969,257.45001220703125,258.04998779296875,252.44325256347656,1922500
2024-05-13,259.0799865722656,259.0799865722656,257.55999755859375,258.19000244140625,252.58021545410156,1948400
2024-05-14,258.2300109863281,259.6700134277344,258.0799865722656,259.45001220703125,253.8128662109375,2466800
2024-05-15,260.8500061035156,262.7300109863281,260.44000244140625,262.6400146484375,256.9335632324219,2508700
2024-05-16,262.67999267578125,263.2799987792969,261.8599853515625,261.92999267578125,256.23895263671875,2445000
2024-05-17,262.1499938964844,262.29998779296875,261.239990234375,262.29998779296875,256.60089111328125,2208700
2024-05-20,262.42999267578125,263.3599853515625,262.2099914550781,262.57000732421875,256.8650207519531,2366100
2024-05-21,262.20001220703125,263.1600036621094,262.1300048828125,263.1099853515625,257.3932800292969,2241900
2024-05-22,262.8599853515625,263.07000732421875,261.1300048828125,262.2200012207031,256.5226745605469,2356600
2024-05-23,263.8599853515625,263.9200134277344,259.42999267578125,259.989990234375,254.3411102294922,6603000
2024-05-24,261.0400085449219,262.2099914550781,260.45001220703125,261.8699951171875,256.1802978515625,3123700
2024-05-28,262.4700012207031,262.4700012207031,260.489990234375,261.8699951171875,256.1802978515625,3078100
2024-05-29,259.6199951171875,260.3699951171875,259.42999267578125,259.7200012207031,254.07699584960938,3179000
2024-05-30,259.2799987792969,259.6199951171875,257.75,258.45001220703125,252.8345947265625,3030200
2024-05-31,259.0,260.6000061035156,256.25,260.44000244140625,254.78135681152344,3407400
2024-06-03,261.6600036621094,261.6600036621094,258.0799865722656,260.5199890136719,254.859619140625,6203400
2024-06-04,259.8399963378906,260.8900146484375,258.95001220703125,260.489990234375,254.83026123046875,2489800
2024-06-05,261.79998779296875,263.67999267578125,260.70001220703125,263.67999267578125,257.950927734375,2384000
2024-06-06,263.6499938964844,263.9599914550781,262.6000061035156,263.45001220703125,257.7259521484375,2190200
2024-06-07,262.8900146484375,264.29998779296875,262.25,262.95001220703125,257.2367858886719,1838900
2024-06-10,262.3299865722656,264.0,262.20001220703125,263.8299865722656,258.0976867675781,1958400
2024-06-11,263.0,264.3500061035156,261.8800048828125,264.2799987792969,258.5379333496094,3017300
2024-06-12,267.0899963378906,268.2099914550781,266.2099914550781,266.7699890136719,260.9737854003906,2762600
2024-06-13,267.4700012207031,267.79998779296875,265.5,266.8900146484375,261.0911560058594,2285200
2024-06-14,265.8599853515625,266.69000244140625,265.239990234375,266.69000244140625,260.89556884765625,2205600
2024-06-17,266.4100036621094,269.3999938964844,266.0400085449219,268.7200012207031,262.8814392089844,2452000
2024-06-18,268.8599853515625,269.5400085449219,268.6600036621094,269.3999938964844,263.54669189453125,2024300
2024-06-20,269.94000244140625,270.19000244140625,267.75,268.7200012207031,262.8814392089844,3168600
2024-06-21,268.4200134277344,268.80999755859375,267.4599914550781,268.30999755859375,262.4803161621094,2676000
2024-06-24,268.3399963378906,269.7799987792969,267.7799987792969,267.8599853515625,262.04010009765625,2226500
2024-06-25,268.3699951171875,268.739990234375,267.489990234375,268.739990234375,262.9010009765625,2073800
2024-06-26,267.9800109863281,269.1000061035156,267.6300048828125,268.7300109863281,262.8912353515625,1857500
2024-06-27,268.6199951171875,269.5899963378906,268.489990234375,269.3800048828125,263.5271301269531,2655400
2024-06-28,269.3699951171875,270.4100036621094,266.95001220703125,267.510009765625,262.6258544921875,2822800
2024-07-01,268.489990234375,268.489990234375,266.7300109863281,268.04998779296875,263.156005859375,2881000
2024-07-02,267.4599914550781,269.6300048828125,267.25,269.6000061035156,264.6777038574219,4207800
2024-07-03,269.6099853515625,270.8999938964844,269.6099853515625,270.7099914550781,265.7674255371094,1948500
2024-07-05,270.82000732421875,272.260009765625,270.3999938964844,272.1199951171875,267.15167236328125,4237500
2024-07-08,272.6499938964844,272.9200134277344,271.9100036621094,272.489990234375,267.514892578125,2335000
2024-07-09,272.82000732421875,273.17999267578125,272.30999755859375,272.4200134277344,267.4461975097656,2702100
2024-07-10,273.2099914550781,275.2099914550781,272.8500061035156,275.05999755859375,270.03802490234375,1992600
2024-07-11,275.75,276.260009765625,273.44000244140625,273.8299865722656,268.8304748535156,3598000
2024-07-12,274.3500061035156,277.3599853515625,274.3399963378906,275.6400146484375,270.6074523925781,2729500
2024-07-15,276.79998779296875,278.29998779296875,275.8800048828125,276.82000732421875,271.7658996582031,3386100
2024-07-16,277.6000061035156,279.2099914550781,277.3999938964844,279.1000061035156,274.00421142578125,3261100
2024-07-17,276.239990234375,277.2699890136719,274.989990234375,275.1600036621094,270.13623046875,3346100
2024-07-18,276.0,276.54998779296875,271.6499938964844,272.760009765625,267.7799987792969,2904200
2024-07-19,272.55999755859375,273.3299865722656,270.5,271.05999755859375,266.11102294921875,2414200
2024-07-22,272.7799987792969,274.1499938964844,271.8999938964844,273.8900146484375,268.8893737792969,2527300
2024-07-23,273.8699951171875,275.1400146484375,273.55999755859375,273.69000244140625,268.6930236816406,2229500
2024-07-24,271.3399963378906,271.6099853515625,267.0799865722656,267.5299987792969,262.6454772949219,3050700
2024-07-25,267.70001220703125,271.07000732421875,265.95001220703125,266.5,261.6343078613281,3237800
2024-07-26,268.6400146484375,270.989990234375,268.25,269.69000244140625,264.7660827636719,2757900
2024-07-29,270.7300109863281,271.0799865722656,268.7699890136719,269.7099914550781,264.78564453125,2814400
2024-07-30,270.5,271.1499938964844,266.8699951171875,268.5899963378906,263.6861572265625,2174100
2024-07-31,271.94000244140625,274.2900085449219,271.1000061035156,272.57000732421875,267.59344482421875,2541500
2024-08-01,273.25,274.510009765625,266.6099853515625,268.29998779296875,263.40142822265625,3767300
2024-08-02,264.5,264.7699890136719,260.69000244140625,262.8999938964844,258.10003662109375,4744200
2024-08-05,251.2100067138672,258.3299865722656,251.0,255.17999267578125,250.52098083496094,8463400
2024-08-06,256.57000732421875,261.3599853515625,255.52999877929688,257.7699890136719,253.0636749267578,5255200
2024-08-07,261.07000732421875,262.3500061035156,255.55999755859375,255.8000030517578,251.12966918945312,3398500
2024-08-08,258.67999267578125,262.1700134277344,257.5,261.7900085449219,257.01031494140625,2922800
2024-08-09,261.739990234375,263.6400146484375,260.79998779296875,262.9200134277344,258.1196594238281,2667400
2024-08-12,263.6300048828125,263.989990234375,261.760009765625,262.75,257.9527282714844,2548500
2024-08-13,264.4100036621094,267.2099914550781,264.29998779296875,267.1199951171875,262.2429504394531,2316200
2024-08-14,267.6499938964844,268.4700012207031,266.1300048828125,267.8800048828125,262.9891357421875,2335300
2024-08-15,270.94000244140625,272.7699890136719,270.5799865722656,272.5199890136719,267.54437255859375,3031600
2024-08-16,271.8999938964844,273.5400085449219,271.7300109863281,273.1700134277344,268.1824951171875,2571900
2024-08-19,273.6199951171875,275.7900085449219,273.0199890136719,275.75,270.71539306640625,2660000
2024-08-20,275.67999267578125,276.30999755859375,274.42999267578125,275.0799865722656,270.0576477050781,2041900
2024-08-21,275.7699890136719,276.8999938964844,274.95001220703125,276.4599914550781,271.4124450683594,1983700
2024-08-22,277.1700134277344,277.5899963378906,273.6099853515625,274.1199951171875,269.1152038574219,2554300
2024-08-23,275.739990234375,277.8299865722656,275.3299865722656,277.5899963378906,272.52178955078125,2281800
2024-08-26,278.1300048828125,278.5299987792969,276.260009765625,276.8900146484375,271.8346252441406,2263800
2024-08-27,276.1000061035156,277.3800048828125,275.6099853515625,277.1400146484375,272.0800476074219,1787900
2024-08-28,276.79998779296875,277.0799865722656,273.9200134277344,275.45001220703125,270.4208679199219,1856400
2024-08-29,276.4800109863281,278.30999755859375,275.239990234375,275.7200012207031,270.6859436035156,3018000
2024-08-30,276.7200012207031,278.5299987792969,275.0799865722656,278.3800048828125,273.29736328125,2029300
2024-09-03,276.79998779296875,277.0,271.1600036621094,272.3900146484375,267.4167785644531,3818900
2024-09-04,271.010009765625,273.5400085449219,270.9800109863281,271.7799987792969,266.81787109375,2946700
2024-09-05,271.79998779296875,273.0199890136719,269.8299865722656,270.94000244140625,265.9932556152344,3997800
2024-09-06,271.17999267578125,272.0400085449219,266.010009765625,266.44000244140625,261.57537841796875,3599900
2024-09-09,268.3900146484375,270.04998779296875,267.5799865722656,269.2900085449219,264.37335205078125,2969800
2024-09-10,270.1300048828125,270.489990234375,267.6700134277344,270.3399963378906,265.4041748046875,1874700
2024-09-11,270.2200012207031,273.3599853515625,265.9200134277344,273.0299987792969,268.0450744628906,2640200
2024-09-12,273.42999267578125,275.54998779296875,272.1499938964844,275.29998779296875,270.27362060546875,2420700
2024-09-13,276.0,277.70001220703125,275.760009765625,277.2200012207031,272.1585998535156,2474700
2024-09-16,277.1199951171875,277.8800048828125,276.25,277.7699890136719,272.6985168457031,2065700
2024-09-17,278.9800109863281,279.7799987792969,276.9700012207031,278.04998779296875,272.9734191894531,2133600
2024-09-18,278.3699951171875,281.05999755859375,277.0899963378906,277.3500061035156,272.2862243652344,3389900
2024-09-19,282.1000061035156,283.0,280.6000061035156,282.04998779296875,276.9003601074219,2660200
2024-09-20,281.67999267578125,282.0199890136719,280.0799865722656,281.4599914550781,276.3211364746094,2293600
2024-09-23,282.20001220703125,282.55999755859375,281.4599914550781,282.1600036621094,277.00836181640625,1920800
2024-09-24,282.760009765625,282.8900146484375,281.1400146484375,282.8699951171875,277.70538330078125,1952100
2024-09-25,282.95001220703125,283.1499938964844,281.5,281.94000244140625,276.7923889160156,1744200
2024-09-26,284.2699890136719,284.3500061035156,282.0899963378906,283.20001220703125,278.0294189453125,2616800
2024-09-27,283.17999267578125,283.44000244140625,281.4599914550781,282.04998779296875,277.754638671875,2644100
2024-09-30,281.6199951171875,283.3900146484375,280.3699951171875,283.1600036621094,278.8477478027344,2828300
2024-10-01,283.0,283.04998779296875,279.1600036621094,280.5799865722656,276.3069763183594,4874900
2024-10-02,280.239990234375,281.1700134277344,278.8699951171875,280.6400146484375,276.3661193847656,3637500
2024-10-03,279.8299865722656,280.95001220703125,278.8999938964844,280.0400085449219,275.7752380371094,2369200
2024-10-04,282.4599914550781,282.8900146484375,280.3500061035156,282.75,278.4440002441406,2335400
2024-10-07,282.0400085449219,282.1300048828125,279.5400085449219,280.1700134277344,275.90325927734375,11465600
2024-10-08,281.2799987792969,282.8800048828125,280.8800048828125,282.5299987792969,278.2273254394531,2164600
2024-10-09,282.54998779296875,284.739990234375,282.260009765625,284.5,280.16729736328125,2123800
2024-10-10,283.7799987792969,284.6099853515625,283.0299987792969,283.9100036621094,279.5863037109375,2547200
2024-10-11,283.9700012207031,286.3900146484375,283.95001220703125,286.1099853515625,281.7527770996094,1799500
2024-10-14,286.8599853515625,288.7300109863281,286.6099853515625,288.3399963378906,283.9488525390625,1997000
2024-10-15,288.32000732421875,288.69000244140625,285.9100036621094,286.3599853515625,281.9989929199219,3260800
2024-10-16,286.7200012207031,288.1099853515625,286.2300109863281,287.82000732421875,283.4367980957031,2215300
2024-10-17,289.4700012207031,289.70001220703125,287.7300109863281,287.760009765625,283.3776550292969,2810600
2024-10-18,288.70001220703125,289.260009765625,287.9100036621094,288.8900146484375,284.4904479980469,1822100
2024-10-21,288.510009765625,288.79998779296875,286.6400146484375,287.9800109863281,283.5943298339844,2320100
2024-10-22,286.8999938964844,288.25,286.4700012207031,287.6499938964844,283.2693176269531,2029000
2024-10-23,286.7699890136719,286.9100036621094,283.3399963378906,285.04998779296875,280.70892333984375,2637300
2024-10-24,286.1199951171875,286.17999267578125,284.4700012207031,285.80999755859375,281.4573669433594,2235600
2024-10-25,287.0299987792969,288.25,285.04998779296875,285.5400085449219,281.1914978027344,2813700
2024-10-28,287.05999755859375,287.4800109863281,286.55999755859375,286.70001220703125,282.33380126953125,1874300
2024-10-29,286.2699890136719,287.6499938964844,285.45001220703125,287.0799865722656,282.7080078125,2503400
2024-10-30,286.9800109863281,288.1000061035156,286.0299987792969,286.3699951171875,282.00885009765625,2204100
2024-10-31,284.7799987792969,284.7799987792969,280.9599914550781,281.0299987792969,276.75018310546875,3027400
2024-11-01,282.5199890136719,284.489990234375,281.9599914550781,282.2300109863281,277.931884765625,2449400
2024-11-04,282.1700134277344,283.07000732421875,280.8699951171875,281.7200012207031,277.4296875,2383900
2024-11-05,282.1099853515625,285.29998779296875,282.010009765625,285.29998779296875,280.9551086425781,2060300
2024-11-06,292.29998779296875,293.6099853515625,290.2099914550781,293.2799987792969,288.8135986328125,5676800
2024-11-07,294.0199890136719,295.8999938964844,294.010009765625,295.3299865722656,290.83233642578125,4109000
2024-11-08,295.6099853515625,297.3699951171875,295.510009765625,296.7099914550781,292.1913757324219,4142400
2024-11-11,297.92999267578125,298.1199951171875,296.760009765625,297.5400085449219,293.00872802734375,3200900
2024-11-12,297.4200134277344,297.7799987792969,295.0899963378906,296.3699951171875,291.8565368652344,3474800
2024-11-13,296.79998779296875,297.54998779296875,295.6199951171875,296.2300109863281,291.71868896484375,2829100
2024-11-14,296.5,296.6099853515625,293.7200012207031,294.0400085449219,289.5620422363281,3280800
2024-11-15,292.510009765625,292.6099853515625,289.3500061035156,290.30999755859375,285.8888244628906,4025800
2024-11-18,290.6400146484375,292.239990234375,290.1300048828125,291.489990234375,287.0508728027344,2990100
2024-11-19,289.8999938964844,293.0899963378906,289.45001220703125,292.8299865722656,288.3704528808594,2342200
2024-11-20,292.9200134277344,293.1600036621094,290.1400146484375,293.0,288.5378723144531,2670800
2024-11-21,294.5299987792969,295.7699890136719,291.95001220703125,295.04998779296875,290.5566711425781,2560700
2024-11-22,295.1300048828125,296.80999755859375,295.1300048828125,296.510009765625,291.9944152832031,2639800
2024-11-25,298.6700134277344,299.4700012207031,296.8999938964844,297.9599914550781,293.42230224609375,3384600
2024-11-26,298.42999267578125,299.3900146484375,297.8699951171875,299.04998779296875,294.4957275390625,3292800
2024-11-27,299.1300048828125,299.4700012207031,297.3999938964844,298.20001220703125,293.6586608886719,2730500
2024-11-29,298.94000244140625,300.3800048828125,298.7099914550781,299.8599853515625,295.29339599609375,1811900
2024-12-02,300.29998779296875,300.75,299.79998779296875,300.42999267578125,295.85467529296875,3583700
2024-12-03,300.3800048828125,300.57000732421875,299.6400146484375,300.42999267578125,295.85467529296875,2101200
2024-12-04,301.4800109863281,302.6000061035156,301.1700134277344,302.45001220703125,297.8439636230469,3258100
2024-12-05,302.6000061035156,302.75,301.5199890136719,301.6099853515625,297.0167236328125,2183400
2024-12-06,302.30999755859375,302.95001220703125,302.0199890136719,302.45001220703125,297.8439636230469,2332900
2024-12-09,302.5299987792969,302.6499938964844,300.3299865722656,300.5199890136719,295.9433288574219,2953900
2024-12-10,301.0,301.0,299.07000732421875,299.3900146484375,294.83056640625,2557100
2024-12-11,301.0,302.2900085449219,300.8599853515625,301.79998779296875,297.2038269042969,2235300
2024-12-12,301.4800109863281,301.54998779296875,300.0400085449219,300.0799865722656,295.5100402832031,2120000
2024-12-13,301.0,301.2699890136719,299.1000061035156,299.92999267578125,295.3623046875,2279200
2024-12-16,300.57000732421875,301.75,300.42999267578125,301.1499938964844,296.563720703125,2545400
2024-12-17,299.9599914550781,300.17999267578125,299.0,299.6600036621094,295.0964660644531,3059900
2024-12-18,299.760009765625,300.5299987792969,289.95001220703125,290.3900146484375,285.96759033203125,3890900
2024-12-19,292.989990234375,293.70001220703125,289.8699951171875,289.9800109863281,285.5638732910156,4826200
2024-12-20,288.6099853515625,295.7099914550781,288.1099853515625,293.2799987792969,288.8135986328125,3837000
2024-12-23,292.5299987792969,294.19000244140625,290.5400085449219,294.0,290.45452880859375,3704500
2024-12-24,294.57000732421875,297.1700134277344,294.25,297.1199951171875,293.5369567871094,2642200
2024-12-26,296.44000244140625,297.7799987792969,295.5400085449219,297.2900085449219,293.70489501953125,4307800
2024-12-27,295.3299865722656,295.92999267578125,291.989990234375,294.07000732421875,290.5237121582031,3636800
2024-12-30,290.8800048828125,292.5199890136719,288.7799987792969,290.82000732421875,287.3128967285156,4968500
2024-12-31,291.80999755859375,292.1400146484375,289.07000732421875,289.80999755859375,286.3150939941406,3893200
2025-01-02,291.45001220703125,292.54998779296875,287.3500061035156,289.260009765625,285.7717590332031,3796400
2025-01-03,290.6600036621094,293.3500061035156,290.19000244140625,293.05999755859375,289.5259094238281,2726800
2025-01-06,295.20001220703125,296.8999938964844,293.92999267578125,294.70001220703125,291.1461181640625,3678600
2025-01-07,295.8399963378906,295.8699951171875,290.3999938964844,291.4100036621094,287.89581298828125,3317000
2025-01-08,291.4200134277344,292.25,289.510009765625,291.67999267578125,288.16253662109375,2971300
2025-01-10,290.04998779296875,290.04998779296875,286.2200012207031,287.29998779296875,283.8353576660156,4403700
2025-01-13,285.0,287.8800048828125,284.6300048828125,287.7699890136719,284.2996826171875,3633300
2025-01-14,289.4100036621094,289.75,286.5199890136719,288.4200134277344,284.94189453125,3803700
2025-01-15,292.7099914550781,294.29998779296875,292.1700134277344,293.7099914550781,290.1680603027344,2815300
2025-01-16,294.2300109863281,294.6600036621094,292.92999267578125,293.489990234375,289.9507141113281,3130300
2025-01-17,296.17999267578125,297.1199951171875,295.44000244140625,296.20001220703125,292.6280517578125,2603200
2025-01-21,297.75,299.2200012207031,296.9100036621094,299.1400146484375,295.5325622558594,3893500
2025-01-22,300.5899963378906,301.2900085449219,300.2699890136719,300.6000061035156,296.9749755859375,3515700
2025-01-23,300.239990234375,302.17999267578125,300.0199890136719,302.17999267578125,298.5359191894531,2647800
2025-01-24,302.260009765625,302.6700134277344,300.79998779296875,301.29998779296875,297.6665344238281,2359000
2025-01-27,295.0,297.5799865722656,294.44000244140625,297.1000061035156,293.5172424316406,5321300
2025-01-28,297.8999938964844,300.1099853515625,296.20001220703125,299.6499938964844,296.0364074707031,2717300
2025-01-29,299.32000732421875,299.6000061035156,296.9700012207031,298.3699951171875,294.7718505859375,2620200
2025-01-30,299.5,301.1099853515625,298.2799987792969,300.239990234375,296.6192932128906,2891200
2025-01-31,301.2200012207031,302.6000061035156,298.2300109863281,298.6000061035156,294.9991149902344,3335000
2025-02-03,293.32000732421875,297.70001220703125,292.70001220703125,296.4200134277344,292.84539794921875,5037700
2025-02-04,296.6199951171875,298.739990234375,296.2300109863281,298.57000732421875,294.969482421875,2601900
2025-02-05,298.239990234375,299.9700012207031,297.0899963378906,299.95001220703125,296.33282470703125,2226200
2025-02-06,300.7300109863281,300.8599853515625,298.8999938964844,300.69000244140625,297.0639343261719,2899800
2025-02-07,300.94000244140625,301.6600036621094,297.6700134277344,298.0,294.4063415527344,3632000
2025-02-10,299.55999755859375,300.2300109863281,298.9100036621094,299.9100036621094,296.2933044433594,2623900
2025-02-11,298.7300109863281,300.07000732421875,298.67999267578125,299.75,296.13519287109375,2719900
2025-02-12,296.8800048828125,299.3299865722656,296.239990234375,298.760009765625,295.1571960449219,3283500
2025-02-13,299.5199890136719,301.9700012207031,298.7799987792969,301.8800048828125,298.2395324707031,3066800
2025-02-14,302.0,302.54998779296875,301.5,301.8399963378906,298.20001220703125,2377000
2025-02-18,302.3699951171875,302.70001220703125,301.2200012207031,302.69000244140625,299.0397644042969,2851500
2025-02-19,301.8500061035156,303.3900146484375,301.67999267578125,303.1199951171875,299.464599609375,2566600
2025-02-20,302.5299987792969,302.7200012207031,299.8800048828125,301.489990234375,297.8542175292969,2863900
2025-02-21,301.739990234375,301.7900085449219,295.6400146484375,295.9200134277344,292.3514404296875,3595000
2025-02-24,296.9599914550781,297.3399963378906,293.8900146484375,294.4100036621094,290.859619140625,4465400
2025-02-25,294.3999938964844,294.8299865722656,290.5400085449219,292.95001220703125,289.417236328125,3509200
2025-02-26,293.8999938964844,295.70001220703125,291.8699951171875,293.04998779296875,289.5160217285156,2807300
2025-02-27,294.3399963378906,294.7900085449219,288.3999938964844,288.510009765625,285.0307922363281,2747300
2025-02-28,288.6300048828125,293.2099914550781,287.3500061035156,292.9599914550781,289.4270935058594,3485800
2025-03-03,293.9100036621094,294.7200012207031,285.7699890136719,287.7099914550781,284.24041748046875,7835600
2025-03-04,285.20001220703125,288.45001220703125,281.5,284.1199951171875,280.6937255859375,6449600
2025-03-05,284.0799865722656,288.1400146484375,282.32000732421875,287.3500061035156,283.8847351074219,3662300
2025-03-06,283.5299987792969,285.82000732421875,280.6499938964844,282.010009765625,278.6091613769531,4836300
2025-03-07,281.2200012207031,284.04998779296875,278.1099853515625,283.3399963378906,279.923095703125,3868700
2025-03-10,279.42999267578125,280.2799987792969,273.1400146484375,275.6199951171875,272.29620361328125,6442900
2025-03-11,275.0,277.0,271.5799865722656,273.69000244140625,270.3894958496094,5282400
2025-03-12,276.79998779296875,277.2900085449219,272.4800109863281,275.0400085449219,271.7231750488281,3996100
2025-03-13,274.92999267578125,275.0,270.20001220703125,271.17999267578125,267.9097595214844,3932500
2025-03-14,273.6000061035156,277.3800048828125,273.3599853515625,276.989990234375,273.649658203125,3610100
2025-03-17,276.7300109863281,280.6000061035156,276.67999267578125,279.2799987792969,275.9120788574219,3981100
2025-03-18,278.20001220703125,278.5,275.3299865722656,276.2699890136719,272.9383544921875,3120900
2025-03-19,277.0,281.3800048828125,276.6300048828125,279.4100036621094,276.0404968261719,2867800
2025-03-20,277.70001220703125,281.20001220703125,277.260009765625,278.739990234375,275.37860107421875,2256400
2025-03-21,276.4100036621094,279.07000732421875,275.67999267578125,278.8500061035156,275.4872741699219,3382500
2025-03-24,282.25,284.5299987792969,281.8999938964844,284.010009765625,280.5850830078125,3251600
2025-03-25,284.5199890136719,285.0899963378906,283.6600036621094,284.489990234375,281.05926513671875,2517200
2025-03-26,284.1499938964844,284.9200134277344,280.30999755859375,281.1600036621094,277.7694091796875,2327500
2025-03-27,279.4599914550781,281.0799865722656,278.04998779296875,278.989990234375,276.5945739746094,2345300
2025-03-28,278.30999755859375,278.75,273.04998779296875,273.42999267578125,271.0823059082031,3912900
2025-03-31,270.2699890136719,275.5799865722656,268.7300109863281,274.8399963378906,272.4801940917969,6064000
2025-04-01,273.8999938964844,276.7900085449219,272.05999755859375,275.7699890136719,273.4021911621094,3269900
2025-04-02,272.8500061035156,279.25,272.6099853515625,277.95001220703125,275.5635070800781,2594700
2025-04-03,268.010009765625,269.3699951171875,263.70001220703125,263.9599914550781,261.693603515625,8137500
2025-04-04,256.9700012207031,257.7300109863281,248.17999267578125,248.47000122070312,246.3366241455078,16633700
2025-04-07,240.0,257.0299987792969,236.4199981689453,247.66000366210938,245.53358459472656,16346700
2025-04-08,256.5,257.7099914550781,240.0500030517578,243.75,241.65716552734375,11064300
2025-04-09,241.85000610351562,268.4800109863281,241.6199951171875,268.4800109863281,266.1748352050781,12138000
2025-04-10,261.1099853515625,261.6600036621094,249.88999938964844,257.42999267578125,255.21966552734375,7255700
2025-04-11,256.7099914550781,262.75,254.6699981689453,261.739990234375,259.49267578125,5007900
2025-04-14,266.42999267578125,266.7300109863281,261.4599914550781,264.1499938964844,261.8819885253906,4039900
2025-04-15,264.25,266.3999938964844,263.1499938964844,263.69000244140625,261.4259338378906,4680400
2025-04-16,260.7699890136719,262.5899963378906,255.4499969482422,258.2099914550781,255.9929962158203,4295500
2025-04-17,259.1300048828125,260.95001220703125,257.3299865722656,258.75,256.5283508300781,3401000
2025-04-21,256.2300109863281,256.5,249.94000244140625,252.60000610351562,250.43118286132812,5523200
2025-04-22,255.6199951171875,260.2099914550781,255.27000427246094,259.0299987792969,256.80596923828125,3802300
2025-04-23,265.92999267578125,268.3800048828125,262.57000732421875,263.44000244140625,261.1781005859375,6842700
2025-04-24,263.8999938964844,269.25,263.3900146484375,268.989990234375,266.680419921875,3487600
2025-04-25,268.8599853515625,270.8999938964844,267.4100036621094,270.6400146484375,268.3162841796875,3220900
2025-04-28,271.0199890136719,272.260009765625,268.0799865722656,271.0299987792969,268.7029113769531,2507700
2025-04-29,270.1300048828125,273.2699890136719,270.05999755859375,272.6600036621094,270.3189392089844,2209100
2025-04-30,269.1099853515625,273.5199890136719,266.25,272.82000732421875,270.4775390625,4039500
2025-05-01,275.2799987792969,277.2799987792969,274.25,274.5199890136719,272.1629333496094,3238000
2025-05-02,277.5199890136719,279.6000061035156,276.6199951171875,278.79998779296875,276.4062194824219,3170800
2025-05-05,276.6499938964844,278.8399963378906,276.3900146484375,277.2200012207031,274.83978271484375,2820800
2025-05-06,274.57000732421875,277.1000061035156,273.95001220703125,274.9700012207031,272.60906982421875,2444000
2025-05-07,275.760009765625,277.2300109863281,273.5799865722656,276.1099853515625,273.7392883300781,2694800
2025-05-08,278.1000061035156,280.8699951171875,276.5,278.2799987792969,275.89068603515625,2781500
2025-05-09,279.05999755859375,279.6199951171875,277.25,277.9700012207031,275.58331298828125,2151200
2025-05-12,286.7799987792969,287.2699890136719,284.3699951171875,287.2699890136719,284.8034973144531,4184800
2025-05-13,287.6099853515625,290.3500061035156,287.0199890136719,289.2200012207031,286.73675537109375,3286800
2025-05-14,289.7200012207031,290.2200012207031,288.44000244140625,289.4100036621094,286.92510986328125,3198800
2025-05-15,288.3699951171875,290.8599853515625,288.04998779296875,290.5899963378906,288.0950012207031,2347000
2025-05-16,291.0799865722656,292.75,290.20001220703125,292.5799865722656,290.06787109375,5440100
2025-05-19,289.4599914550781,293.1300048828125,289.32000732421875,292.80999755859375,290.2959289550781,3083600
2025-05-20,291.989990234375,292.5,290.3599853515625,291.8500061035156,289.3441467285156,2827200
2025-05-21,289.5400085449219,291.489990234375,286.1499938964844,286.7699890136719,284.30780029296875,3166700
2025-05-22,286.3800048828125,288.5299987792969,285.8800048828125,286.7200012207031,284.2581787109375,2738700
2025-05-23,283.0400085449219,286.2300109863281,283.0,285.0400085449219,282.5926513671875,2855800
2025-05-27,288.4599914550781,291.0299987792969,287.5199890136719,290.8999938964844,288.4023132324219,2980600
2025-05-28,291.1000061035156,291.6499938964844,288.79998779296875,289.19000244140625,286.70703125,2413800
2025-05-29,291.5299987792969,291.82000732421875,288.32000732421875,290.1199951171875,287.6289978027344,3850800
2025-05-30,289.4700012207031,290.75,286.8599853515625,289.8800048828125,287.3910827636719,3178000
2025-06-02,289.3399963378906,291.4200134277344,287.5799865722656,291.3599853515625,288.8583679199219,2845900
2025-06-03,291.5400085449219,293.8500061035156,291.0199890136719,293.3699951171875,290.8511047363281,3493700
2025-06-04,293.82000732421875,294.3500061035156,293.0299987792969,293.3399963378906,290.82135009765625,2718900
2025-06-05,293.9800109863281,294.8999938964844,291.07000732421875,291.7200012207031,289.21527099609375,3034300
2025-06-06,294.7099914550781,295.8800048828125,294.0199890136719,295.1199951171875,292.5860900878906,2308800
2025-06-09,295.4599914550781,296.2699890136719,294.82000732421875,295.3599853515625,292.8240051269531,3119700
2025-06-10,295.739990234375,297.19000244140625,295.2200012207031,296.9200134277344,294.3706359863281,2823100
2025-06-11,297.6000061035156,298.07000732421875,295.1600036621094,296.1300048828125,293.58740234375,2706600
2025-06-12,295.29998779296875,297.1000061035156,295.1000061035156,297.0799865722656,294.5292663574219,3092300
2025-06-13,294.45001220703125,296.1300048828125,292.8399963378906,293.57000732421875,291.0494079589844,3383100
2025-06-16,295.45001220703125,297.3699951171875,295.3299865722656,296.4700012207031,293.92449951171875,3113100
2025-06-17,295.1000061035156,296.04998779296875,293.5799865722656,294.0,291.4756774902344,2720400
2025-06-18,294.32000732421875,295.95001220703125,293.67999267578125,294.1099853515625,291.5847473144531,2409300
2025-06-20,295.6199951171875,295.989990234375,292.7200012207031,293.42999267578125,290.9106140136719,2686100
2025-06-23,293.489990234375,296.4700012207031,291.9700012207031,296.25,293.70635986328125,3340000
2025-06-24,298.42999267578125,300.1700134277344,297.94000244140625,299.7099914550781,297.13665771484375,3225300
2025-06-25,300.3500061035156,300.42999267578125,298.7699890136719,299.3599853515625,296.7896728515625,3025900
2025-06-26,300.3699951171875,302.19000244140625,300.1000061035156,301.94000244140625,299.3475341796875,2286100
2025-06-27,302.67999267578125,304.260009765625,301.3900146484375,303.30999755859375,300.70574951171875,3189900
2025-06-30,303.739990234375,304.5299987792969,302.6000061035156,303.92999267578125,302.2301940917969,3100000
2025-07-01,303.0400085449219,304.69000244140625,302.79998779296875,303.92999267578125,302.2301940917969,3970600
2025-07-02,303.95001220703125,305.55999755859375,303.510009765625,305.510009765625,303.8013610839844,4474700
2025-07-03,306.54998779296875,308.3999938964844,306.54998779296875,308.0299987792969,306.3072509765625,2238100
2025-07-07,306.989990234375,307.3500061035156,304.2200012207031,305.6000061035156,303.8908386230469,4255800
2025-07-08,306.0899963378906,306.5,305.17999267578125,305.5799865722656,303.8709411621094,3497900
2025-07-09,306.7699890136719,307.69000244140625,305.79998779296875,307.5,305.78021240234375,2838800
2025-07-10,307.6499938964844,308.92999267578125,306.9599914550781,308.32000732421875,306.59564208984375,2598100
2025-07-11,306.8800048828125,307.6400146484375,306.1499938964844,307.0199890136719,305.3028869628906,2909500
2025-07-14,306.739990234375,307.95001220703125,306.239990234375,307.7200012207031,305.99896240234375,2364500
2025-07-15,309.0899963378906,309.2900085449219,306.04998779296875,306.1000061035156,304.3880615234375,3447800
2025-07-16,306.8599853515625,307.54998779296875,304.0,307.260009765625,305.54156494140625,3069700
2025-07-17,307.5,309.5799865722656,307.30999755859375,309.260009765625,307.5303649902344,4953000
2025-07-18,310.04998779296875,310.20001220703125,308.54998779296875,309.0899963378906,307.361328125,2609100
2025-07-21,309.94000244140625,311.0400085449219,309.2699890136719,309.44000244140625,307.7093505859375,3205000
2025-07-22,309.739990234375,310.19000244140625,308.2300109863281,309.79998779296875,308.06732177734375,2117300
2025-07-23,311.1000061035156,312.45001220703125,310.32000732421875,312.4100036621094,310.6627502441406,3970900
2025-07-24,312.5,313.1400146484375,312.20001220703125,312.29998779296875,310.5533447265625,3661700
2025-07-25,312.79998779296875,313.92999267578125,312.4100036621094,313.69000244140625,311.93560791015625,3233200
2025-07-28,314.20001220703125,314.239990234375,312.92999267578125,313.6000061035156,311.8460998535156,4797900
2025-07-29,314.3399963378906,314.5,312.239990234375,312.6099853515625,310.86163330078125,3745600
2025-07-30,313.19000244140625,314.010009765625,310.7699890136719,312.25,310.503662109375,5966800
2025-07-31,314.3699951171875,314.8399963378906,310.3900146484375,310.8900146484375,309.1512451171875,4685900
2025-08-01,307.9800109863281,307.9800109863281,304.3999938964844,305.739990234375,304.030029296875,5607300
2025-08-04,307.5799865722656,310.55999755859375,307.5799865722656,310.5299987792969,308.79327392578125,4118100
2025-08-05,310.8599853515625,311.3399963378906,308.45001220703125,309.1600036621094,307.4309387207031,4491800
2025-08-06,309.54998779296875,311.5799865722656,309.04998779296875,311.25,309.5092468261719,3226400
2025-08-07,313.04998779296875,313.3999938964844,309.3599853515625,311.07000732421875,309.33026123046875,2974400
2025-08-08,311.8999938964844,313.29998779296875,311.69000244140625,313.0299987792969,311.279296875,2881400
2025-08-11,313.3299865722656,313.92999267578125,311.82000732421875,312.30999755859375,310.56329345703125,4275200
2025-08-12,313.7200012207031,316.239990234375,312.9800109863281,316.1300048828125,314.3619384765625,3340100
2025-08-13,317.3599853515625,317.92999267578125,316.3999938964844,317.6600036621094,315.8833923339844,2893600
2025-08-14,316.32000732421875,317.55999755859375,316.010009765625,317.19000244140625,315.416015625,3487000
2025-08-15,317.94000244140625,317.94000244140625,316.010009765625,316.4700012207031,314.7000732421875,3434100
2025-08-18,316.32000732421875,316.80999755859375,315.989990234375,316.5899963378906,314.81939697265625,3788600
2025-08-19,316.5799865722656,316.9800109863281,314.1000061035156,314.6700134277344,312.9101257324219,4135700
2025-08-20,314.57000732421875,314.57000732421875,311.239990234375,313.8399963378906,312.0847473144531,6190300
2025-08-21,312.8999938964844,313.8399963378906,311.8599853515625,312.760009765625,311.0108337402344,2697000
2025-08-22,313.989990234375,318.8299865722656,313.67999267578125,318.17999267578125,316.4004821777344,3548300
2025-08-25,317.5799865722656,317.9700012207031,316.6000061035156,316.6499938964844,314.8790283203125,2792700
2025-08-26,316.739990234375,318.2099914550781,316.3299865722656,318.0899963378906,316.31097412109375,2832000
2025-08-27,317.6499938964844,319.25,317.6499938964844,318.94000244140625,317.1562194824219,5481300
2025-08-28,319.42999267578125,320.3999938964844,318.5,320.1000061035156,318.30975341796875,3236900
2025-08-29,319.55999755859375,319.70001220703125,317.2900085449219,318.20001220703125,316.4203796386719,3418800
2025-09-02,314.5199890136719,316.1099853515625,313.29998779296875,315.989990234375,314.22271728515625,4816300
2025-09-03,317.0400085449219,317.75,315.8599853515625,317.3299865722656,315.5552062988281,3161400
2025-09-04,317.8399963378906,320.2300109863281,317.32000732421875,320.1400146484375,318.34954833984375,3042000
2025-09-05,321.6099853515625,322.05999755859375,317.489990234375,319.54998779296875,317.7628173828125,3872100
2025-09-08,320.44000244140625,320.9200134277344,319.7099914550781,320.57000732421875,318.7771301269531,4149800
2025-09-09,320.7099914550781,321.2799987792969,319.45001220703125,320.9800109863281,319.1848449707031,3110500
2025-09-10,322.5,323.0400085449219,320.9700012207031,321.79998779296875,320.0002136230469,3702700
2025-09-11,322.9100036621094,325.05999755859375,322.510009765625,324.7799987792969,322.9635925292969,3577800
2025-09-12,324.79998779296875,325.20001220703125,324.05999755859375,324.30999755859375,322.4961853027344,3055600
2025-09-15,325.4700012207031,326.1199951171875,325.2099914550781,325.8900146484375,324.0673828125,3200800
2025-09-16,326.30999755859375,326.3999938964844,324.9200134277344,325.45001220703125,323.6298522949219,3709300
2025-09-17,325.6600036621094,326.8999938964844,322.7699890136719,325.1600036621094,323.3414611816406,3643200
2025-09-18,326.92999267578125,328.2699890136719,325.9200134277344,327.2099914550781,325.3799743652344,3112500
2025-09-19,328.30999755859375,328.8500061035156,326.8299865722656,328.44000244140625,326.60308837890625,3610400
2025-09-22,327.760009765625,330.1000061035156,327.5400085449219,329.8599853515625,328.01513671875,3434800
2025-09-23,329.989990234375,330.3599853515625,327.5799865722656,328.0899963378906,326.25506591796875,3455200
2025-09-24,328.8999938964844,328.9100036621094,326.2699890136719,326.8900146484375,325.0617980957031,2957000
2025-09-25,325.2200012207031,325.8399963378906,323.3800048828125,325.1400146484375,323.3215637207031,4108100
2025-09-26,325.8900146484375,327.3399963378906,325.2200012207031,327.17999267578125,325.35015869140625,3169300
2025-09-29,327.69000244140625,327.80999755859375,326.2799987792969,327.1000061035156,326.1748046875,3711800
2025-09-30,326.8999938964844,328.3599853515625,325.8800048828125,328.1700134277344,327.2417907714844,4210900
2025-10-01,326.92999267578125,329.6600036621094,326.6499938964844,329.30999755859375,328.3785400390625,5983100
2025-10-02,330.20001220703125,330.260009765625,328.45001220703125,329.7900085449219,328.8572082519531,4010500
2025-10-03,330.3599853515625,331.739990234375,329.42999267578125,329.9700012207031,329.03668212890625,4894000
2025-10-06,331.4100036621094,331.760009765625,330.1400146484375,331.2099914550781,330.2731628417969,4899400
2025-10-07,331.7200012207031,331.989990234375,328.79998779296875,329.6199951171875,328.68768310546875,4956100
2025-10-08,330.510009765625,331.8699951171875,329.8299865722656,331.80999755859375,330.8714904785156,3149300
2025-10-09,331.92999267578125,332.20001220703125,329.75,330.6600036621094,329.7247314453125,3803200
2025-10-10,331.1600036621094,332.1499938964844,321.6199951171875,321.79998779296875,320.8897705078125,7886700
2025-10-13,325.7900085449219,327.5799865722656,325.1600036621094,326.92999267578125,326.0052795410156,4476800
2025-10-14,323.8999938964844,328.6199951171875,322.0799865722656,326.8299865722656,325.9055480957031,6307300
2025-10-15,329.3900146484375,330.989990234375,325.29998779296875,328.3800048828125,327.4512023925781,4245600
2025-10-16,329.3699951171875,329.94000244140625,324.0799865722656,325.7699890136719,324.8485412597656,5328500
2025-10-17,325.010009765625,327.94000244140625,324.239990234375,327.29998779296875,326.3742370605469,5646800
2025-10-20,328.95001220703125,331.3599853515625,328.8599853515625,330.95001220703125,330.013916015625,3919600
2025-10-21,330.7900085449219,331.8599853515625,330.1199951171875,330.9100036621094,329.9740295410156,4099800
2025-10-22,331.17999267578125,331.2300109863281,326.6499938964844,328.8999938964844,327.9696960449219,7357900
2025-10-23,329.32000732421875,331.5799865722656,328.989990234375,331.010009765625,330.0737609863281,2955700
2025-10-24,333.3599853515625,334.5400085449219,333.2099914550781,333.7099914550781,332.76611328125,3780100
2025-10-27,336.70001220703125,337.70001220703125,336.2300109863281,337.42999267578125,336.4755859375,5496100
2025-10-28,338.3399963378906,338.80999755859375,337.1099853515625,337.95001220703125,336.994140625,3765000
2025-10-29,338.3500061035156,339.05999755859375,335.69000244140625,337.7099914550781,336.7547912597656,4818800
2025-10-30,336.0,337.17999267578125,334.04998779296875,334.0799865722656,333.1350402832031,5025800
2025-10-31,336.6199951171875,336.6199951171875,333.8500061035156,335.4200134277344,334.4712829589844,4243100
2025-11-03,337.0,337.1400146484375,333.8900146484375,335.79998779296875,334.8501892089844,3344400
2025-11-04,332.2099914550781,334.1300048828125,331.3900146484375,331.739990234375,330.8016662597656,3288700
2025-11-05,331.8299865722656,334.67999267578125,331.29998779296875,333.1600036621094,332.2176818847656,3147000
2025-11-06,332.7900085449219,333.05999755859375,328.6300048828125,329.3699951171875,328.4383850097656,2968100
2025-11-07,328.0400085449219,330.1300048828125,324.9700012207031,330.0899963378906,329.1563415527344,4707100
2025-11-10,333.32000732421875,335.45001220703125,332.0400085449219,334.9200134277344,333.9726867675781,3658900
2025-11-11,334.3399963378906,336.04998779296875,333.75,335.739990234375,334.79034423828125,2506400
2025-11-12,336.82000732421875,336.92999267578125,334.8800048828125,335.8599853515625,334.9100036621094,2730900
2025-11-13,334.5,334.6300048828125,329.239990234375,329.9100036621094,328.97686767578125,4213800
2025-11-14,326.57000732421875,331.8500061035156,325.6199951171875,329.8599853515625,328.9269714355469,3669200
2025-11-17,328.7099914550781,330.7699890136719,324.79998779296875,326.42999267578125,325.5066833496094,4336700
2025-11-18,324.739990234375,326.54998779296875,321.9200134277344,324.2200012207031,323.3029479980469,5563300
2025-11-19,324.6499938964844,327.6099853515625,323.3500061035156,325.2799987792969,324.3599548339844,3538300
2025-11-20,330.30999755859375,331.6000061035156,319.8500061035156,320.1000061035156,319.1946105957031,4176000
2025-11-21,321.3800048828125,326.32000732421875,319.44000244140625,323.79998779296875,322.8841247558594,4695300
2025-11-24,325.510009765625,329.19000244140625,324.94000244140625,328.6400146484375,327.71044921875,4167600
2025-11-25,328.6400146484375,332.6600036621094,326.760009765625,332.1600036621094,331.2204895019531,3654300
2025-11-26,333.32000732421875,335.489990234375,332.9599914550781,334.44000244140625,333.4940490722656,2745500
2025-11-28,335.3999938964844,336.4200134277344,334.8599853515625,336.30999755859375,335.3587646484375,2288300
2025-12-01,333.9599914550781,336.1000061035156,333.75,334.6600036621094,333.71343994140625,4270600
2025-12-02,335.6499938964844,336.3599853515625,334.17999267578125,335.05999755859375,334.1122741699219,2920000
2025-12-03,334.760009765625,337.07000732421875,334.4100036621094,336.55999755859375,335.6080322265625,3779900
2025-12-04,337.239990234375,337.3399963378906,335.5899963378906,337.0899963378906,336.13653564453125,3587800
2025-12-05,337.57000732421875,338.9599914550781,337.0299987792969,337.55999755859375,336.605224609375,3340500
2025-12-08,338.20001220703125,338.20001220703125,335.6000061035156,336.57000732421875,335.6180114746094,3532800
2025-12-09,336.2799987792969,337.54998779296875,336.07000732421875,336.2300109863281,335.27899169921875,3035700
2025-12-10,336.1199951171875,339.5899963378906,335.5,338.7300109863281,337.77191162109375,5697100
2025-12-11,337.8800048828125,339.94000244140625,336.44000244140625,339.8699951171875,338.90869140625,3819000
2025-12-12,339.5,339.75,334.8500061035156,335.989990234375,335.0396423339844,4258900
2025-12-15,337.9800109863281,338.0,334.67999267578125,335.3299865722656,334.3815002441406,3571900
2025-12-16,334.5899963378906,335.510009765625,332.4200134277344,334.3599853515625,333.41424560546875,4129200
2025-12-17,334.9200134277344,335.20001220703125,330.6300048828125,330.7099914550781,329.77459716796875,3980300
2025-12-18,333.7799987792969,335.3500061035156,332.4700012207031,333.25,332.3074035644531,3347700
2025-12-19,334.3699951171875,336.5899963378906,334.2099914550781,336.2200012207031,335.2690124511719,4022600
2025-12-22,337.0,337.9100036621094,336.6099853515625,337.6000061035156,337.6000061035156,3782100
2025-12-23,337.0,338.8299865722656,337.0,338.7200012207031,338.7200012207031,3611100
2025-12-24,338.7799987792969,340.1000061035156,338.7099914550781,339.8800048828125,339.8800048828125,4006500
2025-12-26,340.1400146484375,340.3299865722656,339.1700134277344,339.6700134277344,339.6700134277344,3543600
2025-12-29,338.3999938964844,339.2699890136719,337.57000732421875,338.3900146484375,338.3900146484375,3795900
2025-12-30,338.3900146484375,338.7799987792969,337.75,337.8500061035156,337.8500061035156,3576200
2025-12-31,338.0400085449219,338.1300048828125,335.2200012207031,335.2699890136719,335.2699890136719,3493700
