date,open,high,low,close,adj_close,volume
2014-01-02,106.44999694824219,106.56999969482422,106.43000030517578,106.5,76.41890716552734,1346600
2014-01-03,106.44999694824219,106.62999725341797,106.38999938964844,106.54000091552734,76.44759368896484,2293500
2014-01-06,106.52999877929688,106.68000030517578,106.52999877929688,106.68000030517578,76.54803466796875,4413900
2014-01-07,106.73999786376953,106.77999877929688,106.66999816894531,106.7300033569336,76.5839614868164,1255700
2014-01-08,106.56999969482422,106.62000274658203,106.4000015258789,106.41000366210938,76.35429382324219,1090800
2014-01-09,106.55999755859375,106.58000183105469,106.41999816894531,106.55999755859375,76.46196746826172,829400
2014-01-10,106.91999816894531,107.0999984741211,106.83999633789062,107.0999984741211,76.84942626953125,1484400
2014-01-13,107.1500015258789,107.30999755859375,107.13999938964844,107.19999694824219,76.92124938964844,1139500
2014-01-14,107.18000030517578,107.25,106.9800033569336,107.04000091552734,76.80635070800781,987500
2014-01-15,106.87999725341797,106.9800033569336,106.81999969482422,106.94999694824219,76.74179077148438,1664800
2014-01-16,107.12999725341797,107.20999908447266,107.06999969482422,107.19999694824219,76.92124938964844,3113700
2014-01-17,107.18000030517578,107.30000305175781,107.0999984741211,107.25,76.95706176757812,588700
2014-01-21,107.20999908447266,107.33999633789062,107.16999816894531,107.30000305175781,76.9929428100586,1777100
2014-01-22,107.11000061035156,107.23999786376953,107.0199966430664,107.06999969482422,76.82786560058594,892900
2014-01-23,107.2699966430664,107.5199966430664,107.26000213623047,107.3499984741211,77.02881622314453,1901200
2014-01-24,107.4800033569336,107.6500015258789,107.45999908447266,107.58000183105469,77.19385528564453,783200
2014-01-27,107.52999877929688,107.63999938964844,107.33999633789062,107.3499984741211,77.02881622314453,1335000
2014-01-28,107.45999908447266,107.55999755859375,107.38999938964844,107.52999877929688,77.1579360961914,1306400
2014-01-29,107.68000030517578,107.91999816894531,107.68000030517578,107.8499984741211,77.3875732421875,1116200
2014-01-30,107.76000213623047,107.87999725341797,107.70999908447266,107.87000274658203,77.40192413330078,3074400
2014-01-31,108.0,108.06999969482422,107.91000366210938,108.06999969482422,77.54541778564453,3195200
2014-02-03,107.77999877929688,108.2300033569336,107.70999908447266,108.2300033569336,77.80851745605469,1976100
2014-02-04,107.95999908447266,108.08000183105469,107.87999725341797,107.97000122070312,77.62163543701172,2289000
2014-02-05,107.87999725341797,107.91999816894531,107.69000244140625,107.69999694824219,77.4275894165039,1162000
2014-02-06,107.62000274658203,107.66999816894531,107.55000305175781,107.6500015258789,77.39160919189453,1127700
2014-02-07,107.68000030517578,107.9000015258789,107.6500015258789,107.81999969482422,77.5138168334961,611700
2014-02-10,107.86000061035156,107.97000122070312,107.80999755859375,107.93000030517578,77.59288787841797,1097200
2014-02-11,107.69999694824219,107.77999877929688,107.62999725341797,107.72000122070312,77.44197845458984,1493200
2014-02-12,107.58000183105469,107.61000061035156,107.44999694824219,107.54000091552734,77.31249237060547,714100
2014-02-13,107.75,107.81999969482422,107.69000244140625,107.7699966430664,77.4778823852539,777400
2014-02-14,107.75,107.77999877929688,107.66000366210938,107.7699966430664,77.4778823852539,708800
2014-02-18,107.76000213623047,107.94000244140625,107.73999786376953,107.83999633789062,77.52820587158203,940900
2014-02-19,107.97000122070312,108.05999755859375,107.7300033569336,107.76000213623047,77.47065734863281,902600
2014-02-20,107.70999908447266,107.76000213623047,107.56999969482422,107.69999694824219,77.4275894165039,894000
2014-02-21,107.62000274658203,107.80000305175781,107.61000061035156,107.80000305175781,77.49945068359375,395300
2014-02-24,107.80000305175781,107.80000305175781,107.68000030517578,107.69999694824219,77.4275894165039,838500
2014-02-25,107.8499984741211,108.0199966430664,107.8499984741211,107.98999786376953,77.63604736328125,542100
2014-02-26,108.04000091552734,108.22000122070312,108.0,108.22000122070312,77.80138397216797,617000
2014-02-27,108.25,108.37000274658203,108.2300033569336,108.33000183105469,77.88046264648438,628900
2014-02-28,108.23999786376953,108.31999969482422,108.12000274658203,108.2699966430664,77.83732604980469,1589500
2014-03-03,108.20999908447266,108.37999725341797,108.1500015258789,108.3499984741211,78.0389633178711,2533900
2014-03-04,108.25,108.25,107.91999816894531,107.94999694824219,77.75091552734375,953700
2014-03-05,107.83000183105469,108.0199966430664,107.80999755859375,108.01000213623047,77.79413604736328,2852300
2014-03-06,107.76000213623047,107.83000183105469,107.69000244140625,107.7699966430664,77.62123107910156,689200
2014-03-07,107.45999908447266,107.55999755859375,107.41999816894531,107.47000122070312,77.40516662597656,701700
2014-03-10,107.5,107.55999755859375,107.45999908447266,107.47000122070312,77.40516662597656,877800
2014-03-11,107.52999877929688,107.55999755859375,107.44000244140625,107.45999908447266,77.39793395996094,2060700
2014-03-12,107.66999816894531,107.72000122070312,107.5999984741211,107.69999694824219,77.57083892822266,943300
2014-03-13,107.56999969482422,108.05999755859375,107.55000305175781,107.9800033569336,77.77250671386719,660900
2014-03-14,108.12999725341797,108.16999816894531,107.93000030517578,107.93000030517578,77.73649597167969,741800
2014-03-17,107.91000366210938,107.9800033569336,107.83000183105469,107.87000274658203,77.69327545166016,590800
2014-03-18,107.87999725341797,108.0,107.8499984741211,108.0,77.78689575195312,568500
2014-03-19,107.9800033569336,107.9800033569336,107.41000366210938,107.5199966430664,77.441162109375,702000
2014-03-20,107.44999694824219,107.52999877929688,107.38999938964844,107.44000244140625,77.383544921875,1100600
2014-03-21,107.5199966430664,107.6500015258789,107.45999908447266,107.58999633789062,77.49156951904297,756600
2014-03-24,107.58000183105469,107.7699966430664,107.5,107.75,77.6068344116211,712800
2014-03-25,107.69000244140625,107.83000183105469,107.62999725341797,107.63999938964844,77.52760314941406,1377600
2014-03-26,107.75,107.9800033569336,107.72000122070312,107.9800033569336,77.77250671386719,593900
2014-03-27,107.87000274658203,108.08000183105469,107.8499984741211,108.05999755859375,77.83009338378906,1299200
2014-03-28,108.0999984741211,108.0999984741211,107.83999633789062,107.9000015258789,77.71484375,865600
2014-03-31,107.83000183105469,107.9800033569336,107.73999786376953,107.91000366210938,77.72209930419922,1452200
2014-04-01,107.66000366210938,107.66999816894531,107.54000091552734,107.54000091552734,77.60298156738281,760000
2014-04-02,107.3499984741211,107.48999786376953,107.33000183105469,107.36000061035156,77.47312927246094,1550700
2014-04-03,107.45999908447266,107.54000091552734,107.38999938964844,107.44000244140625,77.5308837890625,1126700
2014-04-04,107.66000366210938,107.8499984741211,107.6500015258789,107.77999877929688,77.77615356445312,1043600
2014-04-07,107.94000244140625,108.05999755859375,107.88999938964844,107.94000244140625,77.89166259765625,679500
2014-04-08,107.9800033569336,108.1500015258789,107.93000030517578,108.06999969482422,77.98551940917969,1435700
2014-04-09,108.0,108.20999908447266,107.93000030517578,108.08000183105469,77.99271392822266,1167100
2014-04-10,108.16999816894531,108.48999786376953,108.1500015258789,108.33000183105469,78.17305755615234,1033300
2014-04-11,108.58000183105469,108.58000183105469,108.41000366210938,108.43000030517578,78.2452163696289,1168700
2014-04-14,108.43000030517578,108.5,108.4000015258789,108.47000122070312,78.27409362792969,1002800
2014-04-15,108.44000244140625,108.62000274658203,108.38999938964844,108.4800033569336,78.28134155273438,1442100
2014-04-16,108.41000366210938,108.54000091552734,108.33999633789062,108.54000091552734,78.32459259033203,2245600
2014-04-17,108.52999877929688,108.52999877929688,108.0999984741211,108.19000244140625,78.07209014892578,1262900
2014-04-21,108.2699966430664,108.29000091552734,108.12999725341797,108.18000030517578,78.0648193359375,1018200
2014-04-22,108.0999984741211,108.16000366210938,108.05000305175781,108.16000366210938,78.05044555664062,1034800
2014-04-23,108.23999786376953,108.36000061035156,108.20999908447266,108.2699966430664,78.12977600097656,746000
2014-04-24,108.22000122070312,108.37000274658203,108.18000030517578,108.37000274658203,78.20196533203125,494000
2014-04-25,108.43000030517578,108.55000305175781,108.37999725341797,108.38999938964844,78.2164077758789,489700
2014-04-28,108.38999938964844,108.45999908447266,108.26000213623047,108.31999969482422,78.16586303710938,523300
2014-04-29,108.26000213623047,108.4000015258789,108.23999786376953,108.37000274658203,78.20196533203125,858600
2014-04-30,108.45999908447266,108.61000061035156,108.37999725341797,108.58999633789062,78.36070251464844,1313000
2014-05-01,108.37999725341797,108.69999694824219,108.37999725341797,108.55000305175781,78.47492980957031,1727500
2014-05-02,108.44999694824219,108.77999877929688,108.3499984741211,108.68000030517578,78.56892395019531,1075300
2014-05-05,108.72000122070312,108.73999786376953,108.55999755859375,108.63999938964844,78.54000091552734,1261100
2014-05-06,108.69000244140625,108.7300033569336,108.62000274658203,108.72000122070312,78.59783172607422,786800
2014-05-07,108.69999694824219,108.80000305175781,108.62000274658203,108.72000122070312,78.59783172607422,664900
2014-05-08,108.77999877929688,108.9000015258789,108.68000030517578,108.79000091552734,78.64839935302734,2023400
2014-05-09,108.75,108.81999969482422,108.66000366210938,108.69000244140625,78.57611846923828,812800
2014-05-12,108.63999938964844,108.6500015258789,108.54000091552734,108.5999984741211,78.51110076904297,472900
2014-05-13,108.76000213623047,108.80000305175781,108.72000122070312,108.77999877929688,78.64119720458984,577500
2014-05-14,108.91000366210938,109.1500015258789,108.91000366210938,109.08999633789062,78.86531829833984,1321600
2014-05-15,109.30000305175781,109.44999694824219,109.2300033569336,109.31999969482422,79.03160095214844,2408900
2014-05-16,109.22000122070312,109.3499984741211,109.16999816894531,109.19999694824219,78.94487762451172,558700
2014-05-19,109.33999633789062,109.38999938964844,109.1500015258789,109.16000366210938,78.91594696044922,945900
2014-05-20,109.16000366210938,109.30999755859375,109.16000366210938,109.20999908447266,78.95207977294922,1102200
2014-05-21,109.1500015258789,109.18000030517578,109.08000183105469,109.16999816894531,78.92316436767578,804400
2014-05-22,109.13999938964844,109.18000030517578,109.05999755859375,109.12000274658203,78.88700866699219,633900
2014-05-23,109.18000030517578,109.25,109.13999938964844,109.2300033569336,78.96656036376953,435500
2014-05-27,109.25,109.33000183105469,109.0999984741211,109.33000183105469,79.038818359375,762600
2014-05-28,109.48999786376953,109.69000244140625,109.43000030517578,109.62999725341797,79.25570678710938,692300
2014-05-29,109.73999786376953,109.83000183105469,109.54000091552734,109.56999969482422,79.21236419677734,981400
2014-05-30,109.5199966430664,109.66999816894531,109.44999694824219,109.66999816894531,79.28461456298828,5554700
2014-06-02,109.29000091552734,109.36000061035156,109.08999633789062,109.12999725341797,79.04338836669922,2822900
2014-06-03,109.0199966430664,109.04000091552734,108.77999877929688,108.83999633789062,78.83340454101562,864600
2014-06-04,108.87999725341797,108.87999725341797,108.7300033569336,108.80000305175781,78.80443572998047,1445700
2014-06-05,108.81999969482422,108.9800033569336,108.7699966430664,108.94000244140625,78.90584564208984,643500
2014-06-06,109.0999984741211,109.12000274658203,108.87999725341797,108.87999725341797,78.86235046386719,839500
2014-06-09,108.83999633789062,108.87000274658203,108.76000213623047,108.77999877929688,78.7899398803711,1133400
2014-06-10,108.66000366210938,108.73999786376953,108.62000274658203,108.62000274658203,78.67401885986328,823300
2014-06-11,108.7300033569336,108.77999877929688,108.63999938964844,108.69999694824219,78.73199462890625,1171200
2014-06-12,108.73999786376953,109.0,108.68000030517578,108.91000366210938,78.88407135009766,1224200
2014-06-13,108.75,108.91000366210938,108.70999908447266,108.87999725341797,78.86235046386719,1040900
2014-06-16,108.87000274658203,108.95999908447266,108.80000305175781,108.81999969482422,78.81889343261719,1308900
2014-06-17,108.76000213623047,108.79000091552734,108.61000061035156,108.62000274658203,78.67401885986328,842300
2014-06-18,108.7300033569336,108.91000366210938,108.63999938964844,108.91000366210938,78.88407135009766,504400
2014-06-19,109.0,109.02999877929688,108.68000030517578,108.75,78.7681884765625,690000
2014-06-20,108.7300033569336,108.94000244140625,108.7300033569336,108.94000244140625,78.90584564208984,690600
2014-06-23,108.98999786376953,109.0199966430664,108.83999633789062,108.83999633789062,78.83340454101562,559700
2014-06-24,108.95999908447266,109.05000305175781,108.87999725341797,109.02999877929688,78.97098541259766,740800
2014-06-25,109.19999694824219,109.27999877929688,109.11000061035156,109.18000030517578,79.07968139648438,713700
2014-06-26,109.25,109.41000366210938,109.25,109.38999938964844,79.23178100585938,673700
2014-06-27,109.44999694824219,109.5,109.3499984741211,109.38999938964844,79.23178100585938,668200
2014-06-30,109.47000122070312,109.5,109.36000061035156,109.4000015258789,79.23897552490234,1046900
2014-07-01,109.11000061035156,109.18000030517578,109.05000305175781,109.06999969482422,79.14178466796875,1038500
2014-07-02,108.94000244140625,108.94000244140625,108.69000244140625,108.69000244140625,78.86604309082031,1381400
2014-07-03,108.55000305175781,108.66000366210938,108.47000122070312,108.62000274658203,78.81524658203125,634500
2014-07-07,108.68000030517578,108.75,108.62000274658203,108.6500015258789,78.8370590209961,1253300
2014-07-08,108.83999633789062,108.9800033569336,108.83999633789062,108.87000274658203,78.99667358398438,2024000
2014-07-09,108.87999725341797,109.04000091552734,108.77999877929688,108.95999908447266,79.06192779541016,785500
2014-07-10,109.18000030517578,109.19000244140625,109.01000213623047,109.01000213623047,79.09825897216797,791500
2014-07-11,109.16000366210938,109.2699966430664,109.13999938964844,109.16000366210938,79.20712280273438,606800
2014-07-14,109.11000061035156,109.12999725341797,109.0,109.06999969482422,79.14178466796875,710400
2014-07-15,108.98999786376953,109.16000366210938,108.9000015258789,108.93000030517578,79.04014587402344,660200
2014-07-16,109.01000213623047,109.05000305175781,108.95999908447266,109.0199966430664,79.10543060302734,725600
2014-07-17,109.22000122070312,109.37999725341797,109.12000274658203,109.33999633789062,79.33768463134766,1158400
2014-07-18,109.27999877929688,109.33000183105469,109.18000030517578,109.22000122070312,79.25060272216797,543600
2014-07-21,109.3499984741211,109.44999694824219,109.26000213623047,109.26000213623047,79.27960205078125,585700
2014-07-22,109.37999725341797,109.44999694824219,109.27999877929688,109.44000244140625,79.41020965576172,724700
2014-07-23,109.5,109.55000305175781,109.41000366210938,109.45999908447266,79.42475891113281,711800
2014-07-24,109.31999969482422,109.31999969482422,109.12000274658203,109.12000274658203,79.17806243896484,853400
2014-07-25,109.36000061035156,109.38999938964844,109.26000213623047,109.33000183105469,79.33041381835938,506200
2014-07-28,109.37000274658203,109.43000030517578,109.2699966430664,109.3499984741211,79.34494018554688,673000
2014-07-29,109.44999694824219,109.5199966430664,109.33999633789062,109.45999908447266,79.42475891113281,2977100
2014-07-30,109.25,109.29000091552734,109.0199966430664,109.06999969482422,79.14178466796875,1245000
2014-07-31,108.9000015258789,109.08999633789062,108.87999725341797,108.93000030517578,79.04014587402344,1066400
2014-08-01,108.88999938964844,109.19000244140625,108.76000213623047,109.13999938964844,79.33821105957031,1064400
2014-08-04,109.19999694824219,109.27999877929688,109.12000274658203,109.12000274658203,79.32367706298828,1496900
2014-08-05,109.12000274658203,109.19999694824219,108.94999694824219,109.12000274658203,79.32367706298828,1875100
2014-08-06,109.2699966430664,109.2699966430664,109.11000061035156,109.12999725341797,79.3309555053711,708800
2014-08-07,109.19000244140625,109.4000015258789,109.0999984741211,109.33999633789062,79.48359680175781,1246500
2014-08-08,109.47000122070312,109.62999725341797,109.3499984741211,109.37999725341797,79.51268005371094,1339200
2014-08-11,109.4000015258789,109.48999786376953,109.3499984741211,109.38999938964844,79.51998138427734,1632900
2014-08-12,109.44000244140625,109.44000244140625,109.30999755859375,109.33999633789062,79.48359680175781,876000
2014-08-13,109.44000244140625,109.56999969482422,109.38999938964844,109.55999755859375,79.6435546875,3471700
2014-08-14,109.6500015258789,109.68000030517578,109.54000091552734,109.62000274658203,79.68716430664062,1072900
2014-08-15,109.69999694824219,110.12000274658203,109.5999984741211,109.88999938964844,79.8834457397461,2593200
2014-08-18,109.79000091552734,109.81999969482422,109.62000274658203,109.66000366210938,79.71622467041016,1424400
2014-08-19,109.76000213623047,109.80000305175781,109.48999786376953,109.51000213623047,79.60718536376953,1820700
2014-08-20,109.54000091552734,109.54000091552734,109.36000061035156,109.38999938964844,79.51998138427734,929500
2014-08-21,109.4800033569336,109.5999984741211,109.44999694824219,109.58000183105469,79.65805053710938,775600
2014-08-22,109.52999877929688,109.61000061035156,109.3499984741211,109.55999755859375,79.6435546875,801900
2014-08-25,109.69000244140625,109.69000244140625,109.5199966430664,109.6500015258789,79.70895385742188,3473800
2014-08-26,109.7300033569336,109.7300033569336,109.61000061035156,109.66000366210938,79.71622467041016,543400
2014-08-27,109.7300033569336,109.8499984741211,109.69999694824219,109.80000305175781,79.81803894042969,866100
2014-08-28,109.95999908447266,110.05000305175781,109.88999938964844,110.0199966430664,79.97791290283203,1123700
2014-08-29,110.0,110.08999633789062,109.94000244140625,109.9800033569336,79.94891357421875,1473300
2014-09-02,109.55000305175781,109.62999725341797,109.44999694824219,109.44999694824219,79.70488739013672,1029300
2014-09-03,109.38999938964844,109.58000183105469,109.37000274658203,109.56999969482422,79.79227447509766,1311700
2014-09-04,109.44000244140625,109.54000091552734,109.30999755859375,109.43000030517578,79.69033813476562,1308900
2014-09-05,109.44000244140625,109.54000091552734,109.29000091552734,109.37000274658203,79.64664459228516,798500
2014-09-08,109.48999786376953,109.54000091552734,109.26000213623047,109.26000213623047,79.56653594970703,895300
2014-09-09,109.16999816894531,109.2300033569336,109.08999633789062,109.11000061035156,79.45729064941406,689500
2014-09-10,108.9800033569336,109.01000213623047,108.91000366210938,108.95999908447266,79.34807586669922,974400
2014-09-11,109.01000213623047,109.05999755859375,108.83000183105469,108.8499984741211,79.26795959472656,753500
2014-09-12,108.69000244140625,108.73999786376953,108.5999984741211,108.62999725341797,79.10771179199219,1327600
2014-09-15,108.7300033569336,108.76000213623047,108.58999633789062,108.61000061035156,79.09318542480469,1210800
2014-09-16,108.69999694824219,108.7699966430664,108.61000061035156,108.61000061035156,79.09318542480469,851000
2014-09-17,108.73999786376953,108.83999633789062,108.4800033569336,108.48999786376953,79.00578308105469,707200
2014-09-18,108.5,108.55000305175781,108.44999694824219,108.5,79.01309204101562,707600
2014-09-19,108.55999755859375,108.7300033569336,108.51000213623047,108.68000030517578,79.14417266845703,929900
2014-09-22,108.86000061035156,108.91000366210938,108.76000213623047,108.83000183105469,79.25342559814453,592400
2014-09-23,108.91000366210938,108.94999694824219,108.83000183105469,108.93000030517578,79.32618713378906,705200
2014-09-24,109.08000183105469,109.08000183105469,108.83999633789062,108.86000061035156,79.27521514892578,836700
2014-09-25,108.9800033569336,109.0999984741211,108.9800033569336,109.06999969482422,79.42817687988281,1161900
2014-09-26,109.05999755859375,109.08999633789062,108.87999725341797,109.05999755859375,79.42086791992188,1729500
2014-09-29,109.16000366210938,109.23999786376953,109.05999755859375,109.18000030517578,79.50827026367188,7243700
2014-09-30,109.19000244140625,109.27999877929688,109.08999633789062,109.11000061035156,79.45729064941406,2335400
2014-10-01,109.19999694824219,109.54000091552734,109.19999694824219,109.52999877929688,79.901611328125,6605200
2014-10-02,109.55999755859375,109.62999725341797,109.3499984741211,109.3499984741211,79.770263671875,4826800
2014-10-03,109.30999755859375,109.36000061035156,109.19999694824219,109.30000305175781,79.73379516601562,2928900
2014-10-06,109.4000015258789,109.55000305175781,109.30999755859375,109.4000015258789,79.80677032470703,2145800
2014-10-07,109.61000061035156,109.8499984741211,109.55999755859375,109.81999969482422,80.1131591796875,2328400
2014-10-08,109.9000015258789,110.13999938964844,109.68000030517578,110.12999725341797,80.33924865722656,2477900
2014-10-09,110.06999969482422,110.06999969482422,109.87000274658203,109.91000366210938,80.17874908447266,1502800
2014-10-10,109.95999908447266,110.02999877929688,109.87000274658203,109.98999786376953,80.23712158203125,1734400
2014-10-13,110.1500015258789,110.33999633789062,110.04000091552734,110.30999755859375,80.47055053710938,1098500
2014-10-14,110.5,110.58000183105469,110.27999877929688,110.55999755859375,80.65296936035156,3518500
2014-10-15,111.19999694824219,112.08000183105469,110.62999725341797,110.76000213623047,80.79884338378906,2275400
2014-10-16,111.0,111.1500015258789,110.54000091552734,110.66999816894531,80.73316955566406,1792900
2014-10-17,110.51000213623047,110.6500015258789,110.4000015258789,110.5199966430664,80.62377166748047,2065800
2014-10-20,110.69000244140625,110.7300033569336,110.56999969482422,110.6500015258789,80.71858215332031,1518300
2014-10-21,110.55000305175781,110.68000030517578,110.48999786376953,110.55000305175781,80.64563751220703,2625000
2014-10-22,110.5,110.54000091552734,110.4000015258789,110.48999786376953,80.60189056396484,3179200
2014-10-23,110.36000061035156,110.36000061035156,110.12999725341797,110.2300033569336,80.4122085571289,1863100
2014-10-24,110.2699966430664,110.3499984741211,110.1500015258789,110.2699966430664,80.44139099121094,1188900
2014-10-27,110.27999877929688,110.33000183105469,110.19000244140625,110.30999755859375,80.47055053710938,1073100
2014-10-28,110.20999908447266,110.25,110.0999984741211,110.13999938964844,80.34654998779297,1128600
2014-10-29,110.02999877929688,110.16000366210938,109.8499984741211,109.9000015258789,80.17146301269531,1591000
2014-10-30,110.05000305175781,110.19000244140625,110.02999877929688,110.08000183105469,80.30281066894531,2479500
2014-10-31,109.93000030517578,110.08000183105469,109.9000015258789,110.08000183105469,80.30281066894531,3145100
2014-11-03,109.83000183105469,109.8499984741211,109.55999755859375,109.68000030517578,80.15076446533203,2282400
2014-11-04,109.69999694824219,109.86000061035156,109.66999816894531,109.69000244140625,80.15811157226562,2346300
2014-11-05,109.6500015258789,109.73999786376953,109.58999633789062,109.7300033569336,80.18732452392578,2699600
2014-11-06,109.5199966430664,109.66999816894531,109.5,109.54000091552734,80.04845428466797,1391400
2014-11-07,109.61000061035156,109.91999816894531,109.5999984741211,109.91000366210938,80.31885528564453,1661400
2014-11-10,109.9000015258789,109.91000366210938,109.6500015258789,109.6500015258789,80.12883758544922,846900
2014-11-11,109.66000366210938,109.70999908447266,109.58999633789062,109.69999694824219,80.16542053222656,1138500
2014-11-12,109.73999786376953,109.87999725341797,109.66000366210938,109.70999908447266,80.1727294921875,1123700
2014-11-13,109.75,109.80000305175781,109.66000366210938,109.76000213623047,80.20928192138672,860800
2014-11-14,109.68000030517578,109.94000244140625,109.63999938964844,109.86000061035156,80.2823257446289,1073000
2014-11-17,109.95999908447266,109.95999908447266,109.72000122070312,109.7300033569336,80.18732452392578,1403000
2014-11-18,109.81999969482422,109.87999725341797,109.7699966430664,109.83000183105469,80.26038360595703,1318400
2014-11-19,109.68000030517578,109.83999633789062,109.55999755859375,109.56999969482422,80.07041931152344,1361800
2014-11-20,109.87000274658203,109.93000030517578,109.69000244140625,109.7699966430664,80.216552734375,1155800
2014-11-21,109.91999816894531,109.95999908447266,109.83999633789062,109.9000015258789,80.31155395507812,1295000
2014-11-24,109.8499984741211,110.04000091552734,109.83999633789062,109.94000244140625,80.34078216552734,1355100
2014-11-25,109.95999908447266,110.22000122070312,109.95999908447266,110.18000030517578,80.51620483398438,3187700
2014-11-26,110.33000183105469,110.33999633789062,110.23999786376953,110.2699966430664,80.58197021484375,1205700
2014-11-28,110.43000030517578,110.62000274658203,110.4000015258789,110.61000061035156,80.83043670654297,2072800
2014-12-01,110.5999984741211,110.5999984741211,110.08000183105469,110.08000183105469,80.648681640625,2811700
2014-12-02,109.98999786376953,109.98999786376953,109.80999755859375,109.86000061035156,80.48751068115234,1469400
2014-12-03,109.83000183105469,109.87000274658203,109.7300033569336,109.76000213623047,80.41427612304688,1998000
2014-12-04,109.8499984741211,110.11000061035156,109.77999877929688,110.08999633789062,80.65605163574219,3001700
2014-12-05,109.87000274658203,109.94000244140625,109.61000061035156,109.62000274658203,80.31168365478516,3477700
2014-12-08,109.80999755859375,110.0,109.55999755859375,109.88999938964844,80.50951385498047,984100
2014-12-09,110.13999938964844,110.2300033569336,109.94999694824219,110.05999755859375,80.634033203125,1203000
2014-12-10,110.0,110.30999755859375,109.9800033569336,110.25,80.77323150634766,1208000
2014-12-11,110.1500015258789,110.2300033569336,110.0199966430664,110.20999908447266,80.74391174316406,1447700
2014-12-12,110.5,110.66000366210938,110.30999755859375,110.55999755859375,81.0003662109375,1714100
2014-12-15,110.37999725341797,110.54000091552734,110.25,110.26000213623047,80.78057861328125,2540700
2014-12-16,110.5999984741211,110.5999984741211,110.31999969482422,110.52999877929688,80.97837829589844,1411700
2014-12-17,110.5,110.68000030517578,110.27999877929688,110.38999938964844,80.87581634521484,2167500
2014-12-18,110.16999816894531,110.22000122070312,110.05999755859375,110.0999984741211,80.66338348388672,1865800
2014-12-19,110.08000183105469,110.37999725341797,110.08000183105469,110.27999877929688,80.79524230957031,1865000
2014-12-22,110.3499984741211,110.45999908447266,110.2699966430664,110.44999694824219,80.91971588134766,3827800
2014-12-23,110.30000305175781,110.38999938964844,109.9000015258789,109.94000244140625,80.54611206054688,2790800
2014-12-24,109.62999725341797,109.70999908447266,109.45999908447266,109.69000244140625,80.6336441040039,922100
2014-12-26,109.72000122070312,109.87000274658203,109.62000274658203,109.73999786376953,80.67037963867188,1124900
2014-12-29,109.94000244140625,110.05000305175781,109.83000183105469,109.97000122070312,80.83943176269531,2199200
2014-12-30,110.19999694824219,110.26000213623047,110.01000213623047,110.08999633789062,80.92766571044922,2069600
2014-12-31,110.13999938964844,110.26000213623047,110.0999984741211,110.12000274658203,80.9497299194336,2493900
2015-01-02,110.18000030517578,110.5,110.18000030517578,110.43000030517578,81.1775894165039,2090200
2015-01-05,110.55999755859375,110.76000213623047,110.4800033569336,110.66999816894531,81.35404968261719,3446200
2015-01-06,110.95999908447266,111.3499984741211,110.88999938964844,110.94999694824219,81.55982971191406,3688100
2015-01-07,111.0,111.04000091552734,110.73999786376953,110.93000030517578,81.5451889038086,3984400
2015-01-08,110.83999633789062,110.83999633789062,110.62999725341797,110.76000213623047,81.42018127441406,2212200
2015-01-09,110.88999938964844,111.13999938964844,110.7300033569336,111.02999877929688,81.61865997314453,1322600
2015-01-12,111.16000366210938,111.26000213623047,111.08000183105469,111.12000274658203,81.68485260009766,2185700
2015-01-13,111.1500015258789,111.33000183105469,111.02999877929688,111.1500015258789,81.70684814453125,5537000
2015-01-14,111.63999938964844,111.6500015258789,111.4000015258789,111.41999816894531,81.90533447265625,3043600
2015-01-15,111.48999786376953,111.94000244140625,111.48999786376953,111.93000030517578,82.2802734375,2084000
2015-01-16,111.68000030517578,111.83000183105469,111.41999816894531,111.5,81.96417999267578,2744500
2015-01-20,111.75,111.83999633789062,111.55000305175781,111.69000244140625,82.10384368896484,2059400
2015-01-21,111.68000030517578,111.80999755859375,111.38999938964844,111.48999786376953,81.95684051513672,2020200
2015-01-22,111.72000122070312,111.72000122070312,111.29000091552734,111.43000030517578,81.91271209716797,2030400
2015-01-23,111.6500015258789,111.80999755859375,111.54000091552734,111.70999908447266,82.1185302734375,1535000
2015-01-26,111.79000091552734,111.79000091552734,111.44999694824219,111.66000366210938,82.08179473876953,2705200
2015-01-27,111.97000122070312,111.97000122070312,111.55000305175781,111.5999984741211,82.03765106201172,1635900
2015-01-28,111.69999694824219,112.22000122070312,111.66999816894531,112.06999969482422,82.3831787109375,1327800
2015-01-29,111.93000030517578,112.05999755859375,111.81999969482422,111.9800033569336,82.3170166015625,1752600
2015-01-30,112.3499984741211,112.5199966430664,112.23999786376953,112.37999725341797,82.61106872558594,6252800
2015-02-02,112.05999755859375,112.2300033569336,112.0,112.19999694824219,82.60810852050781,2792100
2015-02-03,112.0999984741211,112.0999984741211,111.76000213623047,111.7699966430664,82.29151153564453,1815400
2015-02-04,111.63999938964844,111.94999694824219,111.5,111.94000244140625,82.4166488647461,1953000
2015-02-05,111.79000091552734,111.8499984741211,111.56999969482422,111.70999908447266,82.24736022949219,2409600
2015-02-06,111.41000366210938,111.41000366210938,111.02999877929688,111.05999755859375,81.76878356933594,2531300
2015-02-09,111.30999755859375,111.30999755859375,111.04000091552734,111.04000091552734,81.75404357910156,1724900
2015-02-10,110.95999908447266,111.05999755859375,110.81999969482422,110.91999816894531,81.66564178466797,1272500
2015-02-11,110.87999725341797,110.98999786376953,110.73999786376953,110.87000274658203,81.62883758544922,1803400
2015-02-12,110.91000366210938,111.12000274658203,110.87000274658203,110.88999938964844,81.64361572265625,2123700
2015-02-13,110.94999694824219,110.97000122070312,110.70999908447266,110.76000213623047,81.54792022705078,1706200
2015-02-17,110.66999816894531,110.7300033569336,110.23999786376953,110.30999755859375,81.21656799316406,2043000
2015-02-18,110.38999938964844,110.75,110.30999755859375,110.62000274658203,81.44486999511719,1442400
2015-02-19,110.62000274658203,110.76000213623047,110.4800033569336,110.52999877929688,81.3785629272461,1443000
2015-02-20,110.68000030517578,110.87999725341797,110.37000274658203,110.55000305175781,81.39324188232422,2280700
2015-02-23,110.69000244140625,110.80999755859375,110.66000366210938,110.75,81.5405502319336,1688200
2015-02-24,110.73999786376953,111.2699966430664,110.55000305175781,111.23999786376953,81.90125274658203,1736700
2015-02-25,111.19999694824219,111.31999969482422,111.06999969482422,111.31999969482422,81.96016693115234,2319300
2015-02-26,111.20999908447266,111.27999877929688,110.86000061035156,110.91999816894531,81.66564178466797,1837300
2015-02-27,111.13999938964844,111.22000122070312,110.88999938964844,111.19999694824219,81.8718490600586,3816400
2015-03-02,110.98999786376953,110.98999786376953,110.44999694824219,110.44999694824219,81.45590209960938,7881900
2015-03-03,110.44000244140625,110.56999969482422,110.30999755859375,110.30999755859375,81.35263061523438,4228400
2015-03-04,110.44000244140625,110.51000213623047,110.27999877929688,110.37000274658203,81.39690399169922,1477100
2015-03-05,110.43000030517578,110.54000091552734,110.30000305175781,110.41999816894531,81.43375396728516,1053000
2015-03-06,110.08000183105469,110.08999633789062,109.5999984741211,109.69999694824219,80.90279388427734,1872900
2015-03-09,110.16999816894531,110.16999816894531,109.91000366210938,109.9800033569336,81.10931396484375,2724700
2015-03-10,110.2300033569336,110.36000061035156,110.1500015258789,110.23999786376953,81.30104064941406,1708100
2015-03-11,110.20999908447266,110.52999877929688,110.20999908447266,110.45999908447266,81.46328735351562,1171600
2015-03-12,110.69000244140625,110.72000122070312,110.41999816894531,110.55000305175781,81.52963256835938,1416600
2015-03-13,110.44000244140625,110.62999725341797,110.25,110.33999633789062,81.37480926513672,3235500
2015-03-16,110.62000274658203,110.66999816894531,110.41999816894531,110.58000183105469,81.5517807006836,1305800
2015-03-17,110.63999938964844,110.68000030517578,110.54000091552734,110.55999755859375,81.53703308105469,1423700
2015-03-18,110.79000091552734,111.38999938964844,110.58000183105469,111.37000274658203,82.13438415527344,1997800
2015-03-19,111.23999786376953,111.30000305175781,110.94000244140625,110.9800033569336,81.84673309326172,1929700
2015-03-20,111.2300033569336,111.33999633789062,111.18000030517578,111.31999969482422,82.09748077392578,3833600
2015-03-23,111.37000274658203,111.4000015258789,111.2300033569336,111.33999633789062,82.11226654052734,1120900
2015-03-24,111.4800033569336,111.66999816894531,111.37000274658203,111.63999938964844,82.3334732055664,2647300
2015-03-25,111.75,111.75,111.43000030517578,111.43000030517578,82.17863464355469,1612300
2015-03-26,111.30999755859375,111.36000061035156,111.0,111.02999877929688,81.8836898803711,1377600
2015-03-27,111.18000030517578,111.33999633789062,111.16000366210938,111.19000244140625,82.0016098022461,5610200
2015-03-30,111.33999633789062,111.33999633789062,111.16000366210938,111.23999786376953,82.03848266601562,1310700
2015-03-31,111.2699966430664,111.44999694824219,111.18000030517578,111.43000030517578,82.17863464355469,2958100
2015-04-01,111.41999816894531,111.62999725341797,111.30999755859375,111.58000183105469,82.44535064697266,1927300
2015-04-02,111.56999969482422,111.56999969482422,111.37999725341797,111.43000030517578,82.33454895019531,1761700
2015-04-06,111.77999877929688,111.77999877929688,111.37000274658203,111.5,82.38626098632812,1431000
2015-04-07,111.44999694824219,111.56999969482422,111.27999877929688,111.5199966430664,82.40108489990234,1415200
2015-04-08,111.55999755859375,111.58999633789062,111.36000061035156,111.52999877929688,82.40843963623047,903000
2015-04-09,111.55999755859375,111.55999755859375,111.16999816894531,111.25,82.20152282714844,1728500
2015-04-10,111.43000030517578,111.45999908447266,111.19999694824219,111.25,82.20152282714844,2055600
2015-04-13,111.25,111.37000274658203,111.25,111.37000274658203,82.29019927978516,951000
2015-04-14,111.69999694824219,111.79000091552734,111.48999786376953,111.48999786376953,82.3788833618164,1157400
2015-04-15,111.66000366210938,111.70999908447266,111.55000305175781,111.63999938964844,82.48970031738281,1296800
2015-04-16,111.69999694824219,111.69999694824219,111.4000015258789,111.58000183105469,82.44535064697266,1000800
2015-04-17,111.52999877929688,111.80000305175781,111.45999908447266,111.66999816894531,82.51190948486328,1274300
2015-04-20,111.66999816894531,111.7300033569336,111.47000122070312,111.58999633789062,82.45278930664062,1289400
2015-04-21,111.56999969482422,111.5999984741211,111.44000244140625,111.47000122070312,82.36412811279297,1522700
2015-04-22,111.44000244140625,111.44000244140625,111.0999984741211,111.13999938964844,82.12027740478516,916400
2015-04-23,111.1500015258789,111.41999816894531,111.13999938964844,111.30999755859375,82.24584197998047,1483900
2015-04-24,111.4800033569336,111.56999969482422,111.41000366210938,111.5,82.38626098632812,837700
2015-04-27,111.51000213623047,111.55999755859375,111.33999633789062,111.54000091552734,82.41582489013672,1595600
2015-04-28,111.33999633789062,111.44000244140625,111.11000061035156,111.11000061035156,82.09807586669922,1602000
2015-04-29,110.88999938964844,110.97000122070312,110.69999694824219,110.86000061035156,81.91339111328125,1313200
2015-04-30,110.69000244140625,110.91999816894531,110.51000213623047,110.86000061035156,81.91339111328125,3328600
2015-05-01,110.5199966430664,110.52999877929688,110.25,110.33999633789062,81.68093872070312,1357200
2015-05-04,110.41999816894531,110.47000122070312,110.12000274658203,110.12999725341797,81.52552032470703,1651900
2015-05-05,110.19000244140625,110.22000122070312,109.83999633789062,110.02999877929688,81.4515151977539,1481200
2015-05-06,109.94999694824219,109.97000122070312,109.61000061035156,109.66000366210938,81.17754364013672,1566000
2015-05-07,109.8499984741211,110.04000091552734,109.76000213623047,109.93000030517578,81.37737274169922,1986200
2015-05-08,110.36000061035156,110.43000030517578,110.20999908447266,110.29000091552734,81.6439437866211,1933600
2015-05-11,110.0199966430664,110.05999755859375,109.56999969482422,109.58999633789062,81.1257553100586,2984900
2015-05-12,109.5,109.76000213623047,109.37999725341797,109.58000183105469,81.11833953857422,1394900
2015-05-13,109.91000366210938,109.91999816894531,109.44999694824219,109.56999969482422,81.11089324951172,2441600
2015-05-14,109.6500015258789,109.79000091552734,109.58000183105469,109.73999786376953,81.23680877685547,1796900
2015-05-15,109.95999908447266,110.22000122070312,109.87999725341797,110.19999694824219,81.57730102539062,1047500
2015-05-18,109.93000030517578,110.01000213623047,109.76000213623047,109.77999877929688,81.26641082763672,863900
2015-05-19,109.45999908447266,109.70999908447266,109.38999938964844,109.4000015258789,80.98507690429688,1664400
2015-05-20,109.58000183105469,109.69000244140625,109.45999908447266,109.56999969482422,81.11089324951172,1584100
2015-05-21,109.6500015258789,109.93000030517578,109.6500015258789,109.91000366210938,81.36263275146484,2652600
2015-05-22,109.8499984741211,109.86000061035156,109.62000274658203,109.79000091552734,81.2737808227539,1087000
2015-05-26,109.80000305175781,110.0999984741211,109.75,110.05999755859375,81.47367095947266,2775000
2015-05-27,110.05999755859375,110.19000244140625,109.9000015258789,110.16999816894531,81.55510711669922,888700
2015-05-28,110.13999938964844,110.22000122070312,110.05000305175781,110.12999725341797,81.52552032470703,1298900
2015-05-29,110.18000030517578,110.30000305175781,110.08000183105469,110.16999816894531,81.55510711669922,2780300
2015-06-01,109.94999694824219,109.98999786376953,109.55999755859375,109.66000366210938,81.32966613769531,4327300
2015-06-02,109.43000030517578,109.44999694824219,109.16999816894531,109.2300033569336,81.01075744628906,1830400
2015-06-03,108.9800033569336,109.01000213623047,108.66999816894531,108.80000305175781,80.69181823730469,3413100
2015-06-04,108.88999938964844,109.16999816894531,108.88999938964844,109.02999877929688,80.86241149902344,1907900
2015-06-05,108.62999725341797,108.79000091552734,108.51000213623047,108.55000305175781,80.50636291503906,1619000
2015-06-08,108.76000213623047,108.80000305175781,108.66000366210938,108.70999908447266,80.62506866455078,1289700
2015-06-09,108.6500015258789,108.6500015258789,108.31999969482422,108.4000015258789,80.3951416015625,1206700
2015-06-10,108.23999786376953,108.30000305175781,108.04000091552734,108.12999725341797,80.19490051269531,1491200
2015-06-11,108.33000183105469,108.70999908447266,108.27999877929688,108.70999908447266,80.62506866455078,1539600
2015-06-12,108.68000030517578,108.9000015258789,108.5199966430664,108.58000183105469,80.5286636352539,1365900
2015-06-15,108.95999908447266,108.95999908447266,108.62999725341797,108.70999908447266,80.62506866455078,1666600
2015-06-16,108.83000183105469,108.88999938964844,108.68000030517578,108.88999938964844,80.7585678100586,1309900
2015-06-17,108.83999633789062,108.9000015258789,108.44000244140625,108.9000015258789,80.76598358154297,1895700
2015-06-18,108.80999755859375,108.87000274658203,108.62000274658203,108.87000274658203,80.7437515258789,2917400
2015-06-19,109.0999984741211,109.26000213623047,109.04000091552734,109.20999908447266,80.9958724975586,2048500
2015-06-22,108.94999694824219,109.0,108.63999938964844,108.66999816894531,80.59539031982422,1173800
2015-06-23,108.41000366210938,108.63999938964844,108.3499984741211,108.41999816894531,80.40998840332031,1339000
2015-06-24,108.55000305175781,108.68000030517578,108.44999694824219,108.58999633789062,80.53605651855469,1527800
2015-06-25,108.58000183105469,108.5999984741211,108.38999938964844,108.47000122070312,80.44708251953125,1222000
2015-06-26,108.29000091552734,108.30999755859375,108.11000061035156,108.20999908447266,80.25425720214844,1054900
2015-06-29,108.5999984741211,108.94000244140625,108.37999725341797,108.8499984741211,80.7288818359375,3278900
2015-06-30,108.72000122070312,109.0,108.61000061035156,108.77999877929688,80.67694854736328,2159500
2015-07-01,108.33000183105469,108.37999725341797,108.1500015258789,108.29000091552734,80.47338104248047,6010300
2015-07-02,108.4800033569336,108.5999984741211,108.43000030517578,108.44000244140625,80.58485412597656,994600
2015-07-06,108.87999725341797,108.98999786376953,108.62999725341797,108.83000183105469,80.87466430664062,1108000
2015-07-07,109.12000274658203,109.37999725341797,108.95999908447266,108.9800033569336,80.98613739013672,2502500
2015-07-08,109.16000366210938,109.36000061035156,109.02999877929688,109.23999786376953,81.17929077148438,2892900
2015-07-09,109.08999633789062,109.08999633789062,108.81999969482422,108.83999633789062,80.88208770751953,1932800
2015-07-10,108.47000122070312,108.58000183105469,108.27999877929688,108.37999725341797,80.54022979736328,2163700
2015-07-13,108.23999786376953,108.37000274658203,108.13999938964844,108.22000122070312,80.42137145996094,1938300
2015-07-14,108.43000030517578,108.5,108.31999969482422,108.4000015258789,80.55509185791016,1441400
2015-07-15,108.36000061035156,108.72000122070312,108.36000061035156,108.69000244140625,80.77061462402344,1781400
2015-07-16,108.54000091552734,108.79000091552734,108.5,108.77999877929688,80.8375015258789,1294800
2015-07-17,108.7300033569336,108.86000061035156,108.72000122070312,108.79000091552734,80.84491729736328,897600
2015-07-20,108.66999816894531,108.72000122070312,108.55000305175781,108.5999984741211,80.70375061035156,1245100
2015-07-21,108.54000091552734,108.8499984741211,108.51000213623047,108.77999877929688,80.8375015258789,1191500
2015-07-22,108.83000183105469,108.98999786376953,108.81999969482422,108.83000183105469,80.87466430664062,1100000
2015-07-23,108.83999633789062,109.1500015258789,108.80999755859375,109.13999938964844,81.1050033569336,1021400
2015-07-24,109.2300033569336,109.23999786376953,109.05999755859375,109.12000274658203,81.09015655517578,1192500
2015-07-27,109.25,109.3499984741211,109.20999908447266,109.26000213623047,81.19417572021484,2666000
2015-07-28,109.12999725341797,109.22000122070312,109.08999633789062,109.1500015258789,81.11248016357422,1873200
2015-07-29,109.08999633789062,109.12000274658203,108.94000244140625,109.05999755859375,81.04557800292969,2273500
2015-07-30,109.08000183105469,109.1500015258789,108.97000122070312,109.06999969482422,81.05298614501953,1959000
2015-07-31,109.44000244140625,109.51000213623047,109.3499984741211,109.5,81.37254333496094,2084300
2015-08-03,109.29000091552734,109.54000091552734,109.19000244140625,109.4000015258789,81.4566879272461,2563900
2015-08-04,109.3499984741211,109.43000030517578,109.06999969482422,109.08000183105469,81.21842193603516,1659900
2015-08-05,108.94000244140625,109.08000183105469,108.72000122070312,108.87999725341797,81.06953430175781,2346600
2015-08-06,108.93000030517578,109.0999984741211,108.9000015258789,109.01000213623047,81.16629028320312,1038100
2015-08-07,109.13999938964844,109.27999877929688,109.04000091552734,109.19999694824219,81.30780792236328,2154700
2015-08-10,109.1500015258789,109.16999816894531,108.8499984741211,109.05999755859375,81.20354461669922,1280200
2015-08-11,109.41999816894531,109.58000183105469,109.27999877929688,109.41999816894531,81.47158813476562,1537300
2015-08-12,109.55000305175781,109.70999908447266,109.3499984741211,109.3499984741211,81.41949462890625,1563900
2015-08-13,109.36000061035156,109.37000274658203,109.11000061035156,109.12000274658203,81.24822235107422,1571700
2015-08-14,109.12000274658203,109.23999786376953,109.0199966430664,109.06999969482422,81.21095275878906,1890500
2015-08-17,109.33000183105469,109.4000015258789,109.19999694824219,109.26000213623047,81.3524169921875,1387100
2015-08-18,109.19000244140625,109.23999786376953,109.04000091552734,109.05999755859375,81.20354461669922,785400
2015-08-19,109.04000091552734,109.4800033569336,108.95999908447266,109.4000015258789,81.4566879272461,2184900
2015-08-20,109.58000183105469,109.63999938964844,109.44999694824219,109.56999969482422,81.583251953125,1075600
2015-08-21,109.68000030517578,109.87000274658203,109.56999969482422,109.76000213623047,81.7247543334961,2443400
2015-08-24,110.0,110.33999633789062,109.56999969482422,109.72000122070312,81.6949691772461,5440200
2015-08-25,109.69999694824219,109.69999694824219,109.12999725341797,109.45999908447266,81.5013656616211,4070000
2015-08-26,109.08000183105469,109.41000366210938,108.87999725341797,108.94999694824219,81.12163543701172,3994200
2015-08-27,108.94999694824219,109.19999694824219,108.93000030517578,109.0999984741211,81.23332214355469,4040500
2015-08-28,109.33999633789062,109.37000274658203,108.93000030517578,109.0,81.1588363647461,4774600
2015-08-31,109.27999877929688,109.37000274658203,108.9000015258789,108.91999816894531,81.09929656982422,4145600
2015-09-01,108.88999938964844,109.11000061035156,108.7699966430664,109.0199966430664,81.33954620361328,3386000
2015-09-02,108.91999816894531,109.05000305175781,108.80999755859375,108.87999725341797,81.23503875732422,3442000
2015-09-03,109.05999755859375,109.12000274658203,108.87000274658203,109.04000091552734,81.35446166992188,1935100
2015-09-04,109.19000244140625,109.33000183105469,109.0199966430664,109.2699966430664,81.52604675292969,1748100
2015-09-08,108.95999908447266,109.04000091552734,108.91000366210938,109.01000213623047,81.33207702636719,2130400
2015-09-09,108.77999877929688,109.08000183105469,108.69999694824219,109.05000305175781,81.36190795898438,2891400
2015-09-10,109.0,109.01000213623047,108.80999755859375,108.93000030517578,81.2723617553711,2564400
2015-09-11,109.05000305175781,109.16999816894531,109.01000213623047,109.05999755859375,81.36940002441406,2001600
2015-09-14,109.18000030517578,109.19999694824219,109.04000091552734,109.08999633789062,81.39171600341797,1543600
2015-09-15,109.0,109.0,108.5,108.5999984741211,81.02619171142578,1541200
2015-09-16,108.58999633789062,108.66000366210938,108.41000366210938,108.51000213623047,80.95903778076172,1810100
2015-09-17,108.4800033569336,109.19000244140625,108.4000015258789,109.19000244140625,81.46638488769531,1955400
2015-09-18,109.26000213623047,109.38999938964844,109.1500015258789,109.27999877929688,81.53355407714844,4510600
2015-09-21,109.16999816894531,109.16999816894531,108.87999725341797,108.98999786376953,81.3171157836914,2325800
2015-09-22,109.19000244140625,109.38999938964844,109.12000274658203,109.25,81.51111602783203,2044800
2015-09-23,109.29000091552734,109.29000091552734,109.0999984741211,109.16000366210938,81.4439468383789,1562100
2015-09-24,109.48999786376953,109.51000213623047,109.23999786376953,109.30000305175781,81.54845428466797,2700000
2015-09-25,109.16000366210938,109.2300033569336,109.02999877929688,109.11000061035156,81.40667724609375,1225500
2015-09-28,109.19000244140625,109.41000366210938,109.11000061035156,109.37000274658203,81.60065460205078,1884400
2015-09-29,109.44000244140625,109.5999984741211,109.37000274658203,109.54000091552734,81.72750091552734,1506800
2015-09-30,109.47000122070312,109.62999725341797,109.44000244140625,109.58000183105469,81.75732421875,3121600
2015-10-01,109.4800033569336,109.6500015258789,109.44999694824219,109.45999908447266,81.82088470458984,4274900
2015-10-02,109.8499984741211,110.1500015258789,109.69999694824219,109.79000091552734,82.06756591796875,3553300
2015-10-05,109.62999725341797,109.68000030517578,109.37000274658203,109.37999725341797,81.76110076904297,4604500
2015-10-06,109.47000122070312,109.69000244140625,109.37000274658203,109.6500015258789,81.96292877197266,5013800
2015-10-07,109.55000305175781,109.68000030517578,109.4800033569336,109.56999969482422,81.90312957763672,1983200
2015-10-08,109.69999694824219,109.69999694824219,109.30000305175781,109.41999816894531,81.7909927368164,2038700
2015-10-09,109.31999969482422,109.47000122070312,109.23999786376953,109.33000183105469,81.72367858886719,3235500
2015-10-12,109.4800033569336,109.6500015258789,109.33000183105469,109.61000061035156,81.93301391601562,1268800
2015-10-13,109.75,109.75,109.48999786376953,109.62000274658203,81.94048309326172,1500200
2015-10-14,109.83000183105469,110.05000305175781,109.7300033569336,110.02999877929688,82.24697875976562,3912000
2015-10-15,109.93000030517578,110.05000305175781,109.79000091552734,109.87999725341797,82.13483428955078,2044800
2015-10-16,109.9000015258789,109.94000244140625,109.7699966430664,109.7699966430664,82.05257415771484,1630000
2015-10-19,109.77999877929688,109.9000015258789,109.6500015258789,109.87999725341797,82.13483428955078,1534900
2015-10-20,109.77999877929688,109.77999877929688,109.55000305175781,109.66000366210938,81.97042083740234,1805400
2015-10-21,109.7300033569336,109.94999694824219,109.7300033569336,109.91999816894531,82.16473388671875,1278200
2015-10-22,109.9000015258789,110.05000305175781,109.83000183105469,109.94000244140625,82.17970275878906,2276300
2015-10-23,109.79000091552734,109.79000091552734,109.69000244140625,109.75,82.03768920898438,2237400
2015-10-26,109.8499984741211,109.9000015258789,109.73999786376953,109.80000305175781,82.07500457763672,1541300
2015-10-27,110.02999877929688,110.02999877929688,109.87999725341797,109.95999908447266,82.19462585449219,2021900
2015-10-28,109.9800033569336,110.05000305175781,109.56999969482422,109.62999725341797,81.94791412353516,1661300
2015-10-29,109.33999633789062,109.41999816894531,109.12999725341797,109.16000366210938,81.5966567993164,2333200
2015-10-30,109.19000244140625,109.45999908447266,109.1500015258789,109.44999694824219,81.81343841552734,10577000
2015-11-02,109.08000183105469,109.19000244140625,108.9800033569336,109.0199966430664,81.6523208618164,8049400
2015-11-03,108.94999694824219,109.0,108.79000091552734,108.81999969482422,81.5025634765625,3033400
2015-11-04,108.91000366210938,108.98999786376953,108.70999908447266,108.81999969482422,81.5025634765625,3542500
2015-11-05,108.87000274658203,108.88999938964844,108.5999984741211,108.7699966430664,81.46513366699219,2185900
2015-11-06,108.36000061035156,108.38999938964844,108.19000244140625,108.25,81.07563018798828,1829500
2015-11-09,108.05999755859375,108.36000061035156,108.04000091552734,108.18000030517578,81.02323150634766,12843200
2015-11-10,108.29000091552734,108.4800033569336,108.19999694824219,108.37999725341797,81.17303466796875,5233200
2015-11-11,108.31999969482422,108.37000274658203,108.23999786376953,108.23999786376953,81.06818389892578,1603400
2015-11-12,108.3499984741211,108.44999694824219,108.20999908447266,108.33999633789062,81.14311981201172,3448700
2015-11-13,108.4800033569336,108.58999633789062,108.44999694824219,108.55000305175781,81.30034637451172,3784100
2015-11-16,108.62999725341797,108.69999694824219,108.55999755859375,108.63999938964844,81.3677978515625,3326000
2015-11-17,108.48999786376953,108.77999877929688,108.41999816894531,108.72000122070312,81.42768096923828,2461300
2015-11-18,108.6500015258789,108.70999908447266,108.54000091552734,108.63999938964844,81.3677978515625,1952100
2015-11-19,108.9000015258789,108.9000015258789,108.68000030517578,108.69000244140625,81.40523529052734,4232700
2015-11-20,108.7699966430664,108.81999969482422,108.5999984741211,108.62000274658203,81.352783203125,2034400
2015-11-23,108.6500015258789,108.76000213623047,108.56999969482422,108.6500015258789,81.37523651123047,1976000
2015-11-24,108.75,108.80000305175781,108.66000366210938,108.75,81.45016479492188,1335300
2015-11-25,108.7699966430664,108.83999633789062,108.69000244140625,108.80000305175781,81.48759460449219,1169300
2015-11-27,108.8499984741211,108.87000274658203,108.7699966430664,108.7699966430664,81.46513366699219,946100
2015-11-30,108.83000183105469,108.87000274658203,108.7699966430664,108.80999755859375,81.49510955810547,2397000
2015-12-01,108.54000091552734,108.83999633789062,108.43000030517578,108.81999969482422,81.78064727783203,4260000
2015-12-02,108.7300033569336,108.77999877929688,108.61000061035156,108.69000244140625,81.6830062866211,2462800
2015-12-03,108.41000366210938,108.41000366210938,107.80999755859375,107.88999938964844,81.081787109375,4634100
2015-12-04,108.05000305175781,108.30000305175781,108.0,108.23999786376953,81.34481048583984,2181300
2015-12-07,108.30000305175781,108.58000183105469,108.2300033569336,108.4000015258789,81.46508026123047,2143800
2015-12-08,108.58999633789062,108.5999984741211,108.37000274658203,108.44000244140625,81.49510192871094,2311800
2015-12-09,108.33999633789062,108.58000183105469,108.20999908447266,108.44000244140625,81.49510192871094,2791000
2015-12-10,108.51000213623047,108.51000213623047,108.36000061035156,108.41999816894531,81.48007202148438,2001500
2015-12-11,108.69999694824219,108.86000061035156,108.56999969482422,108.69000244140625,81.6830062866211,2321400
2015-12-14,108.52999877929688,108.58000183105469,108.16999816894531,108.18000030517578,81.29969024658203,3351900
2015-12-15,108.08000183105469,108.19000244140625,107.91000366210938,108.19000244140625,81.30719757080078,2955900
2015-12-16,108.12000274658203,108.2699966430664,107.93000030517578,108.0,81.16441345214844,2946800
2015-12-17,108.23999786376953,108.30000305175781,108.0199966430664,108.1500015258789,81.27717590332031,5407800
2015-12-18,108.3499984741211,108.45999908447266,108.25,108.37999725341797,81.45001220703125,4006400
2015-12-21,108.48999786376953,108.54000091552734,108.23999786376953,108.27999877929688,81.37483978271484,3233500
2015-12-22,108.2699966430664,108.27999877929688,108.12000274658203,108.19999694824219,81.31473541259766,4507600
2015-12-23,108.01000213623047,108.19000244140625,108.0,108.18000030517578,81.29969024658203,3599600
2015-12-24,107.94999694824219,108.05000305175781,107.91999816894531,108.01000213623047,81.33887481689453,1248800
2015-12-28,108.02999877929688,108.12999725341797,107.98999786376953,108.01000213623047,81.33887481689453,3736400
2015-12-29,107.91999816894531,107.9800033569336,107.62000274658203,107.73999786376953,81.13553619384766,3094500
2015-12-30,107.63999938964844,107.77999877929688,107.5999984741211,107.72000122070312,81.12047576904297,3731400
2015-12-31,107.87000274658203,108.02999877929688,107.81999969482422,108.01000213623047,81.33887481689453,3406100
2016-01-04,108.08999633789062,108.29000091552734,107.93000030517578,107.97000122070312,81.30873107910156,3691000
2016-01-05,107.87000274658203,108.12000274658203,107.87000274658203,108.0199966430664,81.34637451171875,2732900
2016-01-06,108.33999633789062,108.45999908447266,108.22000122070312,108.43000030517578,81.65513610839844,2915800
2016-01-07,108.4000015258789,108.47000122070312,108.20999908447266,108.41999816894531,81.64762115478516,2469000
2016-01-08,108.56999969482422,108.70999908447266,108.3499984741211,108.66000366210938,81.82835388183594,4016900
2016-01-11,108.38999938964844,108.58999633789062,108.33999633789062,108.3499984741211,81.59488677978516,2820200
2016-01-12,108.44000244140625,108.81999969482422,108.36000061035156,108.58999633789062,81.77562713623047,3318400
2016-01-13,108.5999984741211,108.93000030517578,108.55000305175781,108.83999633789062,81.96390533447266,3011500
2016-01-14,108.79000091552734,108.88999938964844,108.58000183105469,108.80000305175781,81.93379974365234,5322700
2016-01-15,109.08000183105469,109.12000274658203,108.83000183105469,108.93000030517578,82.03166961669922,3348900
2016-01-19,108.8499984741211,108.95999908447266,108.72000122070312,108.81999969482422,81.94881439208984,4209800
2016-01-20,109.0999984741211,109.18000030517578,108.87000274658203,108.91000366210938,82.01663208007812,4349900
2016-01-21,109.08000183105469,109.08000183105469,108.73999786376953,108.76000213623047,81.90364074707031,7256000
2016-01-22,108.72000122070312,108.8499984741211,108.58999633789062,108.83999633789062,81.96390533447266,3258700
2016-01-25,108.94999694824219,108.9800033569336,108.7699966430664,108.77999877929688,81.918701171875,3285000
2016-01-26,108.9000015258789,109.0,108.7699966430664,108.91999816894531,82.0241470336914,2604100
2016-01-27,108.91000366210938,109.01000213623047,108.72000122070312,108.94000244140625,82.03922271728516,1645300
2016-01-28,108.98999786376953,109.0999984741211,108.81999969482422,109.02999877929688,82.10696411132812,2390600
2016-01-29,109.41000366210938,109.4800033569336,109.25,109.3499984741211,82.34799194335938,8633000
2016-02-01,109.0999984741211,109.25,108.83999633789062,108.98999786376953,82.24834442138672,4512300
2016-02-02,109.2300033569336,109.37999725341797,109.12999725341797,109.31999969482422,82.49738311767578,4835100
2016-02-03,109.26000213623047,109.63999938964844,109.19999694824219,109.30999755859375,82.48983764648438,3700300
2016-02-04,109.33999633789062,109.45999908447266,109.23999786376953,109.41999816894531,82.5728759765625,1880300
2016-02-05,109.23999786376953,109.44000244140625,109.1500015258789,109.31999969482422,82.49738311767578,2155500
2016-02-08,109.58999633789062,109.87000274658203,109.5,109.73999786376953,82.81433868408203,2818600
2016-02-09,109.91999816894531,109.93000030517578,109.66000366210938,109.7300033569336,82.80677795410156,3023800
2016-02-10,109.81999969482422,110.0,109.5999984741211,110.0,83.01051330566406,2319000
2016-02-11,110.41000366210938,110.5,110.01000213623047,110.06999969482422,83.0633773803711,2928000
2016-02-12,109.91999816894531,109.95999908447266,109.55000305175781,109.7699966430664,82.83697509765625,2968800
2016-02-16,109.54000091552734,109.61000061035156,109.43000030517578,109.5,82.63323974609375,2356200
2016-02-17,109.43000030517578,109.45999908447266,109.22000122070312,109.44000244140625,82.58795166015625,2446600
2016-02-18,109.5,109.80999755859375,109.44999694824219,109.7699966430664,82.83697509765625,2844400
2016-02-19,109.80000305175781,109.8499984741211,109.63999938964844,109.79000091552734,82.85208892822266,2278800
2016-02-22,109.7699966430664,109.87999725341797,109.72000122070312,109.81999969482422,82.87471008300781,2421800
2016-02-23,109.62999725341797,110.0,109.5199966430664,109.83999633789062,82.8897933959961,2337800
2016-02-24,110.12000274658203,110.31999969482422,109.83999633789062,109.87999725341797,82.91996002197266,2473200
2016-02-25,110.08999633789062,110.30999755859375,110.0,110.16000366210938,83.13127899169922,2335700
2016-02-26,109.9000015258789,109.97000122070312,109.80000305175781,109.95999908447266,82.98033142089844,2068100
2016-02-29,109.94000244140625,110.0999984741211,109.91000366210938,110.08999633789062,83.07845306396484,3694200
2016-03-01,109.93000030517578,110.05000305175781,109.4000015258789,109.54000091552734,82.82970428466797,3984500
2016-03-02,109.44999694824219,109.4800033569336,109.31999969482422,109.41999816894531,82.73894500732422,2624500
2016-03-03,109.47000122070312,109.61000061035156,109.37000274658203,109.55000305175781,82.83724975585938,3632800
2016-03-04,109.5,109.58000183105469,109.27999877929688,109.37999725341797,82.70870208740234,4461100
2016-03-07,109.38999938964844,109.38999938964844,109.20999908447266,109.3499984741211,82.68601989746094,2823200
2016-03-08,109.7300033569336,109.83000183105469,109.55999755859375,109.62000274658203,82.89017486572266,1984400
2016-03-09,109.55999755859375,109.66000366210938,109.44999694824219,109.56999969482422,82.85238647460938,1468700
2016-03-10,109.6500015258789,109.73999786376953,109.37999725341797,109.62000274658203,82.89017486572266,2828700
2016-03-11,109.6500015258789,109.70999908447266,109.38999938964844,109.41999816894531,82.73894500732422,2065000
2016-03-14,109.48999786376953,109.5999984741211,109.44999694824219,109.4800033569336,82.7843017578125,2186900
2016-03-15,109.68000030517578,109.69999694824219,109.37999725341797,109.37999725341797,82.70870208740234,1746100
2016-03-16,109.38999938964844,109.86000061035156,109.29000091552734,109.8499984741211,83.06412506103516,1888200
2016-03-17,109.94999694824219,110.12999725341797,109.9000015258789,110.08000183105469,83.23805236816406,4116500
2016-03-18,110.19000244140625,110.29000091552734,110.12000274658203,110.16999816894531,83.30606079101562,1909600
2016-03-21,110.05999755859375,110.12999725341797,109.91000366210938,109.93000030517578,83.12458038330078,2152300
2016-03-22,110.2699966430664,110.2699966430664,109.83000183105469,109.86000061035156,83.07162475585938,2023000
2016-03-23,109.95999908447266,110.13999938964844,109.86000061035156,110.0999984741211,83.25314331054688,2885000
2016-03-24,110.29000091552734,110.29000091552734,110.02999877929688,110.11000061035156,83.26068115234375,2846400
2016-03-28,110.1500015258789,110.30000305175781,110.08000183105469,110.19000244140625,83.32122039794922,2918100
2016-03-29,110.3499984741211,110.56999969482422,110.20999908447266,110.5199966430664,83.57072448730469,1885900
2016-03-30,110.48999786376953,110.55999755859375,110.30999755859375,110.4800033569336,83.54046630859375,2764500
2016-03-31,110.5199966430664,110.8499984741211,110.5199966430664,110.83000183105469,83.80513763427734,7003600
2016-04-01,110.52999877929688,110.66000366210938,110.3499984741211,110.51000213623047,83.73084259033203,5374200
2016-04-04,110.5999984741211,110.66999816894531,110.51000213623047,110.62000274658203,83.81422424316406,3176200
2016-04-05,110.94999694824219,110.9800033569336,110.70999908447266,110.7699966430664,83.92787170410156,2954100
2016-04-06,110.80000305175781,110.80000305175781,110.62000274658203,110.75,83.91270446777344,2027400
2016-04-07,110.9800033569336,111.05000305175781,110.7699966430664,110.98999786376953,84.09455108642578,1876100
2016-04-08,111.0,111.0,110.80999755859375,110.87999725341797,84.01123809814453,2318300
2016-04-11,110.87000274658203,110.95999908447266,110.76000213623047,110.95999908447266,84.07183074951172,1718400
2016-04-12,110.8499984741211,110.86000061035156,110.6500015258789,110.77999877929688,83.93549346923828,1984500
2016-04-13,110.73999786376953,110.91999816894531,110.68000030517578,110.83000183105469,83.97334289550781,1769000
2016-04-14,110.76000213623047,110.80999755859375,110.63999938964844,110.63999938964844,83.82936096191406,3596400
2016-04-15,110.80000305175781,110.9800033569336,110.75,110.94999694824219,84.06425476074219,1579500
2016-04-18,110.91000366210938,110.94999694824219,110.79000091552734,110.94000244140625,84.05668640136719,2146600
2016-04-19,110.94000244140625,111.0,110.7699966430664,110.93000030517578,84.04908752441406,2019200
2016-04-20,111.0199966430664,111.02999877929688,110.5999984741211,110.66000366210938,83.84453582763672,2376000
2016-04-21,110.5199966430664,110.62000274658203,110.44999694824219,110.51000213623047,83.73084259033203,2692800
2016-04-22,110.6500015258789,110.72000122070312,110.5199966430664,110.5199966430664,83.73849487304688,3795600
2016-04-25,110.5199966430664,110.58999633789062,110.38999938964844,110.4000015258789,83.6475601196289,3118800
2016-04-26,110.4800033569336,110.4800033569336,110.2300033569336,110.3499984741211,83.60964965820312,2326100
2016-04-27,110.52999877929688,110.69000244140625,110.33000183105469,110.68000030517578,83.85968017578125,2337100
2016-04-28,110.68000030517578,110.94999694824219,110.58999633789062,110.9000015258789,84.02635955810547,9405200
2016-04-29,110.81999969482422,110.93000030517578,110.75,110.88999938964844,84.0187759399414,5112900
2016-05-02,110.73999786376953,110.73999786376953,110.5199966430664,110.61000061035156,83.96188354492188,3553900
2016-05-03,110.88999938964844,110.94999694824219,110.75,110.80999755859375,84.11369323730469,3044900
2016-05-04,110.91000366210938,110.93000030517578,110.76000213623047,110.86000061035156,84.1516342163086,2920200
2016-05-05,110.91999816894531,111.16000366210938,110.80000305175781,111.13999938964844,84.36418151855469,3008100
2016-05-06,111.12000274658203,111.12000274658203,110.97000122070312,110.97000122070312,84.23511505126953,2718500
2016-05-09,111.11000061035156,111.13999938964844,111.01000213623047,111.04000091552734,84.28825378417969,2173500
2016-05-10,111.05999755859375,111.0999984741211,110.98999786376953,111.08999633789062,84.32621765136719,2103800
2016-05-11,111.05999755859375,111.26000213623047,111.0199966430664,111.08999633789062,84.32621765136719,2507000
2016-05-12,110.91999816894531,111.0999984741211,110.91999816894531,110.98999786376953,84.2503433227539,1938800
2016-05-13,111.08000183105469,111.2300033569336,111.02999877929688,111.19999694824219,84.40973663330078,1511400
2016-05-16,111.19000244140625,111.19000244140625,110.9800033569336,111.01000213623047,84.26548767089844,3134400
2016-05-17,111.02999877929688,111.05000305175781,110.86000061035156,110.86000061035156,84.1516342163086,1769700
2016-05-18,110.77999877929688,110.80000305175781,110.31999969482422,110.4000015258789,83.80245208740234,1900800
2016-05-19,110.47000122070312,110.55999755859375,110.4000015258789,110.47000122070312,83.85558319091797,3461900
2016-05-20,110.54000091552734,110.62000274658203,110.44000244140625,110.54000091552734,83.90874481201172,2655700
2016-05-23,110.54000091552734,110.5999984741211,110.43000030517578,110.5199966430664,83.8935317993164,2244300
2016-05-24,110.55999755859375,110.55999755859375,110.33999633789062,110.45999908447266,83.84800720214844,1759800
2016-05-25,110.54000091552734,110.55000305175781,110.38999938964844,110.4800033569336,83.86316680908203,2735700
2016-05-26,110.63999938964844,110.7300033569336,110.55999755859375,110.6500015258789,83.99221801757812,1614800
2016-05-27,110.68000030517578,110.69999694824219,110.4800033569336,110.62999725341797,83.9770736694336,2164800
2016-05-31,110.41000366210938,110.76000213623047,110.36000061035156,110.69999694824219,84.03018188476562,3368800
2016-06-01,110.58999633789062,110.6500015258789,110.41000366210938,110.41999816894531,83.98301696777344,2941300
2016-06-02,110.55999755859375,110.73999786376953,110.55999755859375,110.69999694824219,84.19600677490234,2013900
2016-06-03,111.1500015258789,111.30000305175781,111.12000274658203,111.30000305175781,84.65232849121094,2210500
2016-06-06,111.16999816894531,111.2300033569336,111.06999969482422,111.1500015258789,84.53828430175781,3278900
2016-06-07,111.23999786376953,111.30999755859375,111.19999694824219,111.25,84.6142578125,2157100
2016-06-08,111.30000305175781,111.33999633789062,111.22000122070312,111.29000091552734,84.64470672607422,2148000
2016-06-09,111.5,111.5,111.36000061035156,111.37000274658203,84.7055892944336,1543600
2016-06-10,111.54000091552734,111.66000366210938,111.44999694824219,111.5199966430664,84.8196792602539,1368300
2016-06-13,111.56999969482422,111.66999816894531,111.52999877929688,111.61000061035156,84.88813781738281,1661400
2016-06-14,111.68000030517578,111.7300033569336,111.55000305175781,111.55999755859375,84.85005187988281,1871500
2016-06-15,111.66999816894531,111.93000030517578,111.63999938964844,111.80000305175781,85.03264617919922,1732100
2016-06-16,111.91999816894531,112.06999969482422,111.77999877929688,111.87000274658203,85.08586883544922,2533000
2016-06-17,111.86000061035156,111.87000274658203,111.66000366210938,111.79000091552734,85.0250015258789,2730900
2016-06-20,111.56999969482422,111.58000183105469,111.44999694824219,111.4800033569336,84.78923797607422,2043800
2016-06-21,111.55000305175781,111.56999969482422,111.3499984741211,111.4000015258789,84.72838592529297,1882500
2016-06-22,111.44000244140625,111.51000213623047,111.3499984741211,111.47000122070312,84.78163146972656,1734300
2016-06-23,111.33000183105469,111.43000030517578,111.25,111.27999877929688,84.63715362548828,1721100
2016-06-24,112.11000061035156,112.1500015258789,111.79000091552734,111.87999725341797,85.09349822998047,4081200
2016-06-27,112.33000183105469,112.48999786376953,112.30999755859375,112.33000183105469,85.43574523925781,3018800
2016-06-28,112.54000091552734,112.54000091552734,112.37000274658203,112.47000122070312,85.5422134399414,2951700
2016-06-29,112.52999877929688,112.5999984741211,112.33999633789062,112.38999938964844,85.48137664794922,2745800
2016-06-30,112.51000213623047,112.69000244140625,112.4000015258789,112.62000274658203,85.65632629394531,4154300
2016-07-01,112.72000122070312,112.7699966430664,112.5199966430664,112.6500015258789,85.84073638916016,5235200
2016-07-05,113.02999877929688,113.12000274658203,112.87000274658203,112.94999694824219,86.0693130493164,4740000
2016-07-06,113.08999633789062,113.16999816894531,112.94000244140625,113.16000366210938,86.22933959960938,3150500
2016-07-07,113.0,113.16999816894531,112.91999816894531,113.08000183105469,86.16836547851562,3122200
2016-07-08,113.08000183105469,113.2699966430664,113.0,113.25,86.29791259765625,2910500
2016-07-11,113.19000244140625,113.23999786376953,112.93000030517578,112.94999694824219,86.0693130493164,4424000
2016-07-12,112.80999755859375,112.80999755859375,112.48999786376953,112.61000061035156,85.81024932861328,1970600
2016-07-13,112.81999969482422,112.87999725341797,112.73999786376953,112.7699966430664,85.9321517944336,2363300
2016-07-14,112.51000213623047,112.69999694824219,112.5,112.66999816894531,85.85594177246094,3345200
2016-07-15,112.58000183105469,112.58000183105469,112.22000122070312,112.26000213623047,85.54351806640625,3612200
2016-07-18,112.48999786376953,112.48999786376953,112.19999694824219,112.27999877929688,85.5587158203125,1547300
2016-07-19,112.4800033569336,112.5199966430664,112.37000274658203,112.51000213623047,85.7340316772461,1786900
2016-07-20,112.41999816894531,112.44000244140625,112.30000305175781,112.41000366210938,85.65779113769531,1808800
2016-07-21,112.2699966430664,112.54000091552734,112.19999694824219,112.51000213623047,85.7340316772461,3043500
2016-07-22,112.37999725341797,112.61000061035156,112.3499984741211,112.52999877929688,85.74928283691406,2315900
2016-07-25,112.58000183105469,112.58000183105469,112.4000015258789,112.4000015258789,85.65018463134766,1680800
2016-07-26,112.58000183105469,112.58000183105469,112.30999755859375,112.4000015258789,85.65018463134766,3540000
2016-07-27,112.5199966430664,112.73999786376953,112.44000244140625,112.7300033569336,85.90164184570312,3047200
2016-07-28,112.63999938964844,112.76000213623047,112.55999755859375,112.72000122070312,85.89402770996094,2640600
2016-07-29,112.87999725341797,113.02999877929688,112.76000213623047,113.0199966430664,86.12261199951172,3671000
2016-08-01,112.5,112.68000030517578,112.47000122070312,112.55000305175781,85.92186737060547,3149300
2016-08-02,112.36000061035156,112.45999908447266,112.19000244140625,112.22000122070312,85.66997528076172,3643900
2016-08-03,112.30999755859375,112.36000061035156,112.0999984741211,112.33999633789062,85.76153564453125,3777800
2016-08-04,112.54000091552734,112.66000366210938,112.5,112.55000305175781,85.92186737060547,2002800
2016-08-05,112.54000091552734,112.54000091552734,112.13999938964844,112.16999816894531,85.6318130493164,2474600
2016-08-08,112.16000366210938,112.31999969482422,112.02999877929688,112.23999786376953,85.68522644042969,2604000
2016-08-09,112.4000015258789,112.54000091552734,112.30000305175781,112.52999877929688,85.9065933227539,2981100
2016-08-10,112.61000061035156,112.7300033569336,112.54000091552734,112.66000366210938,86.00585174560547,3185800
2016-08-11,112.7300033569336,112.7300033569336,112.30999755859375,112.36000061035156,85.77686309814453,1807200
2016-08-12,112.72000122070312,112.83000183105469,112.62999725341797,112.62999725341797,85.98294830322266,1889600
2016-08-15,112.56999969482422,112.62000274658203,112.41999816894531,112.43000030517578,85.83023834228516,1950500
2016-08-16,112.48999786376953,112.5199966430664,112.36000061035156,112.36000061035156,85.77686309814453,6250200
2016-08-17,112.44999694824219,112.66000366210938,112.36000061035156,112.56999969482422,85.93716430664062,5210700
2016-08-18,112.63999938964844,112.77999877929688,112.54000091552734,112.7300033569336,86.05927276611328,1962900
2016-08-19,112.52999877929688,112.62000274658203,112.38999938964844,112.4800033569336,85.86845397949219,3287600
2016-08-22,112.66000366210938,112.73999786376953,112.55999755859375,112.6500015258789,85.99820709228516,1808500
2016-08-23,112.77999877929688,112.83000183105469,112.62999725341797,112.68000030517578,86.02106475830078,2583000
2016-08-24,112.79000091552734,112.80000305175781,112.62999725341797,112.63999938964844,85.99057006835938,2312800
2016-08-25,112.55000305175781,112.66999816894531,112.5199966430664,112.5199966430664,85.89898681640625,1613500
2016-08-26,112.69000244140625,112.86000061035156,112.27999877929688,112.33999633789062,85.76153564453125,2513700
2016-08-29,112.55000305175781,112.68000030517578,112.45999908447266,112.6500015258789,85.99820709228516,2156400
2016-08-30,112.70999908447266,112.70999908447266,112.55000305175781,112.58999633789062,85.9523696899414,1712300
2016-08-31,112.63999938964844,112.70999908447266,112.51000213623047,112.56999969482422,85.93716430664062,3025000
2016-09-01,112.0999984741211,112.5,112.05000305175781,112.45999908447266,86.0120849609375,3777100
2016-09-02,112.44000244140625,112.44000244140625,112.18000030517578,112.30999755859375,85.89735412597656,1730900
2016-09-06,112.36000061035156,112.68000030517578,112.29000091552734,112.55000305175781,86.08091735839844,3745800
2016-09-07,112.76000213623047,112.76000213623047,112.58999633789062,112.61000061035156,86.1268310546875,1839600
2016-09-08,112.5,112.55999755859375,112.13999938964844,112.22000122070312,85.82855224609375,2605500
2016-09-09,111.95999908447266,111.98999786376953,111.7300033569336,111.7300033569336,85.45380401611328,2763900
2016-09-12,111.76000213623047,111.88999938964844,111.6500015258789,111.81999969482422,85.52262115478516,2358200
2016-09-13,111.93000030517578,111.93000030517578,111.33999633789062,111.51000213623047,85.28549194335938,3005400
2016-09-14,111.47000122070312,111.75,111.47000122070312,111.6500015258789,85.39259338378906,2089700
2016-09-15,111.5999984741211,111.76000213623047,111.48999786376953,111.72000122070312,85.4461441040039,2253800
2016-09-16,111.75,111.87000274658203,111.69999694824219,111.80000305175781,85.50733947753906,1701000
2016-09-19,111.7300033569336,111.8499984741211,111.69000244140625,111.70999908447266,85.43851470947266,2026900
2016-09-20,111.9000015258789,111.94000244140625,111.73999786376953,111.75,85.46904754638672,2078500
2016-09-21,111.69000244140625,112.02999877929688,111.6500015258789,112.02999877929688,85.6832046508789,1899500
2016-09-22,112.0999984741211,112.3499984741211,112.0999984741211,112.26000213623047,85.85913848876953,2017200
2016-09-23,112.30999755859375,112.3499984741211,112.20999908447266,112.2300033569336,85.8362045288086,3415700
2016-09-26,112.27999877929688,112.44999694824219,112.27999877929688,112.37000274658203,85.9432601928711,2326900
2016-09-27,112.56999969482422,112.61000061035156,112.41000366210938,112.51000213623047,86.05033874511719,2881300
2016-09-28,112.58000183105469,112.61000061035156,112.47000122070312,112.54000091552734,86.07325744628906,2853900
2016-09-29,112.41000366210938,112.63999938964844,112.37000274658203,112.54000091552734,86.07325744628906,1668000
2016-09-30,112.56999969482422,112.6500015258789,112.2699966430664,112.41999816894531,85.98149871826172,3679800
2016-10-03,112.20999908447266,112.25,112.06999969482422,112.08999633789062,85.88421630859375,9372900
2016-10-04,112.08999633789062,112.08999633789062,111.69999694824219,111.70999908447266,85.59302520751953,5022400
2016-10-05,111.69000244140625,111.73999786376953,111.51000213623047,111.55999755859375,85.47807312011719,3368700
2016-10-06,111.56999969482422,111.66999816894531,111.44999694824219,111.55999755859375,85.47807312011719,2059400
2016-10-07,111.63999938964844,111.66999816894531,111.41000366210938,111.58000183105469,85.49341583251953,1867600
2016-10-10,111.58000183105469,111.58000183105469,111.38999938964844,111.52999877929688,85.45511627197266,1295400
2016-10-11,111.48999786376953,111.54000091552734,111.3499984741211,111.36000061035156,85.32487487792969,2753300
2016-10-12,111.38999938964844,111.43000030517578,111.26000213623047,111.4000015258789,85.35549926757812,1668500
2016-10-13,111.5999984741211,111.68000030517578,111.52999877929688,111.55999755859375,85.47807312011719,1964600
2016-10-14,111.47000122070312,111.61000061035156,111.33000183105469,111.37000274658203,85.33252716064453,2471500
2016-10-17,111.44999694824219,111.61000061035156,111.38999938964844,111.55999755859375,85.47807312011719,1556800
2016-10-18,111.54000091552734,111.73999786376953,111.47000122070312,111.73999786376953,85.61602020263672,1582900
2016-10-19,111.68000030517578,111.83000183105469,111.63999938964844,111.80000305175781,85.66199493408203,1550000
2016-10-20,111.83999633789062,111.9000015258789,111.7300033569336,111.76000213623047,85.63134002685547,1420800
2016-10-21,111.80000305175781,111.9000015258789,111.69000244140625,111.83000183105469,85.68499755859375,1776900
2016-10-24,111.80999755859375,111.83000183105469,111.5999984741211,111.66000366210938,85.55472564697266,1385600
2016-10-25,111.58000183105469,111.80000305175781,111.58000183105469,111.66000366210938,85.55472564697266,2344400
2016-10-26,111.56999969482422,111.56999969482422,111.43000030517578,111.44000244140625,85.38619232177734,2684000
2016-10-27,111.27999877929688,111.27999877929688,111.04000091552734,111.16000366210938,85.1716079711914,2330700
2016-10-28,111.11000061035156,111.26000213623047,111.08000183105469,111.16000366210938,85.1716079711914,1713800
2016-10-31,111.30000305175781,111.33000183105469,111.20999908447266,111.30000305175781,85.27886199951172,3260300
2016-11-01,110.87999725341797,111.12999725341797,110.81999969482422,111.02999877929688,85.2328109741211,4725000
2016-11-02,111.12000274658203,111.31999969482422,111.05999755859375,111.16000366210938,85.33259582519531,2572600
2016-11-03,111.02999877929688,111.16000366210938,111.01000213623047,111.01000213623047,85.21746826171875,3254500
2016-11-04,111.1500015258789,111.31999969482422,111.12999725341797,111.23999786376953,85.39399719238281,2013300
2016-11-07,111.13999938964844,111.18000030517578,111.06999969482422,111.11000061035156,85.29425048828125,2031000
2016-11-08,111.12999725341797,111.16000366210938,110.87000274658203,110.93000030517578,85.15603637695312,2107400
2016-11-09,110.52999877929688,110.56999969482422,109.77999877929688,109.9000015258789,84.3653564453125,3657200
2016-11-10,109.66000366210938,109.87999725341797,109.41999816894531,109.44999694824219,84.01992797851562,4179200
2016-11-11,109.45999908447266,109.5,109.22000122070312,109.25,83.86640167236328,2804600
2016-11-14,108.63999938964844,109.05999755859375,108.63999938964844,108.80999755859375,83.52862548828125,3054900
2016-11-15,109.0,109.06999969482422,108.87000274658203,108.88999938964844,83.59000396728516,2252200
2016-11-16,109.01000213623047,109.12999725341797,108.91999816894531,109.12999725341797,83.77424621582031,2164800
2016-11-17,109.01000213623047,109.0199966430664,108.66999816894531,108.72000122070312,83.45954132080078,1903700
2016-11-18,108.80999755859375,108.81999969482422,108.36000061035156,108.37000274658203,83.19084930419922,2767000
2016-11-21,108.55999755859375,108.56999969482422,108.37000274658203,108.45999908447266,83.25993347167969,1705600
2016-11-22,108.58999633789062,108.66000366210938,108.45999908447266,108.55999755859375,83.33673858642578,3465300
2016-11-23,108.18000030517578,108.33000183105469,107.91999816894531,108.18000030517578,83.04499053955078,2497600
2016-11-25,108.30000305175781,108.37000274658203,108.08999633789062,108.16999816894531,83.03734588623047,1071500
2016-11-28,108.37999725341797,108.56999969482422,108.33000183105469,108.55000305175781,83.3290786743164,2476800
2016-11-29,108.5,108.72000122070312,108.43000030517578,108.66999816894531,83.42119598388672,2178600
2016-11-30,108.2300033569336,108.43000030517578,108.12999725341797,108.23999786376953,83.09110260009766,4627500
2016-12-01,107.75,107.79000091552734,107.47000122070312,107.68000030517578,82.81725311279297,4691900
2016-12-02,107.93000030517578,108.19999694824219,107.8499984741211,108.0199966430664,83.07875061035156,4269200
2016-12-05,107.94000244140625,108.26000213623047,107.77999877929688,108.11000061035156,83.14800262451172,3398000
2016-12-06,108.13999938964844,108.18000030517578,108.04000091552734,108.08999633789062,83.13258361816406,3306900
2016-12-07,108.22000122070312,108.37999725341797,108.19999694824219,108.37000274658203,83.34793853759766,3796800
2016-12-08,108.18000030517578,108.22000122070312,108.05000305175781,108.16999816894531,83.19413757324219,2822600
2016-12-09,108.08000183105469,108.18000030517578,107.72000122070312,107.83999633789062,82.9403076171875,4530900
2016-12-12,107.69999694824219,107.81999969482422,107.61000061035156,107.73999786376953,82.86341857910156,3074200
2016-12-13,107.87000274658203,107.94000244140625,107.70999908447266,107.87999725341797,82.97105407714844,3665900
2016-12-14,108.06999969482422,108.12000274658203,107.29000091552734,107.29000091552734,82.517333984375,3544100
2016-12-15,107.37000274658203,107.41999816894531,107.1500015258789,107.16000366210938,82.41732025146484,4619100
2016-12-16,107.16000366210938,107.38999938964844,107.05999755859375,107.2300033569336,82.47118377685547,2981600
2016-12-19,107.4000015258789,107.55000305175781,107.3499984741211,107.51000213623047,82.68649291992188,3202500
2016-12-20,107.30000305175781,107.44000244140625,107.2699966430664,107.41000366210938,82.6095962524414,2871900
2016-12-21,107.5,107.66000366210938,107.43000030517578,107.63999938964844,82.78650665283203,4066900
2016-12-22,107.33999633789062,107.45999908447266,107.23999786376953,107.38999938964844,82.78575134277344,4110200
2016-12-23,107.54000091552734,107.54000091552734,107.38999938964844,107.41999816894531,82.8088607788086,3821100
2016-12-27,107.19000244140625,107.33999633789062,107.19000244140625,107.33999633789062,82.74715423583984,2661500
2016-12-28,107.33000183105469,107.5999984741211,107.30000305175781,107.51000213623047,82.87825775146484,5609600
2016-12-29,107.7300033569336,107.87999725341797,107.6500015258789,107.83999633789062,83.13261413574219,3649600
2016-12-30,107.87999725341797,108.12000274658203,107.8499984741211,108.05999755859375,83.30223083496094,3690100
2017-01-03,107.7300033569336,108.22000122070312,107.7300033569336,108.16999816894531,83.38703918457031,5079200
2017-01-04,108.16000366210938,108.20999908447266,108.02999877929688,108.19999694824219,83.41016387939453,3297100
2017-01-05,108.37000274658203,108.68000030517578,108.22000122070312,108.6500015258789,83.75701141357422,5165900
2017-01-06,108.43000030517578,108.5,108.26000213623047,108.29000091552734,83.47953796386719,2910100
2017-01-09,108.54000091552734,108.54000091552734,108.43000030517578,108.47000122070312,83.61829376220703,3030500
2017-01-10,108.44999694824219,108.55000305175781,108.41999816894531,108.44000244140625,83.59514617919922,2396300
2017-01-11,108.52999877929688,108.93000030517578,108.41999816894531,108.56999969482422,83.69539642333984,4465500
2017-01-12,108.77999877929688,108.9000015258789,108.61000061035156,108.61000061035156,83.72622680664062,3036600
2017-01-13,108.5,108.55000305175781,108.26000213623047,108.41999816894531,83.57975769042969,3293600
2017-01-17,108.80999755859375,108.87000274658203,108.6500015258789,108.79000091552734,83.86502075195312,3685700
2017-01-18,108.5999984741211,108.66999816894531,108.23999786376953,108.31999969482422,83.5026626586914,3115600
2017-01-19,108.05999755859375,108.16000366210938,107.93000030517578,108.04000091552734,83.28677368164062,2388000
2017-01-20,107.94000244140625,108.12000274658203,107.83000183105469,108.08000183105469,83.31763458251953,3525000
2017-01-23,108.22000122070312,108.56999969482422,108.0999984741211,108.37999725341797,83.54890441894531,3063400
2017-01-24,108.33000183105469,108.4000015258789,108.0999984741211,108.20999908447266,83.41790008544922,2049500
2017-01-25,107.9800033569336,108.04000091552734,107.83000183105469,107.91999816894531,83.1943130493164,2912900
2017-01-26,107.86000061035156,108.02999877929688,107.70999908447266,107.98999786376953,83.24827575683594,2046300
2017-01-27,108.02999877929688,108.16000366210938,108.0199966430664,108.08000183105469,83.31763458251953,3096800
2017-01-30,108.16000366210938,108.20999908447266,108.02999877929688,108.02999877929688,83.27911376953125,2946200
2017-01-31,108.08000183105469,108.37000274658203,108.08000183105469,108.29000091552734,83.47953796386719,7552700
2017-02-01,107.7699966430664,108.01000213623047,107.69000244140625,107.91999816894531,83.36212158203125,2994200
2017-02-02,108.05999755859375,108.18000030517578,107.94999694824219,107.9800033569336,83.40845489501953,3490700
2017-02-03,108.12000274658203,108.27999877929688,107.86000061035156,108.01000213623047,83.4316177368164,2728400
2017-02-06,108.22000122070312,108.37999725341797,108.0999984741211,108.31999969482422,83.67109680175781,1827000
2017-02-07,108.30000305175781,108.58000183105469,108.25,108.43000030517578,83.75607299804688,2659100
2017-02-08,108.61000061035156,108.83000183105469,108.61000061035156,108.73999786376953,83.99549102783203,3873200
2017-02-09,108.61000061035156,108.66999816894531,108.43000030517578,108.4800033569336,83.79467010498047,2736000
2017-02-10,108.26000213623047,108.47000122070312,108.26000213623047,108.45999908447266,83.77922821044922,2365300
2017-02-13,108.33999633789062,108.3499984741211,108.2300033569336,108.30000305175781,83.65560150146484,2189800
2017-02-14,108.30000305175781,108.30000305175781,107.91000366210938,108.05999755859375,83.47028350830078,2809500
2017-02-15,107.91999816894531,108.0,107.86000061035156,107.88999938964844,83.33897399902344,2138900
2017-02-16,108.01000213623047,108.27999877929688,108.01000213623047,108.12000274658203,83.51659393310547,5257400
2017-02-17,108.37000274658203,108.44999694824219,108.31999969482422,108.36000061035156,83.7020034790039,2228100
2017-02-21,108.23999786376953,108.44999694824219,108.22000122070312,108.3499984741211,83.69427490234375,1980300
2017-02-22,108.54000091552734,108.55000305175781,108.19999694824219,108.41999816894531,83.74835205078125,2655500
2017-02-23,108.55999755859375,108.6500015258789,108.52999877929688,108.5999984741211,83.88739013671875,2169000
2017-02-24,108.87999725341797,109.05999755859375,108.81999969482422,109.0,84.19636535644531,2670900
2017-02-27,108.94999694824219,108.9800033569336,108.7699966430664,108.80000305175781,84.04191589355469,1998200
2017-02-28,108.80000305175781,108.94000244140625,108.75,108.7699966430664,84.01871490478516,3840100
2017-03-01,108.12000274658203,108.13999938964844,107.9800033569336,108.04000091552734,83.62389373779297,3280200
2017-03-02,107.93000030517578,107.98999786376953,107.75,107.83999633789062,83.46912384033203,2299700
2017-03-03,107.91999816894531,107.97000122070312,107.73999786376953,107.91999816894531,83.53108215332031,4293900
2017-03-06,107.94000244140625,107.98999786376953,107.81999969482422,107.87000274658203,83.4924087524414,3678300
2017-03-07,107.80000305175781,107.83999633789062,107.69000244140625,107.7300033569336,83.38400268554688,2237900
2017-03-08,107.38999938964844,107.5,107.33999633789062,107.47000122070312,83.1827621459961,2834700
2017-03-09,107.31999969482422,107.33999633789062,107.12000274658203,107.13999938964844,82.92730712890625,3527300
2017-03-10,107.2300033569336,107.31999969482422,107.16000366210938,107.30000305175781,83.05118560791016,1906000
2017-03-13,107.20999908447266,107.27999877929688,107.0999984741211,107.12000274658203,82.91188049316406,1658500
2017-03-14,107.08000183105469,107.23999786376953,107.08000183105469,107.16000366210938,82.9427719116211,2639200
2017-03-15,107.25,107.79000091552734,107.19999694824219,107.77999877929688,83.42269897460938,2162900
2017-03-16,107.68000030517578,107.75,107.62000274658203,107.66000366210938,83.32977294921875,2369700
2017-03-17,107.72000122070312,107.91000366210938,107.69000244140625,107.88999938964844,83.50787353515625,2368800
2017-03-20,107.86000061035156,108.05000305175781,107.83999633789062,108.05000305175781,83.6316909790039,1635200
2017-03-21,107.93000030517578,108.2699966430664,107.93000030517578,108.2699966430664,83.80197143554688,2049700
2017-03-22,108.44000244140625,108.54000091552734,108.36000061035156,108.41999816894531,83.91803741455078,2643600
2017-03-23,108.44000244140625,108.51000213623047,108.26000213623047,108.44999694824219,83.94129943847656,2071400
2017-03-24,108.3499984741211,108.51000213623047,108.30999755859375,108.36000061035156,83.87162017822266,3374900
2017-03-27,108.6500015258789,108.70999908447266,108.52999877929688,108.62000274658203,84.07286834716797,1977300
2017-03-28,108.62999725341797,108.68000030517578,108.3499984741211,108.37000274658203,83.87936401367188,2016100
2017-03-29,108.4800033569336,108.62000274658203,108.45999908447266,108.61000061035156,84.06510162353516,1965600
2017-03-30,108.5199966430664,108.58000183105469,108.37999725341797,108.41000366210938,83.91033172607422,1733900
2017-03-31,108.44000244140625,108.52999877929688,108.41999816894531,108.48999786376953,83.97223663330078,3717700
2017-04-03,108.30999755859375,108.68000030517578,108.30000305175781,108.66999816894531,84.28406524658203,5197800
2017-04-04,108.61000061035156,108.6500015258789,108.5199966430664,108.56999969482422,84.20649719238281,1627500
2017-04-05,108.4800033569336,108.73999786376953,108.44999694824219,108.69000244140625,84.29955291748047,2304100
2017-04-06,108.63999938964844,108.70999908447266,108.4800033569336,108.68000030517578,84.29180908203125,1725300
2017-04-07,108.80000305175781,108.88999938964844,108.41999816894531,108.44000244140625,84.10562133789062,1783600
2017-04-10,108.52999877929688,108.6500015258789,108.48999786376953,108.58000183105469,84.21424865722656,1903800
2017-04-11,108.76000213623047,108.9800033569336,108.75,108.88999938964844,84.4546890258789,2200800
2017-04-12,108.93000030517578,109.19999694824219,108.88999938964844,109.12999725341797,84.6407699584961,2433000
2017-04-13,109.25,109.38999938964844,109.12999725341797,109.2699966430664,84.7493896484375,2339900
2017-04-17,109.30000305175781,109.4000015258789,109.18000030517578,109.20999908447266,84.70285034179688,1646100
2017-04-18,109.41000366210938,109.69999694824219,109.38999938964844,109.6500015258789,85.04414367675781,2369500
2017-04-19,109.47000122070312,109.55999755859375,109.38999938964844,109.4800033569336,84.91226196289062,2148500
2017-04-20,109.30999755859375,109.4000015258789,109.19999694824219,109.30999755859375,84.7804183959961,1867800
2017-04-21,109.4000015258789,109.48999786376953,109.30000305175781,109.33999633789062,84.80370330810547,1539300
2017-04-24,109.05000305175781,109.22000122070312,109.0,109.18000030517578,84.67962646484375,2745400
2017-04-25,108.98999786376953,109.05000305175781,108.7699966430664,108.81999969482422,84.40038299560547,1888500
2017-04-26,108.8499984741211,108.97000122070312,108.7699966430664,108.95999908447266,84.50897979736328,2893700
2017-04-27,108.94000244140625,109.0999984741211,108.91000366210938,109.05999755859375,84.58650207519531,1660900
2017-04-28,108.9800033569336,109.25,108.91000366210938,109.25,84.73387145996094,5774800
2017-05-01,108.86000061035156,108.95999908447266,108.62000274658203,108.7300033569336,84.51547241210938,2510000
2017-05-02,108.68000030517578,108.94000244140625,108.68000030517578,108.87999725341797,84.632080078125,2841400
2017-05-03,108.97000122070312,108.98999786376953,108.7699966430664,108.7699966430664,84.54659271240234,1923400
2017-05-04,108.55000305175781,108.69999694824219,108.55000305175781,108.68000030517578,84.47660827636719,1897900
2017-05-05,108.72000122070312,108.73999786376953,108.56999969482422,108.69999694824219,84.4921875,1421800
2017-05-08,108.62999725341797,108.66999816894531,108.48999786376953,108.48999786376953,84.32889556884766,3568400
2017-05-09,108.43000030517578,108.51000213623047,108.4000015258789,108.5,84.3366928100586,3084900
2017-05-10,108.5999984741211,108.66000366210938,108.44000244140625,108.52999877929688,84.36005401611328,1653400
2017-05-11,108.3499984741211,108.54000091552734,108.33999633789062,108.5199966430664,84.35224914550781,2331000
2017-05-12,108.80999755859375,108.94000244140625,108.77999877929688,108.91999816894531,84.66320037841797,1329700
2017-05-15,108.8499984741211,108.94000244140625,108.81999969482422,108.87999725341797,84.632080078125,1771000
2017-05-16,108.87999725341797,109.0999984741211,108.87999725341797,109.0199966430664,84.74089813232422,2051800
2017-05-17,109.3499984741211,109.5999984741211,109.27999877929688,109.58000183105469,85.17618560791016,2464500
2017-05-18,109.54000091552734,109.62999725341797,109.44000244140625,109.5199966430664,85.12956237792969,2107000
2017-05-19,109.51000213623047,109.54000091552734,109.3499984741211,109.5199966430664,85.12956237792969,1504000
2017-05-22,109.43000030517578,109.4800033569336,109.4000015258789,109.44999694824219,85.07511901855469,1642700
2017-05-23,109.5,109.52999877929688,109.20999908447266,109.23999786376953,84.91187286376953,1334500
2017-05-24,109.25,109.5,109.20999908447266,109.43000030517578,85.0595703125,2719200
2017-05-25,109.44999694824219,109.48999786376953,109.37000274658203,109.4800033569336,85.09844970703125,1558100
2017-05-26,109.45999908447266,109.54000091552734,109.44000244140625,109.44000244140625,85.06732177734375,955300
2017-05-30,109.58000183105469,109.66000366210938,109.54000091552734,109.6500015258789,85.2305908203125,2093200
2017-05-31,109.63999938964844,109.80999755859375,109.63999938964844,109.76000213623047,85.31610870361328,2416500
2017-06-01,109.36000061035156,109.5,109.33999633789062,109.4800033569336,85.27716827392578,2454500
2017-06-02,109.73999786376953,109.88999938964844,109.69000244140625,109.83999633789062,85.55754089355469,1507400
2017-06-05,109.66000366210938,109.73999786376953,109.5999984741211,109.66999816894531,85.42510223388672,2450600
2017-06-06,109.87000274658203,109.94999694824219,109.80999755859375,109.88999938964844,85.59651184082031,1607700
2017-06-07,109.80999755859375,109.87000274658203,109.69999694824219,109.76000213623047,85.49523162841797,1903500
2017-06-08,109.69999694824219,109.69999694824219,109.51000213623047,109.6500015258789,85.40959167480469,1532700
2017-06-09,109.51000213623047,109.62999725341797,109.45999908447266,109.55999755859375,85.3394546508789,1616800
2017-06-12,109.51000213623047,109.69999694824219,109.47000122070312,109.55999755859375,85.3394546508789,1394800
2017-06-13,109.43000030517578,109.5999984741211,109.43000030517578,109.58999633789062,85.3628158569336,1474300
2017-06-14,110.0,110.18000030517578,109.8499984741211,109.94000244140625,85.63543701171875,2627500
2017-06-15,109.9000015258789,109.9000015258789,109.77999877929688,109.87000274658203,85.5809326171875,2233900
2017-06-16,109.86000061035156,109.97000122070312,109.8499984741211,109.94000244140625,85.63543701171875,2216600
2017-06-19,109.87000274658203,109.9000015258789,109.73999786376953,109.79000091552734,85.51858520507812,1610400
2017-06-20,109.8499984741211,110.02999877929688,109.80000305175781,109.95999908447266,85.6510238647461,2195100
2017-06-21,109.87999725341797,110.02999877929688,109.87999725341797,109.9800033569336,85.66661071777344,1217400
2017-06-22,110.05999755859375,110.08999633789062,109.94999694824219,110.02999877929688,85.70555114746094,1427400
2017-06-23,110.01000213623047,110.11000061035156,109.9800033569336,110.05000305175781,85.7211685180664,1259100
2017-06-26,110.19000244140625,110.23999786376953,110.12999725341797,110.1500015258789,85.79902648925781,1914400
2017-06-27,109.93000030517578,109.9800033569336,109.79000091552734,109.81999969482422,85.54195404052734,3072300
2017-06-28,109.8499984741211,109.87999725341797,109.68000030517578,109.86000061035156,85.57312774658203,12184400
2017-06-29,109.52999877929688,109.68000030517578,109.47000122070312,109.6500015258789,85.40959167480469,3377200
2017-06-30,109.62000274658203,109.62999725341797,109.45999908447266,109.51000213623047,85.30052947998047,2626900
2017-07-03,109.30000305175781,109.30000305175781,109.01000213623047,109.08999633789062,85.14830017089844,1817300
2017-07-05,109.08000183105469,109.18000030517578,109.0,109.1500015258789,85.19512939453125,4288600
2017-07-06,108.94999694824219,109.0,108.81999969482422,108.94000244140625,85.03124237060547,2284900
2017-07-07,108.88999938964844,108.94999694824219,108.83000183105469,108.9000015258789,85.0,2727400
2017-07-10,108.97000122070312,109.0199966430664,108.88999938964844,108.94999694824219,85.03905487060547,2386400
2017-07-11,108.97000122070312,109.0999984741211,108.93000030517578,109.05000305175781,85.1170654296875,1969100
2017-07-12,109.37999725341797,109.43000030517578,109.26000213623047,109.37999725341797,85.3746566772461,2129900
2017-07-13,109.29000091552734,109.30999755859375,109.12999725341797,109.26000213623047,85.28103637695312,1568300
2017-07-14,109.54000091552734,109.55999755859375,109.29000091552734,109.37000274658203,85.36687469482422,1916600
2017-07-17,109.4000015258789,109.4800033569336,109.31999969482422,109.41999816894531,85.4058837890625,4078500
2017-07-18,109.63999938964844,109.70999908447266,109.58000183105469,109.66999816894531,85.60098266601562,2878400
2017-07-19,109.72000122070312,109.75,109.62999725341797,109.69999694824219,85.62445068359375,1577700
2017-07-20,109.8499984741211,109.87999725341797,109.69999694824219,109.7300033569336,85.64785766601562,1802600
2017-07-21,109.87999725341797,109.95999908447266,109.83000183105469,109.91999816894531,85.79611206054688,1531700
2017-07-24,109.83999633789062,109.91999816894531,109.76000213623047,109.81999969482422,85.71808624267578,1946000
2017-07-25,109.5999984741211,109.62999725341797,109.38999938964844,109.43000030517578,85.41370391845703,2601700
2017-07-26,109.37000274658203,109.70999908447266,109.3499984741211,109.63999938964844,85.57759857177734,2249800
2017-07-27,109.51000213623047,109.58999633789062,109.43000030517578,109.4800033569336,85.45271301269531,1868600
2017-07-28,109.54000091552734,109.69999694824219,109.48999786376953,109.69999694824219,85.62445068359375,1894200
2017-07-31,109.69000244140625,109.7300033569336,109.58000183105469,109.6500015258789,85.5854263305664,2363000
2017-08-01,109.37999725341797,109.72000122070312,109.36000061035156,109.72000122070312,85.82007598876953,2338900
2017-08-02,109.70999908447266,109.7699966430664,109.63999938964844,109.63999938964844,85.75747680664062,2253300
2017-08-03,109.7699966430664,109.94000244140625,109.73999786376953,109.86000061035156,85.92955780029297,1485200
2017-08-04,109.69999694824219,109.72000122070312,109.54000091552734,109.68000030517578,85.7887954711914,2300900
2017-08-07,109.69000244140625,109.72000122070312,109.61000061035156,109.66999816894531,85.78092193603516,2359800
2017-08-08,109.66999816894531,109.69000244140625,109.5,109.56999969482422,85.70272827148438,2570800
2017-08-09,109.87000274658203,109.87000274658203,109.66000366210938,109.66999816894531,85.78092193603516,2308900
2017-08-10,109.69999694824219,109.8499984741211,109.66999816894531,109.77999877929688,85.86699676513672,2004200
2017-08-11,109.75,109.94000244140625,109.68000030517578,109.87000274658203,85.93739318847656,1913300
2017-08-14,109.83999633789062,109.9000015258789,109.73999786376953,109.81999969482422,85.89826202392578,2293900
2017-08-15,109.55999755859375,109.72000122070312,109.55999755859375,109.66000366210938,85.77312469482422,2177400
2017-08-16,109.54000091552734,109.93000030517578,109.54000091552734,109.86000061035156,85.92955780029297,1956500
2017-08-17,109.83000183105469,110.0199966430664,109.77999877929688,110.0199966430664,86.05473327636719,5403500
2017-08-18,110.05000305175781,110.13999938964844,109.88999938964844,109.94999694824219,85.9999771118164,1564800
2017-08-21,110.01000213623047,110.08999633789062,109.97000122070312,110.02999877929688,86.06255340576172,1717600
2017-08-22,109.98999786376953,110.0199966430664,109.87000274658203,109.93000030517578,85.98429870605469,1992300
2017-08-23,110.08000183105469,110.19000244140625,110.01000213623047,110.18000030517578,86.17987823486328,1894900
2017-08-24,110.06999969482422,110.16000366210938,109.98999786376953,110.04000091552734,86.07034301757812,2102100
2017-08-25,110.05000305175781,110.19000244140625,110.01000213623047,110.12000274658203,86.13294982910156,2326800
2017-08-28,110.16999816894531,110.23999786376953,110.0999984741211,110.16000366210938,86.16419982910156,4476000
2017-08-29,110.4800033569336,110.48999786376953,110.26000213623047,110.31999969482422,86.28934478759766,2092200
2017-08-30,110.2699966430664,110.33000183105469,110.23999786376953,110.30000305175781,86.27374267578125,1505700
2017-08-31,110.30999755859375,110.45999908447266,110.30999755859375,110.44999694824219,86.39103698730469,5308300
2017-09-01,110.19000244140625,110.22000122070312,109.91000366210938,109.97000122070312,86.19510650634766,2824200
2017-09-05,110.2699966430664,110.5,110.20999908447266,110.41999816894531,86.54781341552734,2257000
2017-09-06,110.41999816894531,110.5199966430664,110.2300033569336,110.30000305175781,86.45378112792969,2720200
2017-09-07,110.43000030517578,110.66000366210938,110.41999816894531,110.56999969482422,86.66537475585938,1648800
2017-09-08,110.54000091552734,110.58000183105469,110.43000030517578,110.44000244140625,86.56349182128906,2363200
2017-09-11,110.2699966430664,110.29000091552734,110.0999984741211,110.13999938964844,86.3283462524414,2492700
2017-09-12,110.04000091552734,110.05999755859375,109.91999816894531,109.9800033569336,86.20293426513672,2403600
2017-09-13,110.0,110.04000091552734,109.86000061035156,109.87000274658203,86.11671447753906,1304100
2017-09-14,109.80999755859375,109.97000122070312,109.80999755859375,109.93000030517578,86.1637191772461,1704200
2017-09-15,110.0,110.04000091552734,109.86000061035156,109.91000366210938,86.1480484008789,2818000
2017-09-18,109.86000061035156,109.9000015258789,109.7699966430664,109.86000061035156,86.10888671875,1946300
2017-09-19,109.91000366210938,109.95999908447266,109.79000091552734,109.80000305175781,86.06185150146484,1407200
2017-09-20,109.83999633789062,109.91999816894531,109.58999633789062,109.70999908447266,85.99130249023438,1356800
2017-09-21,109.81999969482422,109.8499984741211,109.68000030517578,109.69000244140625,85.97559356689453,2210900
2017-09-22,109.86000061035156,109.9000015258789,109.75,109.7699966430664,86.0383071899414,1461800
2017-09-25,109.8499984741211,110.04000091552734,109.81999969482422,110.02999877929688,86.24211883544922,3937600
2017-09-26,109.94999694824219,110.0199966430664,109.87999725341797,109.98999786376953,86.21080780029297,2749900
2017-09-27,109.66999816894531,109.75,109.5999984741211,109.66999816894531,85.9599380493164,3042800
2017-09-28,109.58000183105469,109.72000122070312,109.51000213623047,109.68000030517578,85.96781158447266,1702500
2017-09-29,109.73999786376953,109.7699966430664,109.54000091552734,109.58999633789062,85.89726257324219,5770800
2017-10-02,109.43000030517578,109.51000213623047,109.33000183105469,109.43000030517578,85.94988250732422,5692200
2017-10-03,109.45999908447266,109.54000091552734,109.4000015258789,109.5199966430664,86.02056884765625,2462200
2017-10-04,109.55999755859375,109.56999969482422,109.41000366210938,109.48999786376953,85.99698638916016,2673200
2017-10-05,109.54000091552734,109.54000091552734,109.37000274658203,109.44000244140625,85.95771789550781,1909900
2017-10-06,109.22000122070312,109.41999816894531,109.1500015258789,109.27999877929688,85.8320541381836,1824000
2017-10-09,109.3499984741211,109.43000030517578,109.30000305175781,109.43000030517578,85.94988250732422,1131500
2017-10-10,109.47000122070312,109.61000061035156,109.4000015258789,109.44000244140625,85.95771789550781,1635800
2017-10-11,109.47000122070312,109.52999877929688,109.41999816894531,109.45999908447266,85.97344970703125,1866400
2017-10-12,109.55999755859375,109.61000061035156,109.4800033569336,109.58999633789062,86.0755386352539,1933400
2017-10-13,109.81999969482422,109.87000274658203,109.69000244140625,109.86000061035156,86.28759765625,1743800
2017-10-16,109.75,109.80999755859375,109.66000366210938,109.75,86.2011947631836,3788100
2017-10-17,109.62000274658203,109.73999786376953,109.55000305175781,109.70999908447266,86.16978454589844,1764400
2017-10-18,109.51000213623047,109.55999755859375,109.45999908447266,109.54000091552734,86.0362777709961,1663800
2017-10-19,109.70999908447266,109.75,109.54000091552734,109.62000274658203,86.09912872314453,1877000
2017-10-20,109.31999969482422,109.41000366210938,109.26000213623047,109.30000305175781,85.8477554321289,2014200
2017-10-23,109.4000015258789,109.47000122070312,109.36000061035156,109.41999816894531,85.9420166015625,2000800
2017-10-24,109.2300033569336,109.29000091552734,109.16999816894531,109.19000244140625,85.7613754272461,1722300
2017-10-25,108.95999908447266,109.12999725341797,108.94999694824219,109.12000274658203,85.7063980102539,2945400
2017-10-26,109.19999694824219,109.2300033569336,108.9800033569336,109.0,85.61213684082031,2163500
2017-10-27,109.06999969482422,109.26000213623047,109.04000091552734,109.23999786376953,85.80062866210938,1902500
2017-10-30,109.43000030517578,109.55999755859375,109.36000061035156,109.54000091552734,86.0362777709961,2384800
2017-10-31,109.5199966430664,109.55000305175781,109.44000244140625,109.47000122070312,85.98126983642578,3719900
2017-11-01,109.16999816894531,109.41000366210938,109.16999816894531,109.29000091552734,86.01908874511719,2959400
2017-11-02,109.3499984741211,109.5,109.33000183105469,109.3499984741211,86.06631469726562,2160500
2017-11-03,109.4800033569336,109.4800033569336,109.29000091552734,109.44999694824219,86.14501953125,1781200
2017-11-06,109.55999755859375,109.58999633789062,109.45999908447266,109.55000305175781,86.22369384765625,1293000
2017-11-07,109.58000183105469,109.61000061035156,109.48999786376953,109.58000183105469,86.2473373413086,2015500
2017-11-08,109.54000091552734,109.5999984741211,109.45999908447266,109.51000213623047,86.19220733642578,2742600
2017-11-09,109.38999938964844,109.45999908447266,109.30000305175781,109.43000030517578,86.12928009033203,2479800
2017-11-10,109.05999755859375,109.1500015258789,108.97000122070312,108.98999786376953,85.78297424316406,1751100
2017-11-13,109.11000061035156,109.11000061035156,108.95999908447266,108.98999786376953,85.78297424316406,1891600
2017-11-14,109.01000213623047,109.12000274658203,109.0,109.0999984741211,85.86949920654297,2799900
2017-11-15,109.26000213623047,109.37999725341797,109.13999938964844,109.30999755859375,86.03482055664062,2495700
2017-11-16,109.22000122070312,109.31999969482422,109.18000030517578,109.19000244140625,85.94035339355469,1912600
2017-11-17,109.33000183105469,109.38999938964844,109.26000213623047,109.30999755859375,86.03482055664062,3544600
2017-11-20,109.2300033569336,109.30000305175781,109.18000030517578,109.25,85.98757934570312,2639100
2017-11-21,109.38999938964844,109.43000030517578,109.22000122070312,109.36000061035156,86.07418060302734,2297400
2017-11-22,109.4000015258789,109.55999755859375,109.37999725341797,109.55000305175781,86.22369384765625,6104100
2017-11-24,109.5,109.55999755859375,109.4800033569336,109.52999877929688,86.20792388916016,1693500
2017-11-27,109.52999877929688,109.58000183105469,109.44000244140625,109.52999877929688,86.20792388916016,2653300
2017-11-28,109.58999633789062,109.62999725341797,109.47000122070312,109.52999877929688,86.20792388916016,5126900
2017-11-29,109.2699966430664,109.31999969482422,109.18000030517578,109.26000213623047,85.9954833984375,2423700
2017-11-30,109.25,109.30000305175781,109.0199966430664,109.08000183105469,85.85379791259766,4011300
2017-12-01,109.0199966430664,109.4800033569336,108.8499984741211,109.16000366210938,86.09910583496094,3410200
2017-12-04,109.02999877929688,109.16999816894531,109.0,109.1500015258789,86.09120178222656,2652800
2017-12-05,109.26000213623047,109.26000213623047,109.08000183105469,109.26000213623047,86.177978515625,2995500
2017-12-06,109.44000244140625,109.5199966430664,109.37000274658203,109.37000274658203,86.26470947265625,2965800
2017-12-07,109.37999725341797,109.45999908447266,109.1500015258789,109.2300033569336,86.154296875,2584100
2017-12-08,109.20999908447266,109.29000091552734,109.1500015258789,109.19000244140625,86.1227798461914,1685000
2017-12-11,109.13999938964844,109.31999969482422,109.12999725341797,109.1500015258789,86.09120178222656,2612400
2017-12-12,109.0999984741211,109.11000061035156,108.94999694824219,109.0999984741211,86.05172729492188,3142400
2017-12-13,109.2300033569336,109.55000305175781,109.13999938964844,109.41000366210938,86.29627227783203,3109500
2017-12-14,109.30999755859375,109.51000213623047,109.2300033569336,109.44000244140625,86.3199462890625,4126100
2017-12-15,109.41999816894531,109.55000305175781,109.31999969482422,109.47000122070312,86.34358978271484,2403700
2017-12-18,109.47000122070312,109.47000122070312,109.25,109.33000183105469,86.23316955566406,4474300
2017-12-19,109.13999938964844,109.16000366210938,108.88999938964844,109.01000213623047,85.98075866699219,2820900
2017-12-20,108.75,108.87999725341797,108.70999908447266,108.76000213623047,85.7835922241211,4002500
2017-12-21,108.76000213623047,108.87000274658203,108.7300033569336,108.81999969482422,85.85933685302734,2374500
2017-12-22,108.81999969482422,108.88999938964844,108.80999755859375,108.87000274658203,85.89879608154297,3292800
2017-12-26,108.91000366210938,109.01000213623047,108.87000274658203,108.95999908447266,85.96980285644531,1873400
2017-12-27,109.0199966430664,109.33000183105469,109.0199966430664,109.30000305175781,86.2380599975586,2046900
2017-12-28,109.22000122070312,109.26000213623047,109.13999938964844,109.22000122070312,86.1749267578125,2895400
2017-12-29,109.27999877929688,109.38999938964844,109.23999786376953,109.33000183105469,86.26172637939453,2813400
2018-01-02,109.26000213623047,109.30999755859375,108.97000122070312,109.16999816894531,86.1354751586914,8850900
2018-01-03,109.25,109.25,109.08999633789062,109.18000030517578,86.14337158203125,2441700
2018-01-04,109.0199966430664,109.1500015258789,108.97000122070312,109.11000061035156,86.08812713623047,2945400
2018-01-05,109.1500015258789,109.1500015258789,108.94999694824219,109.04000091552734,86.032958984375,4322900
2018-01-08,109.11000061035156,109.11000061035156,108.94999694824219,109.01000213623047,86.00920867919922,3394500
2018-01-09,108.91000366210938,108.91000366210938,108.69000244140625,108.70999908447266,85.77255249023438,2301300
2018-01-10,108.4800033569336,108.72000122070312,108.43000030517578,108.70999908447266,85.77255249023438,4194300
2018-01-11,108.66000366210938,108.86000061035156,108.61000061035156,108.76000213623047,85.81199645996094,3470400
2018-01-12,108.63999938964844,108.83000183105469,108.62999725341797,108.73999786376953,85.79623413085938,3605900
2018-01-16,108.87000274658203,108.9800033569336,108.72000122070312,108.7699966430664,85.81988525390625,6794400
2018-01-17,108.7300033569336,108.83999633789062,108.62000274658203,108.6500015258789,85.7251968383789,3146300
2018-01-18,108.43000030517578,108.52999877929688,108.3499984741211,108.41000366210938,85.53582763671875,2896500
2018-01-19,108.4000015258789,108.4000015258789,108.13999938964844,108.18000030517578,85.3543472290039,2933800
2018-01-22,108.22000122070312,108.30000305175781,108.11000061035156,108.13999938964844,85.32282257080078,3983200
2018-01-23,108.33000183105469,108.44000244140625,108.29000091552734,108.4000015258789,85.5279312133789,4775600
2018-01-24,108.25,108.31999969482422,108.1500015258789,108.29000091552734,85.44115447998047,2362300
2018-01-25,108.26000213623047,108.56999969482422,108.19000244140625,108.56999969482422,85.66210174560547,9851600
2018-01-26,108.51000213623047,108.51000213623047,108.2699966430664,108.37000274658203,85.5042953491211,3808000
2018-01-29,108.13999938964844,108.25,108.0199966430664,108.18000030517578,85.3543472290039,3974900
2018-01-30,108.12000274658203,108.12000274658203,107.91999816894531,108.01000213623047,85.22026062011719,3659500
2018-01-31,108.19999694824219,108.20999908447266,107.87999725341797,108.0999984741211,85.29124450683594,8066500
2018-02-01,107.75,107.83000183105469,107.4800033569336,107.5199966430664,85.02396392822266,9678700
2018-02-02,107.25,107.3499984741211,107.0999984741211,107.19999694824219,84.77094268798828,4779300
2018-02-05,107.12999725341797,107.80999755859375,107.0,107.62999725341797,85.11096954345703,5991700
2018-02-06,107.45999908447266,107.55999755859375,107.27999877929688,107.31999969482422,84.8658218383789,6031400
2018-02-07,107.43000030517578,107.44000244140625,107.0,107.08000183105469,84.67606353759766,4115600
2018-02-08,106.83999633789062,107.13999938964844,106.7699966430664,106.9000015258789,84.53368377685547,4761600
2018-02-09,106.72000122070312,107.06999969482422,106.69999694824219,106.76000213623047,84.42296600341797,5926100
2018-02-12,106.73999786376953,106.94999694824219,106.66000366210938,106.79000091552734,84.44668579101562,5421400
2018-02-13,106.79000091552734,106.91000366210938,106.69999694824219,106.81999969482422,84.47039794921875,4256200
2018-02-14,106.56999969482422,106.66000366210938,106.4000015258789,106.45999908447266,84.18574523925781,4317000
2018-02-15,106.55999755859375,106.7300033569336,106.52999877929688,106.58999633789062,84.2885513305664,2878900
2018-02-16,106.8499984741211,106.87999725341797,106.70999908447266,106.80000305175781,84.45458984375,3648900
2018-02-20,106.69000244140625,106.70999908447266,106.55000305175781,106.69000244140625,84.36764526367188,2907400
2018-02-21,106.7699966430664,106.80000305175781,106.26000213623047,106.3499984741211,84.09879302978516,3223800
2018-02-22,106.48999786376953,106.55999755859375,106.36000061035156,106.36000061035156,84.10667419433594,2485400
2018-02-23,106.61000061035156,106.76000213623047,106.56999969482422,106.62999725341797,84.3201675415039,2398100
2018-02-26,106.87999725341797,106.94999694824219,106.69000244140625,106.70999908447266,84.3834457397461,4617300
2018-02-27,106.77999877929688,106.81999969482422,106.37999725341797,106.4800033569336,84.2015609741211,5704700
2018-02-28,106.58999633789062,106.7699966430664,106.54000091552734,106.7699966430664,84.43087005615234,9614100
2018-03-01,106.54000091552734,106.72000122070312,106.37999725341797,106.62999725341797,84.50619506835938,7335500
2018-03-02,106.47000122070312,106.55000305175781,106.36000061035156,106.45999908447266,84.3714599609375,3717300
2018-03-05,106.5999984741211,106.6500015258789,106.27999877929688,106.4000015258789,84.32388305664062,3307200
2018-03-06,106.44999694824219,106.55999755859375,106.37999725341797,106.41999816894531,84.33977508544922,1932100
2018-03-07,106.51000213623047,106.55000305175781,106.37000274658203,106.4000015258789,84.32388305664062,3448700
2018-03-08,106.41999816894531,106.62999725341797,106.41999816894531,106.56999969482422,84.45862579345703,2396200
2018-03-09,106.43000030517578,106.45999908447266,106.30000305175781,106.37000274658203,84.30012512207031,3669400
2018-03-12,106.43000030517578,106.48999786376953,106.37000274658203,106.43000030517578,84.34764099121094,4149500
2018-03-13,106.58999633789062,106.5999984741211,106.44999694824219,106.56999969482422,84.45862579345703,2727500
2018-03-14,106.54000091552734,106.8499984741211,106.5199966430664,106.75,84.60128784179688,3126400
2018-03-15,106.7300033569336,106.80999755859375,106.63999938964844,106.76000213623047,84.60920715332031,3045500
2018-03-16,106.62000274658203,106.72000122070312,106.5999984741211,106.69999694824219,84.5616455078125,2552700
2018-03-19,106.55999755859375,106.73999786376953,106.52999877929688,106.58999633789062,84.47447967529297,2263200
2018-03-20,106.44000244140625,106.51000213623047,106.4000015258789,106.41999816894531,84.33977508544922,3000700
2018-03-21,106.31999969482422,106.4800033569336,106.08000183105469,106.41000366210938,84.3318099975586,2994400
2018-03-22,106.66999816894531,106.80000305175781,106.48999786376953,106.61000061035156,84.49032592773438,3334400
2018-03-23,106.45999908447266,106.69999694824219,106.45999908447266,106.61000061035156,84.49032592773438,3618700
2018-03-26,106.63999938964844,106.70999908447266,106.47000122070312,106.56999969482422,84.45862579345703,4546500
2018-03-27,106.62999725341797,106.94999694824219,106.61000061035156,106.87999725341797,84.70429992675781,4537700
2018-03-28,107.05000305175781,107.0999984741211,106.87999725341797,106.94000244140625,84.75186157226562,5617200
2018-03-29,106.94999694824219,107.26000213623047,106.94999694824219,107.25,84.99755859375,8300000
2018-04-02,106.9000015258789,107.04000091552734,106.81999969482422,106.9000015258789,84.91256713867188,7280300
2018-04-03,106.81999969482422,106.87000274658203,106.73999786376953,106.77999877929688,84.81719970703125,9916100
2018-04-04,106.9000015258789,106.93000030517578,106.79000091552734,106.81999969482422,84.84898376464844,6200900
2018-04-05,106.70999908447266,106.76000213623047,106.62999725341797,106.66999816894531,84.72984313964844,2592500
2018-04-06,106.88999938964844,106.9800033569336,106.79000091552734,106.91000366210938,84.92047882080078,2814800
2018-04-09,106.83000183105469,107.0,106.77999877929688,107.0,84.99201202392578,3746500
2018-04-10,106.94999694824219,106.98999786376953,106.83000183105469,106.91999816894531,84.92845916748047,2941900
2018-04-11,107.05000305175781,107.05999755859375,106.93000030517578,107.01000213623047,84.99991607666016,8598800
2018-04-12,106.91000366210938,106.93000030517578,106.76000213623047,106.7699966430664,84.80924987792969,3899000
2018-04-13,106.69000244140625,106.83999633789062,106.66999816894531,106.80000305175781,84.83309173583984,2764800
2018-04-16,106.63999938964844,106.83999633789062,106.61000061035156,106.81999969482422,84.84898376464844,3860800
2018-04-17,106.80999755859375,106.88999938964844,106.75,106.8499984741211,84.87287139892578,2363000
2018-04-18,106.73999786376953,106.75,106.54000091552734,106.55000305175781,84.6345443725586,2231700
2018-04-19,106.33999633789062,106.38999938964844,106.23999786376953,106.29000091552734,84.42800903320312,10985100
2018-04-20,106.1500015258789,106.23999786376953,106.0,106.0,84.19768524169922,2766000
2018-04-23,105.9800033569336,106.01000213623047,105.9000015258789,105.94999694824219,84.157958984375,2620800
2018-04-24,105.8499984741211,105.91999816894531,105.77999877929688,105.80999755859375,84.04674530029297,3442300
2018-04-25,105.72000122070312,105.73999786376953,105.5999984741211,105.66999816894531,83.93555450439453,3785000
2018-04-26,105.83000183105469,105.9000015258789,105.76000213623047,105.8499984741211,84.0784912109375,4870300
2018-04-27,105.95999908447266,106.04000091552734,105.94000244140625,105.9800033569336,84.18179321289062,3806400
2018-04-30,106.01000213623047,106.12000274658203,105.98999786376953,106.0,84.19768524169922,4692600
2018-05-01,105.7300033569336,105.79000091552734,105.5999984741211,105.66999816894531,84.12602996826172,3027000
2018-05-02,105.69999694824219,105.77999877929688,105.62000274658203,105.66999816894531,84.12602996826172,2560800
2018-05-03,105.81999969482422,105.94999694824219,105.77999877929688,105.79000091552734,84.22157287597656,4499200
2018-05-04,105.91999816894531,105.93000030517578,105.70999908447266,105.86000061035156,84.27729034423828,2317100
2018-05-07,105.87999725341797,105.87999725341797,105.7699966430664,105.80999755859375,84.23747253417969,1533400
2018-05-08,105.66000366210938,105.75,105.5999984741211,105.69000244140625,84.14193725585938,2591700
2018-05-09,105.55999755859375,105.63999938964844,105.5199966430664,105.56999969482422,84.0464096069336,2507500
2018-05-10,105.75,105.81999969482422,105.69000244140625,105.80999755859375,84.23747253417969,2096700
2018-05-11,105.9000015258789,105.9000015258789,105.76000213623047,105.86000061035156,84.27729034423828,2034100
2018-05-14,105.79000091552734,105.8499984741211,105.73999786376953,105.76000213623047,84.19762420654297,2183500
2018-05-15,105.48999786376953,105.48999786376953,105.19000244140625,105.29000091552734,83.8235092163086,2166400
2018-05-16,105.36000061035156,105.41999816894531,105.1500015258789,105.16999816894531,83.72797393798828,2477500
2018-05-17,105.19000244140625,105.20999908447266,105.0,105.02999877929688,83.61650848388672,2789000
2018-05-18,105.16000366210938,105.31999969482422,105.16000366210938,105.30000305175781,83.8314437866211,2151100
2018-05-21,105.27999877929688,105.37000274658203,105.23999786376953,105.30999755859375,83.83941650390625,1952200
2018-05-22,105.31999969482422,105.37000274658203,105.27999877929688,105.30999755859375,83.83941650390625,2246400
2018-05-23,105.5,105.6500015258789,105.4800033569336,105.5999984741211,84.07027435302734,6061900
2018-05-24,105.81999969482422,105.95999908447266,105.81999969482422,105.88999938964844,84.30120086669922,2903300
2018-05-25,106.0999984741211,106.18000030517578,106.02999877929688,106.12000274658203,84.4842758178711,2508100
2018-05-29,106.37000274658203,107.0,106.31999969482422,106.81999969482422,85.0415267944336,3494200
2018-05-30,106.54000091552734,106.66999816894531,106.4000015258789,106.55000305175781,84.82660675048828,3158200
2018-05-31,106.5199966430664,106.66999816894531,106.38999938964844,106.45999908447266,84.75496673583984,5157400
2018-06-01,105.94999694824219,106.12999725341797,105.91000366210938,106.08000183105469,84.65038299560547,6206800
2018-06-04,106.0,106.01000213623047,105.79000091552734,105.83000183105469,84.4509048461914,4288100
2018-06-05,105.98999786376953,106.04000091552734,105.8499984741211,105.91000366210938,84.5147705078125,1848300
2018-06-06,105.70999908447266,105.75,105.58000183105469,105.66999816894531,84.3232421875,2705800
2018-06-07,105.63999938964844,106.12000274658203,105.62000274658203,105.9000015258789,84.50677490234375,2724800
2018-06-08,105.75,105.9000015258789,105.73999786376953,105.75,84.38709259033203,3416800
2018-06-11,105.6500015258789,105.73999786376953,105.56999969482422,105.63999938964844,84.29930114746094,4330800
2018-06-12,105.55999755859375,105.69000244140625,105.55999755859375,105.66999816894531,84.3232421875,3546500
2018-06-13,105.68000030517578,105.75,105.37999725341797,105.56999969482422,84.24342346191406,3627200
2018-06-14,105.75,105.86000061035156,105.69000244140625,105.83999633789062,84.45887756347656,4689600
2018-06-15,106.01000213623047,106.08999633789062,105.86000061035156,105.87999725341797,84.49077606201172,2361800
2018-06-18,105.93000030517578,105.93000030517578,105.80000305175781,105.9000015258789,84.50677490234375,2359300
2018-06-19,106.05000305175781,106.11000061035156,105.9800033569336,106.01000213623047,84.59455108642578,2184200
2018-06-20,106.05999755859375,106.05999755859375,105.79000091552734,105.80999755859375,84.43496704101562,2403700
2018-06-21,105.87999725341797,105.95999908447266,105.80999755859375,105.83999633789062,84.45887756347656,2895500
2018-06-22,105.81999969482422,105.94000244140625,105.80000305175781,105.94000244140625,84.53868103027344,1846000
2018-06-25,105.94999694824219,106.04000091552734,105.86000061035156,105.87999725341797,84.49077606201172,5522900
2018-06-26,105.98999786376953,106.05000305175781,105.94000244140625,106.05000305175781,84.62647247314453,2665200
2018-06-27,106.2300033569336,106.30999755859375,106.16000366210938,106.23999786376953,84.7780990600586,3001300
2018-06-28,106.27999877929688,106.29000091552734,106.16000366210938,106.2300033569336,84.77013397216797,1798900
2018-06-29,106.30000305175781,106.41999816894531,106.25,106.31999969482422,84.84190368652344,7117300
2018-07-02,106.0999984741211,106.12999725341797,105.98999786376953,105.98999786376953,84.7611312866211,7159900
2018-07-03,106.02999877929688,106.20999908447266,106.02999877929688,106.20999908447266,84.93706512451172,2425100
2018-07-05,106.22000122070312,106.33999633789062,106.20999908447266,106.30999755859375,85.01708221435547,2739900
2018-07-06,106.41000366210938,106.44999694824219,106.31999969482422,106.41999816894531,85.10503387451172,2598700
2018-07-09,106.29000091552734,106.33999633789062,106.25,106.31999969482422,85.02505493164062,1926000
2018-07-10,106.27999877929688,106.30000305175781,106.19000244140625,106.23999786376953,84.96109008789062,2489700
2018-07-11,106.33000183105469,106.3499984741211,106.22000122070312,106.27999877929688,84.9930648803711,5385000
2018-07-12,106.26000213623047,106.41999816894531,106.26000213623047,106.41000366210938,85.09703063964844,2145800
2018-07-13,106.44000244140625,106.5199966430664,106.44000244140625,106.51000213623047,85.17700958251953,2126900
2018-07-16,106.3499984741211,106.4000015258789,106.23999786376953,106.38999938964844,85.08106231689453,2116500
2018-07-17,106.4000015258789,106.44999694824219,106.29000091552734,106.3499984741211,85.04904174804688,2964100
2018-07-18,106.36000061035156,106.38999938964844,106.2699966430664,106.31999969482422,85.02505493164062,1760900
2018-07-19,106.33999633789062,106.55000305175781,106.30999755859375,106.4800033569336,85.15299987792969,2163200
2018-07-20,106.37999725341797,106.44000244140625,106.19999694824219,106.2699966430664,84.98507690429688,2920200
2018-07-23,106.16999816894531,106.19000244140625,105.88999938964844,105.9000015258789,84.689208984375,1848500
2018-07-24,105.91999816894531,106.06999969482422,105.9000015258789,106.05000305175781,84.80912017822266,3590200
2018-07-25,106.12000274658203,106.16999816894531,105.94999694824219,106.05999755859375,84.81710815429688,3318300
2018-07-26,106.0999984741211,106.1500015258789,105.94999694824219,106.0,84.76917266845703,2245000
2018-07-27,106.12999725341797,106.16000366210938,106.04000091552734,106.08000183105469,84.83311462402344,2637400
2018-07-30,105.94000244140625,106.05000305175781,105.91000366210938,105.97000122070312,84.74517059326172,5518200
2018-07-31,106.11000061035156,106.18000030517578,106.05000305175781,106.05999755859375,84.81710815429688,5928100
2018-08-01,105.55000305175781,105.76000213623047,105.51000213623047,105.69999694824219,84.72977447509766,4534100
2018-08-02,105.76000213623047,105.76000213623047,105.6500015258789,105.73999786376953,84.7618408203125,3671900
2018-08-03,105.80999755859375,105.9800033569336,105.80999755859375,105.97000122070312,84.94621276855469,2542900
2018-08-06,106.02999877929688,106.11000061035156,106.0,106.04000091552734,85.00233459472656,4120000
2018-08-07,105.97000122070312,105.97000122070312,105.83000183105469,105.8499984741211,84.85000610351562,2532800
2018-08-08,105.83000183105469,105.91000366210938,105.80000305175781,105.8499984741211,84.85000610351562,1937500
2018-08-09,105.97000122070312,106.04000091552734,105.93000030517578,106.0,84.97026062011719,2386400
2018-08-10,106.11000061035156,106.36000061035156,106.11000061035156,106.2300033569336,85.15460968017578,4136300
2018-08-13,106.16000366210938,106.30000305175781,106.1500015258789,106.29000091552734,85.20272064208984,2786300
2018-08-14,106.30000305175781,106.33000183105469,106.16000366210938,106.19000244140625,85.12256622314453,6087400
2018-08-15,106.29000091552734,106.44000244140625,106.25,106.33999633789062,85.24279022216797,4652700
2018-08-16,106.37999725341797,106.41999816894531,106.23999786376953,106.4000015258789,85.29090118408203,2658200
2018-08-17,106.43000030517578,106.55000305175781,106.37999725341797,106.45999908447266,85.3389892578125,2071100
2018-08-20,106.58999633789062,106.68000030517578,106.52999877929688,106.66999816894531,85.50733947753906,2355500
2018-08-21,106.58000183105469,106.62000274658203,106.51000213623047,106.58000183105469,85.43514251708984,2835000
2018-08-22,106.66000366210938,106.70999908447266,106.56999969482422,106.66999816894531,85.50733947753906,2190000
2018-08-23,106.66999816894531,106.70999908447266,106.61000061035156,106.61000061035156,85.45922088623047,1568600
2018-08-24,106.5,106.7300033569336,106.48999786376953,106.7300033569336,85.55542755126953,3649700
2018-08-27,106.58999633789062,106.66000366210938,106.55999755859375,106.58999633789062,85.44319152832031,3233500
2018-08-28,106.44999694824219,106.48999786376953,106.36000061035156,106.38999938964844,85.28289031982422,2558100
2018-08-29,106.37999725341797,106.41000366210938,106.29000091552734,106.37000274658203,85.26683807373047,2792400
2018-08-30,106.47000122070312,106.5,106.37999725341797,106.41999816894531,85.30691528320312,2803200
2018-08-31,106.58000183105469,106.5999984741211,106.41000366210938,106.41000366210938,85.29891204833984,3308700
2018-09-04,106.0199966430664,106.12000274658203,105.9800033569336,106.05999755859375,85.20409393310547,3164000
2018-09-05,106.05000305175781,106.08000183105469,105.95999908447266,106.01000213623047,85.1639175415039,2788300
2018-09-06,106.08999633789062,106.2699966430664,106.08999633789062,106.19000244140625,85.30851745605469,2248500
2018-09-07,105.91999816894531,105.94000244140625,105.80999755859375,105.80999755859375,85.00323486328125,2571600
2018-09-10,105.8499984741211,105.94999694824219,105.8499984741211,105.91000366210938,85.0836181640625,3305700
2018-09-11,105.77999877929688,105.83999633789062,105.69999694824219,105.7300033569336,84.93903350830078,4919000
2018-09-12,105.80999755859375,105.88999938964844,105.80000305175781,105.80000305175781,84.99526977539062,4168900
2018-09-13,105.95999908447266,106.0,105.8499984741211,105.87000274658203,85.05147552490234,2280200
2018-09-14,105.72000122070312,105.79000091552734,105.66000366210938,105.66999816894531,84.89082336425781,2693000
2018-09-17,105.6500015258789,105.77999877929688,105.5999984741211,105.66999816894531,84.89082336425781,5721700
2018-09-18,105.58999633789062,105.5999984741211,105.38999938964844,105.44000244140625,84.70602416992188,2206000
2018-09-19,105.41999816894531,105.43000030517578,105.22000122070312,105.23999786376953,84.54533386230469,2700600
2018-09-20,105.2300033569336,105.44999694824219,105.2300033569336,105.37999725341797,84.6578369140625,2897700
2018-09-21,105.33999633789062,105.47000122070312,105.31999969482422,105.45999908447266,84.72212219238281,2792600
2018-09-24,105.33000183105469,105.45999908447266,105.30999755859375,105.36000061035156,84.64175415039062,1895000
2018-09-25,105.25,105.30999755859375,105.18000030517578,105.30999755859375,84.60157012939453,2059400
2018-09-26,105.37000274658203,105.5999984741211,105.33999633789062,105.55999755859375,84.80241394042969,2912100
2018-09-27,105.5,105.63999938964844,105.5,105.62999725341797,84.85868072509766,2528100
2018-09-28,105.69000244140625,105.70999908447266,105.51000213623047,105.5199966430664,84.77030944824219,4883900
2018-10-01,105.3499984741211,105.3499984741211,105.19999694824219,105.23999786376953,84.74779510498047,3518400
2018-10-02,105.31999969482422,105.45999908447266,105.25,105.36000061035156,84.84437561035156,6912600
2018-10-03,105.22000122070312,105.23999786376953,104.75,104.86000061035156,84.44174194335938,2540500
2018-10-04,104.6500015258789,104.72000122070312,104.47000122070312,104.55999755859375,84.20016479492188,5268200
2018-10-05,104.45999908447266,104.4800033569336,104.19000244140625,104.33000183105469,84.01493072509766,3460500
2018-10-08,104.37999725341797,104.4000015258789,104.29000091552734,104.29000091552734,83.98271179199219,2268000
2018-10-09,104.38999938964844,104.51000213623047,104.31999969482422,104.44000244140625,84.10350799560547,21903200
2018-10-10,104.33999633789062,104.45999908447266,104.2300033569336,104.41000366210938,84.07938385009766,3834800
2018-10-11,104.58999633789062,104.86000061035156,104.51000213623047,104.72000122070312,84.32902526855469,7053900
2018-10-12,104.70999908447266,104.87000274658203,104.68000030517578,104.75,84.35316467285156,5017400
2018-10-15,104.7300033569336,104.77999877929688,104.62000274658203,104.68000030517578,84.29679107666016,3047700
2018-10-16,104.69000244140625,104.73999786376953,104.58000183105469,104.73999786376953,84.34510040283203,5750100
2018-10-17,104.70999908447266,104.7699966430664,104.5199966430664,104.52999877929688,84.17598724365234,2844200
2018-10-18,104.38999938964844,104.62000274658203,104.37999725341797,104.45999908447266,84.11962127685547,3158200
2018-10-19,104.47000122070312,104.55000305175781,104.33999633789062,104.37000274658203,84.04716491699219,2985800
2018-10-22,104.47000122070312,104.5199966430664,104.33999633789062,104.3499984741211,84.03102111816406,2807300
2018-10-23,104.66999816894531,104.73999786376953,104.4800033569336,104.4800033569336,84.1357421875,3524300
2018-10-24,104.69000244140625,104.80999755859375,104.66999816894531,104.75,84.35316467285156,4465100
2018-10-25,104.70999908447266,104.7699966430664,104.61000061035156,104.66000366210938,84.28067016601562,8290200
2018-10-26,104.87999725341797,105.05000305175781,104.87000274658203,104.9000015258789,84.47395324707031,5811400
2018-10-29,104.86000061035156,104.88999938964844,104.72000122070312,104.79000091552734,84.3853530883789,5075100
2018-10-30,104.68000030517578,104.77999877929688,104.63999938964844,104.63999938964844,84.26456451416016,2552000
2018-10-31,104.5,104.69999694824219,104.5,104.58999633789062,84.22431182861328,14880500
2018-11-01,104.22000122070312,104.41000366210938,104.20999908447266,104.33999633789062,84.43718719482422,7919000
2018-11-02,104.25,104.29000091552734,103.94000244140625,104.02999877929688,84.18627166748047,4491500
2018-11-05,104.13999938964844,104.16999816894531,104.06999969482422,104.0999984741211,84.2429428100586,3412600
2018-11-06,104.08999633789062,104.16999816894531,104.05999755859375,104.11000061035156,84.25101470947266,2619900
2018-11-07,104.25,104.36000061035156,104.13999938964844,104.19999694824219,84.3238754272461,4677200
2018-11-08,104.19000244140625,104.22000122070312,104.0,104.01000213623047,84.17008209228516,3489200
2018-11-09,104.06999969482422,104.25,104.06999969482422,104.13999938964844,84.27527618408203,2901900
2018-11-12,104.30999755859375,104.3499984741211,104.25,104.30999755859375,84.41285705566406,2779700
2018-11-13,104.30000305175781,104.37000274658203,104.20999908447266,104.3499984741211,84.44523620605469,2977100
2018-11-14,104.22000122070312,104.5,104.19999694824219,104.36000061035156,84.45333099365234,3395900
2018-11-15,104.4800033569336,104.51000213623047,104.30999755859375,104.48999786376953,84.55852508544922,3861300
2018-11-16,104.55000305175781,104.70999908447266,104.51000213623047,104.66000366210938,84.69608306884766,3332600
2018-11-19,104.61000061035156,104.7300033569336,104.61000061035156,104.6500015258789,84.68801879882812,4673200
2018-11-20,104.66999816894531,104.72000122070312,104.61000061035156,104.61000061035156,84.65560150146484,3162700
2018-11-21,104.5999984741211,104.69000244140625,104.58000183105469,104.68000030517578,84.71229553222656,5701700
2018-11-23,104.83999633789062,104.83999633789062,104.6500015258789,104.6500015258789,84.68801879882812,1665900
2018-11-26,104.66999816894531,104.66999816894531,104.58999633789062,104.62999725341797,84.67182159423828,4326100
2018-11-27,104.58000183105469,104.73999786376953,104.58000183105469,104.66000366210938,84.69608306884766,4107700
2018-11-28,104.62999725341797,104.91000366210938,104.56999969482422,104.86000061035156,84.8579330444336,8513900
2018-11-29,104.91999816894531,104.98999786376953,104.83999633789062,104.91000366210938,84.89845275878906,5922600
2018-11-30,104.93000030517578,104.95999908447266,104.81999969482422,104.87999725341797,84.87413024902344,6126200
2018-12-03,104.69000244140625,104.86000061035156,104.62999725341797,104.80000305175781,85.01286315917969,14037900
2018-12-04,104.9800033569336,105.27999877929688,104.94000244140625,105.08000183105469,85.23997497558594,5365200
2018-12-06,105.29000091552734,105.54000091552734,105.27999877929688,105.33999633789062,85.45088195800781,7396800
2018-12-07,105.38999938964844,105.55000305175781,105.27999877929688,105.4800033569336,85.56444549560547,5440200
2018-12-10,105.55000305175781,105.62999725341797,105.43000030517578,105.55000305175781,85.6212387084961,6096000
2018-12-11,105.62999725341797,105.72000122070312,105.51000213623047,105.58000183105469,85.6456069946289,8086200
2018-12-12,105.4800033569336,105.56999969482422,105.45999908447266,105.5,85.5806655883789,8089000
2018-12-13,105.58999633789062,105.6500015258789,105.52999877929688,105.52999877929688,85.60501098632812,5762500
2018-12-14,105.68000030517578,105.68000030517578,105.55999755859375,105.55999755859375,85.62936401367188,6265000
2018-12-17,105.66000366210938,105.77999877929688,105.61000061035156,105.73999786376953,85.7753677368164,7630500
2018-12-18,105.62999725341797,105.83999633789062,105.62999725341797,105.83999633789062,86.02732849121094,6626100
2018-12-19,105.87999725341797,106.16999816894531,105.79000091552734,105.94000244140625,86.10863494873047,7264800
2018-12-20,106.0999984741211,106.12000274658203,105.80999755859375,105.83999633789062,86.02732849121094,7695000
2018-12-21,105.94000244140625,105.95999908447266,105.76000213623047,105.79000091552734,85.98672485351562,10381200
2018-12-24,105.94999694824219,106.0,105.80999755859375,105.86000061035156,86.04360961914062,7196100
2018-12-26,105.91999816894531,106.0,105.62999725341797,105.66000366210938,85.88102722167969,8606900
2018-12-27,105.94999694824219,106.05999755859375,105.7699966430664,105.83000183105469,86.01918029785156,10562200
2018-12-28,105.97000122070312,106.22000122070312,105.94000244140625,106.22000122070312,86.33622741699219,7019600
2018-12-31,106.12000274658203,106.51000213623047,106.11000061035156,106.48999786376953,86.55567932128906,9671800
2019-01-02,106.55000305175781,106.61000061035156,106.47000122070312,106.56999969482422,86.62066650390625,11200700
2019-01-03,106.56999969482422,107.08000183105469,106.56999969482422,107.01000213623047,86.97834777832031,6497000
2019-01-04,106.66000366210938,106.72000122070312,106.55000305175781,106.69000244140625,86.71820831298828,8149000
2019-01-07,106.72000122070312,106.79000091552734,106.45999908447266,106.51000213623047,86.57194519042969,7433700
2019-01-08,106.4000015258789,106.52999877929688,106.37999725341797,106.43000030517578,86.50691223144531,4395600
2019-01-09,106.41999816894531,106.56999969482422,106.4000015258789,106.5199966430664,86.5800552368164,5458100
2019-01-10,106.5199966430664,106.55999755859375,106.33000183105469,106.4000015258789,86.48249816894531,3532500
2019-01-11,106.58000183105469,106.66000366210938,106.5,106.55000305175781,86.60445404052734,5759000
2019-01-14,106.56999969482422,106.61000061035156,106.4000015258789,106.4000015258789,86.48249816894531,7544300
2019-01-15,106.54000091552734,106.55000305175781,106.33000183105469,106.41999816894531,86.49874877929688,3690200
2019-01-16,106.33000183105469,106.5199966430664,106.30999755859375,106.51000213623047,86.57194519042969,4007800
2019-01-17,106.52999877929688,106.52999877929688,106.33999633789062,106.43000030517578,86.50691223144531,5547000
2019-01-18,106.37000274658203,106.4800033569336,106.27999877929688,106.3499984741211,86.4418716430664,5643400
2019-01-22,106.44000244140625,106.62000274658203,106.44000244140625,106.44000244140625,86.51502227783203,6824000
2019-01-23,106.37999725341797,106.58999633789062,106.37000274658203,106.55000305175781,86.60445404052734,3222800
2019-01-24,106.72000122070312,106.83999633789062,106.66999816894531,106.7300033569336,86.75074768066406,7308900
2019-01-25,106.63999938964844,106.69999694824219,106.55999755859375,106.68000030517578,86.71007537841797,3469500
2019-01-28,106.62000274658203,106.75,106.58000183105469,106.62000274658203,86.6613540649414,7365700
2019-01-29,106.7300033569336,106.93000030517578,106.69000244140625,106.9000015258789,86.8889389038086,6158600
2019-01-30,106.79000091552734,107.1500015258789,106.79000091552734,107.13999938964844,87.08399200439453,6350400
2019-01-31,107.30000305175781,107.52999877929688,107.29000091552734,107.45999908447266,87.34408569335938,14766500
2019-02-01,107.08999633789062,107.1500015258789,106.87999725341797,106.97000122070312,87.16316986083984,7227900
2019-02-04,106.83000183105469,106.9000015258789,106.7699966430664,106.87999725341797,87.08984375,14227700
2019-02-05,106.94999694824219,107.13999938964844,106.94999694824219,107.11000061035156,87.27730560302734,8913500
2019-02-06,107.19999694824219,107.22000122070312,106.98999786376953,107.05000305175781,87.22840881347656,6449600
2019-02-07,107.1500015258789,107.19999694824219,107.02999877929688,107.0999984741211,87.26909637451172,3938900
2019-02-08,107.16999816894531,107.37999725341797,107.16999816894531,107.33999633789062,87.46470642089844,4288600
2019-02-11,107.2300033569336,107.27999877929688,107.1500015258789,107.2300033569336,87.37507629394531,3521000
2019-02-12,107.22000122070312,107.26000213623047,107.12000274658203,107.25,87.39134979248047,3136700
2019-02-13,107.08000183105469,107.13999938964844,107.01000213623047,107.05999755859375,87.23654174804688,2526100
2019-02-14,107.33000183105469,107.3499984741211,107.16999816894531,107.22000122070312,87.36692810058594,2908500
2019-02-15,107.25,107.30999755859375,107.19000244140625,107.30000305175781,87.43207550048828,2413900
2019-02-19,107.43000030517578,107.44999694824219,107.27999877929688,107.36000061035156,87.48098754882812,6235500
2019-02-20,107.37000274658203,107.38999938964844,107.27999877929688,107.37000274658203,87.48912048339844,3231100
2019-02-21,107.16000366210938,107.18000030517578,107.0999984741211,107.12999725341797,87.2935791015625,3677000
2019-02-22,107.25,107.5199966430664,107.22000122070312,107.4000015258789,87.51356506347656,2731500
2019-02-25,107.3499984741211,107.4000015258789,107.30000305175781,107.37000274658203,87.48912048339844,3645400
2019-02-26,107.52999877929688,107.56999969482422,107.43000030517578,107.48999786376953,87.58686828613281,4759400
2019-02-27,107.4000015258789,107.4000015258789,107.20999908447266,107.26000213623047,87.39952087402344,2988300
2019-02-28,107.26000213623047,107.29000091552734,107.02999877929688,107.06999969482422,87.24466705322266,11872100
2019-03-01,106.7699966430664,106.83999633789062,106.61000061035156,106.62999725341797,87.10335540771484,5527000
2019-03-04,106.73999786376953,106.83999633789062,106.69000244140625,106.76000213623047,87.20955657958984,3837200
2019-03-05,106.7300033569336,106.83999633789062,106.66999816894531,106.83000183105469,87.2667465209961,5835800
2019-03-06,106.87999725341797,107.06999969482422,106.8499984741211,106.98999786376953,87.39743041992188,4834000
2019-03-07,107.16000366210938,107.3499984741211,107.12000274658203,107.29000091552734,87.64248657226562,6089100
2019-03-08,107.30999755859375,107.47000122070312,107.23999786376953,107.43000030517578,87.75686645507812,4943100
2019-03-11,107.44000244140625,107.47000122070312,107.3499984741211,107.44000244140625,87.7650375366211,5638300
2019-03-12,107.5,107.66999816894531,107.43000030517578,107.63999938964844,87.92840576171875,5243400
2019-03-13,107.55999755859375,107.61000061035156,107.51000213623047,107.58999633789062,87.88758087158203,2608800
2019-03-14,107.56999969482422,107.58000183105469,107.38999938964844,107.43000030517578,87.75686645507812,2955400
2019-03-15,107.6500015258789,107.73999786376953,107.56999969482422,107.69999694824219,87.97740173339844,2756900
2019-03-18,107.66999816894531,107.69999694824219,107.62999725341797,107.68000030517578,87.96106719970703,2295500
2019-03-19,107.58000183105469,107.70999908447266,107.52999877929688,107.62000274658203,87.91201782226562,2928300
2019-03-20,107.70999908447266,108.08999633789062,107.66999816894531,108.05999755859375,88.27149200439453,4236200
2019-03-21,108.12999725341797,108.18000030517578,108.05000305175781,108.08000183105469,88.28783416748047,4192700
2019-03-22,108.45999908447266,108.76000213623047,108.37000274658203,108.62000274658203,88.72897338867188,2464100
2019-03-25,108.62999725341797,108.98999786376953,108.5999984741211,108.81999969482422,88.8923110961914,4971300
2019-03-26,108.76000213623047,108.93000030517578,108.70999908447266,108.83999633789062,88.90863800048828,3120500
2019-03-27,109.0,109.18000030517578,108.98999786376953,109.06999969482422,89.09651184082031,3719600
2019-03-28,109.05999755859375,109.13999938964844,108.95999908447266,109.08000183105469,89.10468292236328,6071000
2019-03-29,108.8499984741211,109.06999969482422,108.83000183105469,109.06999969482422,89.09651184082031,5988300
2019-04-01,108.62000274658203,108.62000274658203,108.27999877929688,108.30999755859375,88.68877410888672,11261700
2019-04-02,108.38999938964844,108.45999908447266,108.31999969482422,108.43000030517578,88.7870101928711,8080100
2019-04-03,108.23999786376953,108.31999969482422,108.19000244140625,108.2300033569336,88.62323760986328,3731100
2019-04-04,108.25,108.31999969482422,108.19999694824219,108.30999755859375,88.68877410888672,3676900
2019-04-05,108.2699966430664,108.41000366210938,108.2300033569336,108.38999938964844,88.75428009033203,2236600
2019-04-08,108.38999938964844,108.4000015258789,108.30000305175781,108.33999633789062,88.71331024169922,9485300
2019-04-09,108.47000122070312,108.5199966430664,108.38999938964844,108.4000015258789,88.76242065429688,3753800
2019-04-10,108.55000305175781,108.63999938964844,108.5,108.61000061035156,88.93439483642578,4682000
2019-04-11,108.52999877929688,108.52999877929688,108.41999816894531,108.4800033569336,88.82794189453125,2827700
2019-04-12,108.26000213623047,108.3499984741211,108.22000122070312,108.2699966430664,88.6559829711914,2390600
2019-04-15,108.20999908447266,108.30000305175781,108.20999908447266,108.25,88.63959503173828,2546200
2019-04-16,108.12000274658203,108.20999908447266,108.0199966430664,108.05999755859375,88.4840316772461,4093900
2019-04-17,108.08999633789062,108.19000244140625,108.05000305175781,108.05000305175781,88.47583770751953,3390200
2019-04-18,108.2300033569336,108.29000091552734,108.16000366210938,108.19000244140625,88.59050750732422,2217200
2019-04-22,108.12999725341797,108.16000366210938,108.05000305175781,108.05999755859375,88.4840316772461,5725600
2019-04-23,108.18000030517578,108.27999877929688,108.1500015258789,108.25,88.63959503173828,3422700
2019-04-24,108.41999816894531,108.52999877929688,108.41999816894531,108.5,88.84432983398438,3000000
2019-04-25,108.47000122070312,108.55000305175781,108.41999816894531,108.48999786376953,88.83612823486328,2648100
2019-04-26,108.73999786376953,108.75,108.66000366210938,108.70999908447266,89.01631927490234,2299900
2019-04-29,108.55999755859375,108.62000274658203,108.48999786376953,108.5199966430664,88.86067962646484,2782600
2019-04-30,108.55999755859375,108.68000030517578,108.51000213623047,108.58999633789062,88.91800689697266,7491500
2019-05-01,108.47000122070312,108.76000213623047,108.31999969482422,108.4000015258789,88.9754867553711,6387900
2019-05-02,108.33000183105469,108.33000183105469,108.0999984741211,108.16000366210938,88.77849578857422,3379400
2019-05-03,108.31999969482422,108.41999816894531,108.27999877929688,108.33999633789062,88.92622375488281,2326300
2019-05-06,108.55999755859375,108.56999969482422,108.44000244140625,108.4800033569336,89.04114532470703,4609100
2019-05-07,108.62999725341797,108.69999694824219,108.58999633789062,108.61000061035156,89.14786529541016,3051400
2019-05-08,108.73999786376953,108.80999755859375,108.55000305175781,108.58999633789062,89.13146209716797,5946400
2019-05-09,108.77999877929688,108.80999755859375,108.55000305175781,108.6500015258789,89.18069458007812,4847600
2019-05-10,108.73999786376953,108.81999969482422,108.62999725341797,108.66999816894531,89.19709777832031,5257500
2019-05-13,108.83000183105469,108.9800033569336,108.81999969482422,108.8499984741211,89.34488677978516,6733800
2019-05-14,108.9000015258789,108.97000122070312,108.87000274658203,108.94000244140625,89.41869354248047,6217000
2019-05-15,109.16000366210938,109.18000030517578,109.0,109.12999725341797,89.5746841430664,2666500
2019-05-16,109.04000091552734,109.04000091552734,108.94999694824219,109.0,89.46798706054688,2757000
2019-05-17,109.12000274658203,109.1500015258789,108.94000244140625,109.02999877929688,89.49256896972656,2090800
2019-05-20,108.9800033569336,109.05999755859375,108.86000061035156,108.87999725341797,89.3695068359375,2035000
2019-05-21,108.86000061035156,108.91000366210938,108.80999755859375,108.87000274658203,89.36126708984375,2029800
2019-05-22,108.94999694824219,109.08999633789062,108.91999816894531,109.05000305175781,89.50900268554688,3509900
2019-05-23,109.18000030517578,109.5,109.13999938964844,109.37000274658203,89.77168273925781,4922500
2019-05-24,109.37000274658203,109.44999694824219,109.33000183105469,109.41000366210938,89.80448913574219,2010300
2019-05-28,109.56999969482422,109.6500015258789,109.5,109.56999969482422,89.93582916259766,6270100
2019-05-29,109.7300033569336,109.8499984741211,109.5999984741211,109.5999984741211,89.96044921875,5634400
2019-05-30,109.7699966430664,109.94000244140625,109.6500015258789,109.88999938964844,90.19845581054688,3305200
2019-05-31,110.01000213623047,110.63999938964844,110.0,110.4000015258789,90.61711883544922,9204100
2019-06-03,110.26000213623047,110.5199966430664,110.16999816894531,110.4000015258789,90.83104705810547,7137500
2019-06-04,110.27999877929688,110.37999725341797,110.12999725341797,110.30000305175781,90.74873352050781,5131700
2019-06-05,110.36000061035156,110.47000122070312,110.2300033569336,110.23999786376953,90.69937896728516,3253500
2019-06-06,110.33999633789062,110.41999816894531,110.16000366210938,110.22000122070312,90.68289947509766,2660400
2019-06-07,110.63999938964844,110.66999816894531,110.44999694824219,110.52999877929688,90.93800354003906,3697100
2019-06-10,110.36000061035156,110.36000061035156,110.22000122070312,110.23999786376953,90.69937896728516,3992900
2019-06-11,110.20999908447266,110.25,110.16999816894531,110.22000122070312,90.68289947509766,4374600
2019-06-12,110.27999877929688,110.41000366210938,110.26000213623047,110.36000061035156,90.79808807373047,2797600
2019-06-13,110.43000030517578,110.62000274658203,110.4000015258789,110.5999984741211,90.99559020996094,2293200
2019-06-14,110.51000213623047,110.62999725341797,110.4800033569336,110.56999969482422,90.97089385986328,1901200
2019-06-17,110.5199966430664,110.5999984741211,110.45999908447266,110.54000091552734,90.94623565673828,3312600
2019-06-18,110.94000244140625,110.97000122070312,110.70999908447266,110.83999633789062,91.1929931640625,3640300
2019-06-19,110.70999908447266,111.22000122070312,110.6500015258789,111.22000122070312,91.50567626953125,2895900
2019-06-20,111.38999938964844,111.56999969482422,111.33999633789062,111.41000366210938,91.6619873046875,4224300
2019-06-21,111.22000122070312,111.26000213623047,111.04000091552734,111.12000274658203,91.42340087890625,4640200
2019-06-24,111.2300033569336,111.37999725341797,111.22000122070312,111.31999969482422,91.58793640136719,3079800
2019-06-25,111.36000061035156,111.44000244140625,111.22000122070312,111.33999633789062,91.60436248779297,3111100
2019-06-26,111.29000091552734,111.30999755859375,111.05999755859375,111.08999633789062,91.39868927001953,3703200
2019-06-27,111.25,111.41000366210938,111.16000366210938,111.4000015258789,91.65376281738281,2963600
2019-06-28,111.36000061035156,111.47000122070312,111.31999969482422,111.3499984741211,91.61260986328125,9887800
2019-07-01,111.25,111.2699966430664,111.01000213623047,111.18000030517578,91.68022918701172,4186800
2019-07-02,111.19999694824219,111.41000366210938,111.13999938964844,111.37999725341797,91.84515380859375,5765400
2019-07-03,111.44000244140625,111.5999984741211,111.43000030517578,111.55999755859375,91.99359130859375,1324800
2019-07-05,111.20999908447266,111.20999908447266,110.91000366210938,111.08999633789062,91.60600280761719,2461200
2019-07-08,111.2300033569336,111.26000213623047,111.02999877929688,111.02999877929688,91.55655670166016,3041400
2019-07-09,111.04000091552734,111.05999755859375,110.94999694824219,111.0,91.53178405761719,2525800
2019-07-10,111.13999938964844,111.16000366210938,110.97000122070312,111.08000183105469,91.59776306152344,4589800
2019-07-11,111.05999755859375,111.05999755859375,110.66999816894531,110.66999816894531,91.25970458984375,3303700
2019-07-12,110.66999816894531,110.8499984741211,110.66999816894531,110.79000091552734,91.3586654663086,3836300
2019-07-15,110.87000274658203,110.95999908447266,110.8499984741211,110.94999694824219,91.4906005859375,3619000
2019-07-16,110.75,110.83000183105469,110.63999938964844,110.83000183105469,91.39165496826172,2149100
2019-07-17,110.93000030517578,111.13999938964844,110.91000366210938,111.12000274658203,91.6307601928711,2985600
2019-07-18,111.0999984741211,111.33000183105469,111.05999755859375,111.30000305175781,91.77918243408203,5982200
2019-07-19,111.22000122070312,111.29000091552734,111.13999938964844,111.16999816894531,91.67196655273438,3150800
2019-07-22,111.41000366210938,111.41000366210938,111.30000305175781,111.30999755859375,91.78742980957031,2855100
2019-07-23,111.2699966430664,111.31999969482422,111.16000366210938,111.19999694824219,91.69673156738281,2659300
2019-07-24,111.33000183105469,111.41000366210938,111.30000305175781,111.36000061035156,91.8286361694336,2783300
2019-07-25,111.33000183105469,111.33000183105469,111.05000305175781,111.19000244140625,91.68846893310547,2976800
2019-07-26,111.31999969482422,111.31999969482422,111.13999938964844,111.20999908447266,91.70494079589844,4669000
2019-07-29,111.30000305175781,111.3499984741211,111.22000122070312,111.26000213623047,91.74620056152344,4167100
2019-07-30,111.2699966430664,111.33000183105469,111.16000366210938,111.25,91.73794555664062,2409300
2019-07-31,111.30000305175781,111.58999633789062,111.06999969482422,111.30000305175781,91.77918243408203,10034500
2019-08-01,111.33999633789062,111.94999694824219,111.26000213623047,111.91000366210938,92.49827575683594,5709100
2019-08-02,111.93000030517578,112.04000091552734,111.81999969482422,111.94999694824219,92.53132629394531,3293700
2019-08-05,112.27999877929688,112.58000183105469,112.25,112.44000244140625,92.93634796142578,7626600
2019-08-06,112.47000122070312,112.76000213623047,112.4000015258789,112.73999786376953,93.18431854248047,5151800
2019-08-07,113.16999816894531,113.29000091552734,112.61000061035156,112.68000030517578,93.1347427368164,9156600
2019-08-08,112.51000213623047,112.81999969482422,112.33000183105469,112.79000091552734,93.2256088256836,3707200
2019-08-09,112.86000061035156,112.94999694824219,112.58000183105469,112.63999938964844,93.1016616821289,2432300
2019-08-12,112.93000030517578,113.19000244140625,112.87000274658203,113.05000305175781,93.4405288696289,2474900
2019-08-13,113.1500015258789,113.1500015258789,112.79000091552734,112.88999938964844,93.30825805664062,3048200
2019-08-14,113.27999877929688,113.37999725341797,113.20999908447266,113.23999786376953,93.59759521484375,2829900
2019-08-15,113.38999938964844,113.91000366210938,113.37000274658203,113.76000213623047,94.0273666381836,2815600
2019-08-16,113.56999969482422,113.69000244140625,113.36000061035156,113.66999816894531,93.95294189453125,5209000
2019-08-19,113.33999633789062,113.45999908447266,113.2699966430664,113.37000274658203,93.70503234863281,2900800
2019-08-20,113.66999816894531,113.69999694824219,113.55999755859375,113.68000030517578,93.96127319335938,2253600
2019-08-21,113.51000213623047,113.83000183105469,113.51000213623047,113.62000274658203,93.9116439819336,3815400
2019-08-22,113.51000213623047,113.68000030517578,113.30000305175781,113.31999969482422,93.66370391845703,6294900
2019-08-23,113.33999633789062,113.91000366210938,113.30999755859375,113.77999877929688,94.04390716552734,3772100
2019-08-26,113.83999633789062,113.94999694824219,113.66999816894531,113.7300033569336,94.00257110595703,5127200
2019-08-27,113.91000366210938,114.12000274658203,113.87000274658203,114.08999633789062,94.30012512207031,3473400
2019-08-28,114.30000305175781,114.30000305175781,114.04000091552734,114.0999984741211,94.30839538574219,5102500
2019-08-29,114.08000183105469,114.08000183105469,113.83999633789062,114.02999877929688,94.25054168701172,2671000
2019-08-30,113.9000015258789,114.1500015258789,113.88999938964844,114.12999725341797,94.3332290649414,4661600
2019-09-03,113.86000061035156,114.12000274658203,113.69000244140625,113.83999633789062,94.31084442138672,6197400
2019-09-04,113.81999969482422,114.08000183105469,113.81999969482422,114.04000091552734,94.4765625,3814300
2019-09-05,113.61000061035156,113.66999816894531,113.30000305175781,113.55000305175781,94.07052612304688,5336500
2019-09-06,113.66000366210938,113.72000122070312,113.55999755859375,113.66999816894531,94.16997528076172,3675200
2019-09-09,113.38999938964844,113.38999938964844,113.18000030517578,113.19000244140625,93.77235412597656,2747400
2019-09-10,113.0999984741211,113.12999725341797,112.58000183105469,112.58000183105469,93.26699829101562,3119300
2019-09-11,112.58000183105469,112.70999908447266,112.55999755859375,112.5999984741211,93.28353881835938,2646900
2019-09-12,112.91000366210938,112.91000366210938,112.33999633789062,112.41999816894531,93.13446044921875,4069600
2019-09-13,112.1500015258789,112.2699966430664,111.75,111.75,92.57935333251953,2506400
2019-09-16,112.05000305175781,112.1500015258789,111.88999938964844,112.05000305175781,92.82789611816406,2923500
2019-09-17,112.11000061035156,112.37000274658203,112.0199966430664,112.22000122070312,92.96874237060547,2614200
2019-09-18,112.5,112.69999694824219,112.29000091552734,112.3499984741211,93.07644653320312,2291300
2019-09-19,112.63999938964844,112.66000366210938,112.44999694824219,112.51000213623047,93.20901489257812,2280000
2019-09-20,112.63999938964844,112.94000244140625,112.58999633789062,112.91999816894531,93.54867553710938,2048300
2019-09-23,113.0199966430664,113.23999786376953,112.94000244140625,112.97000122070312,93.59010314941406,3412000
2019-09-24,113.02999877929688,113.36000061035156,113.02999877929688,113.27999877929688,93.84687805175781,2602500
2019-09-25,113.20999908447266,113.2300033569336,112.73999786376953,112.80999755859375,93.45753479003906,3813800
2019-09-26,113.0,113.0999984741211,112.94000244140625,113.0,93.61495208740234,4869400
2019-09-27,113.0,113.16999816894531,113.0,113.13999938964844,93.73089599609375,4652500
2019-09-30,112.93000030517578,113.2699966430664,112.91999816894531,113.16999816894531,93.75579071044922,6359800
2019-10-01,112.70999908447266,113.25,112.62999725341797,113.12000274658203,93.92596435546875,5980200
2019-10-02,113.19000244140625,113.30999755859375,113.08999633789062,113.19999694824219,93.99243927001953,8637000
2019-10-03,113.33999633789062,113.73999786376953,113.31999969482422,113.63999938964844,94.35773468017578,4219100
2019-10-04,113.68000030517578,113.83000183105469,113.62999725341797,113.81999969482422,94.5072250366211,3331200
2019-10-07,113.63999938964844,113.70999908447266,113.51000213623047,113.51000213623047,94.24980926513672,2493000
2019-10-08,113.81999969482422,113.81999969482422,113.48999786376953,113.55000305175781,94.28302001953125,3055700
2019-10-09,113.55000305175781,113.55999755859375,113.36000061035156,113.48999786376953,94.23321533203125,3332800
2019-10-10,113.2699966430664,113.33000183105469,113.02999877929688,113.0999984741211,93.90937805175781,4312400
2019-10-11,112.83999633789062,112.8499984741211,112.58999633789062,112.7300033569336,93.60216522216797,3568600
2019-10-14,112.93000030517578,112.93000030517578,112.81999969482422,112.91999816894531,93.7599105834961,1716600
2019-10-15,112.9000015258789,112.91999816894531,112.55000305175781,112.55000305175781,93.45272064208984,4168600
2019-10-16,112.68000030517578,112.79000091552734,112.62000274658203,112.75,93.61880493164062,2430600
2019-10-17,112.66999816894531,112.86000061035156,112.62000274658203,112.72000122070312,93.5938491821289,2316400
2019-10-18,112.76000213623047,112.91000366210938,112.7300033569336,112.80000305175781,93.66028594970703,1454200
2019-10-21,112.62000274658203,112.70999908447266,112.48999786376953,112.48999786376953,93.40286254882812,4241600
2019-10-22,112.6500015258789,112.73999786376953,112.51000213623047,112.66000366210938,93.5440444946289,2147400
2019-10-23,112.81999969482422,112.87999725341797,112.7300033569336,112.75,93.61880493164062,1887800
2019-10-24,112.83999633789062,112.94999694824219,112.75,112.77999877929688,93.6436767578125,1725800
2019-10-25,112.83999633789062,112.8499984741211,112.5199966430664,112.62000274658203,93.51078796386719,2486600
2019-10-28,112.41999816894531,112.44000244140625,112.30999755859375,112.37999725341797,93.31156921386719,2948300
2019-10-29,112.4800033569336,112.5,112.3499984741211,112.38999938964844,93.31985473632812,2384700
2019-10-30,112.44999694824219,112.75,112.43000030517578,112.70999908447266,93.5855712890625,2381400
2019-10-31,112.9800033569336,113.30000305175781,112.88999938964844,113.1500015258789,93.95089721679688,5399100
2019-11-01,112.9800033569336,113.11000061035156,112.80999755859375,112.93000030517578,93.97672271728516,3988300
2019-11-04,112.70999908447266,112.72000122070312,112.58999633789062,112.6500015258789,93.74366760253906,2662700
2019-11-05,112.3499984741211,112.37999725341797,112.1500015258789,112.2300033569336,93.39421081542969,3205500
2019-11-06,112.4000015258789,112.51000213623047,112.26000213623047,112.4000015258789,93.53562927246094,3840500
2019-11-07,112.12000274658203,112.12000274658203,111.63999938964844,111.87000274658203,93.09459686279297,4022400
2019-11-08,111.87000274658203,112.0999984741211,111.80999755859375,111.80999755859375,93.04466247558594,3866100
2019-11-11,111.95999908447266,111.95999908447266,111.77999877929688,111.83000183105469,93.06130981445312,1559900
2019-11-12,111.91999816894531,112.02999877929688,111.80000305175781,111.94999694824219,93.16114044189453,2032800
2019-11-13,112.19999694824219,112.2300033569336,112.08000183105469,112.1500015258789,93.32757568359375,2570200
2019-11-14,112.5,112.56999969482422,112.43000030517578,112.47000122070312,93.59387969970703,2901000
2019-11-15,112.45999908447266,112.45999908447266,112.37999725341797,112.41000366210938,93.54397583007812,4400400
2019-11-18,112.55999755859375,112.6500015258789,112.5199966430664,112.62000274658203,93.71868896484375,5757900
2019-11-19,112.62999725341797,112.76000213623047,112.5999984741211,112.69999694824219,93.78528594970703,2210700
2019-11-20,112.83000183105469,112.9800033569336,112.80999755859375,112.97000122070312,94.01002502441406,3474400
2019-11-21,112.80000305175781,112.88999938964844,112.72000122070312,112.80999755859375,93.8768310546875,6522800
2019-11-22,112.88999938964844,112.9000015258789,112.76000213623047,112.87000274658203,93.92678833007812,2507000
2019-11-25,112.91000366210938,113.01000213623047,112.88999938964844,112.9800033569336,94.018310546875,4251200
2019-11-26,113.08999633789062,113.16000366210938,113.08000183105469,113.13999938964844,94.15143585205078,2382200
2019-11-27,113.02999877929688,113.06999969482422,112.95999908447266,113.0,94.03495025634766,3437300
2019-11-29,113.01000213623047,113.0199966430664,112.8499984741211,112.86000061035156,93.91841888427734,4059000
2019-12-02,112.30999755859375,112.51000213623047,112.29000091552734,112.48999786376953,93.81501770019531,9325100
2019-12-03,112.80000305175781,113.12999725341797,112.76000213623047,113.0,94.24036407470703,5283800
2019-12-04,112.87000274658203,112.94999694824219,112.68000030517578,112.80999755859375,94.08189392089844,5806500
2019-12-05,112.58000183105469,112.73999786376953,112.52999877929688,112.68000030517578,93.9734878540039,4374700
2019-12-06,112.47000122070312,112.68000030517578,112.41000366210938,112.5199966430664,93.84004211425781,4648200
2019-12-09,112.69000244140625,112.72000122070312,112.56999969482422,112.58000183105469,93.89007568359375,7398300
2019-12-10,112.66999816894531,112.66999816894531,112.48999786376953,112.54000091552734,93.85672760009766,3761100
2019-12-11,112.66999816894531,112.9000015258789,112.61000061035156,112.83999633789062,94.10691833496094,3764500
2019-12-12,112.79000091552734,112.79000091552734,112.22000122070312,112.36000061035156,93.70661163330078,5080100
2019-12-13,112.58000183105469,112.86000061035156,112.4000015258789,112.80999755859375,94.08189392089844,5911000
2019-12-16,112.68000030517578,112.69000244140625,112.5,112.58000183105469,93.89007568359375,5012100
2019-12-17,112.69000244140625,112.69999694824219,112.5199966430664,112.58999633789062,93.89842987060547,3016300
2019-12-18,112.55000305175781,112.55999755859375,112.36000061035156,112.37000274658203,93.71495819091797,6516300
2019-12-19,112.19000244140625,112.36000061035156,112.12999725341797,112.30000305175781,93.81604766845703,5613800
2019-12-20,112.20999908447266,112.33000183105469,112.1500015258789,112.31999969482422,93.8327407836914,8809200
2019-12-23,112.37999725341797,112.38999938964844,112.18000030517578,112.23999786376953,93.76586151123047,3148600
2019-12-24,112.16999816894531,112.4000015258789,112.12999725341797,112.37999725341797,93.88285064697266,1887800
2019-12-26,112.41999816894531,112.48999786376953,112.31999969482422,112.4800033569336,93.96641540527344,6072100
2019-12-27,112.5999984741211,112.63999938964844,112.58000183105469,112.62999725341797,94.09170532226562,4733800
2019-12-30,112.41999816894531,112.6500015258789,112.33999633789062,112.62999725341797,94.09170532226562,3979100
2019-12-31,112.54000091552734,112.54000091552734,112.37000274658203,112.37000274658203,93.87446594238281,6807600
2020-01-02,112.68000030517578,112.80000305175781,112.55999755859375,112.68000030517578,94.13346862792969,6791400
2020-01-03,112.88999938964844,113.05000305175781,112.77999877929688,113.01000213623047,94.40913391113281,3664300
2020-01-06,113.12999725341797,113.12999725341797,112.83999633789062,112.91999816894531,94.33401489257812,8131600
2020-01-07,112.91999816894531,112.91999816894531,112.77999877929688,112.80000305175781,94.23374938964844,2883000
2020-01-08,112.8499984741211,112.94000244140625,112.55000305175781,112.66999816894531,94.12515258789062,7323100
2020-01-09,112.48999786376953,112.79000091552734,112.45999908447266,112.79000091552734,94.22535705566406,9110900
2020-01-10,112.9000015258789,112.98999786376953,112.81999969482422,112.9800033569336,94.38411712646484,4198100
2020-01-13,112.88999938964844,112.94000244140625,112.83000183105469,112.91000366210938,94.3256607055664,4465300
2020-01-14,112.97000122070312,113.0199966430664,112.93000030517578,113.01000213623047,94.40913391113281,3625400
2020-01-15,113.18000030517578,113.19000244140625,113.06999969482422,113.18000030517578,94.55122375488281,3896300
2020-01-16,113.16000366210938,113.20999908447266,113.05000305175781,113.18000030517578,94.55122375488281,2801400
2020-01-17,113.0199966430664,113.0999984741211,112.97000122070312,113.05000305175781,94.44258117675781,3003300
2020-01-21,113.25,113.41000366210938,113.22000122070312,113.37000274658203,94.70993041992188,4672100
2020-01-22,113.44000244140625,113.48999786376953,113.38999938964844,113.43000030517578,94.76002502441406,3627200
2020-01-23,113.63999938964844,113.69999694824219,113.58000183105469,113.58000183105469,94.88536834716797,3429500
2020-01-24,113.68000030517578,113.88999938964844,113.66999816894531,113.79000091552734,95.060791015625,4199800
2020-01-27,114.13999938964844,114.16000366210938,114.05000305175781,114.13999938964844,95.35317993164062,4790000
2020-01-28,114.0999984741211,114.16000366210938,113.94999694824219,114.04000091552734,95.26959991455078,4463800
2020-01-29,114.12999725341797,114.3499984741211,114.11000061035156,114.30000305175781,95.4868392944336,2890200
2020-01-30,114.27999877929688,114.54000091552734,114.23999786376953,114.30999755859375,95.49520874023438,6885600
2020-01-31,114.4800033569336,114.66999816894531,114.37999725341797,114.6500015258789,95.7792739868164,5281900
2020-02-03,114.19999694824219,114.41000366210938,114.08000183105469,114.37000274658203,95.74825286865234,7214200
2020-02-04,114.0999984741211,114.0999984741211,113.88999938964844,113.98999786376953,95.43014526367188,5290800
2020-02-05,113.81999969482422,113.87000274658203,113.76000213623047,113.81999969482422,95.28782653808594,6066900
2020-02-06,113.81999969482422,113.93000030517578,113.7699966430664,113.88999938964844,95.34642791748047,6838700
2020-02-07,114.19999694824219,114.27999877929688,114.0999984741211,114.22000122070312,95.62267303466797,5224200
2020-02-10,114.44000244140625,114.44000244140625,114.29000091552734,114.3499984741211,95.73150634765625,8187800
2020-02-11,114.3499984741211,114.3499984741211,114.19000244140625,114.20999908447266,95.61427307128906,5633400
2020-02-12,114.12000274658203,114.13999938964844,114.02999877929688,114.08999633789062,95.51383209228516,6373700
2020-02-13,114.11000061035156,114.23999786376953,114.0999984741211,114.16999816894531,95.58080291748047,5214400
2020-02-14,114.3499984741211,114.37999725341797,114.2699966430664,114.29000091552734,95.68128204345703,4004900
2020-02-18,114.4800033569336,114.55999755859375,114.33999633789062,114.44000244140625,95.8068618774414,4874800
2020-02-19,114.4000015258789,114.47000122070312,114.33000183105469,114.41000366210938,95.7817611694336,3692200
2020-02-20,114.52999877929688,114.68000030517578,114.48999786376953,114.66999816894531,95.99940490722656,4056000
2020-02-21,114.86000061035156,115.0999984741211,114.83999633789062,114.9000015258789,96.19197082519531,4492700
2020-02-24,115.43000030517578,115.43000030517578,115.2300033569336,115.2699966430664,96.50170135498047,7490100
2020-02-25,115.27999877929688,115.58000183105469,115.2699966430664,115.47000122070312,96.6691665649414,7474600
2020-02-26,115.31999969482422,115.61000061035156,115.26000213623047,115.3499984741211,96.5687026977539,4763000
2020-02-27,115.75,115.75,115.3499984741211,115.37000274658203,96.58544921875,11606400
2020-02-28,115.87999725341797,116.33999633789062,115.76000213623047,116.22000122070312,97.29704284667969,17243000
2020-03-02,116.29000091552734,116.44000244140625,115.88999938964844,115.94000244140625,97.26261138916016,13198200
2020-03-03,116.05000305175781,117.26000213623047,116.01000213623047,116.7300033569336,97.9254150390625,12541000
2020-03-04,116.83000183105469,117.12000274658203,116.52999877929688,116.63999938964844,97.84988403320312,6285300
2020-03-05,116.98999786376953,117.2300033569336,116.93000030517578,117.0,98.15186309814453,6802800
2020-03-06,118.18000030517578,118.2699966430664,117.5,117.86000061035156,98.87332153320312,17456400
2020-03-09,119.2699966430664,119.2699966430664,117.0,117.70999908447266,98.74748992919922,13666700
2020-03-10,117.41000366210938,117.68000030517578,116.16999816894531,116.37999725341797,97.63172912597656,18694100
2020-03-11,116.69999694824219,116.79000091552734,114.55000305175781,114.72000122070312,96.23919677734375,13053300
2020-03-12,113.9800033569336,114.75,109.05999755859375,110.12999725341797,92.38861846923828,18684800
2020-03-13,111.52999877929688,112.45999908447266,110.25,111.86000061035156,93.83992767333984,24960500
2020-03-16,111.37000274658203,113.94999694824219,110.45999908447266,113.7300033569336,95.40865325927734,12310300
2020-03-17,112.88999938964844,113.91999816894531,110.58999633789062,110.79000091552734,92.94230651855469,15737200
2020-03-18,109.36000061035156,110.56999969482422,105.7699966430664,106.56999969482422,89.4020767211914,17061700
2020-03-19,106.47000122070312,109.22000122070312,105.55999755859375,108.94999694824219,91.398681640625,11720200
2020-03-20,108.45999908447266,110.23999786376953,108.45999908447266,110.02999877929688,92.30471801757812,16503700
2020-03-23,109.9000015258789,112.94000244140625,109.0,112.63999938964844,94.49424743652344,12572200
2020-03-24,111.5199966430664,113.56999969482422,111.08000183105469,113.56999969482422,95.27440643310547,10253600
2020-03-25,114.0,114.75,113.69999694824219,114.7300033569336,96.24759674072266,10999700
2020-03-26,114.19999694824219,115.38999938964844,114.19999694824219,115.08000183105469,96.54120635986328,16611400
2020-03-27,114.77999877929688,115.58000183105469,114.52999877929688,115.56999969482422,96.9522476196289,10841600
2020-03-30,115.7699966430664,116.26000213623047,115.62000274658203,115.68000030517578,97.0445327758789,13340200
2020-03-31,115.70999908447266,115.9800033569336,115.2300033569336,115.37000274658203,96.78448486328125,14018600
2020-04-01,115.37999725341797,115.4000015258789,114.6500015258789,114.7300033569336,96.45575714111328,14192100
2020-04-02,115.0199966430664,115.22000122070312,114.69999694824219,114.9000015258789,96.59867095947266,11565400
2020-04-03,114.94999694824219,115.12999725341797,114.27999877929688,114.9800033569336,96.66594696044922,9786700
2020-04-06,115.0199966430664,115.61000061035156,115.0199966430664,115.54000091552734,97.13677215576172,8457700
2020-04-07,115.61000061035156,115.73999786376953,115.36000061035156,115.69999694824219,97.27122497558594,7743900
2020-04-08,115.69999694824219,115.97000122070312,115.55000305175781,115.80999755859375,97.36373138427734,4674200
2020-04-09,116.5,117.25,116.16999816894531,117.25,98.57435607910156,5584100
2020-04-13,117.08999633789062,117.16999816894531,116.52999877929688,116.69999694824219,98.11195373535156,5738300
2020-04-14,116.98999786376953,117.0,116.58999633789062,116.76000213623047,98.16242218017578,5506700
2020-04-15,117.02999877929688,117.30999755859375,116.70999908447266,117.23999786376953,98.56594848632812,4367400
2020-04-16,117.19000244140625,117.52999877929688,117.19000244140625,117.38999938964844,98.69203186035156,4744700
2020-04-17,117.5199966430664,117.62000274658203,117.04000091552734,117.25,98.57435607910156,4949800
2020-04-20,117.1500015258789,117.27999877929688,116.94000244140625,117.08000183105469,98.43143463134766,3847900
2020-04-21,117.43000030517578,117.44000244140625,117.06999969482422,117.13999938964844,98.48188781738281,4660500
2020-04-22,117.16000366210938,117.23999786376953,116.94000244140625,117.13999938964844,98.48188781738281,4647200
2020-04-23,117.33000183105469,117.44999694824219,117.19000244140625,117.41999816894531,98.71727752685547,4331100
2020-04-24,117.22000122070312,117.38999938964844,117.19999694824219,117.36000061035156,98.6668472290039,3161600
2020-04-27,117.20999908447266,117.36000061035156,116.81999969482422,116.81999969482422,98.2128677368164,5576300
2020-04-28,117.2699966430664,117.44999694824219,117.12000274658203,117.27999877929688,98.5995864868164,5889800
2020-04-29,117.29000091552734,117.4800033569336,117.19999694824219,117.36000061035156,98.6668472290039,4653100
2020-04-30,117.37999725341797,117.48999786376953,117.06999969482422,117.0999984741211,98.44823455810547,10487500
2020-05-01,116.97000122070312,117.0999984741211,116.68000030517578,116.87000274658203,98.45330810546875,6099500
2020-05-04,116.88999938964844,117.08999633789062,116.87000274658203,116.97000122070312,98.53755950927734,3684100
2020-05-05,116.95999908447266,116.97000122070312,116.80999755859375,116.87999725341797,98.46171569824219,4611500
2020-05-06,116.44000244140625,116.70999908447266,116.30000305175781,116.41000366210938,98.06578063964844,6394900
2020-05-07,116.61000061035156,116.7699966430664,116.41999816894531,116.7699966430664,98.36906433105469,3786700
2020-05-08,116.68000030517578,116.76000213623047,116.3499984741211,116.45999908447266,98.10790252685547,3241500
2020-05-11,116.4000015258789,116.43000030517578,116.06999969482422,116.11000061035156,97.81307220458984,5249500
2020-05-12,116.45999908447266,116.5999984741211,116.2300033569336,116.41000366210938,98.06578063964844,6161500
2020-05-13,116.62999725341797,116.76000213623047,116.44999694824219,116.5999984741211,98.22586822509766,4425900
2020-05-14,116.91000366210938,116.97000122070312,116.72000122070312,116.95999908447266,98.52909851074219,5698900
2020-05-15,117.04000091552734,117.08999633789062,116.9000015258789,117.02999877929688,98.5881118774414,5897900
2020-05-18,116.97000122070312,117.08999633789062,116.66000366210938,116.86000061035156,98.44487762451172,5037100
2020-05-19,116.91000366210938,117.02999877929688,116.80999755859375,116.98999786376953,98.55442810058594,4929500
2020-05-20,117.02999877929688,117.33999633789062,117.0,117.29000091552734,98.80714416503906,4579200
2020-05-21,117.3499984741211,117.4800033569336,117.31999969482422,117.37999725341797,98.88294982910156,5143700
2020-05-22,117.5999984741211,117.5999984741211,117.38999938964844,117.44000244140625,98.93354034423828,2794000
2020-05-26,117.37999725341797,117.44000244140625,117.23999786376953,117.25,98.7734146118164,6164700
2020-05-27,117.5,117.54000091552734,117.30000305175781,117.41999816894531,98.91661834716797,4772900
2020-05-28,117.13999938964844,117.3499984741211,117.13999938964844,117.33999633789062,98.84925842285156,11140200
2020-05-29,117.43000030517578,117.70999908447266,117.31999969482422,117.6500015258789,99.11038208007812,9228700
2020-06-01,117.3499984741211,117.4000015258789,117.23999786376953,117.37000274658203,99.0547103881836,5580000
2020-06-02,117.37999725341797,117.47000122070312,117.30999755859375,117.47000122070312,99.13910675048828,4286800
2020-06-03,117.26000213623047,117.41000366210938,117.05999755859375,117.18000030517578,98.89433288574219,6077600
2020-06-04,117.2699966430664,117.30000305175781,116.81999969482422,116.83000183105469,98.59896087646484,5002700
2020-06-05,116.75,116.91000366210938,116.4800033569336,116.9000015258789,98.65804290771484,5166300
2020-06-08,116.80999755859375,117.11000061035156,116.75,117.02999877929688,98.76776123046875,8551800
2020-06-09,117.30999755859375,117.33000183105469,117.18000030517578,117.18000030517578,98.89433288574219,5512300
2020-06-10,117.25,117.68000030517578,117.19000244140625,117.66000366210938,99.29942321777344,4680800
2020-06-11,117.7300033569336,117.80000305175781,117.44000244140625,117.45999908447266,99.13064575195312,7438800
2020-06-12,117.5999984741211,117.69999694824219,117.44000244140625,117.58000183105469,99.23192596435547,4571800
2020-06-15,117.72000122070312,117.9800033569336,117.61000061035156,117.97000122070312,99.56103515625,5870000
2020-06-16,117.9800033569336,118.0,117.58999633789062,117.73999786376953,99.366943359375,5327400
2020-06-17,117.73999786376953,117.76000213623047,117.47000122070312,117.63999938964844,99.28253173828125,3696000
2020-06-18,117.87999725341797,117.87999725341797,117.63999938964844,117.76000213623047,99.38383483886719,3356800
2020-06-19,117.80000305175781,117.97000122070312,117.73999786376953,117.80000305175781,99.41761016845703,2917400
2020-06-22,118.0,118.0,117.7300033569336,117.7699966430664,99.39227294921875,3445700
2020-06-23,117.79000091552734,117.83000183105469,117.69000244140625,117.75,99.3753890991211,3991400
2020-06-24,117.69999694824219,117.83999633789062,117.61000061035156,117.7300033569336,99.3585205078125,5040100
2020-06-25,117.94000244140625,117.94999694824219,117.80000305175781,117.87000274658203,99.47665405273438,4723300
2020-06-26,117.98999786376953,118.08000183105469,117.8499984741211,118.01000213623047,99.59481811523438,5683400
2020-06-29,118.01000213623047,118.11000061035156,117.94999694824219,118.11000061035156,99.6792221069336,3517200
2020-06-30,118.27999877929688,118.31999969482422,117.9800033569336,118.20999908447266,99.76363372802734,7451100
2020-07-01,117.9000015258789,118.06999969482422,117.76000213623047,118.05000305175781,99.81684112548828,6746500
2020-07-02,118.05000305175781,118.20999908447266,117.98999786376953,118.19000244140625,99.93528747558594,3614300
2020-07-06,118.18000030517578,118.20999908447266,118.0,118.18000030517578,99.92681121826172,5945100
2020-07-07,118.2300033569336,118.37999725341797,118.05999755859375,118.36000061035156,100.07898712158203,5454700
2020-07-08,118.3499984741211,118.44999694824219,118.22000122070312,118.31999969482422,100.04515838623047,5026800
2020-07-09,118.4000015258789,118.69999694824219,118.36000061035156,118.62999725341797,100.30728149414062,3804000
2020-07-10,118.83000183105469,118.83000183105469,118.44999694824219,118.48999786376953,100.18891906738281,3133900
2020-07-13,118.45999908447266,118.52999877929688,118.37000274658203,118.4800033569336,100.18046569824219,4803200
2020-07-14,118.58000183105469,118.73999786376953,118.58000183105469,118.66999816894531,100.34110260009766,3986700
2020-07-15,118.5,118.69999694824219,118.5,118.68000030517578,100.34957122802734,3403600
2020-07-16,118.83000183105469,118.88999938964844,118.73999786376953,118.76000213623047,100.41722106933594,3526900
2020-07-17,118.94000244140625,118.98999786376953,118.7699966430664,118.87999725341797,100.51871490478516,2549100
2020-07-20,119.02999877929688,119.05999755859375,118.91000366210938,119.01000213623047,100.62858581542969,3989200
2020-07-21,119.0999984741211,119.0999984741211,119.01000213623047,119.08000183105469,100.68778991699219,6098200
2020-07-22,119.22000122070312,119.2699966430664,119.11000061035156,119.18000030517578,100.77237701416016,6296600
2020-07-23,119.3499984741211,119.38999938964844,119.25,119.31999969482422,100.89070892333984,12117200
2020-07-24,119.26000213623047,119.41000366210938,119.19000244140625,119.27999877929688,100.85691833496094,11071700
2020-07-27,119.4000015258789,119.41999816894531,119.1500015258789,119.19999694824219,100.7892837524414,5606100
2020-07-28,119.30000305175781,119.3499984741211,119.22000122070312,119.27999877929688,100.85691833496094,6080700
2020-07-29,119.30000305175781,119.43000030517578,119.23999786376953,119.41999816894531,100.97526550292969,9727900
2020-07-30,119.51000213623047,119.54000091552734,119.44999694824219,119.51000213623047,101.05134582519531,3052800
2020-07-31,119.44999694824219,119.62999725341797,119.4000015258789,119.55999755859375,101.09365844726562,5277900
2020-08-03,119.37000274658203,119.4000015258789,119.19000244140625,119.4000015258789,101.13346099853516,13013600
2020-08-04,119.41999816894531,119.62999725341797,119.41999816894531,119.62999725341797,101.32828521728516,10935200
2020-08-05,119.38999938964844,119.48999786376953,119.30999755859375,119.4000015258789,101.13346099853516,17345700
2020-08-06,119.62000274658203,119.7300033569336,119.52999877929688,119.56999969482422,101.27745056152344,4608600
2020-08-07,119.66000366210938,119.7300033569336,119.4000015258789,119.43000030517578,101.15887451171875,5559100
2020-08-10,119.62000274658203,119.63999938964844,119.27999877929688,119.31999969482422,101.06568908691406,5152700
2020-08-11,119.11000061035156,119.20999908447266,118.83999633789062,118.98999786376953,100.78617858886719,7809900
2020-08-12,118.7300033569336,118.88999938964844,118.6500015258789,118.75,100.5828857421875,5524500
2020-08-13,118.77999877929688,118.77999877929688,118.23999786376953,118.30999755859375,100.21023559570312,8023700
2020-08-14,118.43000030517578,118.48999786376953,118.19999694824219,118.19999694824219,100.11707305908203,4556500
2020-08-17,118.37999725341797,118.47000122070312,118.30999755859375,118.36000061035156,100.25259399414062,4523900
2020-08-18,118.43000030517578,118.5999984741211,118.41999816894531,118.52999877929688,100.39656066894531,4765800
2020-08-19,118.6500015258789,118.69999694824219,118.33999633789062,118.3499984741211,100.24410247802734,4541000
2020-08-20,118.58000183105469,118.70999908447266,118.55999755859375,118.55999755859375,100.42198181152344,4487500
2020-08-21,118.73999786376953,118.76000213623047,118.55000305175781,118.68000030517578,100.52360534667969,6373300
2020-08-24,118.72000122070312,118.81999969482422,118.5999984741211,118.62999725341797,100.48124694824219,4620900
2020-08-25,118.3499984741211,118.45999908447266,118.18000030517578,118.37999725341797,100.2695083618164,4002300
2020-08-26,118.3499984741211,118.41999816894531,118.20999908447266,118.36000061035156,100.25259399414062,5139800
2020-08-27,118.55000305175781,118.55999755859375,117.94999694824219,117.94999694824219,99.90528869628906,5609400
2020-08-28,118.08000183105469,118.16000366210938,117.98999786376953,118.11000061035156,100.04081726074219,6467400
2020-08-31,118.13999938964844,118.51000213623047,118.13999938964844,118.37000274658203,100.26107025146484,10894500
2020-09-01,118.12000274658203,118.44000244140625,118.0,118.41999816894531,100.46892547607422,9843200
2020-09-02,118.41999816894531,118.70999908447266,118.33999633789062,118.66000366210938,100.67252349853516,4838500
2020-09-03,118.7300033569336,118.87000274658203,118.62000274658203,118.69000244140625,100.69799041748047,6856700
2020-09-04,118.41000366210938,118.5199966430664,118.08000183105469,118.0999984741211,100.19742584228516,5366800
2020-09-08,118.33999633789062,118.45999908447266,118.19999694824219,118.2300033569336,100.30772399902344,8894000
2020-09-09,118.38999938964844,118.38999938964844,118.04000091552734,118.22000122070312,100.29920959472656,7824800
2020-09-10,118.1500015258789,118.29000091552734,118.0199966430664,118.2300033569336,100.30772399902344,4932600
2020-09-11,118.41999816894531,118.48999786376953,118.23999786376953,118.37000274658203,100.42649841308594,8200400
2020-09-14,118.47000122070312,118.48999786376953,118.30999755859375,118.37999725341797,100.4349594116211,6394200
2020-09-15,118.29000091552734,118.43000030517578,118.29000091552734,118.38999938964844,100.44344329833984,4163000
2020-09-16,118.52999877929688,118.52999877929688,118.19999694824219,118.33000183105469,100.39253997802734,6452500
2020-09-17,118.5,118.5199966430664,118.33000183105469,118.36000061035156,100.41802215576172,4882200
2020-09-18,118.44000244140625,118.44000244140625,118.18000030517578,118.22000122070312,100.29920959472656,5149400
2020-09-21,118.41000366210938,118.41999816894531,118.23999786376953,118.23999786376953,100.316162109375,6191900
2020-09-22,118.25,118.37999725341797,118.23999786376953,118.33000183105469,100.39253997802734,4390200
2020-09-23,118.3499984741211,118.3499984741211,118.06999969482422,118.08000183105469,100.180419921875,5392900
2020-09-24,118.01000213623047,118.16000366210938,118.01000213623047,118.08999633789062,100.18891906738281,4145000
2020-09-25,118.12000274658203,118.16999816894531,118.05000305175781,118.12999725341797,100.22284698486328,5138200
2020-09-28,118.18000030517578,118.2300033569336,118.11000061035156,118.2300033569336,100.30772399902344,5830400
2020-09-29,118.27999877929688,118.33000183105469,118.20999908447266,118.25,100.32465362548828,5301700
2020-09-30,118.26000213623047,118.26000213623047,117.94999694824219,118.05999755859375,100.1634521484375,6090800
2020-10-01,117.80999755859375,118.04000091552734,117.75,118.0199966430664,100.30116271972656,9741800
2020-10-02,118.02999877929688,118.04000091552734,117.80999755859375,117.9000015258789,100.19917297363281,5599500
2020-10-05,117.73999786376953,117.73999786376953,117.5199966430664,117.5199966430664,99.87621307373047,4890800
2020-10-06,117.5999984741211,117.83999633789062,117.48999786376953,117.62000274658203,99.96119689941406,4338600
2020-10-07,117.52999877929688,117.66000366210938,117.44999694824219,117.54000091552734,99.89321899414062,4801700
2020-10-08,117.66999816894531,117.70999908447266,117.58999633789062,117.69000244140625,100.02070617675781,4236000
2020-10-09,117.6500015258789,117.73999786376953,117.5,117.72000122070312,100.04621887207031,2909300
2020-10-12,117.8499984741211,117.94999694824219,117.7699966430664,117.94999694824219,100.24163818359375,2999300
2020-10-13,118.01000213623047,118.06999969482422,117.93000030517578,117.9800033569336,100.26715850830078,3421700
2020-10-14,118.0999984741211,118.11000061035156,117.98999786376953,118.05000305175781,100.32665252685547,4919700
2020-10-15,118.1500015258789,118.1500015258789,117.94999694824219,117.94999694824219,100.24163818359375,5459200
2020-10-16,117.98999786376953,118.08000183105469,117.87999725341797,117.88999938964844,100.19064331054688,3931500
2020-10-19,117.80999755859375,117.87000274658203,117.72000122070312,117.75,100.07167053222656,4685000
2020-10-20,117.69999694824219,117.70999908447266,117.58000183105469,117.6500015258789,99.98667907714844,4013600
2020-10-21,117.58999633789062,117.63999938964844,117.4800033569336,117.51000213623047,99.86770629882812,3688300
2020-10-22,117.51000213623047,117.54000091552734,117.30000305175781,117.30000305175781,99.68925476074219,4801000
2020-10-23,117.30000305175781,117.5199966430664,117.30000305175781,117.47000122070312,99.8337631225586,3878700
2020-10-26,117.6500015258789,117.72000122070312,117.58999633789062,117.62999725341797,99.9697036743164,4962500
2020-10-27,117.80000305175781,117.91000366210938,117.7300033569336,117.9000015258789,100.19917297363281,5694100
2020-10-28,117.80999755859375,117.95999908447266,117.72000122070312,117.7300033569336,100.0546875,7329200
2020-10-29,117.76000213623047,117.7699966430664,117.4000015258789,117.5199966430664,99.87621307373047,11775800
2020-10-30,117.44999694824219,117.5199966430664,117.19999694824219,117.19999694824219,99.60430908203125,10610000
2020-11-02,117.2699966430664,117.3499984741211,117.18000030517578,117.22000122070312,99.78471374511719,6667900
2020-11-03,117.22000122070312,117.22000122070312,117.05000305175781,117.16999816894531,99.74217224121094,7519700
2020-11-04,117.9000015258789,118.04000091552734,117.83000183105469,117.94999694824219,100.40612030029297,5308700
2020-11-05,118.08999633789062,118.12000274658203,117.91000366210938,118.05999755859375,100.49976348876953,5293900
2020-11-06,117.80999755859375,117.86000061035156,117.66999816894531,117.80000305175781,100.2784652709961,5929700
2020-11-09,117.4000015258789,117.47000122070312,117.05999755859375,117.25,99.81025695800781,6625300
2020-11-10,117.05000305175781,117.2300033569336,117.02999877929688,117.05999755859375,99.6485595703125,5146300
2020-11-11,117.05999755859375,117.18000030517578,117.0199966430664,117.12999725341797,99.7081298828125,3044300
2020-11-12,117.37000274658203,117.62999725341797,117.33000183105469,117.62000274658203,100.12521362304688,7740800
2020-11-13,117.5199966430664,117.69000244140625,117.5199966430664,117.63999938964844,100.14224243164062,5125300
2020-11-16,117.61000061035156,117.66999816894531,117.58000183105469,117.62999725341797,100.13373565673828,7951400
2020-11-17,117.75,117.9000015258789,117.75,117.87000274658203,100.33804321289062,4650100
2020-11-18,117.94999694824219,117.98999786376953,117.88999938964844,117.94999694824219,100.40612030029297,6191100
2020-11-19,118.08000183105469,118.26000213623047,118.02999877929688,118.16999816894531,100.59345245361328,6680800
2020-11-20,118.19000244140625,118.33999633789062,118.12999725341797,118.29000091552734,100.6955795288086,7217400
2020-11-23,118.27999877929688,118.30000305175781,118.16999816894531,118.26000213623047,100.67005157470703,4739000
2020-11-24,118.23999786376953,118.27999877929688,118.06999969482422,118.0999984741211,100.53384399414062,4696800
2020-11-25,118.1500015258789,118.20999908447266,118.0199966430664,118.05999755859375,100.49976348876953,4125000
2020-11-27,118.25,118.29000091552734,118.22000122070312,118.26000213623047,100.67005157470703,3436200
2020-11-30,118.31999969482422,118.44999694824219,118.25,118.41999816894531,100.80625915527344,8688500
2020-12-01,118.02999877929688,118.0999984741211,117.7300033569336,117.83999633789062,100.4873275756836,5190800
2020-12-02,117.80999755859375,117.80999755859375,117.54000091552734,117.70999908447266,100.3764419555664,6121000
2020-12-03,117.91999816894531,117.9800033569336,117.7699966430664,117.91000366210938,100.54701232910156,5198400
2020-12-04,117.9000015258789,117.9000015258789,117.51000213623047,117.58999633789062,100.27413940429688,5896100
2020-12-07,117.76000213623047,117.83000183105469,117.69000244140625,117.7699966430664,100.42761993408203,6127800
2020-12-08,117.87999725341797,117.95999908447266,117.75,117.77999877929688,100.4361572265625,6807000
2020-12-09,117.7300033569336,117.77999877929688,117.5199966430664,117.61000061035156,100.29119873046875,6975700
2020-12-10,117.73999786376953,117.93000030517578,117.69000244140625,117.9000015258789,100.53848266601562,6192200
2020-12-11,118.01000213623047,118.08999633789062,117.94999694824219,118.02999877929688,100.64936065673828,5636100
2020-12-14,117.86000061035156,118.02999877929688,117.80000305175781,117.95999908447266,100.58964538574219,4705600
2020-12-15,117.94999694824219,118.02999877929688,117.9000015258789,118.02999877929688,100.64936065673828,4217800
2020-12-16,117.83000183105469,118.02999877929688,117.76000213623047,117.9800033569336,100.60671997070312,4467900
2020-12-17,118.01000213623047,118.05999755859375,117.7300033569336,117.8499984741211,100.60243225097656,6610400
2020-12-18,117.97000122070312,117.97000122070312,117.76000213623047,117.79000091552734,100.55119323730469,3874700
2020-12-21,117.91999816894531,117.95999908447266,117.75,117.79000091552734,100.55119323730469,4818300
2020-12-22,117.87999725341797,117.9800033569336,117.83000183105469,117.95999908447266,100.69634246826172,4516500
2020-12-23,117.80999755859375,117.87999725341797,117.62999725341797,117.87999725341797,100.6280517578125,4157700
2020-12-24,117.94000244140625,118.05000305175781,117.93000030517578,117.98999786376953,100.72196197509766,2214500
2020-12-28,117.97000122070312,118.05000305175781,117.83000183105469,118.01000213623047,100.73904418945312,4567200
2020-12-29,118.05999755859375,118.05999755859375,117.91999816894531,118.02999877929688,100.756103515625,4300100
2020-12-30,118.08999633789062,118.12000274658203,117.9800033569336,118.0999984741211,100.81585693359375,2762200
2020-12-31,118.18000030517578,118.23999786376953,118.12000274658203,118.19000244140625,100.89268493652344,4834700
2021-01-04,118.08000183105469,118.13999938964844,117.98999786376953,118.04000091552734,100.76461791992188,6414100
2021-01-05,118.05999755859375,118.05999755859375,117.75,117.91999816894531,100.66219329833984,7477900
2021-01-06,117.9000015258789,117.9000015258789,117.1500015258789,117.33999633789062,100.1671142578125,10687200
2021-01-07,117.12999725341797,117.26000213623047,117.06999969482422,117.22000122070312,100.06460571289062,6639400
2021-01-08,117.18000030517578,117.33999633789062,116.9800033569336,117.08000183105469,99.94508361816406,7335700
2021-01-11,117.0199966430664,117.05000305175781,116.88999938964844,116.88999938964844,99.78291320800781,8610100
2021-01-12,116.81999969482422,116.98999786376953,116.68000030517578,116.98999786376953,99.86830139160156,7269600
2021-01-13,117.62999725341797,117.62999725341797,117.08000183105469,117.36000061035156,100.18413543701172,6788500
2021-01-14,117.37000274658203,117.44999694824219,117.08000183105469,117.12999725341797,99.98780059814453,6610500
2021-01-15,117.33999633789062,117.36000061035156,117.18000030517578,117.25,100.09020233154297,6447700
2021-01-19,117.2699966430664,117.41999816894531,117.22000122070312,117.41000366210938,100.22681427001953,7601100
2021-01-20,117.3499984741211,117.43000030517578,117.30999755859375,117.41999816894531,100.23534393310547,6229100
2021-01-21,117.22000122070312,117.30000305175781,117.13999938964844,117.25,100.09020233154297,8301000
2021-01-22,117.29000091552734,117.31999969482422,117.19000244140625,117.25,100.09020233154297,3513700
2021-01-25,117.38999938964844,117.55999755859375,117.36000061035156,117.55000305175781,100.34635162353516,4049000
2021-01-26,117.45999908447266,117.58999633789062,117.43000030517578,117.51000213623047,100.31220245361328,3639500
2021-01-27,117.61000061035156,117.66999816894531,117.04000091552734,117.5199966430664,100.32070922851562,3619100
2021-01-28,117.4800033569336,117.48999786376953,117.29000091552734,117.44000244140625,100.25244903564453,6176500
2021-01-29,117.16000366210938,117.4000015258789,116.55999755859375,117.30999755859375,100.14146423339844,12164800
2021-02-01,117.19999694824219,117.26000213623047,117.08999633789062,117.2300033569336,100.23719787597656,6621900
2021-02-02,116.98999786376953,117.08999633789062,116.97000122070312,117.05000305175781,100.08331298828125,7323400
2021-02-03,116.97000122070312,116.98999786376953,116.87000274658203,116.91000366210938,99.9636001586914,5492400
2021-02-04,116.75,116.88999938964844,116.69000244140625,116.86000061035156,99.92083740234375,5287400
2021-02-05,116.91000366210938,116.95999908447266,116.69999694824219,116.70999908447266,99.79259490966797,3446600
2021-02-08,116.75,116.93000030517578,116.72000122070312,116.83000183105469,99.89519500732422,4704200
2021-02-09,116.94000244140625,116.97000122070312,116.81999969482422,116.87999725341797,99.9379653930664,4533400
2021-02-10,116.97000122070312,117.01000213623047,116.91999816894531,116.98999786376953,100.03202056884766,4378300
2021-02-11,117.02999877929688,117.02999877929688,116.80000305175781,116.8499984741211,99.91230773925781,3470800
2021-02-12,116.66999816894531,116.73999786376953,116.54000091552734,116.58000183105469,99.68145751953125,3284900
2021-02-16,116.22000122070312,116.2300033569336,116.0199966430664,116.02999877929688,99.21117401123047,5682700
2021-02-17,116.22000122070312,116.29000091552734,116.1500015258789,116.26000213623047,99.40785217285156,6304100
2021-02-18,116.13999938964844,116.27999877929688,116.02999877929688,116.19999694824219,99.35653686523438,5333500
2021-02-19,116.0199966430664,116.05999755859375,115.75,115.83999633789062,99.04872131347656,4673100
2021-02-22,115.76000213623047,115.87000274658203,115.4800033569336,115.4800033569336,98.74087524414062,4894200
2021-02-23,115.75,115.75,115.2699966430664,115.51000213623047,98.76654052734375,6035200
2021-02-24,115.05999755859375,115.5,115.01000213623047,115.47000122070312,98.73233795166016,6232300
2021-02-25,115.01000213623047,115.29000091552734,114.19999694824219,114.41000366210938,97.82598876953125,14926900
2021-02-26,114.95999908447266,115.38999938964844,114.58999633789062,115.33999633789062,98.62120819091797,11333400
2021-03-01,114.97000122070312,115.58999633789062,114.88999938964844,115.08999633789062,98.56979370117188,13018100
2021-03-02,115.04000091552734,115.12000274658203,114.94999694824219,115.11000061035156,98.58695220947266,10111300
2021-03-03,114.80000305175781,114.83000183105469,114.5999984741211,114.69000244140625,98.22722625732422,10317500
2021-03-04,114.79000091552734,114.80000305175781,114.26000213623047,114.36000061035156,97.94458770751953,5953600
2021-03-05,114.16999816894531,114.31999969482422,114.05000305175781,114.27999877929688,97.8760757446289,8675700
2021-03-08,114.19999694824219,114.2300033569336,113.83000183105469,113.83000183105469,97.49068450927734,5639400
2021-03-09,114.19999694824219,114.30999755859375,114.0,114.26000213623047,97.85893249511719,5676800
2021-03-10,114.30000305175781,114.5,114.27999877929688,114.44999694824219,98.02165222167969,6936900
2021-03-11,114.47000122070312,114.54000091552734,114.30000305175781,114.44000244140625,98.01310729980469,8827800
2021-03-12,113.87999725341797,113.91000366210938,113.70999908447266,113.79000091552734,97.45639038085938,5066800
2021-03-15,113.5999984741211,114.01000213623047,113.5999984741211,113.91000366210938,97.55916595458984,5000500
2021-03-16,113.97000122070312,114.02999877929688,113.77999877929688,113.87000274658203,97.52491760253906,3990900
2021-03-17,113.55000305175781,113.9800033569336,113.4800033569336,113.86000061035156,97.51634979248047,6229800
2021-03-18,113.31999969482422,113.55000305175781,113.19999694824219,113.41999816894531,97.13948822021484,6222200
2021-03-19,113.4000015258789,113.54000091552734,113.33000183105469,113.51000213623047,97.21658325195312,4701400
2021-03-22,113.69999694824219,113.80000305175781,113.5999984741211,113.7300033569336,97.40499114990234,5468600
2021-03-23,113.88999938964844,114.04000091552734,113.7699966430664,114.0199966430664,97.65338897705078,5524900
2021-03-24,113.9000015258789,114.19999694824219,113.86000061035156,114.16000366210938,97.77330017089844,6352600
2021-03-25,114.23999786376953,114.29000091552734,113.98999786376953,114.0999984741211,97.72191619873047,5178000
2021-03-26,113.91000366210938,114.08000183105469,113.86000061035156,113.91000366210938,97.55916595458984,4333900
2021-03-29,113.5199966430664,114.0,113.5199966430664,113.72000122070312,97.39644622802734,7630800
2021-03-30,113.63999938964844,113.8499984741211,113.52999877929688,113.80999755859375,97.47351837158203,4996900
2021-03-31,113.83999633789062,113.9800033569336,113.70999908447266,113.83000183105469,97.49068450927734,6309200
2021-04-01,113.93000030517578,114.05000305175781,113.83000183105469,114.04000091552734,97.81834411621094,10767200
2021-04-05,113.77999877929688,113.88999938964844,113.69000244140625,113.80999755859375,97.62102508544922,9230100
2021-04-06,113.9800033569336,114.22000122070312,113.94999694824219,114.20999908447266,97.9641342163086,4864100
2021-04-07,114.12000274658203,114.30000305175781,114.02999877929688,114.02999877929688,97.80974578857422,4505600
2021-04-08,114.18000030517578,114.30999755859375,114.12999725341797,114.30999755859375,98.04991912841797,4932100
2021-04-09,114.11000061035156,114.33000183105469,114.04000091552734,114.18000030517578,97.93840026855469,7467100
2021-04-12,114.16999816894531,114.16999816894531,114.0,114.1500015258789,97.91265869140625,3844900
2021-04-13,114.12000274658203,114.4800033569336,114.11000061035156,114.4800033569336,98.19575500488281,4040500
2021-04-14,114.41000366210938,114.44000244140625,114.27999877929688,114.38999938964844,98.11853790283203,3620500
2021-04-15,113.77999877929688,114.9800033569336,113.77999877929688,114.83999633789062,98.50450897216797,6753200
2021-04-16,114.55999755859375,114.66999816894531,114.5,114.54000091552734,98.24720001220703,3663600
2021-04-19,114.0,114.5,114.0,114.44999694824219,98.16999816894531,5072800
2021-04-20,114.41999816894531,114.66999816894531,114.38999938964844,114.62999725341797,98.32437896728516,4322200
2021-04-21,114.5999984741211,114.73999786376953,114.52999877929688,114.73999786376953,98.41877746582031,5511300
2021-04-22,114.73999786376953,114.80000305175781,114.58999633789062,114.7699966430664,98.44449615478516,4570700
2021-04-23,114.80999755859375,115.08999633789062,114.63999938964844,114.75,98.42731475830078,3620700
2021-04-26,114.73999786376953,114.80000305175781,114.6500015258789,114.6500015258789,98.341552734375,3480300
2021-04-27,115.12999725341797,115.12999725341797,114.37000274658203,114.37000274658203,98.10139465332031,3823300
2021-04-28,114.44999694824219,114.47000122070312,114.19999694824219,114.43000030517578,98.15282440185547,7078600
2021-04-29,114.13999938964844,114.37000274658203,114.08999633789062,114.37000274658203,98.10139465332031,6254100
2021-04-30,114.41000366210938,114.5199966430664,114.33000183105469,114.48999786376953,98.20429992675781,6469500
2021-05-03,114.4000015258789,114.58999633789062,114.33000183105469,114.38999938964844,98.26702880859375,5939500
2021-05-04,114.55000305175781,114.69999694824219,114.41000366210938,114.52999877929688,98.38726043701172,6291300
2021-05-05,114.44999694824219,114.62000274658203,114.44999694824219,114.62000274658203,98.464599609375,3329000
2021-05-06,114.55000305175781,114.70999908447266,114.52999877929688,114.63999938964844,98.48180389404297,4739400
2021-05-07,114.8499984741211,114.97000122070312,114.56999969482422,114.61000061035156,98.45604705810547,7005200
2021-05-10,114.61000061035156,114.72000122070312,114.4000015258789,114.43000030517578,98.3013687133789,5576500
2021-05-11,114.2300033569336,114.37999725341797,114.12999725341797,114.18000030517578,98.08661651611328,6161400
2021-05-12,113.9800033569336,114.01000213623047,113.77999877929688,113.77999877929688,97.74301147460938,7000800
2021-05-13,113.9000015258789,114.05999755859375,113.77999877929688,114.04000091552734,97.96636962890625,6772300
2021-05-14,114.22000122070312,114.30000305175781,114.12000274658203,114.30000305175781,98.18970489501953,3985500
2021-05-17,114.20999908447266,114.25,114.1500015258789,114.19999694824219,98.10380554199219,4926600
2021-05-18,114.11000061035156,114.11000061035156,114.02999877929688,114.05999755859375,97.9835433959961,3674600
2021-05-19,114.62000274658203,114.62000274658203,113.79000091552734,113.9000015258789,97.84610748291016,6892400
2021-05-20,114.08000183105469,114.30000305175781,114.08000183105469,114.29000091552734,98.18112182617188,6243300
2021-05-21,114.36000061035156,114.4000015258789,114.2300033569336,114.33999633789062,98.22406768798828,3873200
2021-05-24,114.5,114.51000213623047,114.37999725341797,114.44999694824219,98.31856536865234,3867700
2021-05-25,114.58000183105469,114.75,114.02999877929688,114.7300033569336,98.55912780761719,6351700
2021-05-26,114.12999725341797,114.80000305175781,114.12999725341797,114.69000244140625,98.52474212646484,3969400
2021-05-27,114.61000061035156,114.62000274658203,114.44999694824219,114.55000305175781,98.40445709228516,5072300
2021-05-28,114.55000305175781,114.68000030517578,114.5,114.55000305175781,98.40445709228516,6768200
2021-06-01,114.36000061035156,114.4000015258789,114.16000366210938,114.33000183105469,98.35885620117188,6209800
2021-06-02,114.44999694824219,114.51000213623047,114.30000305175781,114.4800033569336,98.48793029785156,6103900
2021-06-03,114.30999755859375,114.45999908447266,114.20999908447266,114.20999908447266,98.25563049316406,3464300
2021-06-04,114.38999938964844,114.68000030517578,114.22000122070312,114.68000030517578,98.65998077392578,4535800
2021-06-07,113.97000122070312,114.63999938964844,113.97000122070312,114.5999984741211,98.59117126464844,3728400
2021-06-08,114.83999633789062,114.87000274658203,114.77999877929688,114.80999755859375,98.77178955078125,4395100
2021-06-09,115.43000030517578,115.43000030517578,114.97000122070312,115.04000091552734,98.96968078613281,3643100
2021-06-10,115.30000305175781,115.30999755859375,114.86000061035156,115.27999877929688,99.17615509033203,4021900
2021-06-11,115.30999755859375,115.31999969482422,115.16000366210938,115.2300033569336,99.13311767578125,3781900
2021-06-14,115.18000030517578,115.18000030517578,114.94000244140625,114.94000244140625,98.88365936279297,3270800
2021-06-15,114.9000015258789,115.0199966430664,114.87000274658203,114.98999786376953,98.92668914794922,8230400
2021-06-16,115.06999969482422,115.12999725341797,114.51000213623047,114.62000274658203,98.60834503173828,8654200
2021-06-17,114.79000091552734,115.25,114.79000091552734,114.9800033569336,98.91809844970703,7641700
2021-06-18,115.05000305175781,115.38999938964844,114.91000366210938,115.29000091552734,99.18477630615234,5690400
2021-06-21,115.05999755859375,115.12000274658203,114.91999816894531,114.98999786376953,98.92668914794922,6875500
2021-06-22,114.83000183105469,115.13999938964844,114.83000183105469,115.11000061035156,99.02991485595703,6485100
2021-06-23,115.05999755859375,115.13999938964844,114.98999786376953,115.05000305175781,98.97828674316406,5070500
2021-06-24,115.0999984741211,115.16999816894531,115.05000305175781,115.08999633789062,99.01271057128906,8357900
2021-06-25,115.11000061035156,115.12999725341797,114.75,114.86000061035156,98.81483459472656,6496600
2021-06-28,115.04000091552734,115.2300033569336,115.04000091552734,115.19000244140625,99.09872436523438,5739000
2021-06-29,115.05999755859375,115.25,115.05000305175781,115.25,99.1503677368164,5097100
2021-06-30,115.36000061035156,115.44999694824219,115.30000305175781,115.33000183105469,99.21917724609375,6653100
2021-07-01,115.1500015258789,115.19000244140625,115.01000213623047,115.11000061035156,99.16405487060547,4744900
2021-07-02,115.2300033569336,115.37000274658203,115.16999816894531,115.36000061035156,99.37942504882812,4312800
2021-07-06,115.51000213623047,115.83000183105469,115.51000213623047,115.7300033569336,99.69817352294922,7372900
2021-07-07,115.83000183105469,116.0199966430664,115.75,115.93000030517578,99.87042999267578,7786400
2021-07-08,116.04000091552734,116.18000030517578,115.95999908447266,116.05999755859375,99.98246002197266,6538400
2021-07-09,115.73999786376953,115.76000213623047,115.68000030517578,115.68000030517578,99.65512084960938,4750800
2021-07-12,115.80000305175781,115.80999755859375,115.5999984741211,115.61000061035156,99.59479522705078,4266600
2021-07-13,115.6500015258789,115.76000213623047,115.30000305175781,115.36000061035156,99.37942504882812,5145200
2021-07-14,115.58999633789062,115.76000213623047,115.56999969482422,115.75,99.71540832519531,4977400
2021-07-15,115.94000244140625,116.0199966430664,115.72000122070312,116.0,99.93073272705078,4480900
2021-07-16,115.7699966430664,115.95999908447266,115.76000213623047,115.9000015258789,99.84461975097656,3869500
2021-07-19,116.38999938964844,116.61000061035156,116.3499984741211,116.51000213623047,100.37010955810547,6688100
2021-07-20,116.77999877929688,116.81999969482422,116.31999969482422,116.4000015258789,100.27536010742188,8474800
2021-07-21,116.08000183105469,116.1500015258789,115.91999816894531,116.0199966430664,99.9479751586914,9686100
2021-07-22,116.02999877929688,116.3499984741211,116.02999877929688,116.29000091552734,100.18058013916016,8176300
2021-07-23,116.02999877929688,116.22000122070312,116.02999877929688,116.20999908447266,100.11167907714844,4441000
2021-07-26,116.30000305175781,116.33000183105469,116.08999633789062,116.11000061035156,100.0255126953125,7127400
2021-07-27,116.3499984741211,116.4000015258789,116.2699966430664,116.37999725341797,100.25811004638672,5423800
2021-07-28,116.23999786376953,116.48999786376953,116.13999938964844,116.48999786376953,100.35289764404297,5463600
2021-07-29,116.29000091552734,116.36000061035156,116.2300033569336,116.30000305175781,100.18922424316406,6629500
2021-07-30,116.36000061035156,116.48999786376953,116.3499984741211,116.45999908447266,100.3270492553711,5552100
2021-08-02,116.36000061035156,116.68000030517578,116.30999755859375,116.54000091552734,100.5401382446289,5753800
2021-08-03,116.55999755859375,116.69000244140625,116.52999877929688,116.58000183105469,100.57465362548828,3715300
2021-08-04,116.7699966430664,116.83000183105469,116.30000305175781,116.56999969482422,100.56599426269531,4654300
2021-08-05,116.45999908447266,116.4800033569336,116.27999877929688,116.30999755859375,100.34170532226562,3283100
2021-08-06,115.93000030517578,116.0199966430664,115.77999877929688,115.79000091552734,99.89309692382812,3812000
2021-08-09,115.88999938964844,115.95999908447266,115.58000183105469,115.58000183105469,99.71192169189453,5298600
2021-08-10,115.6500015258789,115.6500015258789,115.43000030517578,115.43000030517578,99.58248901367188,7332100
2021-08-11,115.45999908447266,115.69999694824219,115.33999633789062,115.54000091552734,99.67742919921875,6674600
2021-08-12,115.48999786376953,115.58000183105469,115.4000015258789,115.55000305175781,99.68605041503906,5017300
2021-08-13,115.6500015258789,115.97000122070312,115.63999938964844,115.97000122070312,100.04837799072266,4599800
2021-08-16,116.13999938964844,116.2699966430664,116.02999877929688,116.02999877929688,100.10016632080078,3693600
2021-08-17,115.9800033569336,116.08999633789062,115.93000030517578,115.94000244140625,100.02249908447266,5469200
2021-08-18,115.94000244140625,116.02999877929688,115.80000305175781,115.94999694824219,100.03109741210938,3981900
2021-08-19,116.12000274658203,116.16000366210938,116.0199966430664,116.1500015258789,100.20365905761719,4581300
2021-08-20,116.18000030517578,116.20999908447266,116.08000183105469,116.16000366210938,100.21229553222656,2897800
2021-08-23,116.08999633789062,116.18000030517578,116.04000091552734,116.16000366210938,100.21229553222656,6585300
2021-08-24,116.08000183105469,116.13999938964844,115.95999908447266,115.98999786376953,100.06565856933594,5875400
2021-08-25,115.98999786376953,116.01000213623047,115.68000030517578,115.7699966430664,99.87580108642578,5452000
2021-08-26,115.76000213623047,115.79000091552734,115.63999938964844,115.77999877929688,99.88446044921875,4879200
2021-08-27,115.80999755859375,116.0999984741211,115.70999908447266,116.0999984741211,100.16053771972656,5545600
2021-08-30,116.0199966430664,116.2300033569336,116.0,116.2300033569336,100.27271270751953,3706000
2021-08-31,116.18000030517578,116.29000091552734,116.0199966430664,116.05999755859375,100.12602996826172,6763900
2021-09-01,116.0199966430664,116.0199966430664,115.80999755859375,115.93000030517578,100.15797424316406,4154000
2021-09-02,116.0199966430664,116.05999755859375,115.91999816894531,116.05000305175781,100.26168060302734,5427300
2021-09-03,115.83999633789062,115.88999938964844,115.7699966430664,115.8499984741211,100.08888244628906,5274300
2021-09-07,115.63999938964844,115.6500015258789,115.47000122070312,115.54000091552734,99.82106018066406,3579900
2021-09-08,115.69999694824219,115.81999969482422,115.62000274658203,115.7300033569336,99.98522186279297,3417500
2021-09-09,115.83999633789062,116.1500015258789,115.76000213623047,116.0999984741211,100.30485534667969,3332600
2021-09-10,115.98999786376953,116.01000213623047,115.77999877929688,115.87000274658203,100.10617065429688,3957300
2021-09-13,116.0,116.08000183105469,115.95999908447266,116.0199966430664,100.23573303222656,3954100
2021-09-14,116.06999969482422,116.37999725341797,116.06999969482422,116.27999877929688,100.46036529541016,4183600
2021-09-15,116.29000091552734,116.29000091552734,116.08999633789062,116.16999816894531,100.36534881591797,3448500
2021-09-16,115.94999694824219,116.11000061035156,115.91000366210938,115.97000122070312,100.19255828857422,4265500
2021-09-17,115.80000305175781,115.87999725341797,115.73999786376953,115.87000274658203,100.10617065429688,5742500
2021-09-20,116.0199966430664,116.16999816894531,115.9800033569336,116.08999633789062,100.29624938964844,5464700
2021-09-21,116.12999725341797,116.16999816894531,116.05000305175781,116.13999938964844,100.33941650390625,5225200
2021-09-22,116.11000061035156,116.25,116.01000213623047,116.18000030517578,100.37396240234375,7139900
2021-09-23,115.93000030517578,115.94000244140625,115.56999969482422,115.61000061035156,99.88152313232422,8265000
2021-09-24,115.5,115.51000213623047,115.31999969482422,115.41000366210938,99.70874786376953,4461900
2021-09-27,115.20999908447266,115.37999725341797,115.19000244140625,115.25,99.57054138183594,5630600
2021-09-28,114.9000015258789,115.0,114.69999694824219,114.7699966430664,99.15579986572266,7017100
2021-09-29,114.97000122070312,115.05999755859375,114.72000122070312,114.8499984741211,99.22492980957031,6161300
2021-09-30,114.7699966430664,114.86000061035156,114.69000244140625,114.83000183105469,99.2076416015625,5348800
2021-10-01,114.81999969482422,115.05999755859375,114.79000091552734,115.0,99.510498046875,7064500
2021-10-04,114.91999816894531,115.02999877929688,114.80000305175781,114.91999816894531,99.44127655029297,4180600
2021-10-05,114.81999969482422,114.87000274658203,114.61000061035156,114.6500015258789,99.2076416015625,7421900
2021-10-06,114.68000030517578,114.7300033569336,114.58999633789062,114.69999694824219,99.25090789794922,4893400
2021-10-07,114.45999908447266,114.5,114.33999633789062,114.37999725341797,98.97400665283203,4456100
2021-10-08,114.30999755859375,114.3499984741211,114.06999969482422,114.12999725341797,98.75768280029297,4581900
2021-10-11,114.01000213623047,114.06999969482422,113.94000244140625,113.94999694824219,98.6019058227539,2178400
2021-10-12,114.16999816894531,114.37999725341797,114.11000061035156,114.37000274658203,98.9653549194336,3688400
2021-10-13,114.43000030517578,114.63999938964844,114.41999816894531,114.62999725341797,99.19031524658203,5522700
2021-10-14,114.69999694824219,114.8499984741211,114.62999725341797,114.8499984741211,99.38070678710938,4094500
2021-10-15,114.61000061035156,114.62999725341797,114.51000213623047,114.56999969482422,99.13841247558594,4644800
2021-10-18,114.33000183105469,114.55999755859375,114.25,114.48999786376953,99.06917572021484,5575100
2021-10-19,114.37000274658203,114.37000274658203,114.16000366210938,114.16000366210938,98.78363800048828,5041000
2021-10-20,114.16999816894531,114.29000091552734,114.05999755859375,114.08000183105469,98.71441650390625,6183700
2021-10-21,114.01000213623047,114.04000091552734,113.83999633789062,113.83999633789062,98.50674438476562,5228300
2021-10-22,113.97000122070312,114.13999938964844,113.9000015258789,114.05999755859375,98.69709014892578,3528600
2021-10-25,114.05999755859375,114.2699966430664,114.05999755859375,114.16999816894531,98.79231262207031,8569600
2021-10-26,114.25,114.37999725341797,114.11000061035156,114.37999725341797,98.97400665283203,5429800
2021-10-27,114.66000366210938,114.91999816894531,114.43000030517578,114.76000213623047,99.30284118652344,8048500
2021-10-28,114.70999908447266,114.83000183105469,114.56999969482422,114.66999816894531,99.22496795654297,5916000
2021-10-29,114.3499984741211,114.77999877929688,114.3499984741211,114.63999938964844,99.19898986816406,10047900
2021-11-01,114.16000366210938,114.41999816894531,114.13999938964844,114.38999938964844,99.13833618164062,6197900
2021-11-02,114.43000030517578,114.69000244140625,114.43000030517578,114.62000274658203,99.33765411376953,5317000
2021-11-03,114.6500015258789,114.69000244140625,114.25,114.38999938964844,99.13833618164062,6421700
2021-11-04,114.51000213623047,114.83999633789062,114.4800033569336,114.7699966430664,99.46768188476562,6618100
2021-11-05,114.98999786376953,115.31999969482422,114.9000015258789,115.22000122070312,99.85765838623047,7283100
2021-11-08,115.13999938964844,115.1500015258789,114.94999694824219,115.01000213623047,99.67564392089844,4922800
2021-11-09,115.37999725341797,115.5,115.29000091552734,115.33000183105469,99.95299530029297,8960500
2021-11-10,115.11000061035156,115.13999938964844,114.4000015258789,114.55000305175781,99.27698516845703,11620300
2021-11-11,114.51000213623047,114.56999969482422,114.30000305175781,114.33999633789062,99.09501647949219,3937100
2021-11-12,114.5,114.58999633789062,114.26000213623047,114.31999969482422,99.07764434814453,4554700
2021-11-15,114.30000305175781,114.30999755859375,113.9000015258789,113.9000015258789,98.7136459350586,6405000
2021-11-16,113.91999816894531,114.11000061035156,113.83999633789062,113.86000061035156,98.67899322509766,7484000
2021-11-17,113.79000091552734,114.12999725341797,113.7699966430664,114.12999725341797,98.9129867553711,7173100
2021-11-18,114.05000305175781,114.27999877929688,114.02999877929688,114.2300033569336,98.99964904785156,4226900
2021-11-19,114.48999786376953,114.58999633789062,114.41999816894531,114.44999694824219,99.19029998779297,5685900
2021-11-22,114.13999938964844,114.2300033569336,113.81999969482422,113.9000015258789,98.7136459350586,6995300
2021-11-23,113.70999908447266,113.7699966430664,113.44999694824219,113.44999694824219,98.32364654541016,6268600
2021-11-24,113.47000122070312,113.7300033569336,113.38999938964844,113.70999908447266,98.54898071289062,8472400
2021-11-26,114.33000183105469,114.58000183105469,114.19999694824219,114.5199966430664,99.25100708007812,3258900
2021-11-29,114.1500015258789,114.5999984741211,114.12999725341797,114.58000183105469,99.30302429199219,8982800
2021-11-30,114.87000274658203,115.11000061035156,114.5,114.7699966430664,99.46768188476562,13109000
2021-12-01,114.2699966430664,114.63999938964844,114.20999908447266,114.62999725341797,99.48674774169922,12772700
2021-12-02,114.66999816894531,114.79000091552734,114.4000015258789,114.61000061035156,99.4693832397461,7759700
2021-12-03,114.5,115.23999786376953,114.45999908447266,115.06999969482422,99.8686294555664,7600800
2021-12-06,114.9800033569336,115.04000091552734,114.62000274658203,114.66999816894531,99.52146911621094,9416700
2021-12-07,114.5199966430664,114.70999908447266,114.44999694824219,114.48999786376953,99.365234375,6786900
2021-12-08,114.37000274658203,114.37000274658203,114.05000305175781,114.19000244140625,99.10486602783203,8050100
2021-12-09,114.27999877929688,114.38999938964844,114.12000274658203,114.19999694824219,99.1135482788086,8646500
2021-12-10,114.37000274658203,114.51000213623047,114.22000122070312,114.2300033569336,99.13956451416016,6501300
2021-12-13,114.51000213623047,114.70999908447266,114.45999908447266,114.62999725341797,99.48674774169922,8659300
2021-12-14,114.45999908447266,114.54000091552734,114.26000213623047,114.41000366210938,99.29583740234375,7503600
2021-12-15,114.2300033569336,114.44999694824219,114.11000061035156,114.31999969482422,99.21768951416016,7459100
2021-12-16,114.26000213623047,114.4800033569336,114.26000213623047,114.36000061035156,99.3541030883789,7566600
2021-12-17,114.55000305175781,114.68000030517578,114.47000122070312,114.5,99.4757308959961,7428000
2021-12-20,114.56999969482422,114.61000061035156,114.31999969482422,114.33000183105469,99.32803344726562,7382600
2021-12-21,114.06999969482422,114.31999969482422,113.97000122070312,114.23999786376953,99.24986267089844,12970200
2021-12-22,114.33000183105469,114.3499984741211,114.16999816894531,114.33999633789062,99.33673095703125,6171700
2021-12-23,114.29000091552734,114.30999755859375,114.06999969482422,114.19999694824219,99.215087890625,5506700
2021-12-27,114.1500015258789,114.30000305175781,114.12999725341797,114.26000213623047,99.2672119140625,5436800
2021-12-28,114.43000030517578,114.44999694824219,114.16999816894531,114.20999908447266,99.22376251220703,5253800
2021-12-29,113.98999786376953,114.05000305175781,113.80999755859375,113.87000274658203,98.92840576171875,5933800
2021-12-30,113.98999786376953,114.12999725341797,113.83000183105469,114.12000274658203,99.14559936523438,5455400
2021-12-31,114.1500015258789,114.30999755859375,114.05999755859375,114.08000183105469,99.11084747314453,7989500
2022-01-03,113.66999816894531,113.68000030517578,113.30000305175781,113.30000305175781,98.43319702148438,9399200
2022-01-04,113.22000122070312,113.30000305175781,113.08000183105469,113.29000091552734,98.42449951171875,7772100
2022-01-05,113.33999633789062,113.36000061035156,112.9000015258789,112.94000244140625,98.12044525146484,8530900
2022-01-06,112.75,112.83999633789062,112.66000366210938,112.81999969482422,98.01617431640625,8866500
2022-01-07,112.69000244140625,112.70999908447266,112.33999633789062,112.48999786376953,97.72946166992188,9018900
2022-01-10,112.2300033569336,112.41999816894531,112.13999938964844,112.38999938964844,97.64259338378906,8074900
2022-01-11,112.33000183105469,112.62999725341797,112.2699966430664,112.5999984741211,97.82505798339844,6728600
2022-01-12,112.72000122070312,112.79000091552734,112.58000183105469,112.5999984741211,97.82505798339844,6713200
2022-01-13,112.5999984741211,112.80000305175781,112.51000213623047,112.80000305175781,97.99879455566406,8454300
2022-01-14,112.52999877929688,112.55000305175781,112.1500015258789,112.16999816894531,97.45145416259766,9113400
2022-01-18,111.80999755859375,111.86000061035156,111.47000122070312,111.48999786376953,96.86068725585938,7943800
2022-01-19,111.69999694824219,111.88999938964844,111.6500015258789,111.7300033569336,97.06920623779297,8321000
2022-01-20,111.83999633789062,111.9000015258789,111.75,111.79000091552734,97.12133026123047,7186400
2022-01-21,112.19000244140625,112.3499984741211,112.11000061035156,112.2300033569336,97.50359344482422,8679600
2022-01-24,112.37999725341797,112.41999816894531,112.0999984741211,112.0999984741211,97.39066314697266,12131400
2022-01-25,112.18000030517578,112.30000305175781,111.95999908447266,111.98999786376953,97.29505920410156,9541000
2022-01-26,112.05999755859375,112.12999725341797,111.36000061035156,111.36000061035156,96.74774169921875,10729400
2022-01-27,111.62000274658203,111.87999725341797,111.62000274658203,111.7300033569336,97.06920623779297,6146800
2022-01-28,111.45999908447266,111.86000061035156,111.44000244140625,111.80999755859375,97.13868713378906,10855600
2022-01-31,111.63999938964844,111.88999938964844,111.5999984741211,111.80000305175781,97.13001251220703,12837400
2022-02-01,111.66000366210938,111.68000030517578,111.37999725341797,111.5999984741211,97.09607696533203,10356000
2022-02-02,111.69999694824219,111.97000122070312,111.66999816894531,111.72000122070312,97.20048522949219,7967900
2022-02-03,111.26000213623047,111.37000274658203,111.12999725341797,111.2699966430664,96.80899047851562,10290400
2022-02-04,110.75,110.75,110.47000122070312,110.56999969482422,96.1999282836914,6967200
2022-02-07,110.56999969482422,110.70999908447266,110.47000122070312,110.66999816894531,96.28692626953125,6723400
2022-02-08,110.44000244140625,110.4800033569336,110.31999969482422,110.33000183105469,95.99113464355469,7987000
2022-02-09,110.51000213623047,110.68000030517578,110.38999938964844,110.4000015258789,96.05203247070312,9194400
2022-02-10,109.97000122070312,110.05999755859375,109.37999725341797,109.37999725341797,95.16458892822266,10761200
2022-02-11,109.73999786376953,110.16000366210938,109.33999633789062,110.0999984741211,95.791015625,13868300
2022-02-14,109.66000366210938,109.76000213623047,109.4000015258789,109.45999908447266,95.23419189453125,8843700
2022-02-15,109.36000061035156,109.51000213623047,109.23999786376953,109.27999877929688,95.0776138305664,5820200
2022-02-16,109.44000244140625,109.4800033569336,109.0999984741211,109.41000366210938,95.19070434570312,8116000
2022-02-17,109.58000183105469,109.80999755859375,109.51000213623047,109.63999938964844,95.39078521728516,10217000
2022-02-18,109.83000183105469,109.87999725341797,109.70999908447266,109.87000274658203,95.59093475341797,7110900
2022-02-22,109.68000030517578,109.77999877929688,109.55999755859375,109.75,95.48652648925781,7604400
2022-02-23,109.5199966430664,109.55000305175781,109.2300033569336,109.26000213623047,95.06021881103516,11732100
2022-02-24,109.66999816894531,109.7699966430664,109.16999816894531,109.45999908447266,95.23419189453125,12372100
2022-02-25,109.44999694824219,109.58000183105469,109.33000183105469,109.56999969482422,95.32990264892578,10089100
2022-02-28,110.02999877929688,110.43000030517578,110.0199966430664,110.36000061035156,96.01721954345703,16594600
2022-03-01,110.5999984741211,111.16999816894531,110.56999969482422,110.81999969482422,96.5583267211914,14355100
2022-03-02,110.30000305175781,110.37999725341797,109.45999908447266,109.48999786376953,95.39947509765625,9028800
2022-03-03,109.79000091552734,110.0,109.6500015258789,109.86000061035156,95.72185516357422,15802600
2022-03-04,110.4000015258789,110.55000305175781,110.2300033569336,110.30000305175781,96.105224609375,7838500
2022-03-07,109.87000274658203,110.13999938964844,109.63999938964844,109.66000366210938,95.54762268066406,12740600
2022-03-08,109.25,109.33000183105469,109.12000274658203,109.2699966430664,95.20779418945312,9933700
2022-03-09,109.0999984741211,109.20999908447266,108.93000030517578,109.04000091552734,95.00743865966797,11192300
2022-03-10,108.66000366210938,108.68000030517578,108.25,108.43000030517578,94.47590637207031,16234900
2022-03-11,108.44000244140625,108.55000305175781,108.33999633789062,108.41000366210938,94.45848846435547,11997800
2022-03-14,107.79000091552734,107.81999969482422,107.36000061035156,107.36000061035156,93.54359436035156,10961600
2022-03-15,107.83999633789062,107.91999816894531,107.43000030517578,107.5999984741211,93.75271606445312,14001200
2022-03-16,107.62999725341797,107.7300033569336,107.0,107.68000030517578,93.82241821289062,16805400
2022-03-17,107.8499984741211,108.05999755859375,107.7300033569336,107.86000061035156,93.9792709350586,8035400
2022-03-18,107.93000030517578,108.13999938964844,107.91999816894531,108.0999984741211,94.18836975097656,7864100
2022-03-21,107.58000183105469,107.6500015258789,106.9800033569336,107.04000091552734,93.26475524902344,8024800
2022-03-22,106.73999786376953,106.87999725341797,106.61000061035156,106.75,93.01212310791016,16120500
2022-03-23,106.95999908447266,107.20999908447266,106.70999908447266,107.19000244140625,93.39549255371094,9060700
2022-03-24,106.72000122070312,107.04000091552734,106.6500015258789,106.94999694824219,93.1863784790039,7480500
2022-03-25,106.56999969482422,106.6500015258789,105.9800033569336,106.0999984741211,92.44572448730469,10538700
2022-03-28,106.25,106.52999877929688,106.16000366210938,106.36000061035156,92.67228698730469,8540500
2022-03-29,106.61000061035156,106.88999938964844,106.45999908447266,106.86000061035156,93.1079330444336,11396500
2022-03-30,106.5999984741211,107.1500015258789,106.58999633789062,107.1500015258789,93.3606185913086,11544400
2022-03-31,107.16999816894531,107.37999725341797,107.05999755859375,107.0999984741211,93.31705474853516,13799100
2022-04-01,106.3499984741211,106.94999694824219,106.25,106.75,93.1512680053711,11581600
2022-04-04,106.83999633789062,106.87000274658203,106.55999755859375,106.83999633789062,93.22978210449219,9956400
2022-04-05,106.58000183105469,106.62999725341797,105.73999786376953,105.76000213623047,92.28734588623047,11028300
2022-04-06,105.20999908447266,105.80999755859375,105.12000274658203,105.48999786376953,92.05176544189453,13116000
2022-04-07,105.37999725341797,105.51000213623047,105.12999725341797,105.26000213623047,91.85106658935547,7922500
2022-04-08,104.81999969482422,105.01000213623047,104.62000274658203,104.7300033569336,91.38859558105469,6503200
2022-04-11,104.44000244140625,104.51000213623047,104.16999816894531,104.27999877929688,90.99590301513672,8381800
2022-04-12,104.80000305175781,104.91999816894531,104.58000183105469,104.61000061035156,91.28388214111328,8498700
2022-04-13,104.7699966430664,105.08999633789062,104.73999786376953,104.81999969482422,91.46710205078125,6801000
2022-04-14,104.7300033569336,104.73999786376953,103.93000030517578,103.97000122070312,90.72541046142578,8510100
2022-04-18,103.97000122070312,104.0199966430664,103.61000061035156,103.6500015258789,90.44617462158203,8633000
2022-04-19,103.26000213623047,103.43000030517578,102.97000122070312,103.0199966430664,89.89643096923828,7847500
2022-04-20,103.36000061035156,103.73999786376953,103.30000305175781,103.61000061035156,90.41124725341797,8460900
2022-04-21,103.44000244140625,103.47000122070312,102.79000091552734,103.04000091552734,89.91385650634766,11395800
2022-04-22,102.7300033569336,103.18000030517578,102.66999816894531,102.94000244140625,89.82662963867188,9159000
2022-04-25,103.47000122070312,103.93000030517578,103.47000122070312,103.62999725341797,90.42868041992188,8777500
2022-04-26,104.12999725341797,104.12999725341797,103.80000305175781,103.94999694824219,90.70794677734375,8535100
2022-04-27,103.91000366210938,104.01000213623047,103.52999877929688,103.52999877929688,90.3414306640625,11185400
2022-04-28,103.33000183105469,103.51000213623047,103.16999816894531,103.48999786376953,90.30655670166016,10372200
2022-04-29,102.91999816894531,103.2699966430664,102.81999969482422,102.87000274658203,89.76553344726562,9924100
2022-05-02,102.31999969482422,102.36000061035156,102.0,102.12999725341797,89.27689361572266,12729000
2022-05-03,102.70999908447266,102.79000091552734,102.29000091552734,102.36000061035156,89.47794342041016,12165300
2022-05-04,102.31999969482422,103.05000305175781,102.12000274658203,103.0199966430664,90.05488586425781,14656400
2022-05-05,102.4800033569336,102.5199966430664,101.58999633789062,102.0,89.16321563720703,17474400
2022-05-06,101.66000366210938,101.94999694824219,101.48999786376953,101.56999969482422,88.78733825683594,8314100
2022-05-09,101.54000091552734,102.0999984741211,101.4800033569336,102.06999969482422,89.22444915771484,8640900
2022-05-10,102.5199966430664,102.72000122070312,102.31999969482422,102.37999725341797,89.49543762207031,18465000
2022-05-11,102.06999969482422,102.79000091552734,101.95999908447266,102.76000213623047,89.82758331298828,16462000
2022-05-12,102.94000244140625,103.13999938964844,102.87000274658203,102.94999694824219,89.99368286132812,9015300
2022-05-13,102.75,102.77999877929688,102.4800033569336,102.51000213623047,89.60906219482422,6715600
2022-05-16,102.70999908447266,102.97000122070312,102.69000244140625,102.73999786376953,89.81013488769531,7239200
2022-05-17,102.2699966430664,102.43000030517578,102.13999938964844,102.18000030517578,89.32059478759766,6559000
2022-05-18,102.11000061035156,102.63999938964844,102.08000183105469,102.58999633789062,89.67900085449219,6093800
2022-05-19,103.19999694824219,103.22000122070312,102.75,102.8499984741211,89.90625,10504300
2022-05-20,102.94999694824219,103.20999908447266,102.87999725341797,103.16000366210938,90.17725372314453,6731400
2022-05-23,103.01000213623047,103.19999694824219,102.7300033569336,102.81999969482422,89.88003540039062,8007200
2022-05-24,103.13999938964844,103.73999786376953,103.12999725341797,103.61000061035156,90.57061004638672,10332300
2022-05-25,103.93000030517578,104.06999969482422,103.7699966430664,104.04000091552734,90.9465103149414,7718100
2022-05-26,104.06999969482422,104.19000244140625,103.80000305175781,103.95999908447266,90.87657165527344,5720000
2022-05-27,104.08999633789062,104.30999755859375,104.0199966430664,104.12999725341797,91.02518463134766,5496300
2022-05-31,103.52999877929688,103.63999938964844,103.29000091552734,103.47000122070312,90.44822692871094,10491700
2022-06-01,103.38999938964844,103.52999877929688,102.75,102.86000061035156,90.07694244384766,8056700
2022-06-02,103.05999755859375,103.08999633789062,102.7300033569336,102.98999786376953,90.19078063964844,7456800
2022-06-03,102.66999816894531,102.91000366210938,102.63999938964844,102.81999969482422,90.0418930053711,6561100
2022-06-06,102.66999816894531,102.7699966430664,102.16000366210938,102.19000244140625,89.49018859863281,5144500
2022-06-07,102.41999816894531,102.76000213623047,102.4000015258789,102.58000183105469,89.83174896240234,5620200
2022-06-08,102.41999816894531,102.55999755859375,102.16000366210938,102.16000366210938,89.46393585205078,4150800
2022-06-09,102.06999969482422,102.22000122070312,101.97000122070312,102.05000305175781,89.3675765991211,5423500
2022-06-10,101.66999816894531,101.72000122070312,101.02999877929688,101.26000213623047,88.6758041381836,7830000
2022-06-13,100.0999984741211,100.3499984741211,99.12999725341797,99.5999984741211,87.22205352783203,9479000
2022-06-14,99.83999633789062,99.94000244140625,98.86000061035156,99.01000213623047,86.70542907714844,10943400
2022-06-15,99.69000244140625,100.16000366210938,99.18000030517578,100.11000061035156,87.66869354248047,10979000
2022-06-16,99.23999786376953,100.36000061035156,99.13999938964844,100.3499984741211,87.87887573242188,9329900
2022-06-17,100.41999816894531,100.56999969482422,99.9800033569336,100.33999633789062,87.87010192871094,9892200
2022-06-21,100.0199966430664,100.26000213623047,99.79000091552734,99.94000244140625,87.51980590820312,9022500
2022-06-22,100.66999816894531,100.93000030517578,100.66999816894531,100.79000091552734,88.26419830322266,9437000
2022-06-23,101.25,101.76000213623047,101.12999725341797,101.20999908447266,88.63196563720703,7773900
2022-06-24,101.11000061035156,101.47000122070312,101.0,101.05000305175781,88.49188232421875,7389600
2022-06-27,100.66999816894531,100.94999694824219,100.4800033569336,100.5999984741211,88.09781646728516,8319700
2022-06-28,100.52999877929688,100.66000366210938,100.4000015258789,100.63999938964844,88.13285827636719,6540000
2022-06-29,100.80000305175781,101.23999786376953,100.68000030517578,101.22000122070312,88.64070892333984,7326500
2022-06-30,101.5999984741211,101.95999908447266,101.58000183105469,101.68000030517578,89.0435791015625,7521300
2022-07-01,102.20999908447266,102.79000091552734,102.08999633789062,102.33999633789062,89.78580474853516,7393100
2022-07-05,102.54000091552734,102.69999694824219,102.3499984741211,102.52999877929688,89.9524917602539,6813100
2022-07-06,102.77999877929688,102.80000305175781,101.83999633789062,101.83999633789062,89.3471450805664,6647700
2022-07-07,101.94000244140625,101.9800033569336,101.5199966430664,101.61000061035156,89.1453628540039,8226500
2022-07-08,101.3499984741211,101.44999694824219,101.16000366210938,101.2300033569336,88.81196594238281,5270100
2022-07-11,101.66999816894531,101.91999816894531,101.5999984741211,101.69999694824219,89.22428894042969,5758400
2022-07-12,102.0199966430664,102.19000244140625,101.81999969482422,101.83999633789062,89.3471450805664,6690500
2022-07-13,101.2300033569336,102.23999786376953,101.19000244140625,102.20999908447266,89.67174530029297,6534700
2022-07-14,101.51000213623047,101.9800033569336,101.33000183105469,101.8499984741211,89.35590362548828,6233300
2022-07-15,101.94000244140625,102.3499984741211,101.9000015258789,102.25,89.70686340332031,8640400
2022-07-18,102.0,102.02999877929688,101.72000122070312,101.91999816894531,89.41732025146484,6006400
2022-07-19,101.94999694824219,101.98999786376953,101.66000366210938,101.77999877929688,89.29448699951172,5936200
2022-07-20,102.16000366210938,102.16999816894531,101.66999816894531,101.70999908447266,89.23307037353516,6124000
2022-07-21,101.95999908447266,102.58000183105469,101.95999908447266,102.55999755859375,89.97880554199219,5920000
2022-07-22,103.26000213623047,103.5999984741211,103.12000274658203,103.36000061035156,90.68067932128906,7323100
2022-07-25,102.9000015258789,103.08999633789062,102.87000274658203,102.9800033569336,90.34729766845703,3729500
2022-07-26,103.44000244140625,103.51000213623047,102.95999908447266,102.95999908447266,90.32975769042969,6312200
2022-07-27,103.19000244140625,103.63999938964844,103.18000030517578,103.31999969482422,90.64559173583984,5431400
2022-07-28,104.08999633789062,104.20999908447266,103.83999633789062,104.05999755859375,91.2948226928711,6473800
2022-07-29,103.94000244140625,104.4000015258789,103.83000183105469,104.06999969482422,91.30357360839844,7674600
2022-08-01,103.98999786376953,104.30999755859375,103.91000366210938,104.2300033569336,91.62003326416016,7733700
2022-08-02,104.2699966430664,104.3499984741211,103.13999938964844,103.16000366210938,90.6794662475586,6869400
2022-08-03,103.02999877929688,103.63999938964844,102.72000122070312,103.62000274658203,91.08383178710938,6261700
2022-08-04,103.66999816894531,103.88999938964844,103.56999969482422,103.87000274658203,91.30357360839844,5199700
2022-08-05,102.80999755859375,102.83000183105469,102.5199966430664,102.70999908447266,90.2839126586914,4847100
2022-08-08,103.0999984741211,103.29000091552734,103.04000091552734,103.18000030517578,90.69705963134766,3425000
2022-08-09,102.91999816894531,103.05000305175781,102.83999633789062,102.94999694824219,90.49490356445312,3854000
2022-08-10,103.43000030517578,103.68000030517578,103.11000061035156,103.20999908447266,90.72341918945312,7156200
2022-08-11,103.37999725341797,103.62999725341797,102.62000274658203,102.66000366210938,90.23998260498047,8518200
2022-08-12,102.97000122070312,103.12000274658203,102.72000122070312,103.12000274658203,90.64431762695312,3643400
2022-08-15,103.37000274658203,103.44999694824219,103.23999786376953,103.25,90.7585678100586,3782900
2022-08-16,103.12999725341797,103.12999725341797,102.79000091552734,103.0999984741211,90.62671661376953,4976100
2022-08-17,102.63999938964844,102.73999786376953,102.33999633789062,102.48999786376953,90.09052276611328,7222300
2022-08-18,102.69999694824219,102.93000030517578,102.63999938964844,102.70999908447266,90.2839126586914,4260600
2022-08-19,102.12999725341797,102.12999725341797,101.8499984741211,101.98999786376953,89.65103149414062,4575500
2022-08-22,101.81999969482422,101.88999938964844,101.5199966430664,101.55000305175781,89.26426696777344,7133200
2022-08-23,101.54000091552734,101.97000122070312,101.4000015258789,101.51000213623047,89.22907257080078,7369600
2022-08-24,101.3499984741211,101.4000015258789,101.1500015258789,101.23999786376953,88.99177551269531,6318900
2022-08-25,101.33000183105469,101.87000274658203,101.23999786376953,101.80000305175781,89.4840316772461,8217300
2022-08-26,101.66999816894531,101.8499984741211,101.41999816894531,101.61000061035156,89.31700134277344,5584800
2022-08-29,101.2699966430664,101.27999877929688,101.05999755859375,101.12000274658203,88.88628387451172,7509000
2022-08-30,101.26000213623047,101.44999694824219,100.93000030517578,101.25,89.00056457519531,6573600
2022-08-31,101.04000091552734,101.2300033569336,100.63999938964844,100.70999908447266,88.52589416503906,6116500
2022-09-01,100.06999969482422,100.1500015258789,99.66000366210938,100.06999969482422,88.14183044433594,8961600
2022-09-02,100.37000274658203,100.66999816894531,100.12999725341797,100.36000061035156,88.39727020263672,5966800
2022-09-06,99.95999908447266,99.97000122070312,99.41000366210938,99.41999816894531,87.56932830810547,5341300
2022-09-07,99.7300033569336,100.12999725341797,99.72000122070312,100.11000061035156,88.17708587646484,3607100
2022-09-08,100.0,100.18000030517578,99.79000091552734,99.79000091552734,87.8952407836914,5546200
2022-09-09,99.98999786376953,100.12999725341797,99.7300033569336,99.77999877929688,87.88642120361328,7496100
2022-09-12,100.0,100.08999633789062,99.51000213623047,99.62999725341797,87.75428771972656,8535500
2022-09-13,98.91000366210938,99.19000244140625,98.9000015258789,99.06999969482422,87.26103210449219,4957400
2022-09-14,99.0,99.3499984741211,98.97000122070312,99.19999694824219,87.37554931640625,7557300
2022-09-15,99.04000091552734,99.11000061035156,98.83999633789062,98.9000015258789,87.11131286621094,6016600
2022-09-16,98.66000366210938,99.01000213623047,98.61000061035156,98.83000183105469,87.04965209960938,6965400
2022-09-19,98.52999877929688,98.83999633789062,98.4800033569336,98.68000030517578,86.91751098632812,5982200
2022-09-20,98.20999908447266,98.4000015258789,98.08000183105469,98.23999786376953,86.52997589111328,11271700
2022-09-21,98.4000015258789,98.5999984741211,97.86000061035156,98.55000305175781,86.80305480957031,7094400
2022-09-22,97.9000015258789,97.91999816894531,97.4000015258789,97.5,85.87820434570312,7092400
2022-09-23,97.4000015258789,97.44999694824219,96.88999938964844,97.19999694824219,85.61396789550781,11059300
2022-09-26,96.87000274658203,96.91000366210938,95.87000274658203,95.94999694824219,84.51294708251953,9009900
2022-09-27,95.97000122070312,96.08000183105469,95.37999725341797,95.54000091552734,84.15180206298828,11440200
2022-09-28,96.47000122070312,97.12999725341797,96.2699966430664,97.08000183105469,85.50824737548828,10539800
2022-09-29,96.4800033569336,96.80000305175781,96.29000091552734,96.56999969482422,85.05907440185547,8666100
2022-09-30,96.86000061035156,97.08999633789062,96.19000244140625,96.33999633789062,84.8564453125,14376300
2022-10-03,96.88999938964844,97.4800033569336,96.63999938964844,96.91000366210938,85.54586791992188,9617900
2022-10-04,97.20999908447266,97.55000305175781,97.08000183105469,97.16999816894531,85.77536010742188,6964200
2022-10-05,96.69000244140625,96.98999786376953,96.2699966430664,96.66000366210938,85.32520294189453,9512800
2022-10-06,96.58999633789062,96.70999908447266,96.20999908447266,96.27999877929688,84.98976135253906,5625100
2022-10-07,95.80999755859375,96.01000213623047,95.68000030517578,95.7699966430664,84.53955078125,6149600
2022-10-10,95.7300033569336,95.75,95.1500015258789,95.33999633789062,84.15996551513672,4074700
2022-10-11,95.62999725341797,95.83000183105469,95.2699966430664,95.4000015258789,84.21295166015625,8892800
2022-10-12,95.25,95.61000061035156,95.2300033569336,95.4800033569336,84.28353881835938,5651200
2022-10-13,94.2300033569336,95.44000244140625,94.18000030517578,95.18000030517578,84.0187759399414,6254400
2022-10-14,95.62999725341797,95.62999725341797,94.61000061035156,94.66000366210938,83.55973052978516,8580700
2022-10-17,95.25,95.4000015258789,94.83000183105469,94.86000061035156,83.73625946044922,5460600
2022-10-18,95.11000061035156,95.18000030517578,94.63999938964844,95.0199966430664,83.87751007080078,6389100
2022-10-19,94.41000366210938,94.55999755859375,94.1500015258789,94.19999694824219,83.15367126464844,6316100
2022-10-20,94.05999755859375,94.26000213623047,93.55999755859375,93.62999725341797,82.65049743652344,9012900
2022-10-21,93.2699966430664,93.87000274658203,93.19999694824219,93.7699966430664,82.77408599853516,8371100
2022-10-24,93.7699966430664,94.02999877929688,93.44999694824219,93.63999938964844,82.6593246459961,6090400
2022-10-25,94.38999938964844,94.70999908447266,94.36000061035156,94.55999755859375,83.47145080566406,11710400
2022-10-26,94.77999877929688,95.16999816894531,94.76000213623047,94.9800033569336,83.84220123291016,7884100
2022-10-27,95.20999908447266,95.62000274658203,94.98999786376953,95.45999908447266,84.26590728759766,6913500
2022-10-28,95.01000213623047,95.45999908447266,94.9800033569336,95.22000122070312,84.0540542602539,6229200
2022-10-31,95.01000213623047,95.05999755859375,94.5999984741211,94.9000015258789,83.77157592773438,10946400
2022-11-01,95.25,95.3499984741211,94.6500015258789,94.86000061035156,83.92729949951172,8096800
2022-11-02,94.9800033569336,95.51000213623047,94.52999877929688,94.69999694824219,83.7857437133789,8584100
2022-11-03,93.97000122070312,94.51000213623047,93.93000030517578,94.3499984741211,83.47608184814453,9314800
2022-11-04,94.43000030517578,94.63999938964844,94.16999816894531,94.33999633789062,83.46721649169922,6918300
2022-11-07,94.41000366210938,94.45999908447266,94.02999877929688,94.04000091552734,83.2018051147461,7597200
2022-11-08,94.23999786376953,94.61000061035156,94.22000122070312,94.44000244140625,83.55571746826172,5834900
2022-11-09,94.38999938964844,94.69999694824219,94.25,94.55000305175781,83.65299987792969,6694200
2022-11-10,95.9800033569336,96.58000183105469,95.79000091552734,96.58000183105469,85.44906616210938,8494800
2022-11-11,96.2300033569336,96.61000061035156,96.2300033569336,96.51000213623047,85.38711547851562,4953100
2022-11-14,96.43000030517578,96.44999694824219,96.18000030517578,96.23999786376953,85.14825439453125,7457600
2022-11-15,96.80000305175781,96.94999694824219,96.61000061035156,96.94999694824219,85.77642822265625,7962000
2022-11-16,97.25,97.62999725341797,97.13999938964844,97.55000305175781,86.3072738647461,11075000
2022-11-17,97.02999877929688,97.16999816894531,96.8499984741211,97.13999938964844,85.94452667236328,6889000
2022-11-18,97.22000122070312,97.33000183105469,96.91000366210938,97.0,85.82067108154297,4714900
2022-11-21,97.2699966430664,97.33999633789062,96.91000366210938,96.94000244140625,85.76758575439453,6829100
2022-11-22,97.18000030517578,97.5,97.18000030517578,97.44000244140625,86.2099609375,8039000
2022-11-23,97.58000183105469,98.0199966430664,97.58000183105469,98.0199966430664,86.72309112548828,5885600
2022-11-25,97.80999755859375,98.04000091552734,97.80999755859375,98.04000091552734,86.74079895019531,2718600
2022-11-28,98.13999938964844,98.19000244140625,97.83999633789062,97.87999725341797,86.59922790527344,7920700
2022-11-29,97.54000091552734,97.79000091552734,97.48999786376953,97.52999877929688,86.28955078125,6643300
2022-11-30,97.4800033569336,98.31999969482422,97.29000091552734,98.29000091552734,86.96198272705078,8963500
2022-12-01,98.30000305175781,98.88999938964844,98.16999816894531,98.87999725341797,87.68558502197266,12471300
2022-12-02,98.48999786376953,99.30000305175781,98.30000305175781,99.29000091552734,88.04918670654297,6368000
2022-12-05,98.81999969482422,99.29000091552734,98.30000305175781,98.51000213623047,87.35750579833984,8072500
2022-12-06,98.70999908447266,98.91999816894531,98.58999633789062,98.80000305175781,87.61466979980469,7660100
2022-12-07,99.29000091552734,99.7300033569336,99.16999816894531,99.68000030517578,88.39505004882812,6752900
2022-12-08,99.38999938964844,99.5999984741211,99.23999786376953,99.37999725341797,88.12899780273438,6307200
2022-12-09,99.12000274658203,99.20999908447266,98.7699966430664,98.79000091552734,87.60577392578125,8994400
2022-12-12,99.19000244140625,99.23999786376953,98.62999725341797,98.80999755859375,87.6235122680664,10384200
2022-12-13,100.18000030517578,100.18000030517578,99.4000015258789,99.47000122070312,88.20879364013672,9120600
2022-12-14,99.5199966430664,99.79000091552734,99.16999816894531,99.69000244140625,88.40391540527344,10624000
2022-12-15,99.56999969482422,99.69999694824219,99.37000274658203,99.61000061035156,88.53367614746094,9423900
2022-12-16,98.95999908447266,99.5199966430664,98.94000244140625,99.3499984741211,88.30255126953125,7546100
2022-12-19,98.9000015258789,98.93000030517578,98.61000061035156,98.73999786376953,87.7603988647461,10351000
2022-12-20,98.0999984741211,98.26000213623047,97.9800033569336,98.06999969482422,87.16488647460938,10282200
2022-12-21,98.48999786376953,98.54000091552734,98.19000244140625,98.33999633789062,87.40486145019531,8489300
2022-12-22,98.31999969482422,98.47000122070312,98.22000122070312,98.30999755859375,87.37821197509766,8267800
2022-12-23,98.05000305175781,98.11000061035156,97.9000015258789,97.97000122070312,87.0760269165039,4823400
2022-12-27,97.45999908447266,97.62000274658203,97.20999908447266,97.26000213623047,86.44499969482422,7925700
2022-12-28,97.47000122070312,97.5,97.08000183105469,97.08999633789062,86.29386901855469,12131200
2022-12-29,97.20999908447266,97.47000122070312,97.18000030517578,97.44999694824219,86.61385345458984,7763300
2022-12-30,97.25,97.36000061035156,96.97000122070312,96.98999786376953,86.20499420166016,8469000
2023-01-03,97.97000122070312,97.97000122070312,97.37000274658203,97.55999755859375,86.71161651611328,19930800
2023-01-04,98.16999816894531,98.25,97.88999938964844,98.0999984741211,87.19156646728516,10080100
2023-01-05,97.63999938964844,98.05999755859375,97.56999969482422,98.0199966430664,87.12044525146484,9682000
2023-01-06,98.12999725341797,99.1500015258789,98.04000091552734,99.08999633789062,88.07145690917969,8503000
2023-01-09,99.05999755859375,99.5,99.0,99.33999633789062,88.29369354248047,7849600
2023-01-10,99.0199966430664,99.1500015258789,98.73999786376953,98.95999908447266,87.95594024658203,7291300
2023-01-11,99.27999877929688,99.56999969482422,99.26000213623047,99.56999969482422,88.49807739257812,6102900
2023-01-12,99.83999633789062,100.52999877929688,99.48999786376953,100.29000091552734,89.1380386352539,8342700
2023-01-13,100.0199966430664,100.26000213623047,99.83000183105469,99.91999816894531,88.8091812133789,6719000
2023-01-17,99.73999786376953,99.95999908447266,99.6500015258789,99.73999786376953,88.64920806884766,8174700
2023-01-18,100.76000213623047,100.87999725341797,100.37000274658203,100.7300033569336,89.52911376953125,7779300
2023-01-19,100.7300033569336,100.7300033569336,100.33000183105469,100.5,89.3246841430664,8633700
2023-01-20,100.16999816894531,100.26000213623047,99.88999938964844,100.08999633789062,88.96028900146484,6095800
2023-01-23,99.80000305175781,100.05999755859375,99.77999877929688,99.83999633789062,88.73808288574219,6573200
2023-01-24,99.83999633789062,100.31999969482422,99.68000030517578,100.27999877929688,89.12916564941406,6538600
2023-01-25,100.26000213623047,100.47000122070312,100.0999984741211,100.4000015258789,89.2358169555664,5431000
2023-01-26,100.33000183105469,100.45999908447266,100.06999969482422,100.2300033569336,89.084716796875,5399100
2023-01-27,99.95999908447266,100.13999938964844,99.91000366210938,100.08000183105469,88.95140075683594,5123100
2023-01-30,99.9000015258789,100.08999633789062,99.80000305175781,99.80999755859375,88.71142578125,6822000
2023-01-31,100.16000366210938,100.33999633789062,99.83000183105469,100.22000122070312,89.07583618164062,12083600
2023-02-01,100.19000244140625,100.77999877929688,99.86000061035156,100.68000030517578,89.70399475097656,11593300
2023-02-02,101.04000091552734,101.1500015258789,100.73999786376953,100.79000091552734,89.80199432373047,9197800
2023-02-03,99.94999694824219,100.12999725341797,99.5199966430664,99.81999969482422,88.93773651123047,9083000
2023-02-06,99.30999755859375,99.41999816894531,99.2300033569336,99.2699966430664,88.44770050048828,9198900
2023-02-07,99.1500015258789,99.56999969482422,99.05999755859375,99.0999984741211,88.29621887207031,6224800
2023-02-08,99.13999938964844,99.43000030517578,98.94999694824219,99.23999786376953,88.42095947265625,4900600
2023-02-09,99.54000091552734,99.55999755859375,98.83000183105469,98.8499984741211,88.07347869873047,5594800
2023-02-10,98.81999969482422,98.83000183105469,98.4000015258789,98.41999816894531,87.6903305053711,5068200
2023-02-13,98.48999786376953,98.72000122070312,98.45999908447266,98.72000122070312,87.9576416015625,6832700
2023-02-14,98.66999816894531,98.76000213623047,98.11000061035156,98.37000274658203,87.64582061767578,9559500
2023-02-15,98.23999786376953,98.36000061035156,98.02999877929688,98.18000030517578,87.47652435302734,6486500
2023-02-16,97.87999725341797,98.02999877929688,97.69000244140625,97.7699966430664,87.1112060546875,5235600
2023-02-17,97.52999877929688,98.01000213623047,97.52999877929688,98.0,87.3161392211914,5956300
2023-02-21,97.36000061035156,97.45999908447266,97.08000183105469,97.08000183105469,86.4964370727539,8369600
2023-02-22,97.4000015258789,97.58999633789062,97.30000305175781,97.33999633789062,86.72808837890625,5862300
2023-02-23,97.4000015258789,97.72000122070312,97.37000274658203,97.69000244140625,87.03993225097656,8527200
2023-02-24,97.22000122070312,97.26000213623047,96.97000122070312,97.12999725341797,86.54098510742188,4866800
2023-02-27,97.41000366210938,97.48999786376953,97.22000122070312,97.31999969482422,86.71027374267578,5040000
2023-02-28,96.98999786376953,97.37000274658203,96.93000030517578,97.30999755859375,86.70136260986328,8575000
2023-03-01,96.83000183105469,97.04000091552734,96.5,96.5199966430664,86.20478057861328,9125300
2023-03-02,96.1500015258789,96.3499984741211,96.11000061035156,96.31999969482422,86.02616119384766,9247400
2023-03-03,96.8499984741211,97.08000183105469,96.58999633789062,97.08000183105469,86.7049331665039,7267000
2023-03-06,97.2699966430664,97.29000091552734,96.80999755859375,96.83999633789062,86.4905776977539,4188500
2023-03-07,96.9800033569336,97.02999877929688,96.56999969482422,96.70999908447266,86.37448120117188,6013200
2023-03-08,96.9000015258789,97.08000183105469,96.4800033569336,96.61000061035156,86.28516387939453,8044000
2023-03-09,96.76000213623047,97.1500015258789,96.69999694824219,96.95999908447266,86.5977783203125,7054400
2023-03-10,97.79000091552734,98.31999969482422,97.76000213623047,98.08999633789062,87.60697937011719,7515700
2023-03-13,99.05000305175781,99.6500015258789,98.62000274658203,98.87000274658203,88.30364227294922,10343900
2023-03-14,98.7699966430664,98.81999969482422,98.08999633789062,98.29000091552734,87.78564453125,8159800
2023-03-15,99.43000030517578,99.69999694824219,98.80999755859375,99.2699966430664,88.660888671875,11133700
2023-03-16,99.52999877929688,99.72000122070312,98.68000030517578,98.87999725341797,88.31256103515625,15217800
2023-03-17,99.29000091552734,99.80000305175781,99.20999908447266,99.5,88.86630249023438,8277500
2023-03-20,99.7300033569336,99.7300033569336,99.0199966430664,99.0999984741211,88.50904083251953,6346400
2023-03-21,98.87999725341797,99.02999877929688,98.69999694824219,98.80000305175781,88.24113464355469,5499100
2023-03-22,98.80000305175781,99.81999969482422,98.63999938964844,99.75,89.089599609375,7585400
2023-03-23,99.68000030517578,100.05000305175781,99.51000213623047,99.98999786376953,89.303955078125,9949700
2023-03-24,100.27999877929688,100.48999786376953,99.94999694824219,100.16000366210938,89.45578002929688,6217700
2023-03-27,99.38999938964844,99.5199966430664,99.06999969482422,99.08000183105469,88.49120330810547,6823400
2023-03-28,98.9800033569336,99.05000305175781,98.81999969482422,98.93000030517578,88.35720825195312,6356200
2023-03-29,98.73999786376953,99.11000061035156,98.72000122070312,99.05000305175781,88.46444702148438,5111300
2023-03-30,99.02999877929688,99.2300033569336,98.94999694824219,99.16000366210938,88.56263732910156,4251900
2023-03-31,99.38999938964844,99.69000244140625,99.16000366210938,99.63999938964844,88.99136352539062,8521600
2023-04-03,99.27999877929688,99.86000061035156,99.20999908447266,99.81999969482422,89.37814331054688,7567100
2023-04-04,99.55000305175781,100.30000305175781,99.5,100.19000244140625,89.70946502685547,8925200
2023-04-05,100.5,100.9800033569336,100.41000366210938,100.52999877929688,90.01387023925781,9883500
2023-04-06,100.55999755859375,100.69000244140625,100.44000244140625,100.44000244140625,89.93328857421875,6105200
2023-04-10,99.88999938964844,99.91000366210938,99.5999984741211,99.75,89.31547546386719,4478000
2023-04-11,99.80999755859375,99.87999725341797,99.58999633789062,99.80999755859375,89.36919403076172,4543800
2023-04-12,100.16999816894531,100.19999694824219,99.61000061035156,99.93000030517578,89.47665405273438,7226000
2023-04-13,100.16000366210938,100.2699966430664,99.80999755859375,99.88999938964844,89.44085693359375,3964800
2023-04-14,99.55999755859375,99.58999633789062,99.31999969482422,99.4000015258789,89.00208282470703,4794100
2023-04-17,99.12999725341797,99.18000030517578,98.87999725341797,98.9000015258789,88.55439758300781,4441300
2023-04-18,98.91000366210938,99.16000366210938,98.91000366210938,99.04000091552734,88.67977905273438,4753000
2023-04-19,98.88999938964844,98.93000030517578,98.70999908447266,98.88999938964844,88.54544067382812,3592900
2023-04-20,99.20999908447266,99.36000061035156,99.19000244140625,99.33999633789062,88.94837188720703,5092400
2023-04-21,99.51000213623047,99.55999755859375,99.11000061035156,99.16999816894531,88.796142578125,5367300
2023-04-24,99.41999816894531,99.58999633789062,99.36000061035156,99.55999755859375,89.14537811279297,3256900
2023-04-25,99.97000122070312,100.25,99.95999908447266,100.18000030517578,89.70048522949219,5065400
2023-04-26,100.16000366210938,100.22000122070312,99.72000122070312,99.80999755859375,89.36919403076172,3723600
2023-04-27,99.61000061035156,99.62999725341797,99.38999938964844,99.44999694824219,89.046875,4018300
2023-04-28,99.98999786376953,99.98999786376953,99.72000122070312,99.95999908447266,89.5035171508789,5469900
2023-05-01,99.3499984741211,99.41000366210938,98.5999984741211,98.69000244140625,88.58704376220703,10631600
2023-05-02,98.95999908447266,99.66999816894531,98.93000030517578,99.6500015258789,89.44877624511719,6085800
2023-05-03,99.88999938964844,100.12999725341797,99.69000244140625,100.08999633789062,89.84368133544922,5637200
2023-05-04,99.7699966430664,100.41999816894531,99.75,99.97000122070312,89.73600769042969,5262200
2023-05-05,99.63999938964844,99.72000122070312,99.44999694824219,99.6500015258789,89.44877624511719,4003000
2023-05-08,99.20999908447266,99.3499984741211,99.08000183105469,99.0999984741211,88.9550552368164,5481300
2023-05-09,99.11000061035156,99.19000244140625,99.01000213623047,99.01000213623047,88.8742904663086,5712200
2023-05-10,99.43000030517578,99.68000030517578,99.38999938964844,99.6500015258789,89.44877624511719,4803000
2023-05-11,100.11000061035156,100.19000244140625,99.87999725341797,99.94999694824219,89.718017578125,7703800
2023-05-12,99.88999938964844,99.94999694824219,99.38999938964844,99.38999938964844,89.2153549194336,4285900
2023-05-15,99.20999908447266,99.22000122070312,99.0999984741211,99.13999938964844,88.99095153808594,8532600
2023-05-16,98.88999938964844,98.94999694824219,98.73999786376953,98.91000366210938,88.78451538085938,6728500
2023-05-17,98.98999786376953,99.02999877929688,98.68000030517578,98.76000213623047,88.6498794555664,6318700
2023-05-18,98.48999786376953,98.51000213623047,98.2699966430664,98.30000305175781,88.2369613647461,4811300
2023-05-19,98.12999725341797,98.44000244140625,98.0,98.08000183105469,88.03949737548828,10285900
2023-05-22,98.13999938964844,98.33000183105469,97.97000122070312,97.98999786376953,87.95870208740234,8551100
2023-05-23,97.91999816894531,98.20999908447266,97.80999755859375,98.0999984741211,88.05744934082031,7641200
2023-05-24,98.16999816894531,98.19000244140625,97.81999969482422,97.8499984741211,87.8330078125,7719200
2023-05-25,97.73999786376953,97.80000305175781,97.44000244140625,97.48999786376953,87.50985717773438,5941300
2023-05-26,97.36000061035156,97.58999633789062,97.23999786376953,97.56999969482422,87.58169555664062,3889800
2023-05-30,97.9000015258789,98.23999786376953,97.8499984741211,98.22000122070312,88.16514587402344,7349900
2023-05-31,98.22000122070312,98.72000122070312,98.20999908447266,98.56999969482422,88.47933197021484,10559900
2023-06-01,98.5999984741211,98.80000305175781,98.4800033569336,98.61000061035156,88.74752044677734,9029800
2023-06-02,98.54000091552734,98.58000183105469,98.08000183105469,98.08999633789062,88.27953338623047,6877200
2023-06-05,97.8499984741211,98.31999969482422,97.7699966430664,98.08000183105469,88.27054595947266,7246200
2023-06-06,98.12000274658203,98.20999908447266,97.88999938964844,98.19999694824219,88.37850189208984,3816000
2023-06-07,98.1500015258789,98.22000122070312,97.58999633789062,97.68000030517578,87.9104995727539,5131500
2023-06-08,97.80000305175781,98.20999908447266,97.7699966430664,98.19999694824219,88.37850189208984,5041900
2023-06-09,97.91000366210938,98.05000305175781,97.79000091552734,97.97000122070312,88.17152404785156,7140700
2023-06-12,98.08999633789062,98.16000366210938,97.7300033569336,98.13999938964844,88.32450866699219,5436300
2023-06-13,98.4800033569336,98.4800033569336,97.5999984741211,97.68000030517578,87.9104995727539,9568100
2023-06-14,97.87999725341797,97.98999786376953,97.44999694824219,97.7699966430664,87.99150848388672,8360100
2023-06-15,98.29000091552734,98.45999908447266,98.12999725341797,98.44999694824219,88.60352325439453,7472000
2023-06-16,98.08999633789062,98.27999877929688,97.91000366210938,98.13999938964844,88.32450866699219,5653700
2023-06-20,98.27999877929688,98.51000213623047,98.16999816894531,98.31999969482422,88.48652648925781,6694200
2023-06-21,98.08999633789062,98.52999877929688,97.9800033569336,98.4800033569336,88.63050842285156,5579900
2023-06-22,98.16999816894531,98.33000183105469,97.91999816894531,97.97000122070312,88.17152404785156,7147600
2023-06-23,98.48999786376953,98.5,98.0999984741211,98.26000213623047,88.43253326416016,4792900
2023-06-26,98.5,98.51000213623047,98.30999755859375,98.37999725341797,88.54051208496094,10632300
2023-06-27,98.44999694824219,98.58999633789062,98.0999984741211,98.19000244140625,88.36949920654297,7803300
2023-06-28,98.33999633789062,98.54000091552734,98.19999694824219,98.4800033569336,88.63050842285156,8622900
2023-06-29,97.80000305175781,97.87000274658203,97.61000061035156,97.72000122070312,87.94654846191406,8877500
2023-06-30,97.86000061035156,98.0999984741211,97.73999786376953,97.94999694824219,88.15352630615234,13417300
2023-07-03,97.81999969482422,98.04000091552734,97.54000091552734,97.58000183105469,88.04973602294922,3691600
2023-07-05,97.51000213623047,97.52999877929688,97.05000305175781,97.13999938964844,87.6527099609375,6046200
2023-07-06,96.55999755859375,96.63999938964844,96.27999877929688,96.51000213623047,87.08424377441406,9534200
2023-07-07,96.41999816894531,96.75,96.41999816894531,96.52999877929688,87.10230255126953,8311000
2023-07-10,96.56999969482422,96.94000244140625,96.55000305175781,96.80000305175781,87.34593200683594,8827400
2023-07-11,96.94000244140625,97.0999984741211,96.86000061035156,97.01000213623047,87.5354232788086,5978500
2023-07-12,97.51000213623047,97.8499984741211,97.44999694824219,97.80000305175781,88.24827575683594,7189100
2023-07-13,98.18000030517578,98.44000244140625,98.12000274658203,98.41000366210938,88.79869079589844,7458500
2023-07-14,98.2300033569336,98.30999755859375,97.91999816894531,97.94000244140625,88.37458038330078,7208400
2023-07-17,97.94999694824219,98.0999984741211,97.8499984741211,98.05000305175781,88.47383117675781,4689500
2023-07-18,98.33000183105469,98.41000366210938,98.12999725341797,98.12999725341797,88.54601287841797,5593200
2023-07-19,98.3499984741211,98.4800033569336,98.19000244140625,98.43000030517578,88.81672668457031,7467900
2023-07-20,98.05999755859375,98.08000183105469,97.7300033569336,97.91999816894531,88.3565444946289,12562400
2023-07-21,98.11000061035156,98.1500015258789,97.94000244140625,97.98999786376953,88.41971588134766,7605200
2023-07-24,98.0999984741211,98.16000366210938,97.79000091552734,97.80999755859375,88.25728607177734,6656600
2023-07-25,97.58000183105469,97.79000091552734,97.56999969482422,97.69999694824219,88.15802764892578,5794800
2023-07-26,97.93000030517578,98.06999969482422,97.68000030517578,98.0199966430664,88.44678497314453,5907400
2023-07-27,97.83999633789062,97.93000030517578,97.11000061035156,97.18000030517578,87.6888198852539,6937900
2023-07-28,97.38999938964844,97.58999633789062,97.30999755859375,97.55999755859375,88.03170013427734,9233600
2023-07-31,97.52999877929688,97.80000305175781,97.5199966430664,97.68000030517578,88.13996124267578,11079100
2023-08-01,97.01000213623047,97.08999633789062,96.70999908447266,96.7699966430664,87.55640411376953,8810400
2023-08-02,96.4800033569336,96.55999755859375,96.2300033569336,96.54000091552734,87.34830474853516,8551900
2023-08-03,95.93000030517578,96.0199966430664,95.80000305175781,95.88999938964844,86.76017761230469,7532700
2023-08-04,96.25,96.75,96.25,96.68000030517578,87.47494506835938,6400400
2023-08-07,96.63999938964844,96.69999694824219,96.4800033569336,96.69999694824219,87.4930419921875,9732600
2023-08-08,96.94000244140625,97.11000061035156,96.83999633789062,96.93000030517578,87.70116424560547,6867300
2023-08-09,97.01000213623047,97.12000274658203,96.91000366210938,97.0,87.76449584960938,5634700
2023-08-10,97.05999755859375,97.22000122070312,96.37000274658203,96.37000274658203,87.19446563720703,15516100
2023-08-11,96.12000274658203,96.41999816894531,96.06999969482422,96.06999969482422,86.92304229736328,9016700
2023-08-14,95.9800033569336,96.22000122070312,95.83000183105469,96.0,86.85970306396484,7901300
2023-08-15,95.80999755859375,96.06999969482422,95.73999786376953,95.73999786376953,86.62445068359375,6522500
2023-08-16,95.76000213623047,95.93000030517578,95.44999694824219,95.51000213623047,86.41635131835938,8964600
2023-08-17,95.5,95.55000305175781,95.20999908447266,95.41000366210938,86.32588958740234,8162300
2023-08-18,95.47000122070312,95.75,95.43000030517578,95.62000274658203,86.51589965820312,6154600
2023-08-21,95.26000213623047,95.30000305175781,95.04000091552734,95.13999938964844,86.08158874511719,13362300
2023-08-22,95.16999816894531,95.31999969482422,95.05999755859375,95.23999786376953,86.17206573486328,6156200
2023-08-23,95.75,96.1500015258789,95.7300033569336,96.1500015258789,86.99542999267578,7831600
2023-08-24,95.98999786376953,96.12000274658203,95.8499984741211,95.93000030517578,86.79637908935547,8247700
2023-08-25,95.81999969482422,96.08000183105469,95.5999984741211,95.87000274658203,86.74211120605469,7917900
2023-08-28,96.0999984741211,96.11000061035156,95.93000030517578,96.08000183105469,86.9321060180664,6544500
2023-08-29,95.91000366210938,96.70999908447266,95.91000366210938,96.69999694824219,87.4930419921875,7386300
2023-08-30,96.77999877929688,96.83000183105469,96.62000274658203,96.66000366210938,87.4568862915039,8752300
2023-08-31,96.77999877929688,96.95999908447266,96.72000122070312,96.80000305175781,87.58355712890625,7230100
2023-09-01,96.54000091552734,96.56999969482422,95.9800033569336,96.04000091552734,87.12992858886719,8132400
2023-09-05,95.8499984741211,95.87000274658203,95.5199966430664,95.5199966430664,86.6581802368164,6111400
2023-09-06,95.62999725341797,95.63999938964844,95.30999755859375,95.43000030517578,86.57653045654297,8379200
2023-09-07,95.58999633789062,95.73999786376953,95.48999786376953,95.7300033569336,86.84869384765625,5077800
2023-09-08,95.93000030517578,96.0199966430664,95.76000213623047,95.77999877929688,86.89405059814453,4774200
2023-09-11,95.66000366210938,95.7300033569336,95.56999969482422,95.66999816894531,86.79424285888672,4077200
2023-09-12,95.70999908447266,95.7300033569336,95.56999969482422,95.69999694824219,86.82146453857422,4583400
2023-09-13,95.61000061035156,95.94999694824219,95.58999633789062,95.83999633789062,86.948486328125,5953600
2023-09-14,95.95999908447266,95.9800033569336,95.68000030517578,95.70999908447266,86.83052062988281,5952800
2023-09-15,95.63999938964844,95.69999694824219,95.4800033569336,95.48999786376953,86.63097381591797,5667700
2023-09-18,95.37000274658203,95.63999938964844,95.36000061035156,95.62999725341797,86.75796508789062,6066200
2023-09-19,95.54000091552734,95.58999633789062,95.3499984741211,95.3499984741211,86.50394439697266,5327900
2023-09-20,95.56999969482422,95.69999694824219,95.30000305175781,95.30000305175781,86.4585952758789,6282700
2023-09-21,94.80000305175781,94.80999755859375,94.63999938964844,94.6500015258789,85.86888885498047,8028900
2023-09-22,94.77999877929688,95.08999633789062,94.7300033569336,95.05000305175781,86.23177337646484,7294200
2023-09-25,94.48999786376953,94.62000274658203,94.29000091552734,94.30000305175781,85.55136108398438,7485000
2023-09-26,94.47000122070312,94.51000213623047,94.1500015258789,94.18000030517578,85.44248962402344,15549200
2023-09-27,94.47000122070312,94.51000213623047,93.66000366210938,93.8499984741211,85.14309692382812,14560500
2023-09-28,93.69999694824219,94.16000366210938,93.52999877929688,94.12999725341797,85.39714050292969,13334200
2023-09-29,94.5,94.56999969482422,93.97000122070312,94.04000091552734,85.31549072265625,13483500
2023-10-02,93.43000030517578,93.51000213623047,93.0999984741211,93.12999725341797,84.72144317626953,8880000
2023-10-03,92.98999786376953,93.08999633789062,92.37000274658203,92.4000015258789,84.05733489990234,12058400
2023-10-04,92.7699966430664,93.05000305175781,92.55000305175781,93.05000305175781,84.64864349365234,14097800
2023-10-05,93.16999816894531,93.22000122070312,92.98999786376953,93.11000061035156,84.7032470703125,7129400
2023-10-06,92.45999908447266,92.9800033569336,92.37000274658203,92.75,84.37577056884766,9569500
2023-10-09,93.22000122070312,93.72000122070312,93.1500015258789,93.70999908447266,85.24906921386719,4353100
2023-10-10,93.38999938964844,93.80999755859375,93.26000213623047,93.62000274658203,85.16719818115234,14553600
2023-10-11,93.94000244140625,94.05000305175781,93.76000213623047,94.05000305175781,85.5583724975586,15347000
2023-10-12,93.87000274658203,93.91000366210938,93.16999816894531,93.23999786376953,84.8215103149414,11189800
2023-10-13,93.68000030517578,93.79000091552734,93.5199966430664,93.63999938964844,85.18539428710938,7515500
2023-10-16,93.31999969482422,93.41000366210938,93.0999984741211,93.12000274658203,84.71234130859375,6332700
2023-10-17,92.51000213623047,92.69000244140625,92.3499984741211,92.44999694824219,84.10282135009766,8198300
2023-10-18,92.29000091552734,92.37999725341797,91.94000244140625,92.0199966430664,83.7116470336914,9352700
2023-10-19,91.88999938964844,92.16999816894531,91.61000061035156,91.66999816894531,83.39323425292969,11552700
2023-10-20,91.94000244140625,92.13999938964844,91.9000015258789,92.0,83.69346618652344,6629800
2023-10-23,91.69999694824219,92.5,91.58000183105469,92.36000061035156,84.0209732055664,12885800
2023-10-24,92.43000030517578,92.69000244140625,92.27999877929688,92.69000244140625,84.3211669921875,9165100
2023-10-25,92.33000183105469,92.3499984741211,91.91999816894531,92.0,83.69346618652344,8904400
2023-10-26,92.12000274658203,92.63999938964844,92.11000061035156,92.62000274658203,84.2574691772461,11574400
2023-10-27,92.55999755859375,92.63999938964844,92.37000274658203,92.58999633789062,84.23018646240234,7650000
2023-10-30,92.29000091552734,92.51000213623047,92.1500015258789,92.37000274658203,84.03004455566406,8166700
2023-10-31,92.44999694824219,92.62999725341797,92.30999755859375,92.30999755859375,83.9754867553711,12343600
2023-11-01,92.2300033569336,93.05000305175781,92.2300033569336,93.05000305175781,84.90342712402344,14404600
2023-11-02,93.68000030517578,93.76000213623047,93.37000274658203,93.61000061035156,85.41441345214844,11166700
2023-11-03,94.54000091552734,94.69000244140625,94.13999938964844,94.18000030517578,85.93448638916016,11890300
2023-11-06,93.93000030517578,93.98999786376953,93.62999725341797,93.70999908447266,85.5056381225586,8521600
2023-11-07,93.94000244140625,94.36000061035156,93.91000366210938,94.20999908447266,85.96187591552734,7306900
2023-11-08,94.2699966430664,94.62000274658203,94.25,94.52999877929688,86.25385284423828,6932200
2023-11-09,94.41999816894531,94.44000244140625,93.7300033569336,93.73999786376953,85.53304290771484,9163200
2023-11-10,94.19000244140625,94.22000122070312,93.87999725341797,93.95999908447266,85.73377990722656,6102000
2023-11-13,93.63999938964844,93.97000122070312,93.52999877929688,93.94999694824219,85.72463989257812,9679500
2023-11-14,95.02999877929688,95.19999694824219,94.93000030517578,95.12999725341797,86.80130767822266,12149600
2023-11-15,94.69999694824219,94.72000122070312,94.45999908447266,94.54000091552734,86.26298522949219,10956800
2023-11-16,94.8499984741211,95.19999694824219,94.8499984741211,95.05999755859375,86.7374496459961,10145400
2023-11-17,95.20999908447266,95.36000061035156,95.02999877929688,95.25,86.91080474853516,9244000
2023-11-20,95.06999969482422,95.41999816894531,95.06999969482422,95.4000015258789,87.04768371582031,10051600
2023-11-21,95.44999694824219,95.56999969482422,95.27999877929688,95.5,87.13894653320312,7393800
2023-11-22,95.68000030517578,95.75,95.37000274658203,95.58999633789062,87.2210693359375,6329900
2023-11-24,95.23999786376953,95.31999969482422,95.12000274658203,95.1500015258789,86.81957244873047,2944300
2023-11-27,95.36000061035156,95.72000122070312,95.33000183105469,95.69000244140625,87.31230163574219,8854500
2023-11-28,95.61000061035156,96.12999725341797,95.56999969482422,96.11000061035156,87.6955337524414,9749400
2023-11-29,96.41999816894531,96.66999816894531,96.33999633789062,96.58000183105469,88.12437438964844,8006800
2023-11-30,96.37999725341797,96.41000366210938,96.12999725341797,96.26000213623047,87.83241271972656,8889100
2023-12-01,96.0,96.87000274658203,95.97000122070312,96.83000183105469,88.60470581054688,11774300
2023-12-04,96.58000183105469,96.66999816894531,96.30999755859375,96.45999908447266,88.26612091064453,9440200
2023-12-05,96.8499984741211,97.1500015258789,96.79000091552734,97.0999984741211,88.85176086425781,8850600
2023-12-06,97.23999786376953,97.48999786376953,97.1500015258789,97.3499984741211,89.08052825927734,11111200
2023-12-07,97.22000122070312,97.55999755859375,97.22000122070312,97.37999725341797,89.10798645019531,7157900
2023-12-08,96.98999786376953,97.06999969482422,96.72000122070312,96.88999938964844,88.65962982177734,6696600
2023-12-11,96.80000305175781,96.94999694824219,96.5999984741211,96.9000015258789,88.66877746582031,15008700
2023-12-12,96.94000244140625,97.19000244140625,96.81999969482422,97.19000244140625,88.93411254882812,11711400
2023-12-13,97.38999938964844,98.44999694824219,97.33000183105469,98.41000366210938,90.05049896240234,11194400
2023-12-14,98.68000030517578,99.04000091552734,98.61000061035156,98.91999816894531,90.77729797363281,12651200
2023-12-15,98.80000305175781,98.87999725341797,98.58999633789062,98.69000244140625,90.56623077392578,10079100
2023-12-18,98.58000183105469,98.58000183105469,98.41999816894531,98.48999786376953,90.3826904296875,11521000
2023-12-19,98.62999725341797,98.77999877929688,98.58999633789062,98.61000061035156,90.4927978515625,13787100
2023-12-20,98.87000274658203,99.04000091552734,98.69000244140625,98.97000122070312,90.82315826416016,9994100
2023-12-21,99.22000122070312,99.26000213623047,98.83000183105469,98.95999908447266,90.81400299072266,9099100
2023-12-22,99.12999725341797,99.13999938964844,98.80999755859375,98.83000183105469,90.69471740722656,13234700
2023-12-26,98.93000030517578,99.08000183105469,98.88999938964844,99.02999877929688,90.87825012207031,5418500
2023-12-27,99.4000015258789,99.69999694824219,99.30999755859375,99.66000366210938,91.45636749267578,6919900
2023-12-28,99.54000091552734,99.6500015258789,99.30999755859375,99.44000244140625,91.2544937133789,7172200
2023-12-29,99.19999694824219,99.43000030517578,99.12999725341797,99.25,91.08014678955078,7327600
2024-01-02,98.83999633789062,98.97000122070312,98.7300033569336,98.77999877929688,90.6488265991211,9754400
2024-01-03,98.44999694824219,98.94000244140625,98.30999755859375,98.83000183105469,90.69471740722656,10002100
2024-01-04,98.41999816894531,98.55000305175781,98.33000183105469,98.43000030517578,90.32762908935547,9896600
2024-01-05,98.12999725341797,98.69000244140625,98.06999969482422,98.19999694824219,90.11658477783203,9038700
2024-01-08,98.23999786376953,98.70999908447266,98.20999908447266,98.56999969482422,90.45611572265625,7946500
2024-01-09,98.38999938964844,98.66000366210938,98.38999938964844,98.55000305175781,90.43775939941406,7157400
2024-01-10,98.73999786376953,98.80000305175781,98.36000061035156,98.36000061035156,90.26339721679688,7679400
2024-01-11,98.52999877929688,98.95999908447266,98.41000366210938,98.91999816894531,90.77729797363281,7275900
2024-01-12,99.13999938964844,99.36000061035156,98.95999908447266,99.0999984741211,90.9424819946289,6359400
2024-01-16,98.72000122070312,98.8499984741211,98.2699966430664,98.36000061035156,90.26339721679688,14489800
2024-01-17,98.16000366210938,98.20999908447266,97.94000244140625,98.08999633789062,90.01560974121094,8977500
2024-01-18,98.16000366210938,98.19999694824219,97.88999938964844,98.0,89.93304443359375,10575100
2024-01-19,97.88999938964844,98.0199966430664,97.66999816894531,98.0199966430664,89.95136260986328,9126000
2024-01-22,98.26000213623047,98.36000061035156,98.0999984741211,98.19999694824219,90.11658477783203,8712600
2024-01-23,97.98999786376953,98.0,97.81999969482422,97.95999908447266,89.89630889892578,5642800
2024-01-24,98.29000091552734,98.33000183105469,97.69999694824219,97.73999786376953,89.69442749023438,11278500
2024-01-25,98.01000213623047,98.19999694824219,97.95999908447266,98.18000030517578,90.09819793701172,16521600
2024-01-26,98.19999694824219,98.19999694824219,97.9800033569336,98.06999969482422,89.99726867675781,5022800
2024-01-29,98.30000305175781,98.52999877929688,98.19000244140625,98.45999908447266,90.35517883300781,6423600
2024-01-30,98.63999938964844,98.69000244140625,98.29000091552734,98.6500015258789,90.5295181274414,6740000
2024-01-31,99.0,99.26000213623047,98.80999755859375,99.0999984741211,90.9424819946289,10829000
2024-02-01,99.19999694824219,99.56999969482422,99.0199966430664,99.37000274658203,91.4606704711914,11937400
2024-02-02,98.48999786376953,98.62000274658203,98.26000213623047,98.45999908447266,90.62311553955078,8422500
2024-02-05,97.88999938964844,97.91000366210938,97.55999755859375,97.6500015258789,89.87757110595703,7656800
2024-02-06,97.79000091552734,98.19999694824219,97.77999877929688,98.16000366210938,90.34698486328125,6608400
2024-02-07,97.98999786376953,98.27999877929688,97.94000244140625,97.95999908447266,90.16289520263672,8785200
2024-02-08,97.77999877929688,97.83999633789062,97.62000274658203,97.66000366210938,89.88677215576172,12446900
2024-02-09,97.54000091552734,97.62999725341797,97.5,97.62999725341797,89.8591537475586,7120500
2024-02-12,97.69999694824219,97.75,97.5199966430664,97.6500015258789,89.87757110595703,5696300
2024-02-13,97.04000091552734,97.0999984741211,96.75,96.75,89.04918670654297,15872600
2024-02-14,96.83999633789062,97.22000122070312,96.83999633789062,97.18000030517578,89.44499206542969,8776900
2024-02-15,97.48999786376953,97.55000305175781,97.2300033569336,97.41000366210938,89.65668487548828,7194500
2024-02-16,96.94999694824219,97.0999984741211,96.9000015258789,97.0999984741211,89.37133026123047,7723700
2024-02-20,97.2300033569336,97.36000061035156,97.16000366210938,97.19000244140625,89.45417022705078,8735700
2024-02-21,97.27999877929688,97.27999877929688,96.87000274658203,96.9000015258789,89.1872787475586,7785100
2024-02-22,96.93000030517578,97.08999633789062,96.83999633789062,96.9800033569336,89.2608871459961,7538200
2024-02-23,96.98999786376953,97.38999938964844,96.98999786376953,97.33999633789062,89.59224700927734,7737900
2024-02-26,97.33999633789062,97.3499984741211,96.97000122070312,97.12999725341797,89.39897155761719,9374600
2024-02-27,97.0999984741211,97.22000122070312,96.94000244140625,97.0,89.27930450439453,9065300
2024-02-28,97.06999969482422,97.2300033569336,97.01000213623047,97.19000244140625,89.45417022705078,7942500
2024-02-29,97.37999725341797,97.55999755859375,97.29000091552734,97.3499984741211,89.60145568847656,16774100
2024-03-01,96.98999786376953,97.55000305175781,96.80999755859375,97.52999877929688,90.0316162109375,8994800
2024-03-04,97.26000213623047,97.37999725341797,97.2300033569336,97.29000091552734,89.81006622314453,7428200
2024-03-05,97.69000244140625,97.91999816894531,97.5999984741211,97.81999969482422,90.29932403564453,6815500
2024-03-06,97.94999694824219,98.16000366210938,97.91000366210938,97.97000122070312,90.43779754638672,16536100
2024-03-07,98.22000122070312,98.23999786376953,97.97000122070312,98.18000030517578,90.63163757324219,7726600
2024-03-08,98.33999633789062,98.41000366210938,98.19000244140625,98.2699966430664,90.71472930908203,7168700
2024-03-11,98.27999877929688,98.30999755859375,98.08999633789062,98.16000366210938,90.61317443847656,11354600
2024-03-12,98.0199966430664,98.04000091552734,97.80000305175781,97.91000366210938,90.38239288330078,7471900
2024-03-13,97.81999969482422,97.93000030517578,97.7300033569336,97.7300033569336,90.21623992919922,5846600
2024-03-14,97.4800033569336,97.4800033569336,97.0999984741211,97.11000061035156,89.64390563964844,10541000
2024-03-15,97.1500015258789,97.19999694824219,97.0199966430664,97.0999984741211,89.63467407226562,5756800
2024-03-18,97.06999969482422,97.12000274658203,96.91999816894531,97.0,89.54236602783203,5227200
2024-03-19,97.1500015258789,97.33999633789062,97.11000061035156,97.23999786376953,89.76392364501953,5076600
2024-03-20,97.29000091552734,97.62999725341797,97.12999725341797,97.44000244140625,89.94853973388672,8681200
2024-03-21,97.62000274658203,97.68000030517578,97.41000366210938,97.51000213623047,90.0131607055664,10100300
2024-03-22,97.91000366210938,97.91000366210938,97.73999786376953,97.81999969482422,90.29932403564453,8359200
2024-03-25,97.76000213623047,97.76000213623047,97.56999969482422,97.63999938964844,90.1331787109375,11037700
2024-03-26,97.66000366210938,97.76000213623047,97.5199966430664,97.73999786376953,90.22547149658203,8830500
2024-03-27,97.80000305175781,98.08000183105469,97.79000091552734,98.05999755859375,90.52088165283203,9366800
2024-03-28,97.93000030517578,98.08000183105469,97.8499984741211,97.94000244140625,90.41012573242188,8863300
2024-04-01,97.31999969482422,97.33999633789062,96.88999938964844,96.94000244140625,89.75273895263672,8667400
2024-04-02,96.66000366210938,96.88999938964844,96.54000091552734,96.87000274658203,89.68793487548828,10624600
2024-04-03,96.58000183105469,96.94999694824219,96.48999786376953,96.93000030517578,89.74347686767578,6919300
2024-04-04,97.11000061035156,97.16999816894531,96.91999816894531,97.16000366210938,89.95642852783203,9327500
2024-04-05,96.76000213623047,97.0,96.68000030517578,96.68000030517578,89.51201629638672,12343600
2024-04-08,96.55999755859375,96.69999694824219,96.5,96.58999633789062,89.42868041992188,11457100
2024-04-09,96.83000183105469,96.9800033569336,96.83000183105469,96.91999816894531,89.73422241210938,5736500
2024-04-10,96.22000122070312,96.2699966430664,95.73999786376953,95.76000213623047,88.66021728515625,11248700
2024-04-11,95.9800033569336,96.02999877929688,95.58999633789062,95.77999877929688,88.67874145507812,16217600
2024-04-12,96.08000183105469,96.19999694824219,95.95999908447266,95.95999908447266,88.84539031982422,17284600
2024-04-15,95.47000122070312,95.52999877929688,95.20999908447266,95.37999725341797,88.30840301513672,11705300
2024-04-16,95.01000213623047,95.18000030517578,94.9000015258789,95.11000061035156,88.05841827392578,17565900
2024-04-17,95.4000015258789,95.61000061035156,95.25,95.55000305175781,88.46580505371094,7567800
2024-04-18,95.55000305175781,95.56999969482422,95.22000122070312,95.27999877929688,88.21581268310547,7717500
2024-04-19,95.52999877929688,95.55000305175781,95.33000183105469,95.37999725341797,88.30840301513672,9121700
2024-04-22,95.33000183105469,95.52999877929688,95.31999969482422,95.44000244140625,88.36395263671875,9029000
2024-04-23,95.37999725341797,95.83999633789062,95.30000305175781,95.63999938964844,88.54911804199219,10837100
2024-04-24,95.37999725341797,95.47000122070312,95.19999694824219,95.38999938964844,88.31766510009766,7961000
2024-04-25,94.94000244140625,95.13999938964844,94.8499984741211,95.12000274658203,88.06768798828125,6758100
2024-04-26,95.31999969482422,95.47000122070312,95.30000305175781,95.33000183105469,88.26210021972656,8442500
2024-04-29,95.5999984741211,95.66999816894531,95.44999694824219,95.62000274658203,88.53060913085938,7384600
2024-04-30,95.31999969482422,95.5,95.1500015258789,95.2300033569336,88.16951751708984,11228300
2024-05-01,95.19999694824219,95.58000183105469,94.98999786376953,95.2699966430664,88.48064422607422,11017700
2024-05-02,95.2699966430664,95.7300033569336,95.22000122070312,95.69999694824219,88.87997436523438,7607300
2024-05-03,96.31999969482422,96.45999908447266,95.93000030517578,96.19000244140625,89.33509063720703,9146700
2024-05-06,96.20999908447266,96.33000183105469,96.1500015258789,96.26000213623047,89.40010833740234,10155500
2024-05-07,96.52999877929688,96.66999816894531,96.37999725341797,96.45999908447266,89.58584594726562,7687000
2024-05-08,96.25,96.3499984741211,96.2300033569336,96.26000213623047,89.40010833740234,4587200
2024-05-09,96.19999694824219,96.52999877929688,96.19000244140625,96.44000244140625,89.5672607421875,6732500
2024-05-10,96.26000213623047,96.33000183105469,96.16000366210938,96.23999786376953,89.38152313232422,5326400
2024-05-13,96.44000244140625,96.47000122070312,96.27999877929688,96.29000091552734,89.42797088623047,5263200
2024-05-14,96.5,96.63999938964844,96.41999816894531,96.55000305175781,89.66944122314453,5243300
2024-05-15,97.11000061035156,97.27999877929688,96.9800033569336,97.19000244140625,90.26383209228516,5846300
2024-05-16,97.2300033569336,97.2699966430664,97.01000213623047,97.08000183105469,90.16165924072266,7894400
2024-05-17,96.91999816894531,97.0,96.7699966430664,96.7699966430664,89.87372589111328,5267100
2024-05-20,96.70999908447266,96.76000213623047,96.66999816894531,96.68000030517578,89.7901611328125,5263000
2024-05-21,96.91999816894531,96.94999694824219,96.83000183105469,96.86000061035156,89.95733642578125,5227900
2024-05-22,96.66000366210938,96.88999938964844,96.6500015258789,96.73999786376953,89.84587860107422,3823600
2024-05-23,96.83000183105469,96.83000183105469,96.37000274658203,96.47000122070312,89.59514617919922,5094900
2024-05-24,96.43000030517578,96.62000274658203,96.38999938964844,96.58000183105469,89.6972885131836,3072100
2024-05-28,96.66999816894531,96.69000244140625,96.12000274658203,96.12999725341797,89.27935791015625,6046100
2024-05-29,95.91000366210938,95.93000030517578,95.62999725341797,95.76000213623047,88.93571472167969,8249100
2024-05-30,96.08000183105469,96.2300033569336,96.0199966430664,96.20999908447266,89.3536605834961,5568800
2024-05-31,96.45999908447266,96.58999633789062,96.41000366210938,96.5199966430664,89.64156341552734,8762900
2024-06-03,96.4000015258789,96.80000305175781,96.37999725341797,96.80000305175781,90.18378448486328,6095500
2024-06-04,97.0,97.23999786376953,96.94000244140625,97.1500015258789,90.50987243652344,3979100
2024-06-05,97.29000091552734,97.44999694824219,97.04000091552734,97.44999694824219,90.78935241699219,4602500
2024-06-06,97.30999755859375,97.5,97.30999755859375,97.4800033569336,90.81732940673828,6568700
2024-06-07,96.81999969482422,96.81999969482422,96.62000274658203,96.62000274658203,90.01609802246094,5365000
2024-06-10,96.5199966430664,96.58999633789062,96.43000030517578,96.54000091552734,89.94155883789062,8235900
2024-06-11,96.63999938964844,96.93000030517578,96.55999755859375,96.87000274658203,90.24899291992188,4650200
2024-06-12,97.5999984741211,97.80999755859375,97.30999755859375,97.33000183105469,90.67756652832031,7627000
2024-06-13,97.69999694824219,97.93000030517578,97.58000183105469,97.81999969482422,91.13407135009766,7094800
2024-06-14,97.8499984741211,98.05000305175781,97.8499984741211,97.91999816894531,91.22723388671875,6239500
2024-06-17,97.56999969482422,97.5999984741211,97.44999694824219,97.56999969482422,90.90115356445312,5265000
2024-06-18,97.69999694824219,98.04000091552734,97.68000030517578,97.91999816894531,91.22723388671875,7030700
2024-06-20,97.55000305175781,97.7699966430664,97.5199966430664,97.75,91.06885528564453,5621600
2024-06-21,97.88999938964844,97.9800033569336,97.6500015258789,97.76000213623047,91.07817077636719,4715000
2024-06-24,97.81999969482422,97.86000061035156,97.72000122070312,97.83999633789062,91.1527099609375,5017300
2024-06-25,97.77999877929688,97.87999725341797,97.70999908447266,97.83000183105469,91.14338684082031,5701300
2024-06-26,97.43000030517578,97.48999786376953,97.37000274658203,97.38999938964844,90.73345947265625,4964100
2024-06-27,97.55999755859375,97.66999816894531,97.54000091552734,97.55000305175781,90.88253021240234,5276500
2024-06-28,97.7699966430664,97.80000305175781,97.06999969482422,97.06999969482422,90.43531799316406,12781500
2024-07-01,96.43000030517578,96.66000366210938,96.22000122070312,96.25,89.9502944946289,12238900
2024-07-02,96.63999938964844,96.66999816894531,96.44000244140625,96.56999969482422,90.24935913085938,5441900
2024-07-03,96.80000305175781,97.16999816894531,96.7699966430664,97.08999633789062,90.7353286743164,4061100
2024-07-05,97.44999694824219,97.62999725341797,97.30999755859375,97.58000183105469,91.19325256347656,3489900
2024-07-08,97.58999633789062,97.6500015258789,97.44999694824219,97.61000061035156,91.22128295898438,4602900
2024-07-09,97.51000213623047,97.61000061035156,97.33999633789062,97.5199966430664,91.1371841430664,5004600
2024-07-10,97.61000061035156,97.66999816894531,97.48999786376953,97.62000274658203,91.23064422607422,4586000
2024-07-11,98.18000030517578,98.30999755859375,98.08999633789062,98.12000274658203,91.69791412353516,3789000
2024-07-12,98.16999816894531,98.38999938964844,98.12999725341797,98.38999938964844,91.95023345947266,6329000
2024-07-15,98.1500015258789,98.27999877929688,98.02999877929688,98.05000305175781,91.63249969482422,6984700
2024-07-16,98.18000030517578,98.44999694824219,98.13999938964844,98.44999694824219,92.00630187988281,8936100
2024-07-17,98.26000213623047,98.56999969482422,98.2300033569336,98.5199966430664,92.07172393798828,5680400
2024-07-18,98.37000274658203,98.55999755859375,98.20999908447266,98.25,91.81938934326172,10584200
2024-07-19,98.04000091552734,98.0999984741211,97.97000122070312,98.05000305175781,91.63249969482422,7735700
2024-07-22,98.12000274658203,98.19999694824219,97.86000061035156,98.01000213623047,91.59512329101562,11657500
2024-07-23,98.0999984741211,98.18000030517578,97.9800033569336,98.0,91.58577728271484,7225900
2024-07-24,97.81999969482422,98.19000244140625,97.69999694824219,97.69999694824219,91.30538940429688,6578500
2024-07-25,97.83999633789062,98.13999938964844,97.81999969482422,97.97000122070312,91.55773162841797,12766200
2024-07-26,98.29000091552734,98.36000061035156,98.18000030517578,98.31999969482422,91.88481140136719,4243800
2024-07-29,98.54000091552734,98.54000091552734,98.37000274658203,98.4800033569336,92.0343246459961,6822600
2024-07-30,98.5199966430664,98.63999938964844,98.37999725341797,98.58000183105469,92.12779998779297,5845800
2024-07-31,98.80999755859375,99.12000274658203,98.6500015258789,99.11000061035156,92.62310791015625,11725100
2024-08-01,99.01000213623047,99.31999969482422,99.01000213623047,99.22000122070312,93.01121520996094,9642700
2024-08-02,99.87999725341797,100.37000274658203,99.80000305175781,100.33000183105469,94.05176544189453,9397500
2024-08-05,100.81999969482422,100.88999938964844,100.0199966430664,100.25,93.97676086425781,12066100
2024-08-06,100.13999938964844,100.16000366210938,99.62999725341797,99.6500015258789,93.41429901123047,10945200
2024-08-07,99.51000213623047,99.61000061035156,99.23999786376953,99.3499984741211,93.1330795288086,8085200
2024-08-08,99.11000061035156,99.27999877929688,99.06999969482422,99.19999694824219,92.9924545288086,5558000
2024-08-09,99.63999938964844,99.69999694824219,99.4800033569336,99.55000305175781,93.32056427001953,3879200
2024-08-12,99.47000122070312,99.77999877929688,99.41000366210938,99.72000122070312,93.47993469238281,7300600
2024-08-13,100.04000091552734,100.12000274658203,99.93000030517578,100.12000274658203,93.85489654541016,3925500
2024-08-14,100.1500015258789,100.4000015258789,100.13999938964844,100.30000305175781,94.02364349365234,9871500
2024-08-15,99.69999694824219,99.9000015258789,99.6500015258789,99.87999725341797,93.62989807128906,8628400
2024-08-16,100.02999877929688,100.12000274658203,99.8499984741211,100.12000274658203,93.85489654541016,6507900
2024-08-19,100.06999969482422,100.33999633789062,100.04000091552734,100.2300033569336,93.95802307128906,4690300
2024-08-20,100.41000366210938,100.55999755859375,100.33000183105469,100.52999877929688,94.23922729492188,5516700
2024-08-21,100.61000061035156,100.9000015258789,100.43000030517578,100.72000122070312,94.41735076904297,6366700
2024-08-22,100.54000091552734,100.56999969482422,100.2300033569336,100.30999755859375,94.03299713134766,7893700
2024-08-23,100.5199966430664,100.80999755859375,100.43000030517578,100.7699966430664,94.46420288085938,6179500
2024-08-26,100.91999816894531,100.91999816894531,100.66000366210938,100.68000030517578,94.37985229492188,6653200
2024-08-27,100.4800033569336,100.73999786376953,100.43000030517578,100.70999908447266,94.407958984375,7965400
2024-08-28,100.70999908447266,100.7699966430664,100.5999984741211,100.62000274658203,94.3236083984375,6960300
2024-08-29,100.44999694824219,100.55000305175781,100.3499984741211,100.48999786376953,94.20171356201172,6912700
2024-08-30,100.51000213623047,100.63999938964844,100.22000122070312,100.25,93.97676086425781,7213200
2024-09-03,100.31999969482422,100.52999877929688,100.2300033569336,100.36000061035156,94.37358856201172,6837200
2024-09-04,100.43000030517578,100.8499984741211,100.4000015258789,100.80000305175781,94.7873306274414,10867700
2024-09-05,101.0199966430664,101.12000274658203,100.75,101.05999755859375,95.03181457519531,11921900
2024-09-06,101.12999725341797,101.5999984741211,100.97000122070312,101.19000244140625,95.15406799316406,8830200
2024-09-09,101.1500015258789,101.43000030517578,101.05000305175781,101.33999633789062,95.29512786865234,7569300
2024-09-10,101.33999633789062,101.69999694824219,101.30999755859375,101.6500015258789,95.58663177490234,5979300
2024-09-11,101.51000213623047,101.8499984741211,101.45999908447266,101.62000274658203,95.55843353271484,4184400
2024-09-12,101.55999755859375,101.6500015258789,101.37999725341797,101.52999877929688,95.47378540039062,6419400
2024-09-13,101.76000213623047,101.81999969482422,101.62000274658203,101.73999786376953,95.67125701904297,5330600
2024-09-16,101.83000183105469,102.04000091552734,101.75,101.9800033569336,95.8969497680664,8425900
2024-09-17,101.98999786376953,102.02999877929688,101.83000183105469,101.87999725341797,95.80290222167969,9256000
2024-09-18,101.68000030517578,102.02999877929688,101.52999877929688,101.55999755859375,95.50199127197266,6280000
2024-09-19,101.41000366210938,101.61000061035156,101.37000274658203,101.56999969482422,95.51139068603516,5079800
2024-09-20,101.43000030517578,101.6500015258789,101.31999969482422,101.4800033569336,95.4267807006836,8464900
2024-09-23,101.33999633789062,101.58999633789062,101.19000244140625,101.44000244140625,95.38916015625,8428100
2024-09-24,101.2699966430664,101.62000274658203,101.22000122070312,101.58000183105469,95.52079772949219,5803600
2024-09-25,101.41999816894531,101.43000030517578,101.19000244140625,101.19000244140625,95.15406799316406,9259100
2024-09-26,101.31999969482422,101.3499984741211,101.0,101.20999908447266,95.1728744506836,8124400
2024-09-27,101.41000366210938,101.55999755859375,101.33000183105469,101.5,95.44558715820312,5033300
2024-09-30,101.44000244140625,101.4800033569336,101.13999938964844,101.2699966430664,95.22928619384766,9105400
2024-10-01,101.2699966430664,101.44999694824219,101.1500015258789,101.2300033569336,95.48112487792969,8811400
2024-10-02,100.87999725341797,101.11000061035156,100.80999755859375,101.0199966430664,95.28307342529297,11700900
2024-10-03,100.8499984741211,100.88999938964844,100.58999633789062,100.61000061035156,94.89634704589844,8751200
2024-10-04,100.0999984741211,100.13999938964844,99.88999938964844,99.95999908447266,94.28326416015625,9639700
2024-10-07,99.63999938964844,99.7699966430664,99.58000183105469,99.62000274658203,93.96257781982422,6382100
2024-10-08,99.5199966430664,99.79000091552734,99.48999786376953,99.79000091552734,94.12291717529297,7340100
2024-10-09,99.63999938964844,99.66999816894531,99.47000122070312,99.52999877929688,93.877685546875,8218300
2024-10-10,99.44999694824219,99.55000305175781,99.2300033569336,99.47000122070312,93.82109832763672,5757700
2024-10-11,99.41000366210938,99.62000274658203,99.36000061035156,99.5,93.84938049316406,4878600
2024-10-14,99.19999694824219,99.41999816894531,99.16999816894531,99.41000366210938,93.76449584960938,3512600
2024-10-15,99.73999786376953,99.83999633789062,99.68000030517578,99.80999755859375,94.14178466796875,7158700
2024-10-16,99.95999908447266,100.04000091552734,99.87000274658203,99.94000244140625,94.264404296875,4741300
2024-10-17,99.5999984741211,99.66000366210938,99.41999816894531,99.44999694824219,93.80223083496094,5306300
2024-10-18,99.62999725341797,99.68000030517578,99.5,99.5199966430664,93.86825561523438,4973000
2024-10-21,99.18000030517578,99.20999908447266,98.83000183105469,98.83000183105469,93.2174301147461,6873900
2024-10-22,98.93000030517578,99.01000213623047,98.7699966430664,98.8499984741211,93.23629760742188,11401800
2024-10-23,98.56999969482422,98.76000213623047,98.4800033569336,98.5999984741211,93.00050354003906,19659700
2024-10-24,98.68000030517578,98.94999694824219,98.5999984741211,98.79000091552734,93.17969512939453,7559300
2024-10-25,98.97000122070312,98.98999786376953,98.54000091552734,98.58999633789062,92.99105072021484,9028500
2024-10-28,98.63999938964844,98.6500015258789,98.29000091552734,98.43000030517578,92.84014892578125,7362900
2024-10-29,98.12000274658203,98.55999755859375,98.08999633789062,98.54000091552734,92.94390106201172,5421700
2024-10-30,98.75,98.94000244140625,98.4000015258789,98.44000244140625,92.84959411621094,11188400
2024-10-31,98.31999969482422,98.58000183105469,98.1500015258789,98.41999816894531,92.83071899414062,12754500
2024-11-01,98.29000091552734,98.37999725341797,97.68000030517578,97.72000122070312,92.46170043945312,10387300
2024-11-04,98.25,98.37999725341797,97.94999694824219,98.12999725341797,92.84964752197266,6629800
2024-11-05,98.08999633789062,98.38999938964844,97.86000061035156,98.36000061035156,93.06727600097656,6663000
2024-11-06,97.43000030517578,97.81999969482422,97.36000061035156,97.58999633789062,92.33869171142578,9158100
2024-11-07,97.95999908447266,98.54000091552734,97.9000015258789,98.33000183105469,93.03888702392578,17402300
2024-11-08,98.4800033569336,98.72000122070312,98.37000274658203,98.5,93.1997299194336,6199800
2024-11-11,98.30000305175781,98.33000183105469,98.16000366210938,98.27999877929688,92.99158477783203,4501200
2024-11-12,97.9800033569336,98.13999938964844,97.6500015258789,97.70999908447266,92.45223999023438,16775400
2024-11-13,98.16999816894531,98.19999694824219,97.56999969482422,97.69000244140625,92.4333267211914,15834900
2024-11-14,97.8499984741211,97.98999786376953,97.56999969482422,97.6500015258789,92.39546966552734,7312000
2024-11-15,97.44000244140625,97.87999725341797,97.26000213623047,97.66000366210938,92.40494537353516,11844300
2024-11-18,97.55000305175781,97.81999969482422,97.47000122070312,97.75,92.49008178710938,5260600
2024-11-19,97.94999694824219,98.05000305175781,97.87000274658203,97.88999938964844,92.62256622314453,4735900
2024-11-20,97.69000244140625,97.93000030517578,97.66999816894531,97.79000091552734,92.5279312133789,5551100
2024-11-21,97.8499984741211,98.01000213623047,97.66999816894531,97.73999786376953,92.4806137084961,6348500
2024-11-22,97.87000274658203,97.91999816894531,97.72000122070312,97.80999755859375,92.54685974121094,4989600
2024-11-25,98.52999877929688,98.69999694824219,98.43000030517578,98.69000244140625,93.37950134277344,9246200
2024-11-26,98.48999786376953,98.54000091552734,98.30000305175781,98.54000091552734,93.2375717163086,11303100
2024-11-27,98.80000305175781,98.93000030517578,98.6500015258789,98.80999755859375,93.49304962158203,8749800
2024-11-29,99.1500015258789,99.22000122070312,99.08000183105469,99.19999694824219,93.86205291748047,9623200
2024-12-02,99.38999938964844,99.5999984741211,98.58000183105469,98.9000015258789,93.87345123291016,18397600
2024-12-03,98.97000122070312,99.05999755859375,98.66999816894531,98.70999908447266,93.69309997558594,6889800
2024-12-04,98.5199966430664,99.08999633789062,98.4800033569336,99.02999877929688,93.99684143066406,7448900
2024-12-05,98.95999908447266,99.11000061035156,98.8499984741211,99.05000305175781,94.01583862304688,8786700
2024-12-06,99.4000015258789,99.44000244140625,99.13999938964844,99.33000183105469,94.2815933227539,12890600
2024-12-09,99.19999694824219,99.22000122070312,99.02999877929688,99.04000091552734,94.00634765625,10689000
2024-12-10,98.87000274658203,98.98999786376953,98.80000305175781,98.91999816894531,93.8924331665039,5984500
2024-12-11,99.08000183105469,99.1500015258789,98.66000366210938,98.69000244140625,93.67412567138672,8095800
2024-12-12,98.52999877929688,98.58000183105469,98.25,98.29000091552734,93.29446411132812,12353100
2024-12-13,98.19999694824219,98.2300033569336,97.87000274658203,97.91999816894531,92.94326782226562,6566300
2024-12-16,98.06999969482422,98.0999984741211,97.87999725341797,98.01000213623047,93.02869415283203,7124100
2024-12-17,98.0,98.12999725341797,97.94999694824219,98.01000213623047,93.02869415283203,7239200
2024-12-18,97.66000366210938,97.80000305175781,96.9000015258789,96.94999694824219,92.3202133178711,14261400
2024-12-19,96.76000213623047,96.81999969482422,96.5,96.69999694824219,92.08214569091797,15490100
2024-12-20,97.05000305175781,97.22000122070312,96.94000244140625,96.95999908447266,92.3297348022461,8657700
2024-12-23,96.94999694824219,96.97000122070312,96.5999984741211,96.66000366210938,92.04405975341797,10540800
2024-12-24,96.5,96.77999877929688,96.47000122070312,96.7699966430664,92.14881134033203,4739300
2024-12-26,96.5199966430664,96.87999725341797,96.51000213623047,96.83999633789062,92.21546936035156,10620200
2024-12-27,96.79000091552734,96.88999938964844,96.61000061035156,96.63999938964844,92.02500915527344,8601300
2024-12-30,97.0,97.08000183105469,96.95999908447266,97.0199966430664,92.38687133789062,10154500
2024-12-31,97.1500015258789,97.20999908447266,96.83000183105469,96.9000015258789,92.27259826660156,12276700
2025-01-02,97.06999969482422,97.20999908447266,96.77999877929688,96.91000366210938,92.2821273803711,5547700
2025-01-03,97.02999877929688,97.06999969482422,96.79000091552734,96.80999755859375,92.18689727783203,5331000
2025-01-06,96.72000122070312,96.80000305175781,96.58000183105469,96.70999908447266,92.0916748046875,9248300
2025-01-07,96.61000061035156,96.68000030517578,96.23999786376953,96.37000274658203,91.76790618896484,9153300
2025-01-08,96.2699966430664,96.5199966430664,96.2300033569336,96.4800033569336,91.87265014648438,7444500
2025-01-10,95.8499984741211,96.2300033569336,95.8499984741211,95.94000244140625,91.35842895507812,9822000
2025-01-13,95.94000244140625,95.94999694824219,95.73999786376953,95.8499984741211,91.2727279663086,10420700
2025-01-14,95.86000061035156,95.93000030517578,95.75,95.87999725341797,91.30131530761719,5487600
2025-01-15,96.94000244140625,96.94000244140625,96.55000305175781,96.70999908447266,92.0916748046875,9563000
2025-01-16,96.62999725341797,97.02999877929688,96.5,96.91999816894531,92.2916488647461,9810800
2025-01-17,97.06999969482422,97.0999984741211,96.87000274658203,96.91999816894531,92.2916488647461,5360200
2025-01-21,97.1500015258789,97.27999877929688,97.08999633789062,97.23999786376953,92.59635925292969,7725900
2025-01-22,97.20999908447266,97.25,96.95999908447266,97.01000213623047,92.37735748291016,7283400
2025-01-23,96.7699966430664,96.91999816894531,96.72000122070312,96.8499984741211,92.22498321533203,7707000
2025-01-24,96.87000274658203,97.11000061035156,96.80000305175781,97.01000213623047,92.37735748291016,6459400
2025-01-27,97.48999786376953,97.55999755859375,97.30999755859375,97.55000305175781,92.89157104492188,7602000
2025-01-28,97.33999633789062,97.52999877929688,97.29000091552734,97.5199966430664,92.86299896240234,5730300
2025-01-29,97.58000183105469,97.6500015258789,97.22000122070312,97.45999908447266,92.80587005615234,5912800
2025-01-30,97.62000274658203,97.7300033569336,97.5199966430664,97.5999984741211,92.93916320800781,6802900
2025-01-31,97.62000274658203,97.7300033569336,97.26000213623047,97.4000015258789,92.74872589111328,10750100
2025-02-03,97.33999633789062,97.54000091552734,97.05000305175781,97.16999816894531,92.83662414550781,9977100
2025-02-04,97.0199966430664,97.37999725341797,97.0,97.3499984741211,93.00859069824219,8483500
2025-02-05,97.69999694824219,98.0,97.66000366210938,97.87000274658203,93.50540161132812,9716700
2025-02-06,97.7699966430664,97.87999725341797,97.62999725341797,97.7699966430664,93.40985107421875,6629400
2025-02-07,97.5199966430664,97.58999633789062,97.36000061035156,97.45999908447266,93.11368560791016,6422300
2025-02-10,97.56999969482422,97.68000030517578,97.41000366210938,97.48999786376953,93.14234161376953,6038700
2025-02-11,97.2699966430664,97.33999633789062,97.22000122070312,97.2699966430664,92.9321517944336,8001100
2025-02-12,96.7699966430664,96.87999725341797,96.61000061035156,96.76000213623047,92.44491577148438,6404900
2025-02-13,97.16000366210938,97.43000030517578,96.83999633789062,97.33999633789062,92.99905395507812,7041200
2025-02-14,97.75,97.87999725341797,97.66999816894531,97.69999694824219,93.34298706054688,6257500
2025-02-18,97.45999908447266,97.58000183105469,97.30999755859375,97.30999755859375,92.97037506103516,8159400
2025-02-19,97.2699966430664,97.5,97.2699966430664,97.44999694824219,93.10414123535156,5604800
2025-02-20,97.54000091552734,97.66999816894531,97.5,97.5999984741211,93.24744415283203,27958700
2025-02-21,97.75,98.18000030517578,97.69999694824219,98.0199966430664,93.64871978759766,7070600
2025-02-24,97.95999908447266,98.23999786376953,97.94000244140625,98.19000244140625,93.8111343383789,7298300
2025-02-25,98.6500015258789,98.80999755859375,98.55999755859375,98.80000305175781,94.39392852783203,5801200
2025-02-26,98.7699966430664,99.0199966430664,98.6500015258789,98.95999908447266,94.54680633544922,5035900
2025-02-27,98.7699966430664,98.93000030517578,98.7300033569336,98.80999755859375,94.40348052978516,6263200
2025-02-28,99.08000183105469,99.29000091552734,98.91999816894531,99.25,94.8238754272461,14453000
2025-03-03,98.66000366210938,99.19000244140625,98.5999984741211,99.16000366210938,95.02894592285156,7533500
2025-03-04,99.30000305175781,99.4000015258789,98.80999755859375,98.91000366210938,94.78936767578125,7532400
2025-03-05,98.97000122070312,99.05999755859375,98.55000305175781,98.56999969482422,94.4635238647461,7302600
2025-03-06,98.51000213623047,98.62000274658203,98.2300033569336,98.47000122070312,94.3676986694336,9946200
2025-03-07,98.8499984741211,98.9800033569336,98.30000305175781,98.3499984741211,94.25269317626953,6450700
2025-03-10,98.80999755859375,98.98999786376953,98.7300033569336,98.81999969482422,94.70311737060547,12318600
2025-03-11,98.7699966430664,98.94000244140625,98.41999816894531,98.47000122070312,94.3676986694336,10187900
2025-03-12,98.30000305175781,98.43000030517578,98.16000366210938,98.18000030517578,94.08976745605469,8436700
2025-03-13,98.08999633789062,98.5,98.01000213623047,98.4800033569336,94.37726593017578,7959500
2025-03-14,98.33999633789062,98.41999816894531,98.25,98.27999877929688,94.18560791015625,8949800
2025-03-17,98.48999786376953,98.6500015258789,98.3499984741211,98.41000366210938,94.31019592285156,10605800
2025-03-18,98.30000305175781,98.62000274658203,98.27999877929688,98.51000213623047,94.40602111816406,9022000
2025-03-19,98.41999816894531,98.83000183105469,98.33000183105469,98.80000305175781,94.68395233154297,6763800
2025-03-20,99.22000122070312,99.25,98.80000305175781,98.86000061035156,94.74143981933594,6556800
2025-03-21,98.95999908447266,99.04000091552734,98.73999786376953,98.73999786376953,94.62644958496094,5028800
2025-03-24,98.5999984741211,98.63999938964844,98.31999969482422,98.36000061035156,94.26226806640625,4894800
2025-03-25,98.37000274658203,98.55999755859375,98.33999633789062,98.44999694824219,94.3485336303711,5663000
2025-03-26,98.36000061035156,98.4000015258789,98.19999694824219,98.20999908447266,94.1185302734375,6744000
2025-03-27,98.16000366210938,98.2300033569336,98.01000213623047,98.16000366210938,94.07060241699219,9513000
2025-03-28,98.54000091552734,98.81999969482422,98.45999908447266,98.7300033569336,94.61686706542969,8534000
2025-03-31,98.9800033569336,99.08999633789062,98.69999694824219,98.91999816894531,94.79893493652344,13350700
2025-04-01,98.80999755859375,99.12999725341797,98.62000274658203,98.95999908447266,95.14990234375,10295200
2025-04-02,99.16999816894531,99.20999908447266,98.62000274658203,98.8499984741211,95.04412078857422,8225100
2025-04-03,99.47000122070312,99.7300033569336,99.05000305175781,99.37000274658203,95.5440902709961,9905000
2025-04-04,99.91999816894531,100.55000305175781,99.44000244140625,99.45999908447266,95.63064575195312,14914300
2025-04-07,99.22000122070312,99.30999755859375,98.0,98.19999694824219,94.41915130615234,21796300
2025-04-08,98.0999984741211,98.69000244140625,97.63999938964844,97.69000244140625,93.92878723144531,13173300
2025-04-09,97.06999969482422,97.98999786376953,96.62999725341797,97.91000366210938,94.14031982421875,16244400
2025-04-10,97.66999816894531,97.86000061035156,97.11000061035156,97.13999938964844,93.39995574951172,9940000
2025-04-11,96.66000366210938,97.16999816894531,96.1500015258789,97.04000091552734,93.30381774902344,8437400
2025-04-14,97.44000244140625,97.69000244140625,97.2699966430664,97.61000061035156,93.85185241699219,7940600
2025-04-15,97.5999984741211,97.95999908447266,97.51000213623047,97.80999755859375,94.0441665649414,10074400
2025-04-16,97.87999725341797,98.19000244140625,97.72000122070312,98.12000274658203,94.34223937988281,10105000
2025-04-17,98.05999755859375,98.11000061035156,97.80999755859375,97.87000274658203,94.10186767578125,5589400
2025-04-21,97.61000061035156,97.83000183105469,97.27999877929688,97.27999877929688,93.53457641601562,7925700
2025-04-22,97.61000061035156,97.7699966430664,97.44999694824219,97.45999908447266,93.70763397216797,6521400
2025-04-23,98.33000183105469,98.47000122070312,97.6500015258789,97.69999694824219,93.93840789794922,13376700
2025-04-24,98.05999755859375,98.25,98.0,98.23999786376953,94.4576187133789,8524400
2025-04-25,98.47000122070312,98.62999725341797,98.36000061035156,98.5999984741211,94.80374908447266,9058900
2025-04-28,98.5199966430664,98.9000015258789,98.5,98.87000274658203,95.06336212158203,4890800
2025-04-29,98.76000213623047,99.11000061035156,98.75,99.11000061035156,95.29409790039062,6731100
2025-04-30,98.98999786376953,99.16999816894531,98.87999725341797,99.0199966430664,95.20758056640625,7370300
2025-05-01,98.83000183105469,98.87000274658203,98.27999877929688,98.43000030517578,94.94808197021484,6912600
2025-05-02,98.05999755859375,98.33999633789062,97.81999969482422,97.94999694824219,94.48507690429688,9879200
2025-05-05,97.9000015258789,97.91000366210938,97.6500015258789,97.77999877929688,94.32109069824219,14273800
2025-05-06,97.77999877929688,98.0199966430664,97.6500015258789,98.0199966430664,94.55259704589844,11730100
2025-05-07,98.16000366210938,98.33999633789062,98.08999633789062,98.16999816894531,94.69730377197266,6557000
2025-05-08,98.20999908447266,98.2300033569336,97.6500015258789,97.66000366210938,94.2053451538086,7814200
2025-05-09,97.86000061035156,97.97000122070312,97.73999786376953,97.76000213623047,94.30178833007812,5739200
2025-05-12,97.44999694824219,97.66000366210938,97.33000183105469,97.43000030517578,93.98348236083984,10768200
2025-05-13,97.5,97.55000305175781,97.23999786376953,97.33000183105469,93.88702392578125,6305500
2025-05-14,97.27999877929688,97.33999633789062,97.01000213623047,97.05000305175781,93.61690521240234,7350600
2025-05-15,97.30999755859375,97.5999984741211,97.22000122070312,97.5999984741211,94.1474609375,7638900
2025-05-16,97.91000366210938,97.91999816894531,97.62000274658203,97.66000366210938,94.2053451538086,5262500
2025-05-19,97.13999938964844,97.66000366210938,97.0999984741211,97.62999725341797,94.1763916015625,7232700
2025-05-20,97.5199966430664,97.54000091552734,97.27999877929688,97.45999908447266,94.01239776611328,7496600
2025-05-21,97.16999816894531,97.27999877929688,96.73999786376953,96.81999969482422,93.3950424194336,12393200
2025-05-22,96.7699966430664,97.11000061035156,96.66000366210938,97.0999984741211,93.66514587402344,6084800
2025-05-23,97.33999633789062,97.37999725341797,97.08000183105469,97.23999786376953,93.80017852783203,5210500
2025-05-27,97.51000213623047,97.73999786376953,97.41999816894531,97.68000030517578,94.2246322631836,7461500
2025-05-28,97.55999755859375,97.66999816894531,97.37999725341797,97.5,94.0510025024414,4909200
2025-05-29,97.73999786376953,97.94000244140625,97.69999694824219,97.86000061035156,94.39826965332031,7724100
2025-05-30,97.86000061035156,98.0999984741211,97.80000305175781,98.0999984741211,94.62976837158203,15488400
2025-06-02,97.2300033569336,97.5999984741211,97.2300033569336,97.5199966430664,94.38104248046875,28390000
2025-06-03,97.5999984741211,97.75,97.37000274658203,97.44999694824219,94.31327819824219,7177600
2025-06-04,97.75,98.08999633789062,97.69000244140625,98.02999877929688,94.87464141845703,7761500
2025-06-05,98.02999877929688,98.12000274658203,97.7699966430664,97.77999877929688,94.63267517089844,10456500
2025-06-06,97.45999908447266,97.52999877929688,97.25,97.27999877929688,94.14876556396484,6299900
2025-06-09,97.29000091552734,97.54000091552734,97.2699966430664,97.4000015258789,94.26490020751953,7096500
2025-06-10,97.72000122070312,97.73999786376953,97.51000213623047,97.62000274658203,94.47782897949219,4990900
2025-06-11,97.79000091552734,97.9800033569336,97.69999694824219,97.94999694824219,94.79719543457031,5992400
2025-06-12,98.23999786376953,98.31999969482422,98.12000274658203,98.30999755859375,95.14561462402344,5726200
2025-06-13,98.11000061035156,98.16000366210938,97.76000213623047,97.95999908447266,94.806884765625,8050300
2025-06-16,97.88999938964844,98.06999969482422,97.75,97.76000213623047,94.61331176757812,5680900
2025-06-17,97.94999694824219,98.12000274658203,97.76000213623047,98.05999755859375,94.90365600585938,5312000
2025-06-18,98.20999908447266,98.4000015258789,98.02999877929688,98.12999725341797,94.97139739990234,5907900
2025-06-20,98.0,98.30999755859375,97.94999694824219,98.22000122070312,95.05850982666016,6213000
2025-06-23,98.4000015258789,98.6500015258789,98.30000305175781,98.41999816894531,95.25206756591797,5884600
2025-06-24,98.36000061035156,98.81999969482422,98.33999633789062,98.81999969482422,95.63919830322266,7907600
2025-06-25,98.62000274658203,98.80999755859375,98.5199966430664,98.80999755859375,95.6295166015625,8434800
2025-06-26,98.80000305175781,99.0999984741211,98.77999877929688,99.08000183105469,95.89083862304688,9775100
2025-06-27,98.87000274658203,99.0999984741211,98.76000213623047,98.80000305175781,95.6198501586914,25931600
2025-06-30,99.05000305175781,99.2300033569336,98.94000244140625,99.19999694824219,96.00696563720703,14036800
2025-07-01,98.87000274658203,98.94999694824219,98.66999816894531,98.79000091552734,95.91862487792969,18480200
2025-07-02,98.68000030517578,98.69999694824219,98.54000091552734,98.66999816894531,95.80210876464844,8756000
2025-07-03,98.52999877929688,98.58999633789062,98.41000366210938,98.47000122070312,95.60791778564453,4583200
2025-07-07,98.31999969482422,98.33000183105469,98.05999755859375,98.12000274658203,95.2680892944336,8088100
2025-07-08,97.94999694824219,98.08000183105469,97.93000030517578,98.08000183105469,95.22925567626953,7804200
2025-07-09,98.20999908447266,98.48999786376953,98.12999725341797,98.48999786376953,95.62733459472656,11043600
2025-07-10,98.41999816894531,98.4800033569336,98.30000305175781,98.45999908447266,95.59819793701172,5125300
2025-07-11,98.16999816894531,98.25,98.0199966430664,98.05000305175781,95.20011901855469,6106500
2025-07-14,98.01000213623047,98.12999725341797,97.93000030517578,98.04000091552734,95.1904067993164,6231400
2025-07-15,98.16000366210938,98.16000366210938,97.69999694824219,97.75,94.90885162353516,9681000
2025-07-16,97.88999938964844,98.0199966430664,97.69000244140625,97.88999938964844,95.04476928710938,23556800
2025-07-17,97.9800033569336,98.05999755859375,97.86000061035156,97.93000030517578,95.08361053466797,8355500
2025-07-18,98.1500015258789,98.16999816894531,98.04000091552734,98.11000061035156,95.25837707519531,8443800
2025-07-21,98.45999908447266,98.54000091552734,98.36000061035156,98.37999725341797,95.52052307128906,6865700
2025-07-22,98.4800033569336,98.63999938964844,98.43000030517578,98.56999969482422,95.70500183105469,6172700
2025-07-23,98.44999694824219,98.4800033569336,98.31999969482422,98.3499984741211,95.49139404296875,7466900
2025-07-24,98.11000061035156,98.36000061035156,98.08999633789062,98.29000091552734,95.43315124511719,9643800
2025-07-25,98.30000305175781,98.4800033569336,98.25,98.44999694824219,95.58848571777344,5530400
2025-07-28,98.36000061035156,98.41999816894531,98.27999877929688,98.31999969482422,95.46227264404297,7032200
2025-07-29,98.41999816894531,98.8499984741211,98.41999816894531,98.8499984741211,95.97686004638672,12015200
2025-07-30,98.66999816894531,98.81999969482422,98.5199966430664,98.56999969482422,95.70500183105469,8305400
2025-07-31,98.72000122070312,98.83000183105469,98.56999969482422,98.62000274658203,95.75355529785156,19774600
2025-08-01,98.87000274658203,99.16000366210938,98.8499984741211,99.13999938964844,96.58161163330078,12416200
2025-08-04,99.16000366210938,99.23999786376953,99.02999877929688,99.22000122070312,96.65956115722656,6717900
2025-08-05,99.12999725341797,99.30999755859375,99.11000061035156,99.25,96.68878936767578,9092400
2025-08-06,99.13999938964844,99.29000091552734,98.83999633789062,99.20999908447266,96.64981842041016,8102700
2025-08-07,99.2300033569336,99.31999969482422,99.08999633789062,99.12999725341797,96.57188415527344,7869300
2025-08-08,99.0,99.12000274658203,98.88999938964844,98.94000244140625,96.38677215576172,8238100
2025-08-11,99.01000213623047,99.12000274658203,98.94000244140625,99.01000213623047,96.4549789428711,9698300
2025-08-12,98.91000366210938,99.01000213623047,98.80000305175781,99.01000213623047,96.4549789428711,12239500
2025-08-13,99.27999877929688,99.41000366210938,99.26000213623047,99.37000274658203,96.8056869506836,5386800
2025-08-14,99.18000030517578,99.2699966430664,99.0199966430664,99.08999633789062,96.53291320800781,5208500
2025-08-15,99.06999969482422,99.0999984741211,98.87000274658203,98.94000244140625,96.38677215576172,6884600
2025-08-18,98.98999786376953,99.0,98.75,98.83000183105469,96.27962493896484,7906400
2025-08-19,98.94000244140625,99.04000091552734,98.91000366210938,99.0199966430664,96.46470642089844,9946800
2025-08-20,98.98999786376953,99.16000366210938,98.9800033569336,99.08000183105469,96.52317810058594,5615200
2025-08-21,98.95999908447266,98.98999786376953,98.7300033569336,98.8499984741211,96.2990951538086,7129200
2025-08-22,99.02999877929688,99.44999694824219,99.0,99.4000015258789,96.83491516113281,9451400
2025-08-25,99.20999908447266,99.33999633789062,99.16000366210938,99.25,96.68878936767578,5624900
2025-08-26,99.23999786376953,99.38999938964844,99.16000366210938,99.37000274658203,96.8056869506836,4696000
2025-08-27,99.22000122070312,99.47000122070312,99.16999816894531,99.47000122070312,96.90311431884766,7320800
2025-08-28,99.43000030517578,99.61000061035156,99.41000366210938,99.58999633789062,97.02001190185547,7068500
2025-08-29,99.47000122070312,99.54000091552734,99.4000015258789,99.45999908447266,96.89337158203125,9181400
2025-09-02,98.81999969482422,98.94999694824219,98.79000091552734,98.87000274658203,96.63630676269531,8529800
2025-09-03,98.94999694824219,99.33000183105469,98.94999694824219,99.2300033569336,96.98817443847656,8400000
2025-09-04,99.44000244140625,99.63999938964844,99.33999633789062,99.62999725341797,97.3791275024414,6297100
2025-09-05,100.13999938964844,100.2300033569336,100.08000183105469,100.0999984741211,97.83851623535156,7617200
2025-09-08,100.33000183105469,100.44999694824219,100.30000305175781,100.44000244140625,98.17083740234375,7202700
2025-09-09,100.37999725341797,100.45999908447266,100.16000366210938,100.23999786376953,97.97534942626953,7090000
2025-09-10,100.41000366210938,100.58999633789062,100.33999633789062,100.44000244140625,98.17083740234375,5952400
2025-09-11,100.55000305175781,100.77999877929688,100.52999877929688,100.62999725341797,98.35652923583984,6776500
2025-09-12,100.4800033569336,100.54000091552734,100.33999633789062,100.54000091552734,98.26856994628906,6525900
2025-09-15,100.66999816894531,100.73999786376953,100.62000274658203,100.70999908447266,98.43473052978516,5039000
2025-09-16,100.75,100.97000122070312,100.6500015258789,100.75,98.47383117675781,8264600
2025-09-17,100.87000274658203,101.0199966430664,100.48999786376953,100.56999969482422,98.29788970947266,7878300
2025-09-18,100.2699966430664,100.41000366210938,100.16000366210938,100.29000091552734,98.02421569824219,7123700
2025-09-19,100.30000305175781,100.36000061035156,100.20999908447266,100.29000091552734,98.02421569824219,7238500
2025-09-22,100.26000213623047,100.29000091552734,100.12000274658203,100.16999816894531,97.90692901611328,5642100
2025-09-23,100.23999786376953,100.36000061035156,100.16000366210938,100.33000183105469,98.06331634521484,8095500
2025-09-24,100.25,100.26000213623047,100.11000061035156,100.13999938964844,97.87760925292969,6610800
2025-09-25,100.0,100.05999755859375,99.8499984741211,100.0,97.74077606201172,8743500
2025-09-26,100.08999633789062,100.20999908447266,99.97000122070312,100.06999969482422,97.8091812133789,6868100
2025-09-29,100.18000030517578,100.33000183105469,100.13999938964844,100.26000213623047,97.99490356445312,7751600
2025-09-30,100.33000183105469,100.48999786376953,100.19999694824219,100.25,97.98512268066406,12400700
2025-10-01,100.18000030517578,100.26000213623047,100.02999877929688,100.18000030517578,98.23517608642578,6961300
2025-10-02,100.13999938964844,100.31999969482422,100.0999984741211,100.29000091552734,98.3430404663086,6055800
2025-10-03,100.31999969482422,100.37999725341797,100.16000366210938,100.18000030517578,98.23517608642578,5268700
2025-10-06,100.0,100.1500015258789,99.94999694824219,99.95999908447266,98.01944732666016,6950200
2025-10-07,100.08000183105469,100.2300033569336,100.0199966430664,100.12999725341797,98.1861343383789,6379200
2025-10-08,100.30999755859375,100.33000183105469,100.11000061035156,100.13999938964844,98.19595336914062,5726900
2025-10-09,100.08000183105469,100.0999984741211,100.0,100.0199966430664,98.07827758789062,5199500
2025-10-10,100.36000061035156,100.54000091552734,100.25,100.43000030517578,98.48031616210938,10204100
2025-10-13,100.45999908447266,100.62999725341797,100.36000061035156,100.62000274658203,98.66663360595703,8320400
2025-10-14,100.56999969482422,100.79000091552734,100.52999877929688,100.77999877929688,98.82353210449219,8508700
2025-10-15,100.81999969482422,100.93000030517578,100.6500015258789,100.73999786376953,98.78429412841797,6297000
2025-10-16,100.69000244140625,101.11000061035156,100.66999816894531,101.0999984741211,99.1373062133789,10035200
2025-10-17,101.01000213623047,101.01000213623047,100.86000061035156,100.95999908447266,99.00003051757812,11738900
2025-10-20,101.06999969482422,101.12999725341797,101.0199966430664,101.12999725341797,99.1667251586914,7299100
2025-10-21,101.2699966430664,101.3499984741211,101.19999694824219,101.2300033569336,99.26480102539062,12965900
2025-10-22,101.16000366210938,101.23999786376953,101.08999633789062,101.22000122070312,99.2549819946289,13263200
2025-10-23,101.11000061035156,101.16999816894531,101.01000213623047,101.04000091552734,99.07848358154297,9975000
2025-10-24,101.16999816894531,101.19999694824219,101.0199966430664,101.13999938964844,99.17654418945312,6544500
2025-10-27,101.08000183105469,101.20999908447266,100.97000122070312,101.20999908447266,99.24518585205078,8527600
2025-10-28,101.19000244140625,101.30000305175781,101.13999938964844,101.2699966430664,99.30400848388672,10300500
2025-10-29,101.25,101.25,100.76000213623047,100.79000091552734,98.83332824707031,9275700
2025-10-30,100.4800033569336,100.76000213623047,100.45999908447266,100.5999984741211,98.64702606201172,13563800
2025-10-31,100.66000366210938,100.69999694824219,100.5,100.54000091552734,98.58818817138672,13111900
2025-11-03,100.06999969482422,100.1500015258789,100.0,100.08999633789062,98.46717834472656,9042100
2025-11-04,100.1500015258789,100.27999877929688,100.12999725341797,100.13999938964844,98.51637268066406,29687500
2025-11-05,100.0999984741211,100.11000061035156,99.81999969482422,99.87000274658203,98.25074768066406,8164900
2025-11-06,100.18000030517578,100.30000305175781,100.13999938964844,100.23999786376953,98.61473846435547,7247600
2025-11-07,100.12999725341797,100.33999633789062,100.11000061035156,100.19999694824219,98.57539367675781,5708300
2025-11-10,100.19999694824219,100.2699966430664,100.0999984741211,100.16000366210938,98.53604888916016,7945000
2025-11-11,100.37999725341797,100.48999786376953,100.33000183105469,100.45999908447266,98.8311767578125,5186200
2025-11-12,100.41999816894531,100.5,100.36000061035156,100.41999816894531,98.79182434082031,6267300
2025-11-13,100.23999786376953,100.33000183105469,100.12000274658203,100.12000274658203,98.49669647216797,7541600
2025-11-14,100.30000305175781,100.33000183105469,99.9800033569336,100.0,98.3786392211914,6350400
2025-11-17,100.05000305175781,100.13999938964844,100.01000213623047,100.0199966430664,98.3983154296875,7821800
2025-11-18,100.25,100.2699966430664,100.0,100.08000183105469,98.45735168457031,7731800
2025-11-19,100.19999694824219,100.25,100.02999877929688,100.08000183105469,98.45735168457031,8951700
2025-11-20,100.18000030517578,100.27999877929688,100.13999938964844,100.19999694824219,98.57539367675781,12968000
2025-11-21,100.44999694824219,100.5,100.27999877929688,100.44000244140625,98.8115005493164,9334500
2025-11-24,100.51000213623047,100.66000366210938,100.5,100.63999938964844,99.00827026367188,7717600
2025-11-25,100.70999908447266,100.94999694824219,100.69999694824219,100.80000305175781,99.1656723022461,16788400
2025-11-26,100.77999877929688,100.97000122070312,100.66000366210938,100.95999908447266,99.32307434082031,8935000
2025-11-28,100.91000366210938,100.94000244140625,100.69999694824219,100.81999969482422,99.18534088134766,5064800
2025-12-01,100.06999969482422,100.13999938964844,100.0199966430664,100.05999755859375,98.75699615478516,7249300
2025-12-02,100.06999969482422,100.22000122070312,100.04000091552734,100.19000244140625,98.88530731201172,7972000
2025-12-03,100.30000305175781,100.38999938964844,100.20999908447266,100.37999725341797,99.07283020019531,9744400
2025-12-04,100.25,100.30999755859375,100.11000061035156,100.13999938964844,98.83595275878906,6953200
2025-12-05,100.16999816894531,100.16999816894531,99.95999908447266,100.02999877929688,98.7273941040039,6870000
2025-12-08,100.0199966430664,100.02999877929688,99.73999786376953,99.87000274658203,98.5694808959961,8039100
2025-12-09,100.04000091552734,100.04000091552734,99.7699966430664,99.77999877929688,98.48065185546875,5967900
2025-12-10,99.7699966430664,100.12999725341797,99.76000213623047,100.0999984741211,98.79647827148438,9279700
2025-12-11,100.31999969482422,100.3499984741211,100.08000183105469,100.12000274658203,98.81621551513672,9961200
2025-12-12,99.83999633789062,99.91999816894531,99.77999877929688,99.80999755859375,98.51025390625,7588300
2025-12-15,100.01000213623047,100.08000183105469,99.87999725341797,99.91000366210938,98.60895538330078,9960300
2025-12-16,99.87000274658203,100.1500015258789,99.86000061035156,100.0999984741211,98.79647827148438,8614000
2025-12-17,100.02999877929688,100.13999938964844,100.0199966430664,100.06999969482422,98.7668685913086,12011000
2025-12-18,100.31999969482422,100.37000274658203,100.22000122070312,100.31999969482422,99.01361083984375,8191000
2025-12-19,99.88999938964844,99.94999694824219,99.80000305175781,99.83999633789062,98.86902618408203,6216400
2025-12-22,99.81999969482422,99.83000183105469,99.73999786376953,99.80000305175781,98.82942199707031,6178400
2025-12-23,99.5999984741211,99.81999969482422,99.58000183105469,99.80000305175781,98.82942199707031,9744100
2025-12-24,99.9000015258789,100.04000091552734,99.8499984741211,100.0199966430664,99.04727935791016,4483900
2025-12-26,100.12999725341797,100.1500015258789,99.97000122070312,100.04000091552734,99.06708526611328,6503700
2025-12-29,100.12000274658203,100.19000244140625,100.05999755859375,100.16000366210938,99.18592834472656,7886700
2025-12-30,100.05999755859375,100.18000030517578,100.02999877929688,100.12000274658203,99.14631652832031,7955800
2025-12-31,100.0199966430664,100.12000274658203,99.87999725341797,99.87999725341797,98.90863800048828,13535500
